Popolazione residente per età, sesso e stato civile al 1° gennaio 2025;;;;;;;;;;;;;;;;;;;
Codice comune;Comune;Età;Celibi;Coniugati;Divorziati;Vedovi;Uniti civilmente;Maschi già in unione civile (per scioglimento unione);Maschi già in unione civile (per decesso del partner);Totale maschi;Nubili;Coniugate;Divorziate;Vedove;Unite civilmente;Femmine già in unione civile (per scioglimento unione);Femmine già in unione civile (per decesso del partner);Totale femmine;Totale
56001;Acquapendente;0;12;0;0;0;;;;12;17;0;0;0;;;;17;29
56001;Acquapendente;1;19;0;0;0;;;;19;10;0;0;0;;;;10;29
56001;Acquapendente;2;10;0;0;0;;;;10;15;0;0;0;;;;15;25
56001;Acquapendente;3;12;0;0;0;;;;12;16;0;0;0;;;;16;28
56001;Acquapendente;4;15;0;0;0;;;;15;11;0;0;0;;;;11;26
56001;Acquapendente;5;20;0;0;0;;;;20;18;0;0;0;;;;18;38
56001;Acquapendente;6;25;0;0;0;;;;25;18;0;0;0;;;;18;43
56001;Acquapendente;7;22;0;0;0;;;;22;20;0;0;0;;;;20;42
56001;Acquapendente;8;17;0;0;0;;;;17;15;0;0;0;;;;15;32
56001;Acquapendente;9;10;0;0;0;;;;10;19;0;0;0;;;;19;29
56001;Acquapendente;10;20;0;0;0;;;;20;21;0;0;0;;;;21;41
56001;Acquapendente;11;31;0;0;0;;;;31;17;0;0;0;;;;17;48
56001;Acquapendente;12;8;0;0;0;;;;8;21;0;0;0;;;;21;29
56001;Acquapendente;13;27;0;0;0;;;;27;18;0;0;0;;;;18;45
56001;Acquapendente;14;19;0;0;0;;;;19;19;0;0;0;;;;19;38
56001;Acquapendente;15;21;0;0;0;;;;21;12;0;0;0;;;;12;33
56001;Acquapendente;16;19;0;0;0;;;;19;20;0;0;0;;;;20;39
56001;Acquapendente;17;16;0;0;0;;;;16;22;0;0;0;;;;22;38
56001;Acquapendente;18;29;0;0;0;;;;29;20;0;0;0;;;;20;49
56001;Acquapendente;19;22;0;0;0;;;;22;18;0;0;0;;;;18;40
56001;Acquapendente;20;24;0;0;0;;;;24;26;0;0;0;;;;26;50
56001;Acquapendente;21;19;0;0;0;;;;19;11;1;0;0;;;;12;31
56001;Acquapendente;22;29;0;0;0;;;;29;25;0;0;0;;;;25;54
56001;Acquapendente;23;32;0;0;0;;;;32;25;0;0;0;;;;25;57
56001;Acquapendente;24;24;0;0;0;;;;24;19;3;0;0;;;;22;46
56001;Acquapendente;25;33;0;0;0;;;;33;19;2;0;0;;;;21;54
56001;Acquapendente;26;25;0;0;0;;;;25;20;3;0;0;;;;23;48
56001;Acquapendente;27;28;3;0;0;;;;31;22;0;1;0;;;;23;54
56001;Acquapendente;28;26;1;0;0;;;;27;12;4;0;0;;;;16;43
56001;Acquapendente;29;27;0;0;0;;;;27;20;2;0;0;;;;22;49
56001;Acquapendente;30;32;1;0;0;;;;33;19;5;0;0;;;;24;57
56001;Acquapendente;31;31;5;0;0;;;;36;19;5;0;0;;;;24;60
56001;Acquapendente;32;24;4;0;0;;;;28;12;12;0;0;;;;24;52
56001;Acquapendente;33;27;2;1;0;;;;30;17;8;0;0;;;;25;55
56001;Acquapendente;34;21;5;0;0;;;;26;18;5;0;0;;;;23;49
56001;Acquapendente;35;20;7;1;0;;;;28;11;8;0;0;;;;19;47
56001;Acquapendente;36;30;6;0;0;;;;36;15;12;3;0;;;;30;66
56001;Acquapendente;37;21;8;0;0;;;;29;16;10;2;0;;;;28;57
56001;Acquapendente;38;18;11;0;0;;;;29;11;14;0;0;;;;25;54
56001;Acquapendente;39;12;9;0;0;;;;21;12;16;0;0;;;;28;49
56001;Acquapendente;40;26;11;0;0;;;;37;14;15;1;0;;;;30;67
56001;Acquapendente;41;21;10;0;0;;;;31;12;16;0;0;;;;28;59
56001;Acquapendente;42;24;20;1;0;;;;45;13;15;1;0;;;;29;74
56001;Acquapendente;43;15;15;2;2;;;;34;13;16;3;0;;;;32;66
56001;Acquapendente;44;26;17;2;0;;;;45;6;21;1;1;;;;29;74
56001;Acquapendente;45;12;14;2;0;;;;28;8;16;0;0;;;;24;52
56001;Acquapendente;46;11;17;2;0;;;;30;11;14;3;0;;;;28;58
56001;Acquapendente;47;13;16;2;0;;;;31;9;16;3;0;;;;28;59
56001;Acquapendente;48;20;26;2;0;;;;48;10;15;6;0;;;;31;79
56001;Acquapendente;49;15;23;3;0;;;;41;15;14;3;0;;;;32;73
56001;Acquapendente;50;16;22;0;0;;;;38;7;27;4;0;;;;38;76
56001;Acquapendente;51;16;18;0;0;;;;34;8;31;7;1;;;;47;81
56001;Acquapendente;52;13;25;3;0;;;;41;6;37;5;1;;;;49;90
56001;Acquapendente;53;8;33;5;1;;;;47;5;29;2;1;;;;37;84
56001;Acquapendente;54;11;29;1;1;;;;42;6;25;3;3;;;;37;79
56001;Acquapendente;55;11;24;3;1;;;;39;6;28;5;0;;;;39;78
56001;Acquapendente;56;8;25;0;0;;;;33;5;38;4;1;;;;48;81
56001;Acquapendente;57;9;26;3;1;;;;39;6;35;2;4;;;;47;86
56001;Acquapendente;58;7;30;1;0;;;;38;6;35;4;1;;;;46;84
56001;Acquapendente;59;8;27;4;1;;;;40;5;29;3;3;;;;40;80
56001;Acquapendente;60;12;44;6;0;;;;62;3;21;3;3;;;;30;92
56001;Acquapendente;61;12;36;3;0;;;;51;2;33;1;6;;;;42;93
56001;Acquapendente;62;11;28;1;0;;;;40;3;46;3;6;;;;58;98
56001;Acquapendente;63;0;36;3;0;;;;39;5;30;5;2;;;;42;81
56001;Acquapendente;64;4;29;1;0;;;;34;6;16;5;3;;;;30;64
56001;Acquapendente;65;3;28;2;0;;;;33;4;23;3;4;;;;34;67
56001;Acquapendente;66;4;33;2;0;;;;39;3;25;2;3;;;;33;72
56001;Acquapendente;67;3;30;1;2;;;;36;1;33;4;10;;;;48;84
56001;Acquapendente;68;3;37;1;0;;;;41;2;31;3;4;;;;40;81
56001;Acquapendente;69;7;25;2;1;;;;35;3;17;2;6;;;;28;63
56001;Acquapendente;70;3;23;4;3;;;;33;3;27;2;8;;;;40;73
56001;Acquapendente;71;7;27;0;4;;;;38;1;31;2;12;;;;46;84
56001;Acquapendente;72;3;19;0;1;;;;23;1;27;3;9;;;;40;63
56001;Acquapendente;73;5;22;0;3;;;;30;3;25;2;8;;;;38;68
56001;Acquapendente;74;4;28;0;5;;;;37;2;25;1;8;;;;36;73
56001;Acquapendente;75;4;39;2;2;;;;47;3;30;0;16;;;;49;96
56001;Acquapendente;76;4;36;1;3;;;;44;2;20;1;9;;;;32;76
56001;Acquapendente;77;1;15;1;6;;;;23;0;16;0;13;;;;29;52
56001;Acquapendente;78;1;31;0;8;;;;40;0;8;1;16;;;;25;65
56001;Acquapendente;79;1;21;0;1;;;;23;0;12;0;9;;;;21;44
56001;Acquapendente;80;1;12;0;3;;;;16;0;13;0;15;;;;28;44
56001;Acquapendente;81;1;8;2;3;;;;14;1;9;0;19;;;;29;43
56001;Acquapendente;82;0;9;0;1;;;;10;0;9;2;9;;;;20;30
56001;Acquapendente;83;0;20;1;3;;;;24;0;3;0;14;;;;17;41
56001;Acquapendente;84;1;13;0;5;;;;19;1;4;0;23;;;;28;47
56001;Acquapendente;85;4;15;0;3;;;;22;0;7;0;21;;;;28;50
56001;Acquapendente;86;1;6;0;4;;;;11;1;6;0;23;;;;30;41
56001;Acquapendente;87;1;2;0;1;;;;4;1;3;0;28;;;;32;36
56001;Acquapendente;88;1;4;0;3;;;;8;3;2;0;21;;;;26;34
56001;Acquapendente;89;1;7;0;2;;;;10;1;0;0;21;;;;22;32
56001;Acquapendente;90;0;4;0;1;;;;5;0;1;1;12;;;;14;19
56001;Acquapendente;91;0;3;0;5;;;;8;0;2;0;9;;;;11;19
56001;Acquapendente;92;0;2;0;3;;;;5;0;1;0;7;;;;8;13
56001;Acquapendente;93;1;0;0;0;;;;1;0;1;0;10;;;;11;12
56001;Acquapendente;94;0;1;0;0;;;;1;1;0;0;11;;;;12;13
56001;Acquapendente;95;0;0;0;1;;;;1;0;1;0;7;;;;8;9
56001;Acquapendente;96;0;0;0;0;;;;0;0;0;0;5;;;;5;5
56001;Acquapendente;97;0;0;0;1;;;;1;0;0;0;4;;;;4;5
56001;Acquapendente;98;0;0;0;0;;;;0;0;0;0;4;;;;4;4
56001;Acquapendente;99;0;0;0;1;;;;1;0;0;0;2;;;;2;3
56001;Acquapendente;100;0;0;0;0;;;;0;0;0;0;3;;;;3;3
56001;Acquapendente;999;1271;1183;71;86;;;;2611;923;1140;112;439;;;;2614;5225
56002;Arlena di Castro;0;0;0;0;0;;;;0;3;0;0;0;;;;3;3
56002;Arlena di Castro;1;2;0;0;0;;;;2;1;0;0;0;;;;1;3
56002;Arlena di Castro;2;1;0;0;0;;;;1;3;0;0;0;;;;3;4
56002;Arlena di Castro;3;5;0;0;0;;;;5;3;0;0;0;;;;3;8
56002;Arlena di Castro;4;1;0;0;0;;;;1;2;0;0;0;;;;2;3
56002;Arlena di Castro;5;0;0;0;0;;;;0;4;0;0;0;;;;4;4
56002;Arlena di Castro;6;1;0;0;0;;;;1;3;0;0;0;;;;3;4
56002;Arlena di Castro;7;2;0;0;0;;;;2;3;0;0;0;;;;3;5
56002;Arlena di Castro;8;6;0;0;0;;;;6;2;0;0;0;;;;2;8
56002;Arlena di Castro;9;1;0;0;0;;;;1;2;0;0;0;;;;2;3
56002;Arlena di Castro;10;6;0;0;0;;;;6;0;0;0;0;;;;0;6
56002;Arlena di Castro;11;4;0;0;0;;;;4;3;0;0;0;;;;3;7
56002;Arlena di Castro;12;4;0;0;0;;;;4;3;0;0;0;;;;3;7
56002;Arlena di Castro;13;3;0;0;0;;;;3;2;0;0;0;;;;2;5
56002;Arlena di Castro;14;2;0;0;0;;;;2;0;0;0;0;;;;0;2
56002;Arlena di Castro;15;1;0;0;0;;;;1;6;0;0;0;;;;6;7
56002;Arlena di Castro;16;4;0;0;0;;;;4;7;0;0;0;;;;7;11
56002;Arlena di Castro;17;2;0;0;0;;;;2;2;0;0;0;;;;2;4
56002;Arlena di Castro;18;1;0;0;0;;;;1;2;0;0;0;;;;2;3
56002;Arlena di Castro;19;3;0;0;0;;;;3;3;0;0;0;;;;3;6
56002;Arlena di Castro;20;6;0;0;0;;;;6;2;0;0;0;;;;2;8
56002;Arlena di Castro;21;1;0;0;0;;;;1;2;0;0;0;;;;2;3
56002;Arlena di Castro;22;6;0;0;0;;;;6;4;0;0;0;;;;4;10
56002;Arlena di Castro;23;3;0;0;0;;;;3;1;1;0;0;;;;2;5
56002;Arlena di Castro;24;0;0;0;0;;;;0;4;0;0;0;;;;4;4
56002;Arlena di Castro;25;7;0;0;0;;;;7;1;0;0;0;;;;1;8
56002;Arlena di Castro;26;4;0;0;0;;;;4;3;0;0;0;;;;3;7
56002;Arlena di Castro;27;2;1;0;0;;;;3;2;1;0;0;;;;3;6
56002;Arlena di Castro;28;7;0;0;0;;;;7;2;2;0;0;;;;4;11
56002;Arlena di Castro;29;2;0;0;0;;;;2;1;1;0;0;;;;2;4
56002;Arlena di Castro;30;4;0;0;0;;;;4;1;0;0;0;;;;1;5
56002;Arlena di Castro;31;1;1;0;0;;;;2;3;1;0;0;;;;4;6
56002;Arlena di Castro;32;3;1;0;0;;;;4;0;2;0;0;;;;2;6
56002;Arlena di Castro;33;4;1;0;0;;;;5;0;0;0;0;;;;0;5
56002;Arlena di Castro;34;2;0;0;0;;;;2;2;0;0;0;;;;2;4
56002;Arlena di Castro;35;4;0;0;0;;;;4;1;3;1;0;;;;5;9
56002;Arlena di Castro;36;4;1;0;0;;;;5;3;3;0;0;;;;6;11
56002;Arlena di Castro;37;4;6;0;0;;;;10;0;2;0;0;;;;2;12
56002;Arlena di Castro;38;3;4;1;0;;;;8;1;1;0;0;;;;2;10
56002;Arlena di Castro;39;4;2;0;0;;;;6;1;2;0;0;;;;3;9
56002;Arlena di Castro;40;0;5;0;0;;;;5;3;2;0;0;;;;5;10
56002;Arlena di Castro;41;3;3;0;0;;;;6;2;3;0;0;;;;5;11
56002;Arlena di Castro;42;4;2;0;0;;;;6;0;1;0;0;;;;1;7
56002;Arlena di Castro;43;2;4;0;0;;;;6;2;1;0;0;;;;3;9
56002;Arlena di Castro;44;4;4;0;1;;;;9;2;2;0;0;;;;4;13
56002;Arlena di Castro;45;1;0;0;0;;;;1;1;5;0;0;;;;6;7
56002;Arlena di Castro;46;0;6;0;0;;;;6;2;3;0;0;;;;5;11
56002;Arlena di Castro;47;3;2;1;0;;;;6;0;5;0;0;;;;5;11
56002;Arlena di Castro;48;1;4;1;0;;;;6;1;5;0;0;;;;6;12
56002;Arlena di Castro;49;3;6;0;0;;;;9;0;6;0;0;;;;6;15
56002;Arlena di Castro;50;3;5;1;0;;;;9;2;2;0;0;;;;4;13
56002;Arlena di Castro;51;2;4;0;0;;;;6;0;5;0;0;;;;5;11
56002;Arlena di Castro;52;1;2;0;0;;;;3;0;2;1;0;;;;3;6
56002;Arlena di Castro;53;2;3;0;0;;;;5;1;4;0;0;;;;5;10
56002;Arlena di Castro;54;2;5;0;0;;;;7;1;1;0;0;;;;2;9
56002;Arlena di Castro;55;1;4;0;0;;;;5;0;2;0;0;;;;2;7
56002;Arlena di Castro;56;2;2;0;0;;;;4;0;5;0;0;;;;5;9
56002;Arlena di Castro;57;0;6;1;0;;;;7;0;4;1;0;;;;5;12
56002;Arlena di Castro;58;2;1;0;0;;;;3;1;2;0;0;;;;3;6
56002;Arlena di Castro;59;0;6;0;1;;;;7;0;7;0;1;;;;8;15
56002;Arlena di Castro;60;0;2;0;0;;;;2;0;10;0;0;;;;10;12
56002;Arlena di Castro;61;0;7;0;0;;;;7;1;3;1;0;;;;5;12
56002;Arlena di Castro;62;0;3;1;0;;;;4;0;6;0;0;;;;6;10
56002;Arlena di Castro;63;1;5;0;0;;;;6;0;4;0;1;;;;5;11
56002;Arlena di Castro;64;1;5;1;0;;;;7;0;4;0;1;;;;5;12
56002;Arlena di Castro;65;1;2;1;0;;;;4;1;4;0;2;;;;7;11
56002;Arlena di Castro;66;0;6;0;0;;;;6;0;4;0;0;;;;4;10
56002;Arlena di Castro;67;0;11;0;0;;;;11;0;9;1;0;;;;10;21
56002;Arlena di Castro;68;1;5;0;0;;;;6;0;4;1;0;;;;5;11
56002;Arlena di Castro;69;0;7;0;0;;;;7;1;8;1;2;;;;12;19
56002;Arlena di Castro;70;1;6;0;0;;;;7;0;8;1;2;;;;11;18
56002;Arlena di Castro;71;1;5;0;0;;;;6;0;5;0;4;;;;9;15
56002;Arlena di Castro;72;1;5;0;0;;;;6;0;4;0;1;;;;5;11
56002;Arlena di Castro;73;0;6;0;2;;;;8;0;5;0;2;;;;7;15
56002;Arlena di Castro;74;0;5;0;0;;;;5;1;2;0;0;;;;3;8
56002;Arlena di Castro;75;1;2;0;2;;;;5;0;5;1;3;;;;9;14
56002;Arlena di Castro;76;0;9;0;1;;;;10;0;7;0;3;;;;10;20
56002;Arlena di Castro;77;0;5;0;0;;;;5;0;3;0;1;;;;4;9
56002;Arlena di Castro;78;0;5;0;1;;;;6;0;2;0;2;;;;4;10
56002;Arlena di Castro;79;0;4;0;0;;;;4;0;2;0;2;;;;4;8
56002;Arlena di Castro;80;0;2;1;0;;;;3;0;2;0;1;;;;3;6
56002;Arlena di Castro;81;0;5;0;0;;;;5;0;0;0;2;;;;2;7
56002;Arlena di Castro;82;1;3;0;1;;;;5;0;4;1;1;;;;6;11
56002;Arlena di Castro;83;0;3;0;0;;;;3;0;1;0;3;;;;4;7
56002;Arlena di Castro;84;0;1;0;1;;;;2;0;1;0;0;;;;1;3
56002;Arlena di Castro;85;0;4;0;0;;;;4;0;1;0;2;;;;3;7
56002;Arlena di Castro;86;0;2;0;1;;;;3;0;0;0;2;;;;2;5
56002;Arlena di Castro;87;0;2;0;1;;;;3;0;0;0;7;;;;7;10
56002;Arlena di Castro;88;0;2;0;2;;;;4;0;0;0;1;;;;1;5
56002;Arlena di Castro;89;0;1;0;0;;;;1;0;0;0;2;;;;2;3
56002;Arlena di Castro;90;0;0;0;1;;;;1;0;2;0;3;;;;5;6
56002;Arlena di Castro;91;0;0;0;0;;;;0;0;0;0;3;;;;3;3
56002;Arlena di Castro;92;0;0;0;0;;;;0;0;0;0;1;;;;1;1
56002;Arlena di Castro;93;0;0;0;0;;;;0;1;0;0;1;;;;2;2
56002;Arlena di Castro;94;0;0;0;0;;;;0;0;0;0;2;;;;2;2
56002;Arlena di Castro;95;0;0;0;0;;;;0;0;0;0;2;;;;2;2
56002;Arlena di Castro;96;0;0;0;0;;;;0;0;0;0;1;;;;1;1
56002;Arlena di Castro;97;0;0;0;0;;;;0;0;0;0;1;;;;1;1
56002;Arlena di Castro;98;0;0;0;1;;;;1;0;0;0;0;;;;0;1
56002;Arlena di Castro;99;0;0;0;0;;;;0;0;0;0;1;;;;1;1
56002;Arlena di Castro;100;0;0;0;0;;;;0;0;0;0;0;;;;0;0
56002;Arlena di Castro;999;165;221;9;16;;;;411;111;196;10;63;;;;380;791
56003;Bagnoregio;0;7;0;0;0;;;;7;3;0;0;0;;;;3;10
56003;Bagnoregio;1;8;0;0;0;;;;8;8;0;0;0;;;;8;16
56003;Bagnoregio;2;13;0;0;0;;;;13;14;0;0;0;;;;14;27
56003;Bagnoregio;3;10;0;0;0;;;;10;5;0;0;0;;;;5;15
56003;Bagnoregio;4;7;0;0;0;;;;7;10;0;0;0;;;;10;17
56003;Bagnoregio;5;11;0;0;0;;;;11;5;0;0;0;;;;5;16
56003;Bagnoregio;6;13;0;0;0;;;;13;8;0;0;0;;;;8;21
56003;Bagnoregio;7;9;0;0;0;;;;9;18;0;0;0;;;;18;27
56003;Bagnoregio;8;15;0;0;0;;;;15;4;0;0;0;;;;4;19
56003;Bagnoregio;9;11;0;0;0;;;;11;9;0;0;0;;;;9;20
56003;Bagnoregio;10;12;0;0;0;;;;12;14;0;0;0;;;;14;26
56003;Bagnoregio;11;8;0;0;0;;;;8;9;0;0;0;;;;9;17
56003;Bagnoregio;12;10;0;0;0;;;;10;10;0;0;0;;;;10;20
56003;Bagnoregio;13;7;0;0;0;;;;7;7;0;0;0;;;;7;14
56003;Bagnoregio;14;11;0;0;0;;;;11;11;0;0;0;;;;11;22
56003;Bagnoregio;15;14;0;0;0;;;;14;14;0;0;0;;;;14;28
56003;Bagnoregio;16;11;0;0;0;;;;11;8;0;0;0;;;;8;19
56003;Bagnoregio;17;13;0;0;0;;;;13;14;0;0;0;;;;14;27
56003;Bagnoregio;18;14;0;0;0;;;;14;11;0;0;0;;;;11;25
56003;Bagnoregio;19;14;0;0;0;;;;14;11;0;0;0;;;;11;25
56003;Bagnoregio;20;24;0;0;0;;;;24;13;1;0;0;;;;14;38
56003;Bagnoregio;21;13;0;0;0;;;;13;16;0;0;0;;;;16;29
56003;Bagnoregio;22;14;0;0;0;;;;14;15;0;0;0;;;;15;29
56003;Bagnoregio;23;18;1;0;0;;;;19;12;0;0;0;;;;12;31
56003;Bagnoregio;24;9;0;0;0;;;;9;13;0;0;0;;;;13;22
56003;Bagnoregio;25;16;0;0;0;;;;16;15;0;0;0;;;;15;31
56003;Bagnoregio;26;18;1;0;0;;;;19;19;1;0;0;;;;20;39
56003;Bagnoregio;27;16;0;0;0;;;;16;15;0;0;0;;;;15;31
56003;Bagnoregio;28;5;0;0;0;;;;5;13;1;0;0;;;;14;19
56003;Bagnoregio;29;17;0;0;0;;;;17;15;0;0;0;;;;15;32
56003;Bagnoregio;30;15;1;0;0;;;;16;18;2;0;0;;;;20;36
56003;Bagnoregio;31;11;0;0;0;;;;11;17;3;0;0;;;;20;31
56003;Bagnoregio;32;14;0;0;0;;;;14;11;6;0;0;;;;17;31
56003;Bagnoregio;33;17;1;0;0;;;;18;9;4;0;0;;;;13;31
56003;Bagnoregio;34;17;0;0;0;;;;17;13;8;1;0;;;;22;39
56003;Bagnoregio;35;12;6;0;0;;;;18;13;6;0;0;;;;19;37
56003;Bagnoregio;36;12;5;1;0;;;;18;11;7;0;0;;;;18;36
56003;Bagnoregio;37;8;6;0;0;;;;14;5;9;0;0;;;;14;28
56003;Bagnoregio;38;8;6;0;0;;;;14;12;12;0;0;;;;24;38
56003;Bagnoregio;39;11;5;0;0;;;;16;8;6;1;0;;;;15;31
56003;Bagnoregio;40;13;7;1;0;;;;21;10;1;1;0;;;;12;33
56003;Bagnoregio;41;16;9;0;0;;;;25;8;11;1;0;;;;20;45
56003;Bagnoregio;42;15;11;0;0;;;;26;14;10;2;0;;;;26;52
56003;Bagnoregio;43;12;11;0;0;;;;23;5;11;0;0;;;;16;39
56003;Bagnoregio;44;12;12;0;0;;;;24;5;10;1;0;;;;16;40
56003;Bagnoregio;45;4;9;1;0;;;;14;6;6;0;0;;;;12;26
56003;Bagnoregio;46;14;11;1;0;;;;26;6;16;1;1;;;;24;50
56003;Bagnoregio;47;7;8;0;0;;;;15;6;18;1;0;;;;25;40
56003;Bagnoregio;48;11;13;1;0;;;;25;4;26;0;0;;;;30;55
56003;Bagnoregio;49;14;13;2;0;;;;29;3;13;3;0;;;;19;48
56003;Bagnoregio;50;5;10;1;0;;;;16;4;12;3;1;;;;20;36
56003;Bagnoregio;51;3;13;1;0;;;;17;4;16;1;0;;;;21;38
56003;Bagnoregio;52;4;23;5;1;;;;33;3;17;2;0;;;;22;55
56003;Bagnoregio;53;11;21;3;0;;;;35;3;19;3;1;;;;26;61
56003;Bagnoregio;54;3;18;2;0;;;;23;8;15;1;0;;;;24;47
56003;Bagnoregio;55;9;11;3;1;;;;24;4;23;2;1;;;;30;54
56003;Bagnoregio;56;5;14;3;0;;;;22;4;22;3;2;;;;31;53
56003;Bagnoregio;57;4;24;1;0;;;;29;4;19;2;1;;;;26;55
56003;Bagnoregio;58;8;15;6;1;;;;30;4;15;6;1;;;;26;56
56003;Bagnoregio;59;3;22;3;0;;;;28;5;24;0;4;;;;33;61
56003;Bagnoregio;60;6;14;1;0;;;;21;5;28;3;2;;;;38;59
56003;Bagnoregio;61;6;16;1;0;;;;23;6;17;2;1;;;;26;49
56003;Bagnoregio;62;1;21;3;1;;;;26;5;13;1;2;;;;21;47
56003;Bagnoregio;63;4;31;2;0;;;;37;2;22;2;1;;;;27;64
56003;Bagnoregio;64;3;17;1;1;;;;22;3;22;4;7;;;;36;58
56003;Bagnoregio;65;0;22;0;0;;;;22;6;20;0;3;;;;29;51
56003;Bagnoregio;66;4;24;2;4;;;;34;0;15;3;5;;;;23;57
56003;Bagnoregio;67;1;18;1;4;;;;24;5;17;6;6;;;;34;58
56003;Bagnoregio;68;5;15;3;0;;;;23;1;18;0;5;;;;24;47
56003;Bagnoregio;69;5;22;2;1;;;;30;2;25;1;4;;;;32;62
56003;Bagnoregio;70;0;17;2;4;;;;23;4;15;0;4;;;;23;46
56003;Bagnoregio;71;6;22;1;2;;;;31;1;12;1;4;;;;18;49
56003;Bagnoregio;72;5;23;0;2;;;;30;0;13;2;8;;;;23;53
56003;Bagnoregio;73;2;11;1;0;;;;14;2;13;0;6;;;;21;35
56003;Bagnoregio;74;5;18;0;3;;;;26;3;12;1;7;;;;23;49
56003;Bagnoregio;75;1;10;0;2;;;;13;2;10;0;11;;;;23;36
56003;Bagnoregio;76;1;19;0;3;;;;23;3;13;0;4;;;;20;43
56003;Bagnoregio;77;1;18;3;2;;;;24;0;11;0;8;;;;19;43
56003;Bagnoregio;78;3;14;2;2;;;;21;0;11;0;7;;;;18;39
56003;Bagnoregio;79;2;15;0;2;;;;19;0;12;0;6;;;;18;37
56003;Bagnoregio;80;1;7;2;0;;;;10;2;8;0;10;;;;20;30
56003;Bagnoregio;81;2;4;0;0;;;;6;3;2;0;5;;;;10;16
56003;Bagnoregio;82;1;15;0;2;;;;18;0;6;0;8;;;;14;32
56003;Bagnoregio;83;1;14;0;4;;;;19;2;2;0;9;;;;13;32
56003;Bagnoregio;84;0;5;0;1;;;;6;2;9;0;9;;;;20;26
56003;Bagnoregio;85;0;5;0;5;;;;10;2;2;1;8;;;;13;23
56003;Bagnoregio;86;1;6;0;1;;;;8;1;6;0;14;;;;21;29
56003;Bagnoregio;87;1;4;0;2;;;;7;0;2;0;14;;;;16;23
56003;Bagnoregio;88;1;5;0;2;;;;8;2;1;1;12;;;;16;24
56003;Bagnoregio;89;0;3;0;5;;;;8;0;0;0;10;;;;10;18
56003;Bagnoregio;90;1;5;1;4;;;;11;1;1;0;7;;;;9;20
56003;Bagnoregio;91;1;2;0;1;;;;4;0;4;0;7;;;;11;15
56003;Bagnoregio;92;0;3;0;1;;;;4;0;0;0;6;;;;6;10
56003;Bagnoregio;93;0;1;0;0;;;;1;0;0;0;7;;;;7;8
56003;Bagnoregio;94;0;4;0;2;;;;6;0;0;0;6;;;;6;12
56003;Bagnoregio;95;0;0;0;0;;;;0;0;0;0;2;;;;2;2
56003;Bagnoregio;96;0;0;0;2;;;;2;0;0;0;1;;;;1;3
56003;Bagnoregio;97;0;0;0;0;;;;0;0;0;0;1;;;;1;1
56003;Bagnoregio;98;0;0;0;0;;;;0;0;0;0;0;;;;0;0
56003;Bagnoregio;99;0;0;0;0;;;;0;0;0;0;0;;;;0;0
56003;Bagnoregio;100;0;0;0;0;;;;0;0;0;0;2;;;;2;2
56003;Bagnoregio;999;737;757;63;68;;;;1625;631;732;63;251;;;;1677;3302
56004;Barbarano Romano;0;4;0;0;0;;;;4;0;0;0;0;;;;0;4
56004;Barbarano Romano;1;5;0;0;0;;;;5;3;0;0;0;;;;3;8
56004;Barbarano Romano;2;2;0;0;0;;;;2;3;0;0;0;;;;3;5
56004;Barbarano Romano;3;4;0;0;0;;;;4;2;0;0;0;;;;2;6
56004;Barbarano Romano;4;2;0;0;0;;;;2;5;0;0;0;;;;5;7
56004;Barbarano Romano;5;4;0;0;0;;;;4;6;0;0;0;;;;6;10
56004;Barbarano Romano;6;1;0;0;0;;;;1;4;0;0;0;;;;4;5
56004;Barbarano Romano;7;1;0;0;0;;;;1;1;0;0;0;;;;1;2
56004;Barbarano Romano;8;1;0;0;0;;;;1;3;0;0;0;;;;3;4
56004;Barbarano Romano;9;5;0;0;0;;;;5;4;0;0;0;;;;4;9
56004;Barbarano Romano;10;4;0;0;0;;;;4;3;0;0;0;;;;3;7
56004;Barbarano Romano;11;2;0;0;0;;;;2;5;0;0;0;;;;5;7
56004;Barbarano Romano;12;3;0;0;0;;;;3;2;0;0;0;;;;2;5
56004;Barbarano Romano;13;2;0;0;0;;;;2;2;0;0;0;;;;2;4
56004;Barbarano Romano;14;4;0;0;0;;;;4;4;0;0;0;;;;4;8
56004;Barbarano Romano;15;3;0;0;0;;;;3;2;0;0;0;;;;2;5
56004;Barbarano Romano;16;7;0;0;0;;;;7;1;0;0;0;;;;1;8
56004;Barbarano Romano;17;3;0;0;0;;;;3;3;0;0;0;;;;3;6
56004;Barbarano Romano;18;2;0;0;0;;;;2;6;0;0;0;;;;6;8
56004;Barbarano Romano;19;5;0;0;0;;;;5;3;0;0;0;;;;3;8
56004;Barbarano Romano;20;5;0;0;0;;;;5;2;0;0;0;;;;2;7
56004;Barbarano Romano;21;4;0;0;0;;;;4;5;0;0;0;;;;5;9
56004;Barbarano Romano;22;4;0;0;0;;;;4;1;0;0;0;;;;1;5
56004;Barbarano Romano;23;3;0;0;0;;;;3;1;0;0;0;;;;1;4
56004;Barbarano Romano;24;9;0;0;0;;;;9;4;0;0;0;;;;4;13
56004;Barbarano Romano;25;3;0;0;0;;;;3;1;0;0;0;;;;1;4
56004;Barbarano Romano;26;0;1;0;0;;;;1;4;0;0;0;;;;4;5
56004;Barbarano Romano;27;4;0;0;0;;;;4;2;0;0;0;;;;2;6
56004;Barbarano Romano;28;4;0;0;0;;;;4;6;1;0;0;;;;7;11
56004;Barbarano Romano;29;4;0;0;0;;;;4;0;1;0;0;;;;1;5
56004;Barbarano Romano;30;2;1;0;0;;;;3;1;1;0;0;;;;2;5
56004;Barbarano Romano;31;7;1;0;0;;;;8;2;0;0;0;;;;2;10
56004;Barbarano Romano;32;2;0;0;0;;;;2;4;0;0;0;;;;4;6
56004;Barbarano Romano;33;6;1;0;0;;;;7;5;3;0;0;;;;8;15
56004;Barbarano Romano;34;5;1;0;0;;;;6;1;2;0;0;;;;3;9
56004;Barbarano Romano;35;1;1;0;0;;;;2;6;3;0;0;;;;9;11
56004;Barbarano Romano;36;1;2;0;0;;;;3;2;3;2;0;;;;7;10
56004;Barbarano Romano;37;2;3;0;0;;;;5;1;3;1;0;;;;5;10
56004;Barbarano Romano;38;3;2;0;0;;;;5;8;4;0;0;;;;12;17
56004;Barbarano Romano;39;3;0;0;0;;;;3;2;2;0;0;;;;4;7
56004;Barbarano Romano;40;3;3;1;0;;;;7;3;3;0;0;;;;6;13
56004;Barbarano Romano;41;1;4;0;0;;;;5;3;4;0;0;;;;7;12
56004;Barbarano Romano;42;4;1;0;0;;;;5;1;3;0;0;;;;4;9
56004;Barbarano Romano;43;2;9;0;0;;;;11;0;5;0;0;;;;5;16
56004;Barbarano Romano;44;5;3;0;1;;;;9;0;3;1;0;;;;4;13
56004;Barbarano Romano;45;0;1;0;0;;;;1;5;5;0;0;;;;10;11
56004;Barbarano Romano;46;2;5;0;0;;;;7;0;3;0;0;;;;3;10
56004;Barbarano Romano;47;4;7;0;0;;;;11;3;1;0;0;;;;4;15
56004;Barbarano Romano;48;0;2;1;0;;;;3;1;6;2;0;;;;9;12
56004;Barbarano Romano;49;1;5;0;0;;;;6;1;4;0;0;;;;5;11
56004;Barbarano Romano;50;1;1;1;0;;;;3;4;2;0;0;;;;6;9
56004;Barbarano Romano;51;1;2;0;0;;;;3;1;2;1;0;;;;4;7
56004;Barbarano Romano;52;3;4;0;0;;;;7;2;9;2;0;;;;13;20
56004;Barbarano Romano;53;2;9;1;0;;;;12;2;1;0;1;;;;4;16
56004;Barbarano Romano;54;2;6;0;0;;;;8;1;4;0;0;;;;5;13
56004;Barbarano Romano;55;4;5;2;0;;;;11;0;4;1;0;;;;5;16
56004;Barbarano Romano;56;0;9;0;0;;;;9;1;8;1;0;;;;10;19
56004;Barbarano Romano;57;0;3;0;1;;;;4;5;5;1;0;;;;11;15
56004;Barbarano Romano;58;4;12;1;0;;;;17;1;8;1;3;;;;13;30
56004;Barbarano Romano;59;2;10;1;0;;;;13;0;7;3;0;;;;10;23
56004;Barbarano Romano;60;3;9;0;0;;;;12;0;6;1;1;;;;8;20
56004;Barbarano Romano;61;2;6;2;0;;;;10;0;6;1;2;;;;9;19
56004;Barbarano Romano;62;4;3;0;0;;;;7;1;7;1;0;;;;9;16
56004;Barbarano Romano;63;3;9;0;0;;;;12;2;6;0;1;;;;9;21
56004;Barbarano Romano;64;2;9;0;1;;;;12;1;3;2;0;;;;6;18
56004;Barbarano Romano;65;4;3;0;0;;;;7;0;7;2;2;;;;11;18
56004;Barbarano Romano;66;4;9;0;0;;;;13;1;0;0;0;;;;1;14
56004;Barbarano Romano;67;0;5;0;0;;;;5;1;5;1;1;;;;8;13
56004;Barbarano Romano;68;0;7;0;0;;;;7;1;4;2;2;;;;9;16
56004;Barbarano Romano;69;1;5;1;1;;;;8;0;4;1;2;;;;7;15
56004;Barbarano Romano;70;1;7;1;0;;;;9;0;1;0;4;;;;5;14
56004;Barbarano Romano;71;2;3;1;0;;;;6;0;3;0;3;;;;6;12
56004;Barbarano Romano;72;0;9;1;0;;;;10;1;5;0;0;;;;6;16
56004;Barbarano Romano;73;0;2;2;1;;;;5;1;3;0;3;;;;7;12
56004;Barbarano Romano;74;0;1;0;1;;;;2;1;4;2;2;;;;9;11
56004;Barbarano Romano;75;0;5;1;0;;;;6;1;7;0;0;;;;8;14
56004;Barbarano Romano;76;1;3;0;0;;;;4;1;5;0;3;;;;9;13
56004;Barbarano Romano;77;0;6;1;0;;;;7;0;2;0;3;;;;5;12
56004;Barbarano Romano;78;2;2;0;1;;;;5;0;2;0;3;;;;5;10
56004;Barbarano Romano;79;0;6;0;1;;;;7;0;2;0;3;;;;5;12
56004;Barbarano Romano;80;0;5;0;0;;;;5;0;1;0;2;;;;3;8
56004;Barbarano Romano;81;0;2;1;0;;;;3;0;1;0;2;;;;3;6
56004;Barbarano Romano;82;1;4;0;0;;;;5;0;2;0;5;;;;7;12
56004;Barbarano Romano;83;0;1;2;0;;;;3;1;1;0;2;;;;4;7
56004;Barbarano Romano;84;0;2;0;2;;;;4;1;1;0;1;;;;3;7
56004;Barbarano Romano;85;0;3;0;1;;;;4;0;5;0;0;;;;5;9
56004;Barbarano Romano;86;0;1;0;1;;;;2;0;1;1;3;;;;5;7
56004;Barbarano Romano;87;1;4;0;0;;;;5;1;3;0;4;;;;8;13
56004;Barbarano Romano;88;0;2;0;0;;;;2;0;2;0;5;;;;7;9
56004;Barbarano Romano;89;0;1;0;2;;;;3;0;1;0;4;;;;5;8
56004;Barbarano Romano;90;0;0;0;0;;;;0;0;1;0;3;;;;4;4
56004;Barbarano Romano;91;0;0;0;1;;;;1;0;0;0;3;;;;3;4
56004;Barbarano Romano;92;0;2;0;0;;;;2;0;0;0;1;;;;1;3
56004;Barbarano Romano;93;0;0;0;1;;;;1;0;0;0;2;;;;2;3
56004;Barbarano Romano;94;0;0;0;0;;;;0;0;0;0;2;;;;2;2
56004;Barbarano Romano;95;0;0;0;0;;;;0;0;0;0;1;;;;1;1
56004;Barbarano Romano;96;0;0;0;1;;;;1;0;0;0;0;;;;0;1
56004;Barbarano Romano;97;0;0;0;0;;;;0;0;0;0;0;;;;0;0
56004;Barbarano Romano;98;0;0;0;0;;;;0;0;0;0;0;;;;0;0
56004;Barbarano Romano;99;0;0;0;0;;;;0;0;0;0;0;;;;0;0
56004;Barbarano Romano;100;0;0;0;0;;;;0;0;0;0;0;;;;0;0
56004;Barbarano Romano;999;208;250;21;17;;;;496;169;211;30;79;;;;489;985
56006;Bassano in Teverina;0;3;0;0;0;;;;3;1;0;0;0;;;;1;4
56006;Bassano in Teverina;1;3;0;0;0;;;;3;1;0;0;0;;;;1;4
56006;Bassano in Teverina;2;4;0;0;0;;;;4;2;0;0;0;;;;2;6
56006;Bassano in Teverina;3;4;0;0;0;;;;4;6;0;0;0;;;;6;10
56006;Bassano in Teverina;4;1;0;0;0;;;;1;5;0;0;0;;;;5;6
56006;Bassano in Teverina;5;6;0;0;0;;;;6;2;0;0;0;;;;2;8
56006;Bassano in Teverina;6;7;0;0;0;;;;7;0;0;0;0;;;;0;7
56006;Bassano in Teverina;7;5;0;0;0;;;;5;1;0;0;0;;;;1;6
56006;Bassano in Teverina;8;4;0;0;0;;;;4;4;0;0;0;;;;4;8
56006;Bassano in Teverina;9;4;0;0;0;;;;4;9;0;0;0;;;;9;13
56006;Bassano in Teverina;10;3;0;0;0;;;;3;2;0;0;0;;;;2;5
56006;Bassano in Teverina;11;3;0;0;0;;;;3;6;0;0;0;;;;6;9
56006;Bassano in Teverina;12;2;0;0;0;;;;2;5;0;0;0;;;;5;7
56006;Bassano in Teverina;13;3;0;0;0;;;;3;2;0;0;0;;;;2;5
56006;Bassano in Teverina;14;5;0;0;0;;;;5;6;0;0;0;;;;6;11
56006;Bassano in Teverina;15;6;0;0;0;;;;6;6;0;0;0;;;;6;12
56006;Bassano in Teverina;16;6;0;0;0;;;;6;10;0;0;0;;;;10;16
56006;Bassano in Teverina;17;7;0;0;0;;;;7;4;0;0;0;;;;4;11
56006;Bassano in Teverina;18;7;0;0;0;;;;7;6;0;0;0;;;;6;13
56006;Bassano in Teverina;19;8;0;0;0;;;;8;3;0;0;0;;;;3;11
56006;Bassano in Teverina;20;4;0;0;0;;;;4;8;0;0;0;;;;8;12
56006;Bassano in Teverina;21;5;0;0;0;;;;5;6;0;0;0;;;;6;11
56006;Bassano in Teverina;22;5;0;0;0;;;;5;4;1;0;0;;;;5;10
56006;Bassano in Teverina;23;6;0;0;0;;;;6;6;0;0;0;;;;6;12
56006;Bassano in Teverina;24;8;0;0;0;;;;8;8;0;0;0;;;;8;16
56006;Bassano in Teverina;25;5;0;0;0;;;;5;8;0;0;0;;;;8;13
56006;Bassano in Teverina;26;5;0;0;0;;;;5;9;1;0;0;;;;10;15
56006;Bassano in Teverina;27;3;1;0;0;;;;4;6;1;0;0;;;;7;11
56006;Bassano in Teverina;28;2;1;0;0;;;;3;1;1;0;0;;;;2;5
56006;Bassano in Teverina;29;6;0;0;0;;;;6;7;1;0;0;;;;8;14
56006;Bassano in Teverina;30;6;0;0;0;;;;6;2;0;0;0;;;;2;8
56006;Bassano in Teverina;31;5;2;0;0;;;;7;1;1;0;0;;;;2;9
56006;Bassano in Teverina;32;7;0;0;0;;;;7;2;1;0;0;;;;3;10
56006;Bassano in Teverina;33;3;2;0;0;;;;5;6;2;1;0;;;;9;14
56006;Bassano in Teverina;34;6;3;0;0;;;;9;5;2;0;0;;;;7;16
56006;Bassano in Teverina;35;3;1;0;0;;;;4;7;2;1;0;;;;10;14
56006;Bassano in Teverina;36;1;2;0;0;;;;3;4;2;0;0;;;;6;9
56006;Bassano in Teverina;37;1;4;0;0;;;;5;3;3;0;0;;;;6;11
56006;Bassano in Teverina;38;3;3;0;0;;;;6;3;3;0;0;;;;6;12
56006;Bassano in Teverina;39;4;5;0;0;;;;9;2;2;0;0;;;;4;13
56006;Bassano in Teverina;40;4;5;0;0;;;;9;2;7;0;0;;;;9;18
56006;Bassano in Teverina;41;4;4;1;0;;;;9;3;3;2;0;;;;8;17
56006;Bassano in Teverina;42;5;3;1;0;;;;9;0;4;0;0;;;;4;13
56006;Bassano in Teverina;43;7;3;0;0;;;;10;2;6;1;0;;;;9;19
56006;Bassano in Teverina;44;6;7;0;0;;;;13;2;2;1;0;;;;5;18
56006;Bassano in Teverina;45;5;3;2;0;;;;10;4;1;0;0;;;;5;15
56006;Bassano in Teverina;46;4;3;0;0;;;;7;4;5;0;0;;;;9;16
56006;Bassano in Teverina;47;2;6;1;0;;;;9;2;6;1;0;;;;9;18
56006;Bassano in Teverina;48;3;3;1;0;;;;7;0;7;1;1;;;;9;16
56006;Bassano in Teverina;49;3;5;1;0;;;;9;1;8;0;0;;;;9;18
56006;Bassano in Teverina;50;6;5;0;0;;;;11;2;8;1;0;;;;11;22
56006;Bassano in Teverina;51;4;12;1;0;;;;17;1;9;2;0;;;;12;29
56006;Bassano in Teverina;52;4;7;0;0;;;;11;5;7;1;0;;;;13;24
56006;Bassano in Teverina;53;1;10;0;0;;;;11;4;6;0;0;;;;10;21
56006;Bassano in Teverina;54;3;10;2;0;;;;15;2;11;0;1;;;;14;29
56006;Bassano in Teverina;55;1;5;3;0;;;;9;0;8;1;1;;;;10;19
56006;Bassano in Teverina;56;1;6;1;0;;;;8;1;9;1;1;;;;12;20
56006;Bassano in Teverina;57;3;14;1;2;;;;20;5;10;1;2;;;;18;38
56006;Bassano in Teverina;58;1;5;1;0;;;;7;2;5;1;0;;;;8;15
56006;Bassano in Teverina;59;3;7;4;0;;;;14;2;11;0;0;;;;13;27
56006;Bassano in Teverina;60;0;5;1;0;;;;6;1;9;3;1;;;;14;20
56006;Bassano in Teverina;61;1;8;0;1;;;;10;1;4;1;0;;;;6;16
56006;Bassano in Teverina;62;0;6;1;0;;;;7;1;8;0;0;;;;9;16
56006;Bassano in Teverina;63;0;7;1;0;;;;8;2;10;1;2;;;;15;23
56006;Bassano in Teverina;64;0;8;1;0;;;;9;0;8;2;1;;;;11;20
56006;Bassano in Teverina;65;2;6;1;0;;;;9;0;6;1;1;;;;8;17
56006;Bassano in Teverina;66;2;11;1;1;;;;15;0;11;0;0;;;;11;26
56006;Bassano in Teverina;67;3;4;1;0;;;;8;1;6;0;2;;;;9;17
56006;Bassano in Teverina;68;0;5;1;1;;;;7;0;7;0;2;;;;9;16
56006;Bassano in Teverina;69;0;13;0;1;;;;14;0;5;1;1;;;;7;21
56006;Bassano in Teverina;70;2;10;0;0;;;;12;1;7;2;1;;;;11;23
56006;Bassano in Teverina;71;0;8;1;0;;;;9;0;5;0;2;;;;7;16
56006;Bassano in Teverina;72;2;8;1;1;;;;12;1;7;0;1;;;;9;21
56006;Bassano in Teverina;73;0;2;1;0;;;;3;2;6;0;3;;;;11;14
56006;Bassano in Teverina;74;1;9;0;0;;;;10;0;2;0;2;;;;4;14
56006;Bassano in Teverina;75;2;7;1;0;;;;10;0;2;1;6;;;;9;19
56006;Bassano in Teverina;76;0;8;0;0;;;;8;0;5;0;1;;;;6;14
56006;Bassano in Teverina;77;1;6;0;2;;;;9;0;5;0;4;;;;9;18
56006;Bassano in Teverina;78;1;5;0;0;;;;6;0;5;0;6;;;;11;17
56006;Bassano in Teverina;79;1;6;0;0;;;;7;0;4;0;4;;;;8;15
56006;Bassano in Teverina;80;0;6;0;1;;;;7;0;6;0;1;;;;7;14
56006;Bassano in Teverina;81;0;2;0;2;;;;4;1;0;0;2;;;;3;7
56006;Bassano in Teverina;82;0;4;0;0;;;;4;0;1;0;3;;;;4;8
56006;Bassano in Teverina;83;0;1;0;1;;;;2;0;1;0;5;;;;6;8
56006;Bassano in Teverina;84;0;2;0;0;;;;2;0;2;0;2;;;;4;6
56006;Bassano in Teverina;85;0;3;0;1;;;;4;0;1;0;2;;;;3;7
56006;Bassano in Teverina;86;0;2;0;1;;;;3;0;1;0;2;;;;3;6
56006;Bassano in Teverina;87;0;2;0;0;;;;2;0;1;0;2;;;;3;5
56006;Bassano in Teverina;88;0;0;0;2;;;;2;0;0;0;2;;;;2;4
56006;Bassano in Teverina;89;1;1;0;2;;;;4;0;0;1;3;;;;4;8
56006;Bassano in Teverina;90;0;1;0;0;;;;1;0;1;0;1;;;;2;3
56006;Bassano in Teverina;91;0;1;0;0;;;;1;0;0;0;4;;;;4;5
56006;Bassano in Teverina;92;0;2;0;0;;;;2;0;0;0;1;;;;1;3
56006;Bassano in Teverina;93;1;0;0;0;;;;1;0;0;0;2;;;;2;3
56006;Bassano in Teverina;94;0;0;0;0;;;;0;1;0;0;1;;;;2;2
56006;Bassano in Teverina;95;0;0;0;0;;;;0;0;0;0;0;;;;0;0
56006;Bassano in Teverina;96;0;0;0;0;;;;0;0;0;0;0;;;;0;0
56006;Bassano in Teverina;97;0;0;0;1;;;;1;0;0;0;0;;;;0;1
56006;Bassano in Teverina;98;0;0;0;0;;;;0;0;0;0;1;;;;1;1
56006;Bassano in Teverina;99;0;0;0;0;;;;0;0;0;0;0;;;;0;0
56006;Bassano in Teverina;100;0;0;0;0;;;;0;0;0;0;0;;;;0;0
56006;Bassano in Teverina;999;269;316;32;20;;;;637;235;292;29;80;;;;636;1273
56005;Bassano Romano;0;6;0;0;0;;;;6;9;0;0;0;;;;9;15
56005;Bassano Romano;1;17;0;0;0;;;;17;13;0;0;0;;;;13;30
56005;Bassano Romano;2;11;0;0;0;;;;11;10;0;0;0;;;;10;21
56005;Bassano Romano;3;11;0;0;0;;;;11;8;0;0;0;;;;8;19
56005;Bassano Romano;4;9;0;0;0;;;;9;7;0;0;0;;;;7;16
56005;Bassano Romano;5;15;0;0;0;;;;15;10;0;0;0;;;;10;25
56005;Bassano Romano;6;20;0;0;0;;;;20;12;0;0;0;;;;12;32
56005;Bassano Romano;7;14;0;0;0;;;;14;18;0;0;0;;;;18;32
56005;Bassano Romano;8;19;0;0;0;;;;19;20;0;0;0;;;;20;39
56005;Bassano Romano;9;20;0;0;0;;;;20;21;0;0;0;;;;21;41
56005;Bassano Romano;10;18;0;0;0;;;;18;15;0;0;0;;;;15;33
56005;Bassano Romano;11;20;0;0;0;;;;20;21;0;0;0;;;;21;41
56005;Bassano Romano;12;15;0;0;0;;;;15;15;0;0;0;;;;15;30
56005;Bassano Romano;13;22;0;0;0;;;;22;20;0;0;0;;;;20;42
56005;Bassano Romano;14;20;0;0;0;;;;20;20;0;0;0;;;;20;40
56005;Bassano Romano;15;23;0;0;0;;;;23;30;0;0;0;;;;30;53
56005;Bassano Romano;16;20;0;0;0;;;;20;17;0;0;0;;;;17;37
56005;Bassano Romano;17;32;0;0;0;;;;32;15;0;0;0;;;;15;47
56005;Bassano Romano;18;16;0;0;0;;;;16;18;0;0;0;;;;18;34
56005;Bassano Romano;19;20;0;0;0;;;;20;24;0;0;0;;;;24;44
56005;Bassano Romano;20;20;1;0;0;;;;21;13;1;0;0;;;;14;35
56005;Bassano Romano;21;23;0;0;0;;;;23;23;2;0;0;;;;25;48
56005;Bassano Romano;22;17;1;0;0;;;;18;21;2;0;0;;;;23;41
56005;Bassano Romano;23;25;1;0;0;;;;26;19;1;0;0;;;;20;46
56005;Bassano Romano;24;29;1;0;0;;;;30;16;1;0;0;;;;17;47
56005;Bassano Romano;25;13;1;0;0;;;;14;20;1;0;0;;;;21;35
56005;Bassano Romano;26;16;0;0;0;;;;16;15;2;0;0;;;;17;33
56005;Bassano Romano;27;18;0;0;0;;;;18;17;2;0;0;;;;19;37
56005;Bassano Romano;28;22;3;0;0;;;;25;21;4;0;0;;;;25;50
56005;Bassano Romano;29;20;3;0;0;;;;23;14;5;0;0;;;;19;42
56005;Bassano Romano;30;18;3;0;0;;;;21;15;5;0;0;;;;20;41
56005;Bassano Romano;31;19;3;0;0;;;;22;20;7;0;0;;;;27;49
56005;Bassano Romano;32;22;6;0;0;;;;28;18;4;1;0;;;;23;51
56005;Bassano Romano;33;24;6;0;0;;;;30;9;4;0;0;;;;13;43
56005;Bassano Romano;34;17;4;0;0;;;;21;15;10;0;0;;;;25;46
56005;Bassano Romano;35;18;7;0;0;;;;25;19;9;0;0;;;;28;53
56005;Bassano Romano;36;20;10;1;0;;;;31;5;8;0;0;;;;13;44
56005;Bassano Romano;37;14;9;0;0;;;;23;4;12;0;0;;;;16;39
56005;Bassano Romano;38;15;8;0;0;;;;23;11;12;2;0;;;;25;48
56005;Bassano Romano;39;22;17;0;0;;;;39;12;19;1;0;;;;32;71
56005;Bassano Romano;40;11;17;0;0;;;;28;10;5;0;0;;;;15;43
56005;Bassano Romano;41;16;11;1;0;;;;28;8;18;2;1;;;;29;57
56005;Bassano Romano;42;14;8;0;0;;;;22;9;15;2;0;;;;26;48
56005;Bassano Romano;43;18;11;1;0;;;;30;15;12;0;0;;;;27;57
56005;Bassano Romano;44;14;8;2;0;;;;24;6;17;1;0;;;;24;48
56005;Bassano Romano;45;20;20;2;0;;;;42;11;26;3;0;;;;40;82
56005;Bassano Romano;46;7;18;2;0;;;;27;2;23;1;0;;;;26;53
56005;Bassano Romano;47;16;25;1;0;;;;42;11;21;2;2;;;;36;78
56005;Bassano Romano;48;8;20;0;0;;;;28;5;24;2;2;;;;33;61
56005;Bassano Romano;49;9;19;1;0;;;;29;5;22;4;1;;;;32;61
56005;Bassano Romano;50;18;19;4;0;;;;41;7;27;0;1;;;;35;76
56005;Bassano Romano;51;13;23;2;0;;;;38;8;31;3;0;;;;42;80
56005;Bassano Romano;52;9;22;2;0;;;;33;11;23;1;2;;;;37;70
56005;Bassano Romano;53;11;21;3;0;;;;35;8;25;0;1;;;;34;69
56005;Bassano Romano;54;10;22;1;0;;;;33;6;23;4;1;;;;34;67
56005;Bassano Romano;55;14;27;5;1;;;;47;10;25;7;2;;;;44;91
56005;Bassano Romano;56;13;36;0;1;;;;50;6;35;4;2;;;;47;97
56005;Bassano Romano;57;10;25;3;1;;;;39;4;33;2;1;;;;40;79
56005;Bassano Romano;58;7;34;3;1;;;;45;1;31;0;0;;;;32;77
56005;Bassano Romano;59;3;26;4;2;;;;35;5;26;7;5;;;;43;78
56005;Bassano Romano;60;8;34;4;2;;;;48;3;31;2;3;;;;39;87
56005;Bassano Romano;61;8;25;6;1;;;;40;5;32;3;2;;;;42;82
56005;Bassano Romano;62;10;38;4;0;;;;52;7;24;5;4;;;;40;92
56005;Bassano Romano;63;5;33;7;1;;;;46;8;27;0;6;;;;41;87
56005;Bassano Romano;64;6;18;1;1;;;;26;2;28;2;6;;;;38;64
56005;Bassano Romano;65;6;28;4;1;;;;39;1;20;3;7;;;;31;70
56005;Bassano Romano;66;3;26;3;2;;;;34;5;33;3;6;;;;47;81
56005;Bassano Romano;67;7;20;4;0;;;;31;4;18;1;4;;;;27;58
56005;Bassano Romano;68;2;20;1;0;;;;23;5;21;1;7;;;;34;57
56005;Bassano Romano;69;1;25;2;1;;;;29;4;32;0;6;;;;42;71
56005;Bassano Romano;70;5;29;1;1;;;;36;1;24;0;7;;;;32;68
56005;Bassano Romano;71;1;28;2;1;;;;32;1;28;3;10;;;;42;74
56005;Bassano Romano;72;0;24;2;0;;;;26;3;25;0;11;;;;39;65
56005;Bassano Romano;73;1;17;3;1;;;;22;1;13;2;9;;;;25;47
56005;Bassano Romano;74;5;22;0;2;;;;29;0;14;1;8;;;;23;52
56005;Bassano Romano;75;1;24;1;3;;;;29;1;18;1;5;;;;25;54
56005;Bassano Romano;76;1;18;0;2;;;;21;1;17;0;10;;;;28;49
56005;Bassano Romano;77;0;19;1;2;;;;22;2;15;0;10;;;;27;49
56005;Bassano Romano;78;3;22;0;1;;;;26;3;12;1;9;;;;25;51
56005;Bassano Romano;79;1;17;3;3;;;;24;2;11;0;12;;;;25;49
56005;Bassano Romano;80;0;10;5;4;;;;19;3;10;1;8;;;;22;41
56005;Bassano Romano;81;0;11;0;5;;;;16;2;6;0;8;;;;16;32
56005;Bassano Romano;82;2;11;0;2;;;;15;0;8;0;10;;;;18;33
56005;Bassano Romano;83;1;13;0;1;;;;15;2;8;1;11;;;;22;37
56005;Bassano Romano;84;2;9;1;4;;;;16;4;8;0;10;;;;22;38
56005;Bassano Romano;85;0;13;0;4;;;;17;0;7;0;15;;;;22;39
56005;Bassano Romano;86;0;10;0;2;;;;12;3;4;0;10;;;;17;29
56005;Bassano Romano;87;1;4;0;2;;;;7;0;2;1;15;;;;18;25
56005;Bassano Romano;88;0;6;0;1;;;;7;1;0;0;7;;;;8;15
56005;Bassano Romano;89;2;5;0;1;;;;8;0;0;0;9;;;;9;17
56005;Bassano Romano;90;0;1;0;1;;;;2;1;1;0;10;;;;12;14
56005;Bassano Romano;91;1;3;0;3;;;;7;0;0;0;8;;;;8;15
56005;Bassano Romano;92;0;2;0;1;;;;3;0;1;0;2;;;;3;6
56005;Bassano Romano;93;0;0;0;0;;;;0;1;1;0;4;;;;6;6
56005;Bassano Romano;94;0;0;0;0;;;;0;0;0;0;3;;;;3;3
56005;Bassano Romano;95;0;0;0;1;;;;1;1;0;0;1;;;;2;3
56005;Bassano Romano;96;0;0;0;1;;;;1;0;0;0;1;;;;1;2
56005;Bassano Romano;97;0;0;0;0;;;;0;0;0;0;1;;;;1;1
56005;Bassano Romano;98;0;0;0;0;;;;0;0;0;0;0;;;;0;0
56005;Bassano Romano;99;0;0;0;0;;;;0;0;0;0;2;;;;2;2
56005;Bassano Romano;100;0;0;0;0;;;;0;0;0;0;4;;;;4;4
56005;Bassano Romano;999;1064;1081;93;64;;;;2302;855;1072;80;302;;;;2309;4611
56007;Blera;0;4;0;0;0;;;;4;9;0;0;0;;;;9;13
56007;Blera;1;3;0;0;0;;;;3;8;0;0;0;;;;8;11
56007;Blera;2;7;0;0;0;;;;7;8;0;0;0;;;;8;15
56007;Blera;3;7;0;0;0;;;;7;12;0;0;0;;;;12;19
56007;Blera;4;15;0;0;0;;;;15;7;0;0;0;;;;7;22
56007;Blera;5;5;0;0;0;;;;5;8;0;0;0;;;;8;13
56007;Blera;6;9;0;0;0;;;;9;2;0;0;0;;;;2;11
56007;Blera;7;11;0;0;0;;;;11;6;0;0;0;;;;6;17
56007;Blera;8;14;0;0;0;;;;14;13;0;0;0;;;;13;27
56007;Blera;9;7;0;0;0;;;;7;13;0;0;0;;;;13;20
56007;Blera;10;8;0;0;0;;;;8;12;0;0;0;;;;12;20
56007;Blera;11;9;0;0;0;;;;9;14;0;0;0;;;;14;23
56007;Blera;12;17;0;0;0;;;;17;11;0;0;0;;;;11;28
56007;Blera;13;13;0;0;0;;;;13;9;0;0;0;;;;9;22
56007;Blera;14;10;0;0;0;;;;10;15;0;0;0;;;;15;25
56007;Blera;15;10;0;0;0;;;;10;7;0;0;0;;;;7;17
56007;Blera;16;15;0;0;0;;;;15;11;0;0;0;;;;11;26
56007;Blera;17;12;0;0;0;;;;12;10;0;0;0;;;;10;22
56007;Blera;18;15;0;0;0;;;;15;14;0;0;0;;;;14;29
56007;Blera;19;15;0;0;0;;;;15;11;0;0;0;;;;11;26
56007;Blera;20;17;0;0;0;;;;17;16;0;0;0;;;;16;33
56007;Blera;21;16;0;0;0;;;;16;13;0;0;0;;;;13;29
56007;Blera;22;19;0;0;0;;;;19;10;0;0;0;;;;10;29
56007;Blera;23;12;1;0;0;;;;13;19;0;0;0;;;;19;32
56007;Blera;24;12;0;0;0;;;;12;18;0;0;0;;;;18;30
56007;Blera;25;10;0;0;0;;;;10;9;0;0;0;;;;9;19
56007;Blera;26;7;0;0;0;;;;7;16;2;0;0;;;;18;25
56007;Blera;27;9;0;0;0;;;;9;12;1;0;0;;;;13;22
56007;Blera;28;18;0;0;0;;;;18;9;1;0;0;;;;10;28
56007;Blera;29;15;2;0;0;;;;17;13;1;0;0;;;;14;31
56007;Blera;30;10;2;0;0;;;;12;8;3;0;0;;;;11;23
56007;Blera;31;14;2;0;0;;;;16;9;2;0;0;;;;11;27
56007;Blera;32;20;0;0;0;;;;20;8;4;0;0;;;;12;32
56007;Blera;33;16;4;0;0;;;;20;11;3;0;0;;;;14;34
56007;Blera;34;7;3;0;0;;;;10;9;6;0;1;;;;16;26
56007;Blera;35;17;3;0;0;;;;20;6;11;1;0;;;;18;38
56007;Blera;36;7;3;0;0;;;;10;11;5;1;0;;;;17;27
56007;Blera;37;8;6;1;0;;;;15;3;9;0;0;;;;12;27
56007;Blera;38;9;7;0;0;;;;16;5;9;0;0;;;;14;30
56007;Blera;39;14;7;0;0;;;;21;10;12;1;0;;;;23;44
56007;Blera;40;11;6;2;0;;;;19;9;7;1;0;;;;17;36
56007;Blera;41;13;6;0;0;;;;19;6;9;1;0;;;;16;35
56007;Blera;42;10;6;0;0;;;;16;6;8;0;0;;;;14;30
56007;Blera;43;12;9;2;0;;;;23;5;8;1;0;;;;14;37
56007;Blera;44;8;4;1;0;;;;13;5;14;1;0;;;;20;33
56007;Blera;45;13;12;1;0;;;;26;2;14;2;0;;;;18;44
56007;Blera;46;9;12;0;0;;;;21;4;20;0;0;;;;24;45
56007;Blera;47;1;21;2;0;;;;24;1;15;0;0;;;;16;40
56007;Blera;48;10;11;1;0;;;;22;7;12;2;0;;;;21;43
56007;Blera;49;6;15;0;0;;;;21;3;16;1;1;;;;21;42
56007;Blera;50;3;9;1;0;;;;13;4;12;1;0;;;;17;30
56007;Blera;51;3;13;1;0;;;;17;6;17;3;0;;;;26;43
56007;Blera;52;5;17;0;0;;;;22;4;17;3;1;;;;25;47
56007;Blera;53;8;18;5;0;;;;31;4;20;1;1;;;;26;57
56007;Blera;54;6;20;1;0;;;;27;2;9;3;0;;;;14;41
56007;Blera;55;5;13;1;0;;;;19;2;18;0;1;;;;21;40
56007;Blera;56;4;21;0;0;;;;25;6;15;1;2;;;;24;49
56007;Blera;57;4;19;4;0;;;;27;2;17;2;1;;;;22;49
56007;Blera;58;8;26;5;0;;;;39;4;22;0;1;;;;27;66
56007;Blera;59;6;15;2;0;;;;23;4;18;1;2;;;;25;48
56007;Blera;60;1;17;0;2;;;;20;2;17;0;3;;;;22;42
56007;Blera;61;3;26;0;0;;;;29;2;15;1;2;;;;20;49
56007;Blera;62;4;20;0;1;;;;25;4;24;0;0;;;;28;53
56007;Blera;63;1;13;0;1;;;;15;5;24;0;4;;;;33;48
56007;Blera;64;4;22;1;0;;;;27;2;10;2;2;;;;16;43
56007;Blera;65;4;18;4;2;;;;28;0;15;0;2;;;;17;45
56007;Blera;66;3;21;0;0;;;;24;3;12;2;2;;;;19;43
56007;Blera;67;3;14;2;1;;;;20;1;16;4;2;;;;23;43
56007;Blera;68;4;12;2;1;;;;19;1;13;3;3;;;;20;39
56007;Blera;69;0;17;1;1;;;;19;1;15;2;5;;;;23;42
56007;Blera;70;1;13;1;1;;;;16;1;14;0;7;;;;22;38
56007;Blera;71;6;15;0;0;;;;21;3;11;1;8;;;;23;44
56007;Blera;72;0;23;1;0;;;;24;3;18;1;8;;;;30;54
56007;Blera;73;0;12;1;1;;;;14;2;12;0;6;;;;20;34
56007;Blera;74;2;12;2;0;;;;16;2;10;0;6;;;;18;34
56007;Blera;75;1;16;1;1;;;;19;0;11;1;6;;;;18;37
56007;Blera;76;2;11;1;0;;;;14;1;9;1;9;;;;20;34
56007;Blera;77;3;13;0;1;;;;17;0;11;0;11;;;;22;39
56007;Blera;78;3;7;0;2;;;;12;2;13;0;8;;;;23;35
56007;Blera;79;1;15;2;0;;;;18;3;5;0;8;;;;16;34
56007;Blera;80;0;10;0;1;;;;11;0;4;1;10;;;;15;26
56007;Blera;81;1;6;0;0;;;;7;0;7;0;9;;;;16;23
56007;Blera;82;0;11;0;0;;;;11;0;2;0;5;;;;7;18
56007;Blera;83;0;4;0;3;;;;7;0;5;0;10;;;;15;22
56007;Blera;84;2;3;0;1;;;;6;0;0;0;9;;;;9;15
56007;Blera;85;1;7;0;3;;;;11;0;2;0;10;;;;12;23
56007;Blera;86;0;1;0;1;;;;2;0;0;0;8;;;;8;10
56007;Blera;87;0;8;0;2;;;;10;0;2;0;9;;;;11;21
56007;Blera;88;0;4;1;2;;;;7;1;1;0;4;;;;6;13
56007;Blera;89;1;2;0;1;;;;4;0;1;0;4;;;;5;9
56007;Blera;90;0;0;0;1;;;;1;0;0;0;4;;;;4;5
56007;Blera;91;0;0;0;2;;;;2;0;0;0;5;;;;5;7
56007;Blera;92;0;1;0;3;;;;4;0;1;0;3;;;;4;8
56007;Blera;93;0;0;0;0;;;;0;0;0;0;3;;;;3;3
56007;Blera;94;0;1;0;0;;;;1;0;0;0;0;;;;0;1
56007;Blera;95;0;0;0;0;;;;0;0;0;0;0;;;;0;0
56007;Blera;96;0;1;0;0;;;;1;0;1;0;0;;;;1;2
56007;Blera;97;0;0;0;0;;;;0;0;0;0;2;;;;2;2
56007;Blera;98;0;0;0;0;;;;0;0;0;0;0;;;;0;0
56007;Blera;99;0;0;0;0;;;;0;0;0;0;0;;;;0;0
56007;Blera;100;0;0;0;0;;;;0;0;0;0;1;;;;1;1
56007;Blera;999;659;689;50;35;;;;1433;540;658;46;209;;;;1453;2886
56008;Bolsena;0;12;0;0;0;;;;12;7;0;0;0;;;;7;19
56008;Bolsena;1;14;0;0;0;;;;14;8;0;0;0;;;;8;22
56008;Bolsena;2;10;0;0;0;;;;10;5;0;0;0;;;;5;15
56008;Bolsena;3;9;0;0;0;;;;9;5;0;0;0;;;;5;14
56008;Bolsena;4;8;0;0;0;;;;8;7;0;0;0;;;;7;15
56008;Bolsena;5;13;0;0;0;;;;13;8;0;0;0;;;;8;21
56008;Bolsena;6;14;0;0;0;;;;14;15;0;0;0;;;;15;29
56008;Bolsena;7;11;0;0;0;;;;11;6;0;0;0;;;;6;17
56008;Bolsena;8;4;0;0;0;;;;4;9;0;0;0;;;;9;13
56008;Bolsena;9;6;0;0;0;;;;6;11;0;0;0;;;;11;17
56008;Bolsena;10;11;0;0;0;;;;11;5;0;0;0;;;;5;16
56008;Bolsena;11;5;0;0;0;;;;5;11;0;0;0;;;;11;16
56008;Bolsena;12;12;0;0;0;;;;12;5;0;0;0;;;;5;17
56008;Bolsena;13;16;0;0;0;;;;16;20;0;0;0;;;;20;36
56008;Bolsena;14;13;0;0;0;;;;13;7;0;0;0;;;;7;20
56008;Bolsena;15;15;0;0;0;;;;15;12;0;0;0;;;;12;27
56008;Bolsena;16;18;0;0;0;;;;18;15;0;0;0;;;;15;33
56008;Bolsena;17;13;0;0;0;;;;13;11;0;0;0;;;;11;24
56008;Bolsena;18;11;0;0;0;;;;11;11;0;0;0;;;;11;22
56008;Bolsena;19;27;0;0;0;;;;27;12;0;0;0;;;;12;39
56008;Bolsena;20;18;0;0;0;;;;18;15;0;0;0;;;;15;33
56008;Bolsena;21;17;0;0;0;;;;17;14;0;0;0;;;;14;31
56008;Bolsena;22;23;0;0;0;;;;23;11;0;0;0;;;;11;34
56008;Bolsena;23;14;0;0;0;;;;14;19;1;0;0;;;;20;34
56008;Bolsena;24;14;0;0;0;;;;14;7;0;0;0;;;;7;21
56008;Bolsena;25;12;0;0;0;;;;12;16;0;0;0;;;;16;28
56008;Bolsena;26;28;0;0;0;;;;28;10;1;0;0;;;;11;39
56008;Bolsena;27;19;1;0;0;;;;20;14;2;0;0;;;;16;36
56008;Bolsena;28;14;0;1;0;;;;15;20;1;0;0;;;;21;36
56008;Bolsena;29;13;1;0;0;;;;14;8;2;0;0;;;;10;24
56008;Bolsena;30;17;0;0;0;;;;17;14;3;0;0;;;;17;34
56008;Bolsena;31;12;1;0;0;;;;13;11;1;0;0;;;;12;25
56008;Bolsena;32;18;1;0;0;;;;19;15;4;0;0;;;;19;38
56008;Bolsena;33;14;2;0;0;;;;16;11;3;0;0;;;;14;30
56008;Bolsena;34;7;7;0;0;;;;14;13;11;1;0;;;;25;39
56008;Bolsena;35;13;4;0;0;;;;17;11;7;0;0;;;;18;35
56008;Bolsena;36;10;5;0;0;;;;15;15;7;1;0;;;;23;38
56008;Bolsena;37;15;8;0;0;;;;23;14;6;0;0;;;;20;43
56008;Bolsena;38;12;6;0;0;;;;18;10;7;0;0;;;;17;35
56008;Bolsena;39;8;7;0;0;;;;15;6;10;1;0;;;;17;32
56008;Bolsena;40;12;4;0;0;;;;16;10;5;1;0;;;;16;32
56008;Bolsena;41;12;9;1;0;;;;22;5;14;0;0;;;;19;41
56008;Bolsena;42;10;12;0;0;;;;22;8;13;0;0;;;;21;43
56008;Bolsena;43;11;7;0;0;;;;18;12;16;0;0;;;;28;46
56008;Bolsena;44;11;8;0;0;;;;19;11;8;2;0;;;;21;40
56008;Bolsena;45;5;10;0;0;;;;15;12;9;2;0;;;;23;38
56008;Bolsena;46;10;5;0;0;;;;15;4;16;0;1;;;;21;36
56008;Bolsena;47;12;10;3;0;;;;25;5;12;0;2;;;;19;44
56008;Bolsena;48;14;12;2;0;;;;28;9;12;2;0;;;;23;51
56008;Bolsena;49;12;11;0;0;;;;23;9;23;6;2;;;;40;63
56008;Bolsena;50;11;17;3;0;;;;31;8;17;5;0;;;;30;61
56008;Bolsena;51;8;14;0;0;;;;22;8;21;2;1;;;;32;54
56008;Bolsena;52;6;17;1;0;;;;24;4;19;1;1;;;;25;49
56008;Bolsena;53;7;25;2;0;;;;34;3;24;2;1;;;;30;64
56008;Bolsena;54;4;21;3;0;;;;28;11;24;2;0;;;;37;65
56008;Bolsena;55;6;23;0;0;;;;29;6;28;3;2;;;;39;68
56008;Bolsena;56;6;22;4;0;;;;32;5;15;3;0;;;;23;55
56008;Bolsena;57;8;24;3;0;;;;35;1;24;3;1;;;;29;64
56008;Bolsena;58;7;25;6;0;;;;38;1;20;3;2;;;;26;64
56008;Bolsena;59;5;25;4;0;;;;34;6;17;5;4;;;;32;66
56008;Bolsena;60;7;18;2;1;;;;28;5;25;9;1;;;;40;68
56008;Bolsena;61;5;23;2;1;;;;31;5;27;2;8;;;;42;73
56008;Bolsena;62;6;18;2;0;;;;26;1;24;2;5;;;;32;58
56008;Bolsena;63;4;33;4;0;;;;41;2;21;0;4;;;;27;68
56008;Bolsena;64;7;19;3;0;;;;29;3;17;1;5;;;;26;55
56008;Bolsena;65;5;24;3;1;;;;33;2;22;3;3;;;;30;63
56008;Bolsena;66;6;20;3;1;;;;30;1;14;7;2;;;;24;54
56008;Bolsena;67;5;17;3;2;;;;27;1;21;2;5;;;;29;56
56008;Bolsena;68;3;17;6;3;;;;29;5;32;3;6;;;;46;75
56008;Bolsena;69;3;18;2;1;;;;24;1;16;3;2;;;;22;46
56008;Bolsena;70;2;20;0;1;;;;23;3;23;0;6;;;;32;55
56008;Bolsena;71;0;24;1;1;;;;26;0;19;3;6;;;;28;54
56008;Bolsena;72;3;17;1;1;;;;22;1;18;1;5;;;;25;47
56008;Bolsena;73;3;23;1;1;;;;28;1;11;5;3;;;;20;48
56008;Bolsena;74;3;28;0;1;;;;32;3;14;3;3;;;;23;55
56008;Bolsena;75;0;23;4;3;;;;30;4;18;1;13;;;;36;66
56008;Bolsena;76;3;23;2;3;;;;31;2;20;3;11;;;;36;67
56008;Bolsena;77;2;20;1;1;;;;24;1;14;3;14;;;;32;56
56008;Bolsena;78;5;22;2;0;;;;29;1;13;1;12;;;;27;56
56008;Bolsena;79;2;11;3;1;;;;17;2;9;0;13;;;;24;41
56008;Bolsena;80;0;14;1;2;;;;17;1;4;0;8;;;;13;30
56008;Bolsena;81;1;10;1;2;;;;14;1;13;0;11;;;;25;39
56008;Bolsena;82;1;10;0;0;;;;11;1;8;1;17;;;;27;38
56008;Bolsena;83;1;14;1;2;;;;18;1;12;2;13;;;;28;46
56008;Bolsena;84;0;12;0;4;;;;16;0;4;2;9;;;;15;31
56008;Bolsena;85;0;7;1;4;;;;12;2;7;0;10;;;;19;31
56008;Bolsena;86;0;17;0;1;;;;18;1;5;1;14;;;;21;39
56008;Bolsena;87;0;7;0;7;;;;14;1;3;0;13;;;;17;31
56008;Bolsena;88;1;4;0;6;;;;11;3;1;1;8;;;;13;24
56008;Bolsena;89;0;2;0;2;;;;4;2;5;0;10;;;;17;21
56008;Bolsena;90;0;4;0;3;;;;7;0;2;0;6;;;;8;15
56008;Bolsena;91;1;1;0;3;;;;5;0;0;0;10;;;;10;15
56008;Bolsena;92;0;0;0;0;;;;0;1;0;0;4;;;;5;5
56008;Bolsena;93;0;1;0;1;;;;2;0;0;0;3;;;;3;5
56008;Bolsena;94;0;0;0;0;;;;0;1;0;0;5;;;;6;6
56008;Bolsena;95;0;0;0;1;;;;1;0;0;0;3;;;;3;4
56008;Bolsena;96;0;0;0;0;;;;0;0;0;0;1;;;;1;1
56008;Bolsena;97;0;1;0;1;;;;2;0;0;0;1;;;;1;3
56008;Bolsena;98;0;0;0;0;;;;0;0;0;0;1;;;;1;1
56008;Bolsena;99;0;0;0;0;;;;0;0;0;0;0;;;;0;0
56008;Bolsena;100;0;0;0;0;;;;0;0;0;0;3;;;;3;3
56008;Bolsena;999;796;866;82;62;;;;1806;641;845;104;294;;;;1884;3690
56009;Bomarzo;0;3;0;0;0;;;;3;7;0;0;0;;;;7;10
56009;Bomarzo;1;2;0;0;0;;;;2;4;0;0;0;;;;4;6
56009;Bomarzo;2;7;0;0;0;;;;7;3;0;0;0;;;;3;10
56009;Bomarzo;3;6;0;0;0;;;;6;7;0;0;0;;;;7;13
56009;Bomarzo;4;4;0;0;0;;;;4;8;0;0;0;;;;8;12
56009;Bomarzo;5;10;0;0;0;;;;10;7;0;0;0;;;;7;17
56009;Bomarzo;6;9;0;0;0;;;;9;6;0;0;0;;;;6;15
56009;Bomarzo;7;6;0;0;0;;;;6;6;0;0;0;;;;6;12
56009;Bomarzo;8;8;0;0;0;;;;8;5;0;0;0;;;;5;13
56009;Bomarzo;9;6;0;0;0;;;;6;8;0;0;0;;;;8;14
56009;Bomarzo;10;8;0;0;0;;;;8;7;0;0;0;;;;7;15
56009;Bomarzo;11;11;0;0;0;;;;11;7;0;0;0;;;;7;18
56009;Bomarzo;12;7;0;0;0;;;;7;4;0;0;0;;;;4;11
56009;Bomarzo;13;7;0;0;0;;;;7;5;0;0;0;;;;5;12
56009;Bomarzo;14;8;0;0;0;;;;8;2;0;0;0;;;;2;10
56009;Bomarzo;15;8;0;0;0;;;;8;9;0;0;0;;;;9;17
56009;Bomarzo;16;7;0;0;0;;;;7;8;0;0;0;;;;8;15
56009;Bomarzo;17;7;0;0;0;;;;7;5;0;0;0;;;;5;12
56009;Bomarzo;18;9;0;0;0;;;;9;8;0;0;0;;;;8;17
56009;Bomarzo;19;5;0;0;0;;;;5;9;0;0;0;;;;9;14
56009;Bomarzo;20;8;0;0;0;;;;8;5;0;0;0;;;;5;13
56009;Bomarzo;21;13;0;0;0;;;;13;4;0;0;0;;;;4;17
56009;Bomarzo;22;7;0;0;0;;;;7;10;0;0;0;;;;10;17
56009;Bomarzo;23;9;0;0;0;;;;9;6;1;0;0;;;;7;16
56009;Bomarzo;24;6;0;0;0;;;;6;4;0;0;0;;;;4;10
56009;Bomarzo;25;8;0;0;0;;;;8;7;0;0;0;;;;7;15
56009;Bomarzo;26;6;0;0;0;;;;6;4;0;0;0;;;;4;10
56009;Bomarzo;27;9;0;0;0;;;;9;3;1;0;0;;;;4;13
56009;Bomarzo;28;6;0;0;0;;;;6;5;1;0;0;;;;6;12
56009;Bomarzo;29;6;1;0;0;;;;7;4;1;0;0;;;;5;12
56009;Bomarzo;30;5;2;0;0;;;;7;7;0;0;0;;;;7;14
56009;Bomarzo;31;10;1;0;0;;;;11;7;3;0;0;;;;10;21
56009;Bomarzo;32;6;1;0;0;;;;7;9;1;0;0;;;;10;17
56009;Bomarzo;33;5;1;0;0;;;;6;4;4;0;0;;;;8;14
56009;Bomarzo;34;9;1;0;0;;;;10;2;0;0;0;;;;2;12
56009;Bomarzo;35;6;5;0;0;;;;11;4;5;0;0;;;;9;20
56009;Bomarzo;36;5;3;0;0;;;;8;3;7;0;0;;;;10;18
56009;Bomarzo;37;9;7;0;0;;;;16;4;6;0;0;;;;10;26
56009;Bomarzo;38;8;2;0;0;;;;10;6;5;1;0;;;;12;22
56009;Bomarzo;39;7;8;0;0;;;;15;2;9;0;0;;;;11;26
56009;Bomarzo;40;5;1;0;0;;;;6;2;4;0;0;;;;6;12
56009;Bomarzo;41;7;3;0;0;;;;10;4;9;0;0;;;;13;23
56009;Bomarzo;42;5;10;0;0;;;;15;4;10;1;0;;;;15;30
56009;Bomarzo;43;6;6;0;0;;;;12;4;7;1;0;;;;12;24
56009;Bomarzo;44;1;3;0;0;;;;4;3;5;0;0;;;;8;12
56009;Bomarzo;45;7;6;0;0;;;;13;4;8;1;1;;;;14;27
56009;Bomarzo;46;3;9;1;0;;;;13;4;5;0;0;;;;9;22
56009;Bomarzo;47;3;5;0;0;;;;8;3;9;0;0;;;;12;20
56009;Bomarzo;48;6;9;1;0;;;;16;2;6;2;0;;;;10;26
56009;Bomarzo;49;8;11;0;0;;;;19;3;9;1;0;;;;13;32
56009;Bomarzo;50;5;14;1;0;;;;20;5;15;1;0;;;;21;41
56009;Bomarzo;51;4;10;2;0;;;;16;3;8;0;0;;;;11;27
56009;Bomarzo;52;7;8;0;0;;;;15;1;11;2;0;;;;14;29
56009;Bomarzo;53;6;9;1;0;;;;16;3;5;0;0;;;;8;24
56009;Bomarzo;54;2;10;0;0;;;;12;2;11;1;2;;;;16;28
56009;Bomarzo;55;1;11;0;0;;;;12;2;12;1;1;;;;16;28
56009;Bomarzo;56;5;9;2;0;;;;16;2;9;0;0;;;;11;27
56009;Bomarzo;57;2;10;1;0;;;;13;0;13;0;1;;;;14;27
56009;Bomarzo;58;3;11;0;0;;;;14;2;8;1;1;;;;12;26
56009;Bomarzo;59;1;12;1;0;;;;14;0;7;1;1;;;;9;23
56009;Bomarzo;60;0;6;1;0;;;;7;1;6;0;2;;;;9;16
56009;Bomarzo;61;3;11;0;0;;;;14;4;9;0;1;;;;14;28
56009;Bomarzo;62;2;6;0;2;;;;10;0;11;2;0;;;;13;23
56009;Bomarzo;63;1;8;0;1;;;;10;4;5;1;1;;;;11;21
56009;Bomarzo;64;2;7;3;2;;;;14;1;8;1;1;;;;11;25
56009;Bomarzo;65;3;10;2;0;;;;15;1;8;3;1;;;;13;28
56009;Bomarzo;66;1;11;0;2;;;;14;1;10;0;2;;;;13;27
56009;Bomarzo;67;0;15;0;0;;;;15;4;5;0;0;;;;9;24
56009;Bomarzo;68;0;9;1;0;;;;10;0;3;0;1;;;;4;14
56009;Bomarzo;69;1;4;0;0;;;;5;2;8;0;3;;;;13;18
56009;Bomarzo;70;1;10;0;2;;;;13;1;10;0;3;;;;14;27
56009;Bomarzo;71;1;6;2;0;;;;9;0;10;1;2;;;;13;22
56009;Bomarzo;72;1;6;0;0;;;;7;1;7;1;3;;;;12;19
56009;Bomarzo;73;2;5;3;0;;;;10;2;4;1;3;;;;10;20
56009;Bomarzo;74;0;10;0;0;;;;10;0;3;2;2;;;;7;17
56009;Bomarzo;75;0;7;1;1;;;;9;1;7;1;5;;;;14;23
56009;Bomarzo;76;3;11;1;0;;;;15;2;11;0;1;;;;14;29
56009;Bomarzo;77;1;9;1;1;;;;12;0;6;0;5;;;;11;23
56009;Bomarzo;78;0;7;0;1;;;;8;0;7;0;6;;;;13;21
56009;Bomarzo;79;0;7;0;1;;;;8;0;6;1;4;;;;11;19
56009;Bomarzo;80;2;5;0;1;;;;8;0;3;0;3;;;;6;14
56009;Bomarzo;81;0;6;0;0;;;;6;0;5;0;2;;;;7;13
56009;Bomarzo;82;1;1;1;0;;;;3;0;4;0;4;;;;8;11
56009;Bomarzo;83;1;10;1;2;;;;14;0;2;0;5;;;;7;21
56009;Bomarzo;84;0;5;0;2;;;;7;0;1;0;1;;;;2;9
56009;Bomarzo;85;0;4;0;1;;;;5;0;2;0;5;;;;7;12
56009;Bomarzo;86;0;2;0;2;;;;4;0;0;1;3;;;;4;8
56009;Bomarzo;87;0;2;0;3;;;;5;0;0;0;1;;;;1;6
56009;Bomarzo;88;0;1;0;1;;;;2;0;0;0;2;;;;2;4
56009;Bomarzo;89;0;1;0;0;;;;1;1;1;0;3;;;;5;6
56009;Bomarzo;90;0;1;0;1;;;;2;0;3;0;5;;;;8;10
56009;Bomarzo;91;0;0;0;1;;;;1;1;0;0;5;;;;6;7
56009;Bomarzo;92;0;0;0;0;;;;0;0;0;0;3;;;;3;3
56009;Bomarzo;93;0;1;0;1;;;;2;0;1;0;0;;;;1;3
56009;Bomarzo;94;0;1;0;1;;;;2;0;0;0;2;;;;2;4
56009;Bomarzo;95;0;0;0;1;;;;1;0;0;0;2;;;;2;3
56009;Bomarzo;96;0;0;0;0;;;;0;0;0;0;3;;;;3;3
56009;Bomarzo;97;0;0;0;0;;;;0;0;0;0;0;;;;0;0
56009;Bomarzo;98;0;0;0;1;;;;1;0;0;0;0;;;;0;1
56009;Bomarzo;99;0;0;0;0;;;;0;0;0;0;0;;;;0;0
56009;Bomarzo;100;0;0;0;0;;;;0;0;0;0;1;;;;1;1
56009;Bomarzo;999;399;404;27;31;;;;861;305;381;29;103;;;;818;1679
56010;Calcata;0;2;0;0;0;;;;2;1;0;0;0;;;;1;3
56010;Calcata;1;5;0;0;0;;;;5;0;0;0;0;;;;0;5
56010;Calcata;2;0;0;0;0;;;;0;2;0;0;0;;;;2;2
56010;Calcata;3;4;0;0;0;;;;4;4;0;0;0;;;;4;8
56010;Calcata;4;4;0;0;0;;;;4;2;0;0;0;;;;2;6
56010;Calcata;5;2;0;0;0;;;;2;2;0;0;0;;;;2;4
56010;Calcata;6;2;0;0;0;;;;2;2;0;0;0;;;;2;4
56010;Calcata;7;2;0;0;0;;;;2;3;0;0;0;;;;3;5
56010;Calcata;8;4;0;0;0;;;;4;0;0;0;0;;;;0;4
56010;Calcata;9;2;0;0;0;;;;2;7;0;0;0;;;;7;9
56010;Calcata;10;9;0;0;0;;;;9;3;0;0;0;;;;3;12
56010;Calcata;11;3;0;0;0;;;;3;4;0;0;0;;;;4;7
56010;Calcata;12;9;0;0;0;;;;9;5;0;0;0;;;;5;14
56010;Calcata;13;5;0;0;0;;;;5;4;0;0;0;;;;4;9
56010;Calcata;14;5;0;0;0;;;;5;3;0;0;0;;;;3;8
56010;Calcata;15;3;0;0;0;;;;3;4;0;0;0;;;;4;7
56010;Calcata;16;4;0;0;0;;;;4;3;0;0;0;;;;3;7
56010;Calcata;17;5;0;0;0;;;;5;9;0;0;0;;;;9;14
56010;Calcata;18;4;0;0;0;;;;4;4;0;0;0;;;;4;8
56010;Calcata;19;3;0;0;0;;;;3;5;0;0;0;;;;5;8
56010;Calcata;20;2;0;0;0;;;;2;4;0;0;0;;;;4;6
56010;Calcata;21;1;0;0;0;;;;1;3;0;0;0;;;;3;4
56010;Calcata;22;6;0;0;0;;;;6;2;0;0;0;;;;2;8
56010;Calcata;23;2;0;0;0;;;;2;5;1;0;0;;;;6;8
56010;Calcata;24;2;0;0;0;;;;2;7;0;0;0;;;;7;9
56010;Calcata;25;3;0;0;0;;;;3;6;0;0;0;;;;6;9
56010;Calcata;26;3;0;0;0;;;;3;3;0;0;0;;;;3;6
56010;Calcata;27;3;0;0;0;;;;3;8;0;0;0;;;;8;11
56010;Calcata;28;7;0;0;0;;;;7;1;1;0;0;;;;2;9
56010;Calcata;29;2;1;0;0;;;;3;3;1;0;0;;;;4;7
56010;Calcata;30;5;0;0;0;;;;5;3;0;0;0;;;;3;8
56010;Calcata;31;4;2;0;0;;;;6;1;1;0;0;;;;2;8
56010;Calcata;32;1;0;0;0;;;;1;2;1;0;0;;;;3;4
56010;Calcata;33;3;1;0;0;;;;4;5;1;0;0;;;;6;10
56010;Calcata;34;2;0;0;0;;;;2;7;0;0;0;;;;7;9
56010;Calcata;35;2;0;0;0;;;;2;2;0;0;0;;;;2;4
56010;Calcata;36;6;0;0;0;;;;6;2;1;0;0;;;;3;9
56010;Calcata;37;5;1;0;0;;;;6;3;2;1;0;;;;6;12
56010;Calcata;38;1;1;0;0;;;;2;1;3;0;0;;;;4;6
56010;Calcata;39;6;1;1;0;;;;8;2;3;0;0;;;;5;13
56010;Calcata;40;3;2;0;0;;;;5;2;1;0;0;;;;3;8
56010;Calcata;41;3;1;0;0;;;;4;0;6;1;0;;;;7;11
56010;Calcata;42;0;4;1;0;;;;5;7;8;0;0;;;;15;20
56010;Calcata;43;2;2;1;0;;;;5;0;0;0;0;;;;0;5
56010;Calcata;44;1;2;0;0;;;;3;6;4;0;0;;;;10;13
56010;Calcata;45;2;5;0;0;;;;7;1;3;0;0;;;;4;11
56010;Calcata;46;4;2;0;0;;;;6;0;5;0;0;;;;5;11
56010;Calcata;47;4;5;0;0;;;;9;3;6;0;0;;;;9;18
56010;Calcata;48;1;5;0;0;;;;6;2;1;2;0;;;;5;11
56010;Calcata;49;3;6;1;0;;;;10;6;7;1;0;;;;14;24
56010;Calcata;50;3;3;0;0;;;;6;1;3;0;1;;;;5;11
56010;Calcata;51;3;5;0;0;;;;8;3;3;0;0;;;;6;14
56010;Calcata;52;3;2;0;0;;;;5;2;3;0;0;;;;5;10
56010;Calcata;53;2;4;0;0;;;;6;1;8;0;0;;;;9;15
56010;Calcata;54;3;8;0;0;;;;11;2;4;0;0;;;;6;17
56010;Calcata;55;3;5;1;0;;;;9;1;9;1;0;;;;11;20
56010;Calcata;56;3;9;0;0;;;;12;3;2;1;1;;;;7;19
56010;Calcata;57;1;2;0;0;;;;3;5;5;1;0;;;;11;14
56010;Calcata;58;4;7;0;0;;;;11;5;6;2;0;;;;13;24
56010;Calcata;59;0;9;2;1;;;;12;2;4;2;1;;;;9;21
56010;Calcata;60;1;1;1;0;;;;3;2;5;0;0;;;;7;10
56010;Calcata;61;4;4;1;0;;;;9;0;4;0;3;;;;7;16
56010;Calcata;62;1;2;0;0;;;;3;0;3;1;2;;;;6;9
56010;Calcata;63;0;4;0;0;;;;4;0;2;0;0;;;;2;6
56010;Calcata;64;2;6;3;0;;;;11;0;8;0;1;;;;9;20
56010;Calcata;65;1;9;1;2;;;;13;0;2;1;0;;;;3;16
56010;Calcata;66;3;5;0;1;;;;9;1;5;0;1;;;;7;16
56010;Calcata;67;0;4;2;0;;;;6;0;2;0;2;;;;4;10
56010;Calcata;68;1;4;0;0;;;;5;1;6;1;4;;;;12;17
56010;Calcata;69;2;2;0;0;;;;4;3;3;0;1;;;;7;11
56010;Calcata;70;2;5;0;1;;;;8;2;4;1;1;;;;8;16
56010;Calcata;71;0;5;0;0;;;;5;0;3;0;2;;;;5;10
56010;Calcata;72;0;8;1;0;;;;9;3;1;0;1;;;;5;14
56010;Calcata;73;1;4;1;0;;;;6;0;2;1;2;;;;5;11
56010;Calcata;74;0;4;2;0;;;;6;0;4;0;2;;;;6;12
56010;Calcata;75;1;2;0;0;;;;3;1;1;0;1;;;;3;6
56010;Calcata;76;0;3;0;0;;;;3;0;7;0;3;;;;10;13
56010;Calcata;77;1;4;0;1;;;;6;0;2;0;2;;;;4;10
56010;Calcata;78;0;6;2;0;;;;8;0;1;0;3;;;;4;12
56010;Calcata;79;0;2;0;1;;;;3;0;1;1;1;;;;3;6
56010;Calcata;80;1;2;0;1;;;;4;0;0;0;0;;;;0;4
56010;Calcata;81;0;1;0;0;;;;1;0;0;1;1;;;;2;3
56010;Calcata;82;0;2;0;0;;;;2;0;1;1;0;;;;2;4
56010;Calcata;83;0;0;0;1;;;;1;1;0;0;3;;;;4;5
56010;Calcata;84;0;1;0;0;;;;1;0;1;1;3;;;;5;6
56010;Calcata;85;0;2;0;0;;;;2;0;0;0;2;;;;2;4
56010;Calcata;86;1;0;0;1;;;;2;0;2;1;3;;;;6;8
56010;Calcata;87;0;2;0;0;;;;2;0;0;0;4;;;;4;6
56010;Calcata;88;0;2;0;0;;;;2;0;3;0;1;;;;4;6
56010;Calcata;89;0;0;0;1;;;;1;0;0;0;0;;;;0;1
56010;Calcata;90;0;1;0;0;;;;1;0;0;0;4;;;;4;5
56010;Calcata;91;0;0;0;0;;;;0;0;0;0;3;;;;3;3
56010;Calcata;92;0;0;0;0;;;;0;0;0;0;0;;;;0;0
56010;Calcata;93;0;0;0;0;;;;0;0;0;0;2;;;;2;2
56010;Calcata;94;0;0;0;0;;;;0;0;0;0;1;;;;1;1
56010;Calcata;95;0;0;0;0;;;;0;0;0;0;0;;;;0;0
56010;Calcata;96;0;0;0;0;;;;0;0;0;0;0;;;;0;0
56010;Calcata;97;0;0;0;0;;;;0;0;0;0;1;;;;1;1
56010;Calcata;98;0;0;0;0;;;;0;0;0;0;0;;;;0;0
56010;Calcata;99;0;0;0;0;;;;0;0;0;0;0;;;;0;0
56010;Calcata;100;0;0;0;0;;;;0;0;1;0;0;;;;1;1
56010;Calcata;999;213;192;21;11;;;;437;203;177;22;63;;;;465;902
56011;Canepina;0;9;0;0;0;;;;9;10;0;0;0;;;;10;19
56011;Canepina;1;11;0;0;0;;;;11;10;0;0;0;;;;10;21
56011;Canepina;2;7;0;0;0;;;;7;11;0;0;0;;;;11;18
56011;Canepina;3;19;0;0;0;;;;19;6;0;0;0;;;;6;25
56011;Canepina;4;8;0;0;0;;;;8;6;0;0;0;;;;6;14
56011;Canepina;5;6;0;0;0;;;;6;14;0;0;0;;;;14;20
56011;Canepina;6;13;0;0;0;;;;13;15;0;0;0;;;;15;28
56011;Canepina;7;9;0;0;0;;;;9;8;0;0;0;;;;8;17
56011;Canepina;8;10;0;0;0;;;;10;6;0;0;0;;;;6;16
56011;Canepina;9;10;0;0;0;;;;10;13;0;0;0;;;;13;23
56011;Canepina;10;11;0;0;0;;;;11;12;0;0;0;;;;12;23
56011;Canepina;11;13;0;0;0;;;;13;7;0;0;0;;;;7;20
56011;Canepina;12;11;0;0;0;;;;11;7;0;0;0;;;;7;18
56011;Canepina;13;16;0;0;0;;;;16;15;0;0;0;;;;15;31
56011;Canepina;14;14;0;0;0;;;;14;7;0;0;0;;;;7;21
56011;Canepina;15;12;0;0;0;;;;12;16;0;0;0;;;;16;28
56011;Canepina;16;8;0;0;0;;;;8;18;0;0;0;;;;18;26
56011;Canepina;17;12;0;0;0;;;;12;18;0;0;0;;;;18;30
56011;Canepina;18;19;0;0;0;;;;19;12;0;0;0;;;;12;31
56011;Canepina;19;12;0;0;0;;;;12;10;0;0;0;;;;10;22
56011;Canepina;20;9;0;0;0;;;;9;12;0;0;0;;;;12;21
56011;Canepina;21;10;0;0;0;;;;10;13;1;0;0;;;;14;24
56011;Canepina;22;15;0;0;0;;;;15;20;0;0;0;;;;20;35
56011;Canepina;23;9;0;0;0;;;;9;8;0;0;0;;;;8;17
56011;Canepina;24;21;0;0;0;;;;21;10;0;0;0;;;;10;31
56011;Canepina;25;17;0;0;0;;;;17;6;1;0;0;;;;7;24
56011;Canepina;26;15;0;0;0;;;;15;15;0;0;0;;;;15;30
56011;Canepina;27;19;0;0;0;;;;19;8;3;0;0;;;;11;30
56011;Canepina;28;14;2;0;0;;;;16;17;2;0;0;;;;19;35
56011;Canepina;29;10;1;0;0;;;;11;17;0;0;0;;;;17;28
56011;Canepina;30;10;1;0;0;;;;11;11;5;0;0;;;;16;27
56011;Canepina;31;22;1;0;0;;;;23;12;5;0;0;;;;17;40
56011;Canepina;32;9;1;0;0;;;;10;13;5;0;0;;;;18;28
56011;Canepina;33;10;6;0;0;;;;16;10;4;0;0;;;;14;30
56011;Canepina;34;11;4;0;0;;;;15;8;10;0;0;;;;18;33
56011;Canepina;35;10;3;0;0;;;;13;5;10;0;0;;;;15;28
56011;Canepina;36;15;9;0;0;;;;24;9;5;0;0;;;;14;38
56011;Canepina;37;12;7;0;0;;;;19;9;7;0;0;;;;16;35
56011;Canepina;38;14;8;0;0;;;;22;14;9;0;0;;;;23;45
56011;Canepina;39;12;8;0;0;;;;20;2;10;0;0;;;;12;32
56011;Canepina;40;17;6;2;0;;;;25;4;6;1;0;;;;11;36
56011;Canepina;41;11;8;0;0;;;;19;9;4;2;1;;;;16;35
56011;Canepina;42;10;6;1;0;;;;17;8;12;0;0;;;;20;37
56011;Canepina;43;5;9;0;0;;;;14;13;10;1;0;;;;24;38
56011;Canepina;44;3;16;0;0;;;;19;7;14;0;0;;;;21;40
56011;Canepina;45;6;10;1;0;;;;17;3;11;4;0;;;;18;35
56011;Canepina;46;10;6;1;0;;;;17;3;10;0;0;;;;13;30
56011;Canepina;47;5;8;0;0;;;;13;8;19;1;1;;;;29;42
56011;Canepina;48;3;9;0;0;;;;12;1;15;1;0;;;;17;29
56011;Canepina;49;8;21;1;1;;;;31;3;19;1;1;;;;24;55
56011;Canepina;50;7;18;1;1;;;;27;6;20;0;0;;;;26;53
56011;Canepina;51;6;11;2;1;;;;20;4;17;0;0;;;;21;41
56011;Canepina;52;4;19;2;0;;;;25;3;18;1;1;;;;23;48
56011;Canepina;53;8;26;0;0;;;;34;2;18;4;0;;;;24;58
56011;Canepina;54;3;16;2;1;;;;22;2;12;0;1;;;;15;37
56011;Canepina;55;3;18;1;0;;;;22;6;13;0;2;;;;21;43
56011;Canepina;56;7;9;0;0;;;;16;3;18;1;0;;;;22;38
56011;Canepina;57;7;20;0;0;;;;27;3;21;0;2;;;;26;53
56011;Canepina;58;6;18;3;0;;;;27;5;18;2;1;;;;26;53
56011;Canepina;59;8;23;2;1;;;;34;2;21;2;3;;;;28;62
56011;Canepina;60;5;18;3;1;;;;27;1;23;1;0;;;;25;52
56011;Canepina;61;5;10;1;1;;;;17;1;20;0;3;;;;24;41
56011;Canepina;62;3;23;0;1;;;;27;2;21;0;5;;;;28;55
56011;Canepina;63;3;20;0;1;;;;24;2;23;6;4;;;;35;59
56011;Canepina;64;1;28;0;2;;;;31;2;16;1;1;;;;20;51
56011;Canepina;65;1;22;0;0;;;;23;5;15;0;3;;;;23;46
56011;Canepina;66;2;20;0;0;;;;22;3;15;1;2;;;;21;43
56011;Canepina;67;0;18;0;0;;;;18;2;10;0;3;;;;15;33
56011;Canepina;68;1;14;1;0;;;;16;2;13;4;4;;;;23;39
56011;Canepina;69;4;9;1;2;;;;16;4;10;0;3;;;;17;33
56011;Canepina;70;1;15;0;1;;;;17;0;7;0;3;;;;10;27
56011;Canepina;71;1;23;0;2;;;;26;2;18;0;2;;;;22;48
56011;Canepina;72;2;13;0;3;;;;18;4;11;0;1;;;;16;34
56011;Canepina;73;1;11;2;0;;;;14;1;8;0;4;;;;13;27
56011;Canepina;74;1;14;1;0;;;;16;0;8;0;7;;;;15;31
56011;Canepina;75;2;9;0;5;;;;16;1;11;0;8;;;;20;36
56011;Canepina;76;0;8;0;2;;;;10;4;7;1;8;;;;20;30
56011;Canepina;77;1;10;2;0;;;;13;1;11;0;5;;;;17;30
56011;Canepina;78;4;11;0;2;;;;17;1;11;0;7;;;;19;36
56011;Canepina;79;2;7;0;2;;;;11;1;3;1;12;;;;17;28
56011;Canepina;80;0;13;0;1;;;;14;1;3;0;5;;;;9;23
56011;Canepina;81;0;8;0;0;;;;8;2;7;0;3;;;;12;20
56011;Canepina;82;0;2;2;4;;;;8;2;7;1;8;;;;18;26
56011;Canepina;83;0;6;0;0;;;;6;0;0;0;6;;;;6;12
56011;Canepina;84;0;9;0;2;;;;11;1;2;0;13;;;;16;27
56011;Canepina;85;1;3;0;2;;;;6;1;1;0;5;;;;7;13
56011;Canepina;86;0;3;0;3;;;;6;2;1;0;9;;;;12;18
56011;Canepina;87;0;2;0;3;;;;5;1;1;0;7;;;;9;14
56011;Canepina;88;1;1;0;3;;;;5;0;2;0;3;;;;5;10
56011;Canepina;89;0;5;0;1;;;;6;0;2;0;7;;;;9;15
56011;Canepina;90;0;0;0;0;;;;0;0;1;0;3;;;;4;4
56011;Canepina;91;0;5;0;4;;;;9;0;0;0;4;;;;4;13
56011;Canepina;92;0;1;0;1;;;;2;0;1;0;1;;;;2;4
56011;Canepina;93;0;1;0;1;;;;2;0;0;0;5;;;;5;7
56011;Canepina;94;0;0;0;0;;;;0;0;0;0;1;;;;1;1
56011;Canepina;95;0;0;0;0;;;;0;0;1;0;2;;;;3;3
56011;Canepina;96;0;0;0;0;;;;0;0;0;0;1;;;;1;1
56011;Canepina;97;0;0;0;0;;;;0;1;0;0;1;;;;2;2
56011;Canepina;98;0;0;0;0;;;;0;0;0;0;0;;;;0;0
56011;Canepina;99;0;0;0;0;;;;0;0;0;0;0;;;;0;0
56011;Canepina;100;0;0;0;0;;;;0;0;0;0;0;;;;0;0
56011;Canepina;999;673;690;32;55;;;;1450;585;663;37;182;;;;1467;2917
56012;Canino;0;19;0;0;0;;;;19;16;0;0;0;;;;16;35
56012;Canino;1;15;0;0;0;;;;15;15;0;0;0;;;;15;30
56012;Canino;2;11;0;0;0;;;;11;13;0;0;0;;;;13;24
56012;Canino;3;14;0;0;0;;;;14;13;0;0;0;;;;13;27
56012;Canino;4;20;0;0;0;;;;20;17;0;0;0;;;;17;37
56012;Canino;5;9;0;0;0;;;;9;16;0;0;0;;;;16;25
56012;Canino;6;15;0;0;0;;;;15;11;0;0;0;;;;11;26
56012;Canino;7;13;0;0;0;;;;13;24;0;0;0;;;;24;37
56012;Canino;8;23;0;0;0;;;;23;26;0;0;0;;;;26;49
56012;Canino;9;17;0;0;0;;;;17;23;0;0;0;;;;23;40
56012;Canino;10;20;0;0;0;;;;20;16;0;0;0;;;;16;36
56012;Canino;11;30;0;0;0;;;;30;19;0;0;0;;;;19;49
56012;Canino;12;18;0;0;0;;;;18;28;0;0;0;;;;28;46
56012;Canino;13;22;0;0;0;;;;22;22;0;0;0;;;;22;44
56012;Canino;14;17;0;0;0;;;;17;20;0;0;0;;;;20;37
56012;Canino;15;27;0;0;0;;;;27;21;0;0;0;;;;21;48
56012;Canino;16;19;0;0;0;;;;19;25;0;0;0;;;;25;44
56012;Canino;17;18;0;0;0;;;;18;25;0;0;0;;;;25;43
56012;Canino;18;26;0;0;0;;;;26;24;0;0;0;;;;24;50
56012;Canino;19;20;0;0;0;;;;20;21;0;0;0;;;;21;41
56012;Canino;20;23;0;0;0;;;;23;9;1;0;0;;;;10;33
56012;Canino;21;24;0;0;0;;;;24;16;0;0;0;;;;16;40
56012;Canino;22;32;0;0;0;;;;32;16;0;0;0;;;;16;48
56012;Canino;23;18;0;0;0;;;;18;23;1;0;0;;;;24;42
56012;Canino;24;29;1;0;0;;;;30;22;2;0;0;;;;24;54
56012;Canino;25;28;1;0;0;;;;29;15;0;0;0;;;;15;44
56012;Canino;26;33;0;0;0;;;;33;15;1;0;0;;;;16;49
56012;Canino;27;15;1;2;0;;;;18;13;5;0;0;;;;18;36
56012;Canino;28;21;0;0;0;;;;21;16;2;1;0;;;;19;40
56012;Canino;29;28;0;0;0;;;;28;19;4;1;0;;;;24;52
56012;Canino;30;21;0;0;0;;;;21;13;5;0;0;;;;18;39
56012;Canino;31;18;5;0;0;;;;23;20;7;0;0;;;;27;50
56012;Canino;32;23;2;0;0;;;;25;11;2;0;0;;;;13;38
56012;Canino;33;24;7;0;2;;;;33;14;7;0;0;;;;21;54
56012;Canino;34;16;3;0;0;;;;19;23;7;0;0;;;;30;49
56012;Canino;35;36;5;0;0;;;;41;11;9;1;0;;;;21;62
56012;Canino;36;26;5;0;0;;;;31;14;9;0;0;;;;23;54
56012;Canino;37;18;4;0;0;;;;22;13;12;1;0;;;;26;48
56012;Canino;38;27;12;0;0;;;;39;7;8;1;0;;;;16;55
56012;Canino;39;22;7;1;0;;;;30;11;20;0;1;;;;32;62
56012;Canino;40;26;15;0;0;;;;41;9;17;2;0;;;;28;69
56012;Canino;41;28;8;1;0;;;;37;7;16;2;0;;;;25;62
56012;Canino;42;25;20;2;0;;;;47;6;21;2;0;;;;29;76
56012;Canino;43;19;12;1;0;;;;32;8;18;3;3;;;;32;64
56012;Canino;44;17;23;2;0;;;;42;12;25;2;1;;;;40;82
56012;Canino;45;14;21;0;1;;;;36;11;21;3;0;;;;35;71
56012;Canino;46;13;29;1;0;;;;43;7;29;7;2;;;;45;88
56012;Canino;47;19;17;4;0;;;;40;5;21;3;0;;;;29;69
56012;Canino;48;13;23;3;1;;;;40;7;27;1;1;;;;36;76
56012;Canino;49;11;21;2;0;;;;34;11;27;6;0;;;;44;78
56012;Canino;50;13;34;0;0;;;;47;4;22;1;1;;;;28;75
56012;Canino;51;8;24;2;0;;;;34;7;27;3;0;;;;37;71
56012;Canino;52;19;28;2;0;;;;49;10;18;6;0;;;;34;83
56012;Canino;53;12;21;5;2;;;;40;5;26;3;2;;;;36;76
56012;Canino;54;6;31;2;1;;;;40;6;22;2;2;;;;32;72
56012;Canino;55;10;29;3;0;;;;42;5;31;5;4;;;;45;87
56012;Canino;56;10;26;1;1;;;;38;8;21;1;0;;;;30;68
56012;Canino;57;7;29;3;0;;;;39;6;25;7;1;;;;39;78
56012;Canino;58;9;33;4;2;;;;48;2;27;2;2;;;;33;81
56012;Canino;59;14;28;3;1;;;;46;4;30;1;1;;;;36;82
56012;Canino;60;7;18;1;1;;;;27;2;44;4;2;;;;52;79
56012;Canino;61;5;23;6;1;;;;35;1;35;3;1;;;;40;75
56012;Canino;62;7;25;1;1;;;;34;2;28;1;4;;;;35;69
56012;Canino;63;5;29;7;4;;;;45;2;23;1;1;;;;27;72
56012;Canino;64;6;35;0;2;;;;43;2;29;2;7;;;;40;83
56012;Canino;65;7;27;1;1;;;;36;2;24;4;6;;;;36;72
56012;Canino;66;5;39;2;0;;;;46;1;31;1;5;;;;38;84
56012;Canino;67;6;37;2;0;;;;45;0;38;2;6;;;;46;91
56012;Canino;68;4;17;1;2;;;;24;1;29;6;4;;;;40;64
56012;Canino;69;5;20;1;1;;;;27;1;25;3;8;;;;37;64
56012;Canino;70;5;27;1;1;;;;34;2;27;0;13;;;;42;76
56012;Canino;71;1;31;2;2;;;;36;0;23;1;11;;;;35;71
56012;Canino;72;3;19;0;5;;;;27;1;16;1;7;;;;25;52
56012;Canino;73;2;22;1;2;;;;27;1;15;3;21;;;;40;67
56012;Canino;74;4;21;0;1;;;;26;1;19;3;9;;;;32;58
56012;Canino;75;1;18;1;3;;;;23;0;20;1;10;;;;31;54
56012;Canino;76;1;21;2;4;;;;28;0;17;1;13;;;;31;59
56012;Canino;77;2;29;2;1;;;;34;1;14;2;11;;;;28;62
56012;Canino;78;1;21;2;1;;;;25;0;13;0;19;;;;32;57
56012;Canino;79;1;17;2;3;;;;23;1;6;1;11;;;;19;42
56012;Canino;80;1;22;0;2;;;;25;1;19;0;13;;;;33;58
56012;Canino;81;1;19;0;1;;;;21;1;9;1;11;;;;22;43
56012;Canino;82;3;9;0;6;;;;18;0;5;0;17;;;;22;40
56012;Canino;83;1;8;0;1;;;;10;1;7;0;17;;;;25;35
56012;Canino;84;2;11;1;1;;;;15;1;7;0;15;;;;23;38
56012;Canino;85;0;13;0;3;;;;16;0;6;0;18;;;;24;40
56012;Canino;86;0;15;0;1;;;;16;1;5;0;13;;;;19;35
56012;Canino;87;2;5;1;3;;;;11;1;3;1;14;;;;19;30
56012;Canino;88;0;8;0;4;;;;12;0;0;0;14;;;;14;26
56012;Canino;89;0;6;1;5;;;;12;1;1;0;6;;;;8;20
56012;Canino;90;1;2;0;1;;;;4;0;2;0;4;;;;6;10
56012;Canino;91;0;2;0;1;;;;3;0;0;0;17;;;;17;20
56012;Canino;92;0;4;0;3;;;;7;0;0;0;9;;;;9;16
56012;Canino;93;0;0;0;1;;;;1;0;1;0;6;;;;7;8
56012;Canino;94;0;2;0;0;;;;2;0;1;0;11;;;;12;14
56012;Canino;95;0;1;0;1;;;;2;0;0;0;3;;;;3;5
56012;Canino;96;0;0;0;0;;;;0;0;0;0;2;;;;2;2
56012;Canino;97;0;0;0;0;;;;0;0;0;0;1;;;;1;1
56012;Canino;98;0;0;0;0;;;;0;0;0;0;0;;;;0;0
56012;Canino;99;0;1;0;0;;;;1;0;0;0;1;;;;1;2
56012;Canino;100;0;0;0;0;;;;0;0;0;0;2;;;;2;2
56012;Canino;999;1237;1149;82;81;;;;2549;864;1115;109;384;;;;2472;5021
56013;Capodimonte;0;4;0;0;0;;;;4;1;0;0;0;;;;1;5
56013;Capodimonte;1;4;0;0;0;;;;4;1;0;0;0;;;;1;5
56013;Capodimonte;2;3;0;0;0;;;;3;3;0;0;0;;;;3;6
56013;Capodimonte;3;6;0;0;0;;;;6;4;0;0;0;;;;4;10
56013;Capodimonte;4;0;0;0;0;;;;0;6;0;0;0;;;;6;6
56013;Capodimonte;5;3;0;0;0;;;;3;7;0;0;0;;;;7;10
56013;Capodimonte;6;6;0;0;0;;;;6;5;0;0;0;;;;5;11
56013;Capodimonte;7;4;0;0;0;;;;4;5;0;0;0;;;;5;9
56013;Capodimonte;8;6;0;0;0;;;;6;6;0;0;0;;;;6;12
56013;Capodimonte;9;6;0;0;0;;;;6;5;0;0;0;;;;5;11
56013;Capodimonte;10;9;0;0;0;;;;9;1;0;0;0;;;;1;10
56013;Capodimonte;11;10;0;0;0;;;;10;1;0;0;0;;;;1;11
56013;Capodimonte;12;7;0;0;0;;;;7;2;0;0;0;;;;2;9
56013;Capodimonte;13;4;0;0;0;;;;4;3;0;0;0;;;;3;7
56013;Capodimonte;14;5;0;0;0;;;;5;7;0;0;0;;;;7;12
56013;Capodimonte;15;6;0;0;0;;;;6;4;0;0;0;;;;4;10
56013;Capodimonte;16;2;0;0;0;;;;2;7;0;0;0;;;;7;9
56013;Capodimonte;17;6;0;0;0;;;;6;5;0;0;0;;;;5;11
56013;Capodimonte;18;6;0;0;0;;;;6;9;0;0;0;;;;9;15
56013;Capodimonte;19;3;0;0;0;;;;3;7;0;0;0;;;;7;10
56013;Capodimonte;20;10;0;0;0;;;;10;3;0;0;0;;;;3;13
56013;Capodimonte;21;10;0;0;0;;;;10;8;0;0;0;;;;8;18
56013;Capodimonte;22;7;0;0;0;;;;7;1;0;0;0;;;;1;8
56013;Capodimonte;23;4;0;0;0;;;;4;6;0;0;0;;;;6;10
56013;Capodimonte;24;3;0;0;0;;;;3;8;0;0;0;;;;8;11
56013;Capodimonte;25;6;0;0;0;;;;6;3;0;0;0;;;;3;9
56013;Capodimonte;26;6;0;0;0;;;;6;7;0;0;0;;;;7;13
56013;Capodimonte;27;3;0;0;0;;;;3;9;0;0;0;;;;9;12
56013;Capodimonte;28;9;0;0;0;;;;9;10;0;0;0;;;;10;19
56013;Capodimonte;29;5;0;0;0;;;;5;5;0;0;0;;;;5;10
56013;Capodimonte;30;4;0;0;0;;;;4;6;0;0;0;;;;6;10
56013;Capodimonte;31;13;0;0;0;;;;13;4;1;0;0;;;;5;18
56013;Capodimonte;32;10;1;0;0;;;;11;1;1;0;0;;;;2;13
56013;Capodimonte;33;8;0;0;0;;;;8;8;0;0;0;;;;8;16
56013;Capodimonte;34;10;2;0;0;;;;12;5;1;0;0;;;;6;18
56013;Capodimonte;35;4;0;0;0;;;;4;8;3;0;0;;;;11;15
56013;Capodimonte;36;8;2;0;0;;;;10;2;5;1;0;;;;8;18
56013;Capodimonte;37;5;2;0;0;;;;7;3;6;0;0;;;;9;16
56013;Capodimonte;38;11;2;0;0;;;;13;5;4;0;0;;;;9;22
56013;Capodimonte;39;9;3;0;0;;;;12;5;3;0;0;;;;8;20
56013;Capodimonte;40;1;1;0;0;;;;2;5;4;1;0;;;;10;12
56013;Capodimonte;41;5;4;0;0;;;;9;3;2;0;0;;;;5;14
56013;Capodimonte;42;3;6;0;0;;;;9;5;8;0;1;;;;14;23
56013;Capodimonte;43;6;5;1;0;;;;12;7;0;0;0;;;;7;19
56013;Capodimonte;44;4;1;2;0;;;;7;2;4;0;0;;;;6;13
56013;Capodimonte;45;5;6;0;0;;;;11;1;5;1;0;;;;7;18
56013;Capodimonte;46;8;3;1;0;;;;12;5;5;0;0;;;;10;22
56013;Capodimonte;47;5;5;0;0;;;;10;6;4;1;1;;;;12;22
56013;Capodimonte;48;6;6;1;0;;;;13;5;8;0;0;;;;13;26
56013;Capodimonte;49;3;6;0;0;;;;9;1;14;0;1;;;;16;25
56013;Capodimonte;50;5;8;1;0;;;;14;3;9;0;0;;;;12;26
56013;Capodimonte;51;1;5;0;0;;;;6;7;10;2;0;;;;19;25
56013;Capodimonte;52;5;10;2;0;;;;17;2;9;3;1;;;;15;32
56013;Capodimonte;53;3;8;1;0;;;;12;1;9;1;0;;;;11;23
56013;Capodimonte;54;4;4;2;0;;;;10;4;12;2;0;;;;18;28
56013;Capodimonte;55;4;9;1;0;;;;14;2;13;3;0;;;;18;32
56013;Capodimonte;56;2;13;0;1;;;;16;1;14;0;0;;;;15;31
56013;Capodimonte;57;2;12;1;1;;;;16;2;5;0;2;;;;9;25
56013;Capodimonte;58;1;12;2;0;;;;15;2;11;2;0;;;;15;30
56013;Capodimonte;59;4;8;1;0;;;;13;1;14;1;0;;;;16;29
56013;Capodimonte;60;0;16;3;1;;;;20;1;4;1;1;;;;7;27
56013;Capodimonte;61;2;10;1;0;;;;13;1;8;2;0;;;;11;24
56013;Capodimonte;62;4;7;1;1;;;;13;1;10;3;1;;;;15;28
56013;Capodimonte;63;3;8;1;0;;;;12;0;14;0;1;;;;15;27
56013;Capodimonte;64;0;9;2;0;;;;11;1;7;1;2;;;;11;22
56013;Capodimonte;65;3;8;1;0;;;;12;4;12;2;3;;;;21;33
56013;Capodimonte;66;1;12;0;1;;;;14;2;14;2;2;;;;20;34
56013;Capodimonte;67;2;7;0;1;;;;10;2;7;2;2;;;;13;23
56013;Capodimonte;68;1;14;0;0;;;;15;2;9;0;4;;;;15;30
56013;Capodimonte;69;0;10;1;0;;;;11;0;6;0;0;;;;6;17
56013;Capodimonte;70;0;16;1;0;;;;17;2;8;2;3;;;;15;32
56013;Capodimonte;71;0;14;2;0;;;;16;0;7;0;2;;;;9;25
56013;Capodimonte;72;1;9;1;1;;;;12;3;9;1;5;;;;18;30
56013;Capodimonte;73;1;11;1;0;;;;13;0;10;0;2;;;;12;25
56013;Capodimonte;74;1;4;5;0;;;;10;0;8;0;0;;;;8;18
56013;Capodimonte;75;2;12;0;1;;;;15;2;4;0;0;;;;6;21
56013;Capodimonte;76;1;10;0;0;;;;11;1;14;0;4;;;;19;30
56013;Capodimonte;77;1;6;4;0;;;;11;3;5;0;5;;;;13;24
56013;Capodimonte;78;2;14;0;2;;;;18;0;5;0;8;;;;13;31
56013;Capodimonte;79;1;7;0;0;;;;8;1;5;0;5;;;;11;19
56013;Capodimonte;80;1;2;2;2;;;;7;0;5;0;4;;;;9;16
56013;Capodimonte;81;0;4;0;0;;;;4;0;4;0;4;;;;8;12
56013;Capodimonte;82;1;6;0;3;;;;10;0;3;0;9;;;;12;22
56013;Capodimonte;83;1;5;0;1;;;;7;1;3;1;3;;;;8;15
56013;Capodimonte;84;0;7;0;0;;;;7;0;3;0;4;;;;7;14
56013;Capodimonte;85;1;3;1;0;;;;5;0;0;0;6;;;;6;11
56013;Capodimonte;86;0;1;0;1;;;;2;0;1;0;6;;;;7;9
56013;Capodimonte;87;1;4;0;0;;;;5;1;3;0;12;;;;16;21
56013;Capodimonte;88;0;2;0;3;;;;5;0;0;0;4;;;;4;9
56013;Capodimonte;89;0;3;0;1;;;;4;0;1;0;3;;;;4;8
56013;Capodimonte;90;0;2;0;2;;;;4;0;0;0;3;;;;3;7
56013;Capodimonte;91;1;0;0;1;;;;2;0;1;0;4;;;;5;7
56013;Capodimonte;92;0;1;0;1;;;;2;0;0;0;5;;;;5;7
56013;Capodimonte;93;0;0;0;0;;;;0;0;1;0;1;;;;2;2
56013;Capodimonte;94;0;1;0;0;;;;1;0;0;0;2;;;;2;3
56013;Capodimonte;95;0;0;0;0;;;;0;1;0;0;1;;;;2;2
56013;Capodimonte;96;0;0;0;0;;;;0;0;0;0;1;;;;1;1
56013;Capodimonte;97;0;1;0;1;;;;2;0;0;0;4;;;;4;6
56013;Capodimonte;98;0;0;0;1;;;;1;0;0;0;1;;;;1;2
56013;Capodimonte;99;0;0;0;0;;;;0;0;0;0;2;;;;2;2
56013;Capodimonte;100;0;0;0;0;;;;0;0;0;0;1;;;;1;1
56013;Capodimonte;999;354;390;43;27;;;;814;290;375;35;136;;;;836;1650
56014;Capranica;0;11;0;0;0;;;;11;10;0;0;0;;;;10;21
56014;Capranica;1;19;0;0;0;;;;19;12;0;0;0;;;;12;31
56014;Capranica;2;14;0;0;0;;;;14;17;0;0;0;;;;17;31
56014;Capranica;3;14;0;0;0;;;;14;21;0;0;0;;;;21;35
56014;Capranica;4;17;0;0;0;;;;17;22;0;0;0;;;;22;39
56014;Capranica;5;19;0;0;0;;;;19;14;0;0;0;;;;14;33
56014;Capranica;6;28;0;0;0;;;;28;32;0;0;0;;;;32;60
56014;Capranica;7;20;0;0;0;;;;20;29;0;0;0;;;;29;49
56014;Capranica;8;20;0;0;0;;;;20;25;0;0;0;;;;25;45
56014;Capranica;9;23;0;0;0;;;;23;28;0;0;0;;;;28;51
56014;Capranica;10;32;0;0;0;;;;32;35;0;0;0;;;;35;67
56014;Capranica;11;29;0;0;0;;;;29;18;0;0;0;;;;18;47
56014;Capranica;12;39;0;0;0;;;;39;35;0;0;0;;;;35;74
56014;Capranica;13;35;0;0;0;;;;35;29;0;0;0;;;;29;64
56014;Capranica;14;27;0;0;0;;;;27;35;0;0;0;;;;35;62
56014;Capranica;15;47;0;0;0;;;;47;19;0;0;0;;;;19;66
56014;Capranica;16;31;0;0;0;;;;31;32;0;0;0;;;;32;63
56014;Capranica;17;34;0;0;0;;;;34;28;0;0;0;;;;28;62
56014;Capranica;18;32;0;0;0;;;;32;40;0;0;0;;;;40;72
56014;Capranica;19;29;0;0;0;;;;29;30;0;0;0;;;;30;59
56014;Capranica;20;20;0;0;0;;;;20;29;0;0;0;;;;29;49
56014;Capranica;21;25;0;0;0;;;;25;28;0;0;0;;;;28;53
56014;Capranica;22;32;0;0;0;;;;32;34;0;0;0;;;;34;66
56014;Capranica;23;23;0;0;0;;;;23;29;0;0;0;;;;29;52
56014;Capranica;24;28;0;0;0;;;;28;24;0;0;0;;;;24;52
56014;Capranica;25;28;0;0;0;;;;28;27;0;0;0;;;;27;55
56014;Capranica;26;39;0;0;0;;;;39;34;1;0;0;;;;35;74
56014;Capranica;27;29;1;0;0;;;;30;27;2;0;0;;;;29;59
56014;Capranica;28;28;2;0;0;;;;30;33;5;0;0;;;;38;68
56014;Capranica;29;26;3;0;0;;;;29;29;8;0;0;;;;37;66
56014;Capranica;30;26;2;0;0;;;;28;30;6;0;0;;;;36;64
56014;Capranica;31;35;4;0;0;;;;39;22;5;0;0;;;;27;66
56014;Capranica;32;23;5;0;0;;;;28;13;12;0;0;;;;25;53
56014;Capranica;33;31;7;1;0;;;;39;11;10;0;0;;;;21;60
56014;Capranica;34;26;9;0;0;;;;35;18;16;0;0;;;;34;69
56014;Capranica;35;25;8;0;0;;;;33;16;7;0;0;;;;23;56
56014;Capranica;36;27;10;0;0;;;;37;25;19;0;0;;;;44;81
56014;Capranica;37;22;12;0;0;;;;34;12;13;1;0;;;;26;60
56014;Capranica;38;22;12;2;0;;;;36;13;18;0;1;;;;32;68
56014;Capranica;39;24;10;0;0;;;;34;11;17;1;0;;;;29;63
56014;Capranica;40;23;21;0;0;;;;44;12;23;2;0;;;;37;81
56014;Capranica;41;23;15;0;0;;;;38;15;28;2;0;;;;45;83
56014;Capranica;42;15;14;1;0;;;;30;13;26;2;0;;;;41;71
56014;Capranica;43;13;26;1;0;;;;40;14;29;2;1;;;;46;86
56014;Capranica;44;22;22;2;0;;;;46;13;28;1;0;;;;42;88
56014;Capranica;45;12;24;4;1;;;;41;13;32;4;0;;;;49;90
56014;Capranica;46;15;26;0;0;;;;41;12;39;2;1;;;;54;95
56014;Capranica;47;12;41;2;0;;;;55;11;28;7;0;;;;46;101
56014;Capranica;48;13;29;3;0;;;;45;8;36;5;1;;;;50;95
56014;Capranica;49;22;44;1;0;;;;67;16;40;1;1;;;;58;125
56014;Capranica;50;15;32;3;0;;;;50;9;31;8;2;;;;50;100
56014;Capranica;51;16;35;0;0;;;;51;9;36;9;0;;;;54;105
56014;Capranica;52;13;39;6;0;;;;58;9;40;10;0;;;;59;117
56014;Capranica;53;12;33;3;0;;;;48;9;32;4;4;;;;49;97
56014;Capranica;54;11;32;5;0;;;;48;7;37;9;2;;;;55;103
56014;Capranica;55;11;32;11;0;;;;54;7;40;4;1;;;;52;106
56014;Capranica;56;7;39;3;0;;;;49;8;38;9;4;;;;59;108
56014;Capranica;57;12;42;11;2;;;;67;6;37;6;5;;;;54;121
56014;Capranica;58;13;36;8;2;;;;59;5;52;10;2;;;;69;128
56014;Capranica;59;12;37;3;0;;;;52;12;39;7;2;;;;60;112
56014;Capranica;60;7;45;3;1;;;;56;7;38;4;5;;;;54;110
56014;Capranica;61;6;44;7;0;;;;57;2;43;4;1;;;;50;107
56014;Capranica;62;7;37;10;4;;;;58;9;42;7;3;;;;61;119
56014;Capranica;63;7;41;4;0;;;;52;7;32;5;3;;;;47;99
56014;Capranica;64;6;32;5;1;;;;44;8;29;6;8;;;;51;95
56014;Capranica;65;7;33;2;1;;;;43;4;23;4;5;;;;36;79
56014;Capranica;66;6;25;3;1;;;;35;4;29;5;3;;;;41;76
56014;Capranica;67;1;30;7;4;;;;42;2;36;5;5;;;;48;90
56014;Capranica;68;4;27;2;3;;;;36;2;32;3;9;;;;46;82
56014;Capranica;69;1;31;5;2;;;;39;4;28;3;3;;;;38;77
56014;Capranica;70;1;34;2;2;;;;39;4;25;5;7;;;;41;80
56014;Capranica;71;1;27;4;0;;;;32;5;28;3;9;;;;45;77
56014;Capranica;72;2;29;6;1;;;;38;1;27;2;9;;;;39;77
56014;Capranica;73;2;37;1;3;;;;43;3;20;0;7;;;;30;73
56014;Capranica;74;1;25;2;5;;;;33;1;21;2;13;;;;37;70
56014;Capranica;75;4;23;2;3;;;;32;6;18;1;9;;;;34;66
56014;Capranica;76;4;26;2;4;;;;36;5;16;3;17;;;;41;77
56014;Capranica;77;4;17;3;3;;;;27;2;14;1;17;;;;34;61
56014;Capranica;78;2;16;2;4;;;;24;4;14;1;16;;;;35;59
56014;Capranica;79;0;11;3;6;;;;20;0;14;2;20;;;;36;56
56014;Capranica;80;1;21;2;1;;;;25;0;8;1;9;;;;18;43
56014;Capranica;81;0;15;0;1;;;;16;1;5;1;18;;;;25;41
56014;Capranica;82;1;7;4;3;;;;15;0;7;0;9;;;;16;31
56014;Capranica;83;0;12;0;4;;;;16;1;10;1;15;;;;27;43
56014;Capranica;84;2;18;1;3;;;;24;0;11;0;20;;;;31;55
56014;Capranica;85;2;9;0;0;;;;11;0;2;0;13;;;;15;26
56014;Capranica;86;1;10;0;2;;;;13;3;6;1;15;;;;25;38
56014;Capranica;87;0;10;0;5;;;;15;0;5;2;14;;;;21;36
56014;Capranica;88;1;4;1;4;;;;10;0;3;0;8;;;;11;21
56014;Capranica;89;1;6;1;0;;;;8;1;2;0;14;;;;17;25
56014;Capranica;90;0;2;0;1;;;;3;0;2;0;14;;;;16;19
56014;Capranica;91;0;2;0;0;;;;2;0;1;0;7;;;;8;10
56014;Capranica;92;1;3;0;0;;;;4;1;0;0;6;;;;7;11
56014;Capranica;93;0;2;0;1;;;;3;1;0;0;5;;;;6;9
56014;Capranica;94;0;1;0;0;;;;1;0;1;0;8;;;;9;10
56014;Capranica;95;2;1;0;0;;;;3;0;0;0;4;;;;4;7
56014;Capranica;96;0;0;0;0;;;;0;0;0;0;4;;;;4;4
56014;Capranica;97;0;0;0;0;;;;0;0;0;0;1;;;;1;1
56014;Capranica;98;0;0;0;0;;;;0;0;0;0;3;;;;3;3
56014;Capranica;99;0;0;0;0;;;;0;0;0;0;0;;;;0;0
56014;Capranica;100;0;0;0;0;;;;0;1;0;0;0;;;;1;1
56014;Capranica;999;1436;1417;154;78;;;;3085;1273;1422;178;383;;;;3256;6341
56015;Caprarola;0;14;0;0;0;;;;14;16;0;0;0;;;;16;30
56015;Caprarola;1;18;0;0;0;;;;18;18;0;0;0;;;;18;36
56015;Caprarola;2;17;0;0;0;;;;17;18;0;0;0;;;;18;35
56015;Caprarola;3;15;0;0;0;;;;15;14;0;0;0;;;;14;29
56015;Caprarola;4;21;0;0;0;;;;21;27;0;0;0;;;;27;48
56015;Caprarola;5;21;0;0;0;;;;21;28;0;0;0;;;;28;49
56015;Caprarola;6;18;0;0;0;;;;18;16;0;0;0;;;;16;34
56015;Caprarola;7;28;0;0;0;;;;28;15;0;0;0;;;;15;43
56015;Caprarola;8;16;0;0;0;;;;16;20;0;0;0;;;;20;36
56015;Caprarola;9;29;0;0;0;;;;29;23;0;0;0;;;;23;52
56015;Caprarola;10;25;0;0;0;;;;25;11;0;0;0;;;;11;36
56015;Caprarola;11;17;0;0;0;;;;17;19;0;0;0;;;;19;36
56015;Caprarola;12;21;0;0;0;;;;21;23;0;0;0;;;;23;44
56015;Caprarola;13;19;0;0;0;;;;19;21;0;0;0;;;;21;40
56015;Caprarola;14;26;0;0;0;;;;26;15;0;0;0;;;;15;41
56015;Caprarola;15;26;0;0;0;;;;26;18;0;0;0;;;;18;44
56015;Caprarola;16;28;0;0;0;;;;28;26;0;0;0;;;;26;54
56015;Caprarola;17;26;0;0;0;;;;26;27;0;0;0;;;;27;53
56015;Caprarola;18;22;0;0;0;;;;22;18;0;0;0;;;;18;40
56015;Caprarola;19;34;0;0;0;;;;34;25;0;0;0;;;;25;59
56015;Caprarola;20;14;0;0;0;;;;14;16;0;0;0;;;;16;30
56015;Caprarola;21;22;0;0;0;;;;22;24;0;0;0;;;;24;46
56015;Caprarola;22;30;0;0;0;;;;30;21;0;0;0;;;;21;51
56015;Caprarola;23;18;0;0;0;;;;18;15;1;0;0;;;;16;34
56015;Caprarola;24;25;0;0;0;;;;25;24;3;0;0;;;;27;52
56015;Caprarola;25;26;0;0;0;;;;26;26;2;0;0;;;;28;54
56015;Caprarola;26;27;0;0;0;;;;27;20;0;0;0;;;;20;47
56015;Caprarola;27;22;0;0;0;;;;22;18;3;0;0;;;;21;43
56015;Caprarola;28;23;0;0;0;;;;23;19;3;0;0;;;;22;45
56015;Caprarola;29;30;2;1;0;;;;33;11;8;0;0;;;;19;52
56015;Caprarola;30;22;5;0;0;;;;27;19;7;0;0;;;;26;53
56015;Caprarola;31;30;1;0;0;;;;31;14;9;0;0;;;;23;54
56015;Caprarola;32;31;6;0;0;;;;37;22;8;0;0;;;;30;67
56015;Caprarola;33;22;5;1;0;;;;28;14;9;1;0;;;;24;52
56015;Caprarola;34;27;12;0;0;;;;39;18;12;2;0;;;;32;71
56015;Caprarola;35;13;7;0;0;;;;20;22;17;0;0;;;;39;59
56015;Caprarola;36;19;6;0;0;;;;25;16;12;2;0;;;;30;55
56015;Caprarola;37;16;9;0;0;;;;25;12;11;0;0;;;;23;48
56015;Caprarola;38;13;12;1;0;;;;26;17;15;3;1;;;;36;62
56015;Caprarola;39;17;13;1;0;;;;31;18;16;2;0;;;;36;67
56015;Caprarola;40;20;18;3;0;;;;41;13;21;2;0;;;;36;77
56015;Caprarola;41;21;19;0;0;;;;40;12;24;1;0;;;;37;77
56015;Caprarola;42;17;9;0;0;;;;26;12;19;3;1;;;;35;61
56015;Caprarola;43;4;21;3;0;;;;28;3;19;2;1;;;;25;53
56015;Caprarola;44;14;16;0;0;;;;30;5;16;1;0;;;;22;52
56015;Caprarola;45;16;23;0;0;;;;39;13;21;2;1;;;;37;76
56015;Caprarola;46;13;16;1;0;;;;30;7;20;0;0;;;;27;57
56015;Caprarola;47;12;17;3;0;;;;32;8;29;5;0;;;;42;74
56015;Caprarola;48;12;27;0;1;;;;40;5;32;1;1;;;;39;79
56015;Caprarola;49;18;25;1;0;;;;44;9;32;3;3;;;;47;91
56015;Caprarola;50;14;32;0;0;;;;46;11;25;4;0;;;;40;86
56015;Caprarola;51;7;23;0;0;;;;30;5;19;9;0;;;;33;63
56015;Caprarola;52;10;22;1;0;;;;33;10;29;1;0;;;;40;73
56015;Caprarola;53;9;21;3;0;;;;33;6;31;1;1;;;;39;72
56015;Caprarola;54;9;27;2;0;;;;38;3;27;5;2;;;;37;75
56015;Caprarola;55;12;29;5;0;;;;46;4;28;5;0;;;;37;83
56015;Caprarola;56;5;28;2;0;;;;35;9;21;4;4;;;;38;73
56015;Caprarola;57;7;30;5;1;;;;43;6;29;1;4;;;;40;83
56015;Caprarola;58;11;31;1;1;;;;44;10;30;2;1;;;;43;87
56015;Caprarola;59;10;26;4;1;;;;41;6;31;2;4;;;;43;84
56015;Caprarola;60;15;35;7;0;;;;57;5;30;5;4;;;;44;101
56015;Caprarola;61;1;32;3;0;;;;36;7;30;3;5;;;;45;81
56015;Caprarola;62;3;32;3;0;;;;38;4;28;1;7;;;;40;78
56015;Caprarola;63;4;26;2;1;;;;33;5;29;2;6;;;;42;75
56015;Caprarola;64;3;38;0;0;;;;41;7;35;2;1;;;;45;86
56015;Caprarola;65;7;28;2;3;;;;40;7;22;2;0;;;;31;71
56015;Caprarola;66;4;25;4;0;;;;33;1;30;1;8;;;;40;73
56015;Caprarola;67;4;35;2;0;;;;41;1;25;1;3;;;;30;71
56015;Caprarola;68;3;23;5;1;;;;32;5;22;2;1;;;;30;62
56015;Caprarola;69;8;36;5;2;;;;51;3;31;2;5;;;;41;92
56015;Caprarola;70;5;29;1;2;;;;37;1;27;2;5;;;;35;72
56015;Caprarola;71;4;31;3;1;;;;39;1;23;2;3;;;;29;68
56015;Caprarola;72;4;18;3;2;;;;27;3;27;0;3;;;;33;60
56015;Caprarola;73;3;19;1;3;;;;26;1;18;5;6;;;;30;56
56015;Caprarola;74;3;23;1;2;;;;29;0;21;1;7;;;;29;58
56015;Caprarola;75;2;25;1;5;;;;33;4;17;1;12;;;;34;67
56015;Caprarola;76;1;30;2;2;;;;35;0;20;1;13;;;;34;69
56015;Caprarola;77;1;26;0;2;;;;29;4;27;0;12;;;;43;72
56015;Caprarola;78;2;17;1;0;;;;20;2;20;3;7;;;;32;52
56015;Caprarola;79;0;18;0;2;;;;20;2;9;2;5;;;;18;38
56015;Caprarola;80;0;18;0;0;;;;18;0;8;1;8;;;;17;35
56015;Caprarola;81;0;9;1;4;;;;14;2;8;0;17;;;;27;41
56015;Caprarola;82;0;16;0;5;;;;21;0;6;0;7;;;;13;34
56015;Caprarola;83;2;17;0;3;;;;22;0;8;1;18;;;;27;49
56015;Caprarola;84;0;8;0;4;;;;12;2;5;0;20;;;;27;39
56015;Caprarola;85;0;13;0;2;;;;15;1;5;0;12;;;;18;33
56015;Caprarola;86;0;2;0;1;;;;3;2;5;1;16;;;;24;27
56015;Caprarola;87;1;8;0;1;;;;10;4;2;0;13;;;;19;29
56015;Caprarola;88;2;4;0;3;;;;9;0;4;0;8;;;;12;21
56015;Caprarola;89;0;5;0;4;;;;9;0;2;0;9;;;;11;20
56015;Caprarola;90;0;5;0;1;;;;6;0;0;0;10;;;;10;16
56015;Caprarola;91;0;0;0;2;;;;2;0;1;0;10;;;;11;13
56015;Caprarola;92;0;2;0;0;;;;2;0;1;2;8;;;;11;13
56015;Caprarola;93;0;0;0;1;;;;1;0;0;0;5;;;;5;6
56015;Caprarola;94;0;2;0;0;;;;2;0;0;0;4;;;;4;6
56015;Caprarola;95;0;0;0;1;;;;1;1;0;0;2;;;;3;4
56015;Caprarola;96;0;0;0;0;;;;0;0;0;0;4;;;;4;4
56015;Caprarola;97;1;0;0;0;;;;1;0;0;0;1;;;;1;2
56015;Caprarola;98;0;1;0;0;;;;1;0;0;0;3;;;;3;4
56015;Caprarola;99;0;0;0;0;;;;0;0;0;0;0;;;;0;0
56015;Caprarola;100;0;0;0;0;;;;0;1;0;0;1;;;;2;2
56015;Caprarola;999;1212;1194;85;64;;;;2555;997;1185;107;313;;;;2602;5157
56016;Carbognano;0;4;0;0;0;;;;4;2;0;0;0;;;;2;6
56016;Carbognano;1;8;0;0;0;;;;8;6;0;0;0;;;;6;14
56016;Carbognano;2;9;0;0;0;;;;9;7;0;0;0;;;;7;16
56016;Carbognano;3;7;0;0;0;;;;7;8;0;0;0;;;;8;15
56016;Carbognano;4;8;0;0;0;;;;8;10;0;0;0;;;;10;18
56016;Carbognano;5;8;0;0;0;;;;8;13;0;0;0;;;;13;21
56016;Carbognano;6;8;0;0;0;;;;8;9;0;0;0;;;;9;17
56016;Carbognano;7;8;0;0;0;;;;8;6;0;0;0;;;;6;14
56016;Carbognano;8;6;0;0;0;;;;6;10;0;0;0;;;;10;16
56016;Carbognano;9;9;0;0;0;;;;9;10;0;0;0;;;;10;19
56016;Carbognano;10;10;0;0;0;;;;10;10;0;0;0;;;;10;20
56016;Carbognano;11;7;0;0;0;;;;7;12;0;0;0;;;;12;19
56016;Carbognano;12;5;0;0;0;;;;5;9;0;0;0;;;;9;14
56016;Carbognano;13;9;0;0;0;;;;9;8;0;0;0;;;;8;17
56016;Carbognano;14;8;0;0;0;;;;8;6;0;0;0;;;;6;14
56016;Carbognano;15;5;0;0;0;;;;5;9;0;0;0;;;;9;14
56016;Carbognano;16;7;0;0;0;;;;7;10;0;0;0;;;;10;17
56016;Carbognano;17;11;0;0;0;;;;11;8;0;0;0;;;;8;19
56016;Carbognano;18;5;0;0;0;;;;5;5;0;0;0;;;;5;10
56016;Carbognano;19;5;0;0;0;;;;5;8;0;0;0;;;;8;13
56016;Carbognano;20;10;0;0;0;;;;10;13;0;0;0;;;;13;23
56016;Carbognano;21;8;0;0;0;;;;8;10;0;0;0;;;;10;18
56016;Carbognano;22;10;0;0;0;;;;10;7;0;0;0;;;;7;17
56016;Carbognano;23;9;0;0;0;;;;9;7;1;0;0;;;;8;17
56016;Carbognano;24;8;0;0;0;;;;8;8;0;0;0;;;;8;16
56016;Carbognano;25;12;1;0;0;;;;13;12;1;0;0;;;;13;26
56016;Carbognano;26;13;0;0;0;;;;13;8;2;0;0;;;;10;23
56016;Carbognano;27;11;1;0;0;;;;12;5;3;0;0;;;;8;20
56016;Carbognano;28;11;2;0;0;;;;13;9;0;0;0;;;;9;22
56016;Carbognano;29;11;0;0;0;;;;11;8;2;0;0;;;;10;21
56016;Carbognano;30;9;0;0;0;;;;9;6;1;0;0;;;;7;16
56016;Carbognano;31;5;0;0;0;;;;5;7;3;0;0;;;;10;15
56016;Carbognano;32;9;4;0;0;;;;13;7;5;0;0;;;;12;25
56016;Carbognano;33;4;3;0;0;;;;7;8;8;0;0;;;;16;23
56016;Carbognano;34;10;2;0;0;;;;12;6;5;0;0;;;;11;23
56016;Carbognano;35;6;5;0;0;;;;11;6;5;0;0;;;;11;22
56016;Carbognano;36;14;3;1;0;;;;18;7;8;1;0;;;;16;34
56016;Carbognano;37;10;7;0;0;;;;17;1;7;0;0;;;;8;25
56016;Carbognano;38;6;5;0;0;;;;11;5;10;0;0;;;;15;26
56016;Carbognano;39;7;3;0;1;;;;11;8;7;0;0;;;;15;26
56016;Carbognano;40;5;10;0;0;;;;15;4;5;0;0;;;;9;24
56016;Carbognano;41;5;9;0;0;;;;14;7;10;0;0;;;;17;31
56016;Carbognano;42;6;9;0;0;;;;15;6;12;0;1;;;;19;34
56016;Carbognano;43;8;7;0;0;;;;15;1;7;0;0;;;;8;23
56016;Carbognano;44;3;9;0;0;;;;12;1;9;0;0;;;;10;22
56016;Carbognano;45;3;5;1;0;;;;9;4;2;2;0;;;;8;17
56016;Carbognano;46;10;7;0;0;;;;17;1;11;1;0;;;;13;30
56016;Carbognano;47;5;15;1;0;;;;21;3;7;0;1;;;;11;32
56016;Carbognano;48;8;9;1;0;;;;18;1;2;0;1;;;;4;22
56016;Carbognano;49;4;8;0;0;;;;12;2;8;0;0;;;;10;22
56016;Carbognano;50;5;8;0;0;;;;13;5;9;0;0;;;;14;27
56016;Carbognano;51;4;14;0;0;;;;18;4;8;1;0;;;;13;31
56016;Carbognano;52;2;9;1;0;;;;12;2;9;6;0;;;;17;29
56016;Carbognano;53;4;18;3;0;;;;25;4;19;0;0;;;;23;48
56016;Carbognano;54;2;5;0;0;;;;7;5;9;1;0;;;;15;22
56016;Carbognano;55;1;9;3;2;;;;15;4;12;1;1;;;;18;33
56016;Carbognano;56;0;13;1;0;;;;14;2;11;3;0;;;;16;30
56016;Carbognano;57;1;15;0;0;;;;16;1;16;5;0;;;;22;38
56016;Carbognano;58;3;7;2;0;;;;12;3;9;0;1;;;;13;25
56016;Carbognano;59;3;20;2;0;;;;25;1;18;0;0;;;;19;44
56016;Carbognano;60;1;10;1;0;;;;12;6;10;1;1;;;;18;30
56016;Carbognano;61;4;11;2;0;;;;17;0;17;1;2;;;;20;37
56016;Carbognano;62;2;12;1;0;;;;15;0;15;0;1;;;;16;31
56016;Carbognano;63;0;22;1;1;;;;24;1;14;0;2;;;;17;41
56016;Carbognano;64;1;10;0;2;;;;13;1;13;0;3;;;;17;30
56016;Carbognano;65;2;5;1;0;;;;8;0;18;1;2;;;;21;29
56016;Carbognano;66;0;14;0;0;;;;14;0;10;0;2;;;;12;26
56016;Carbognano;67;2;16;1;0;;;;19;2;7;0;0;;;;9;28
56016;Carbognano;68;1;8;0;0;;;;9;2;6;0;2;;;;10;19
56016;Carbognano;69;2;12;0;3;;;;17;2;11;0;3;;;;16;33
56016;Carbognano;70;2;13;1;0;;;;16;1;11;1;2;;;;15;31
56016;Carbognano;71;1;5;0;0;;;;6;2;9;0;4;;;;15;21
56016;Carbognano;72;0;10;0;0;;;;10;0;5;2;4;;;;11;21
56016;Carbognano;73;0;11;1;0;;;;12;0;4;0;0;;;;4;16
56016;Carbognano;74;2;11;2;1;;;;16;0;9;0;5;;;;14;30
56016;Carbognano;75;1;7;0;0;;;;8;0;4;0;6;;;;10;18
56016;Carbognano;76;1;8;0;0;;;;9;0;5;0;2;;;;7;16
56016;Carbognano;77;1;7;1;0;;;;9;1;5;0;9;;;;15;24
56016;Carbognano;78;1;3;0;2;;;;6;3;0;0;4;;;;7;13
56016;Carbognano;79;0;4;1;1;;;;6;0;3;1;6;;;;10;16
56016;Carbognano;80;0;6;3;0;;;;9;2;1;0;8;;;;11;20
56016;Carbognano;81;0;1;0;2;;;;3;0;2;0;3;;;;5;8
56016;Carbognano;82;0;4;0;1;;;;5;0;2;0;6;;;;8;13
56016;Carbognano;83;0;1;0;1;;;;2;0;0;0;3;;;;3;5
56016;Carbognano;84;0;2;0;0;;;;2;0;1;0;10;;;;11;13
56016;Carbognano;85;0;3;0;1;;;;4;0;1;0;8;;;;9;13
56016;Carbognano;86;1;1;0;1;;;;3;1;0;0;4;;;;5;8
56016;Carbognano;87;0;0;0;0;;;;0;0;1;0;3;;;;4;4
56016;Carbognano;88;0;4;0;0;;;;4;1;2;0;5;;;;8;12
56016;Carbognano;89;0;1;0;1;;;;2;0;0;0;7;;;;7;9
56016;Carbognano;90;1;0;0;1;;;;2;0;0;0;2;;;;2;4
56016;Carbognano;91;0;0;0;1;;;;1;0;1;0;1;;;;2;3
56016;Carbognano;92;0;1;0;0;;;;1;0;0;0;3;;;;3;4
56016;Carbognano;93;0;0;0;0;;;;0;0;0;0;2;;;;2;2
56016;Carbognano;94;0;0;0;0;;;;0;0;0;0;5;;;;5;5
56016;Carbognano;95;0;0;0;2;;;;2;0;0;0;0;;;;0;2
56016;Carbognano;96;0;0;0;0;;;;0;0;0;0;2;;;;2;2
56016;Carbognano;97;0;0;0;1;;;;1;0;0;0;0;;;;0;1
56016;Carbognano;98;0;0;0;0;;;;0;0;0;0;0;;;;0;0
56016;Carbognano;99;0;0;0;0;;;;0;0;0;0;0;;;;0;0
56016;Carbognano;100;0;0;0;0;;;;0;0;0;0;0;;;;0;0
56016;Carbognano;999;438;465;32;25;;;;960;400;448;28;137;;;;1013;1973
56017;Castel Sant'Elia;0;5;0;0;0;;;;5;6;0;0;0;;;;6;11
56017;Castel Sant'Elia;1;7;0;0;0;;;;7;6;0;0;0;;;;6;13
56017;Castel Sant'Elia;2;5;0;0;0;;;;5;5;0;0;0;;;;5;10
56017;Castel Sant'Elia;3;4;0;0;0;;;;4;6;0;0;0;;;;6;10
56017;Castel Sant'Elia;4;13;0;0;0;;;;13;5;0;0;0;;;;5;18
56017;Castel Sant'Elia;5;13;0;0;0;;;;13;3;0;0;0;;;;3;16
56017;Castel Sant'Elia;6;5;0;0;0;;;;5;6;0;0;0;;;;6;11
56017;Castel Sant'Elia;7;10;0;0;0;;;;10;8;0;0;0;;;;8;18
56017;Castel Sant'Elia;8;7;0;0;0;;;;7;11;0;0;0;;;;11;18
56017;Castel Sant'Elia;9;9;0;0;0;;;;9;7;0;0;0;;;;7;16
56017;Castel Sant'Elia;10;11;0;0;0;;;;11;11;0;0;0;;;;11;22
56017;Castel Sant'Elia;11;11;0;0;0;;;;11;10;0;0;0;;;;10;21
56017;Castel Sant'Elia;12;15;0;0;0;;;;15;7;0;0;0;;;;7;22
56017;Castel Sant'Elia;13;12;0;0;0;;;;12;8;0;0;0;;;;8;20
56017;Castel Sant'Elia;14;11;0;0;0;;;;11;10;0;0;0;;;;10;21
56017;Castel Sant'Elia;15;13;0;0;0;;;;13;13;0;0;0;;;;13;26
56017;Castel Sant'Elia;16;12;0;0;0;;;;12;15;0;0;0;;;;15;27
56017;Castel Sant'Elia;17;8;0;0;0;;;;8;14;0;0;0;;;;14;22
56017;Castel Sant'Elia;18;13;0;0;0;;;;13;13;0;0;0;;;;13;26
56017;Castel Sant'Elia;19;9;0;0;0;;;;9;10;0;0;0;;;;10;19
56017;Castel Sant'Elia;20;13;0;0;0;;;;13;13;0;0;0;;;;13;26
56017;Castel Sant'Elia;21;11;0;0;0;;;;11;13;0;0;0;;;;13;24
56017;Castel Sant'Elia;22;15;0;0;0;;;;15;12;1;0;0;;;;13;28
56017;Castel Sant'Elia;23;9;0;0;0;;;;9;9;0;0;0;;;;9;18
56017;Castel Sant'Elia;24;11;0;0;0;;;;11;9;1;0;0;;;;10;21
56017;Castel Sant'Elia;25;18;1;0;0;;;;19;8;0;0;0;;;;8;27
56017;Castel Sant'Elia;26;11;0;0;0;;;;11;14;1;0;0;;;;15;26
56017;Castel Sant'Elia;27;13;1;0;0;;;;14;11;1;0;0;;;;12;26
56017;Castel Sant'Elia;28;8;0;0;0;;;;8;9;1;0;0;;;;10;18
56017;Castel Sant'Elia;29;11;0;0;0;;;;11;12;4;0;0;;;;16;27
56017;Castel Sant'Elia;30;12;0;0;0;;;;12;10;2;0;0;;;;12;24
56017;Castel Sant'Elia;31;11;3;0;0;;;;14;16;3;0;0;;;;19;33
56017;Castel Sant'Elia;32;13;0;0;0;;;;13;12;3;0;0;;;;15;28
56017;Castel Sant'Elia;33;9;3;1;0;;;;13;12;3;1;0;;;;16;29
56017;Castel Sant'Elia;34;11;4;1;0;;;;16;4;6;1;0;;;;11;27
56017;Castel Sant'Elia;35;9;4;0;0;;;;13;5;4;0;0;;;;9;22
56017;Castel Sant'Elia;36;9;4;0;0;;;;13;8;8;0;0;;;;16;29
56017;Castel Sant'Elia;37;5;5;1;0;;;;11;5;6;0;0;;;;11;22
56017;Castel Sant'Elia;38;9;5;0;0;;;;14;5;7;1;0;;;;13;27
56017;Castel Sant'Elia;39;11;3;0;0;;;;14;9;7;1;0;;;;17;31
56017;Castel Sant'Elia;40;10;5;0;0;;;;15;7;8;0;0;;;;15;30
56017;Castel Sant'Elia;41;9;10;0;0;;;;19;7;10;1;0;;;;18;37
56017;Castel Sant'Elia;42;4;12;0;0;;;;16;5;9;0;0;;;;14;30
56017;Castel Sant'Elia;43;8;7;0;0;;;;15;4;11;1;0;;;;16;31
56017;Castel Sant'Elia;44;8;4;0;0;;;;12;8;8;2;0;;;;18;30
56017;Castel Sant'Elia;45;9;12;1;1;;;;23;8;10;1;1;;;;20;43
56017;Castel Sant'Elia;46;9;11;1;0;;;;21;6;14;0;0;;;;20;41
56017;Castel Sant'Elia;47;7;15;0;0;;;;22;1;15;1;0;;;;17;39
56017;Castel Sant'Elia;48;5;8;1;0;;;;14;4;9;0;0;;;;13;27
56017;Castel Sant'Elia;49;8;11;1;0;;;;20;8;13;1;0;;;;22;42
56017;Castel Sant'Elia;50;4;11;0;0;;;;15;3;10;0;2;;;;15;30
56017;Castel Sant'Elia;51;5;10;2;0;;;;17;6;21;2;0;;;;29;46
56017;Castel Sant'Elia;52;4;12;2;1;;;;19;2;15;1;1;;;;19;38
56017;Castel Sant'Elia;53;6;13;1;1;;;;21;7;15;5;0;;;;27;48
56017;Castel Sant'Elia;54;5;17;1;0;;;;23;1;15;0;1;;;;17;40
56017;Castel Sant'Elia;55;6;13;1;0;;;;20;2;13;2;2;;;;19;39
56017;Castel Sant'Elia;56;5;17;1;0;;;;23;4;16;0;2;;;;22;45
56017;Castel Sant'Elia;57;4;13;2;0;;;;19;1;23;3;0;;;;27;46
56017;Castel Sant'Elia;58;2;10;0;0;;;;12;1;20;1;1;;;;23;35
56017;Castel Sant'Elia;59;8;20;1;0;;;;29;2;16;3;3;;;;24;53
56017;Castel Sant'Elia;60;6;14;5;0;;;;25;1;19;3;2;;;;25;50
56017;Castel Sant'Elia;61;6;20;1;1;;;;28;1;17;2;4;;;;24;52
56017;Castel Sant'Elia;62;5;14;2;0;;;;21;1;10;1;0;;;;12;33
56017;Castel Sant'Elia;63;2;26;1;0;;;;29;1;20;7;2;;;;30;59
56017;Castel Sant'Elia;64;3;12;1;0;;;;16;0;4;2;1;;;;7;23
56017;Castel Sant'Elia;65;0;17;3;1;;;;21;1;14;0;1;;;;16;37
56017;Castel Sant'Elia;66;1;17;3;1;;;;22;1;18;0;3;;;;22;44
56017;Castel Sant'Elia;67;1;24;0;2;;;;27;0;16;1;7;;;;24;51
56017;Castel Sant'Elia;68;0;10;1;0;;;;11;3;8;1;2;;;;14;25
56017;Castel Sant'Elia;69;3;15;1;1;;;;20;2;8;1;4;;;;15;35
56017;Castel Sant'Elia;70;1;13;0;1;;;;15;1;11;1;2;;;;15;30
56017;Castel Sant'Elia;71;2;10;1;2;;;;15;0;12;1;3;;;;16;31
56017;Castel Sant'Elia;72;1;6;0;1;;;;8;1;3;0;3;;;;7;15
56017;Castel Sant'Elia;73;2;7;0;0;;;;9;0;7;1;3;;;;11;20
56017;Castel Sant'Elia;74;0;8;1;1;;;;10;0;8;1;5;;;;14;24
56017;Castel Sant'Elia;75;0;10;0;1;;;;11;0;5;0;4;;;;9;20
56017;Castel Sant'Elia;76;0;7;0;1;;;;8;2;7;1;1;;;;11;19
56017;Castel Sant'Elia;77;1;12;1;1;;;;15;0;8;1;8;;;;17;32
56017;Castel Sant'Elia;78;0;7;0;2;;;;9;0;3;0;4;;;;7;16
56017;Castel Sant'Elia;79;1;7;0;0;;;;8;0;4;0;3;;;;7;15
56017;Castel Sant'Elia;80;1;5;0;0;;;;6;1;4;0;7;;;;12;18
56017;Castel Sant'Elia;81;0;8;0;1;;;;9;0;3;0;6;;;;9;18
56017;Castel Sant'Elia;82;0;1;1;0;;;;2;0;2;0;2;;;;4;6
56017;Castel Sant'Elia;83;0;10;1;2;;;;13;2;2;1;5;;;;10;23
56017;Castel Sant'Elia;84;0;3;0;0;;;;3;2;0;0;3;;;;5;8
56017;Castel Sant'Elia;85;0;2;0;0;;;;2;0;1;1;6;;;;8;10
56017;Castel Sant'Elia;86;1;4;0;1;;;;6;1;1;0;4;;;;6;12
56017;Castel Sant'Elia;87;0;0;0;2;;;;2;1;0;1;5;;;;7;9
56017;Castel Sant'Elia;88;0;2;0;4;;;;6;1;0;0;8;;;;9;15
56017;Castel Sant'Elia;89;0;1;0;0;;;;1;1;3;0;2;;;;6;7
56017;Castel Sant'Elia;90;0;0;0;0;;;;0;1;0;0;6;;;;7;7
56017;Castel Sant'Elia;91;0;1;0;0;;;;1;1;0;0;3;;;;4;5
56017;Castel Sant'Elia;92;0;0;0;1;;;;1;1;0;0;1;;;;2;3
56017;Castel Sant'Elia;93;0;0;0;0;;;;0;0;0;0;2;;;;2;2
56017;Castel Sant'Elia;94;0;0;0;0;;;;0;0;0;0;2;;;;2;2
56017;Castel Sant'Elia;95;0;0;0;0;;;;0;0;0;0;1;;;;1;1
56017;Castel Sant'Elia;96;0;0;0;0;;;;0;0;0;0;0;;;;0;0
56017;Castel Sant'Elia;97;0;0;0;1;;;;1;0;0;0;0;;;;0;1
56017;Castel Sant'Elia;98;0;0;0;0;;;;0;1;0;0;0;;;;1;1
56017;Castel Sant'Elia;99;0;0;0;0;;;;0;0;0;0;1;;;;1;1
56017;Castel Sant'Elia;100;0;0;0;0;;;;0;0;0;0;1;;;;1;1
56017;Castel Sant'Elia;999;575;557;41;31;;;;1204;485;547;55;140;;;;1227;2431
56018;Castiglione in Teverina;0;8;0;0;0;;;;8;7;0;0;0;;;;7;15
56018;Castiglione in Teverina;1;5;0;0;0;;;;5;5;0;0;0;;;;5;10
56018;Castiglione in Teverina;2;7;0;0;0;;;;7;3;0;0;0;;;;3;10
56018;Castiglione in Teverina;3;7;0;0;0;;;;7;5;0;0;0;;;;5;12
56018;Castiglione in Teverina;4;6;0;0;0;;;;6;9;0;0;0;;;;9;15
56018;Castiglione in Teverina;5;8;0;0;0;;;;8;8;0;0;0;;;;8;16
56018;Castiglione in Teverina;6;7;0;0;0;;;;7;12;0;0;0;;;;12;19
56018;Castiglione in Teverina;7;10;0;0;0;;;;10;12;0;0;0;;;;12;22
56018;Castiglione in Teverina;8;10;0;0;0;;;;10;12;0;0;0;;;;12;22
56018;Castiglione in Teverina;9;10;0;0;0;;;;10;10;0;0;0;;;;10;20
56018;Castiglione in Teverina;10;9;0;0;0;;;;9;10;0;0;0;;;;10;19
56018;Castiglione in Teverina;11;10;0;0;0;;;;10;11;0;0;0;;;;11;21
56018;Castiglione in Teverina;12;9;0;0;0;;;;9;11;0;0;0;;;;11;20
56018;Castiglione in Teverina;13;17;0;0;0;;;;17;9;0;0;0;;;;9;26
56018;Castiglione in Teverina;14;15;0;0;0;;;;15;12;0;0;0;;;;12;27
56018;Castiglione in Teverina;15;13;0;0;0;;;;13;9;0;0;0;;;;9;22
56018;Castiglione in Teverina;16;8;0;0;0;;;;8;9;0;0;0;;;;9;17
56018;Castiglione in Teverina;17;12;0;0;0;;;;12;11;0;0;0;;;;11;23
56018;Castiglione in Teverina;18;16;0;0;0;;;;16;16;0;0;0;;;;16;32
56018;Castiglione in Teverina;19;12;0;0;0;;;;12;7;0;0;0;;;;7;19
56018;Castiglione in Teverina;20;15;0;0;0;;;;15;14;0;0;0;;;;14;29
56018;Castiglione in Teverina;21;11;0;0;0;;;;11;7;0;0;0;;;;7;18
56018;Castiglione in Teverina;22;17;0;0;0;;;;17;10;0;0;0;;;;10;27
56018;Castiglione in Teverina;23;8;0;0;0;;;;8;13;0;0;0;;;;13;21
56018;Castiglione in Teverina;24;11;0;0;0;;;;11;10;0;0;0;;;;10;21
56018;Castiglione in Teverina;25;5;0;0;0;;;;5;6;0;1;0;;;;7;12
56018;Castiglione in Teverina;26;8;1;0;0;;;;9;8;1;0;0;;;;9;18
56018;Castiglione in Teverina;27;10;0;0;0;;;;10;9;4;0;0;;;;13;23
56018;Castiglione in Teverina;28;10;0;0;0;;;;10;11;2;0;0;;;;13;23
56018;Castiglione in Teverina;29;9;1;0;0;;;;10;13;4;0;0;;;;17;27
56018;Castiglione in Teverina;30;8;0;0;0;;;;8;6;3;0;0;;;;9;17
56018;Castiglione in Teverina;31;21;1;0;0;;;;22;5;4;0;0;;;;9;31
56018;Castiglione in Teverina;32;4;4;0;0;;;;8;5;7;0;0;;;;12;20
56018;Castiglione in Teverina;33;6;3;0;0;;;;9;0;2;0;0;;;;2;11
56018;Castiglione in Teverina;34;15;3;0;0;;;;18;10;4;1;0;;;;15;33
56018;Castiglione in Teverina;35;16;5;1;0;;;;22;7;4;0;0;;;;11;33
56018;Castiglione in Teverina;36;11;4;0;0;;;;15;6;7;3;0;;;;16;31
56018;Castiglione in Teverina;37;5;3;0;0;;;;8;6;6;0;0;;;;12;20
56018;Castiglione in Teverina;38;7;3;0;0;;;;10;4;6;1;0;;;;11;21
56018;Castiglione in Teverina;39;12;5;0;0;;;;17;3;10;0;0;;;;13;30
56018;Castiglione in Teverina;40;9;5;0;0;;;;14;4;3;0;0;;;;7;21
56018;Castiglione in Teverina;41;8;9;1;0;;;;18;5;9;0;0;;;;14;32
56018;Castiglione in Teverina;42;10;11;1;0;;;;22;7;9;0;0;;;;16;38
56018;Castiglione in Teverina;43;6;5;0;0;;;;11;3;13;1;0;;;;17;28
56018;Castiglione in Teverina;44;8;12;1;0;;;;21;5;6;2;0;;;;13;34
56018;Castiglione in Teverina;45;11;10;0;0;;;;21;6;8;1;1;;;;16;37
56018;Castiglione in Teverina;46;9;11;1;0;;;;21;3;9;2;0;;;;14;35
56018;Castiglione in Teverina;47;7;5;0;0;;;;12;3;16;1;1;;;;21;33
56018;Castiglione in Teverina;48;7;16;1;1;;;;25;3;13;1;0;;;;17;42
56018;Castiglione in Teverina;49;4;11;3;0;;;;18;4;14;0;0;;;;18;36
56018;Castiglione in Teverina;50;3;10;0;1;;;;14;5;12;1;0;;;;18;32
56018;Castiglione in Teverina;51;6;11;2;0;;;;19;2;17;3;0;;;;22;41
56018;Castiglione in Teverina;52;1;7;2;0;;;;10;1;8;2;0;;;;11;21
56018;Castiglione in Teverina;53;5;12;0;0;;;;17;3;22;3;0;;;;28;45
56018;Castiglione in Teverina;54;3;16;3;0;;;;22;3;5;2;0;;;;10;32
56018;Castiglione in Teverina;55;6;13;3;0;;;;22;1;11;2;0;;;;14;36
56018;Castiglione in Teverina;56;5;16;0;0;;;;21;4;21;0;1;;;;26;47
56018;Castiglione in Teverina;57;4;12;3;0;;;;19;0;9;1;1;;;;11;30
56018;Castiglione in Teverina;58;0;14;2;0;;;;16;3;9;1;1;;;;14;30
56018;Castiglione in Teverina;59;0;9;0;0;;;;9;1;17;2;1;;;;21;30
56018;Castiglione in Teverina;60;3;18;0;0;;;;21;1;8;0;1;;;;10;31
56018;Castiglione in Teverina;61;2;16;1;0;;;;19;0;9;1;0;;;;10;29
56018;Castiglione in Teverina;62;2;11;0;0;;;;13;3;9;0;4;;;;16;29
56018;Castiglione in Teverina;63;1;9;1;0;;;;11;2;9;0;2;;;;13;24
56018;Castiglione in Teverina;64;0;7;2;0;;;;9;1;19;1;2;;;;23;32
56018;Castiglione in Teverina;65;0;10;1;0;;;;11;3;11;1;2;;;;17;28
56018;Castiglione in Teverina;66;2;7;1;3;;;;13;2;12;0;6;;;;20;33
56018;Castiglione in Teverina;67;2;10;5;1;;;;18;0;8;0;3;;;;11;29
56018;Castiglione in Teverina;68;4;5;0;0;;;;9;3;11;0;2;;;;16;25
56018;Castiglione in Teverina;69;3;11;0;0;;;;14;2;12;1;3;;;;18;32
56018;Castiglione in Teverina;70;1;12;0;1;;;;14;0;16;1;2;;;;19;33
56018;Castiglione in Teverina;71;1;10;1;0;;;;12;1;18;1;4;;;;24;36
56018;Castiglione in Teverina;72;1;12;0;0;;;;13;2;11;0;0;;;;13;26
56018;Castiglione in Teverina;73;0;12;1;2;;;;15;0;6;0;3;;;;9;24
56018;Castiglione in Teverina;74;0;14;0;0;;;;14;0;8;0;2;;;;10;24
56018;Castiglione in Teverina;75;2;14;1;1;;;;18;1;11;1;7;;;;20;38
56018;Castiglione in Teverina;76;0;9;0;1;;;;10;0;11;0;6;;;;17;27
56018;Castiglione in Teverina;77;1;13;0;0;;;;14;0;8;0;9;;;;17;31
56018;Castiglione in Teverina;78;0;15;0;3;;;;18;0;6;0;4;;;;10;28
56018;Castiglione in Teverina;79;1;3;0;0;;;;4;0;3;0;4;;;;7;11
56018;Castiglione in Teverina;80;0;16;0;4;;;;20;0;5;0;4;;;;9;29
56018;Castiglione in Teverina;81;0;4;0;3;;;;7;0;5;1;8;;;;14;21
56018;Castiglione in Teverina;82;2;3;0;0;;;;5;0;6;1;3;;;;10;15
56018;Castiglione in Teverina;83;0;3;0;4;;;;7;1;2;0;9;;;;12;19
56018;Castiglione in Teverina;84;1;8;0;1;;;;10;0;3;0;9;;;;12;22
56018;Castiglione in Teverina;85;0;5;0;0;;;;5;0;2;0;7;;;;9;14
56018;Castiglione in Teverina;86;1;6;0;0;;;;7;0;2;0;6;;;;8;15
56018;Castiglione in Teverina;87;0;1;0;1;;;;2;1;0;0;5;;;;6;8
56018;Castiglione in Teverina;88;0;2;0;1;;;;3;0;0;0;6;;;;6;9
56018;Castiglione in Teverina;89;1;1;0;2;;;;4;0;0;0;9;;;;9;13
56018;Castiglione in Teverina;90;0;0;0;1;;;;1;0;0;0;4;;;;4;5
56018;Castiglione in Teverina;91;0;0;0;0;;;;0;0;1;0;6;;;;7;7
56018;Castiglione in Teverina;92;1;0;0;1;;;;2;0;0;0;2;;;;2;4
56018;Castiglione in Teverina;93;0;1;0;0;;;;1;0;0;0;1;;;;1;2
56018;Castiglione in Teverina;94;0;0;0;0;;;;0;0;0;0;2;;;;2;2
56018;Castiglione in Teverina;95;0;1;0;0;;;;1;0;0;0;2;;;;2;3
56018;Castiglione in Teverina;96;0;1;0;0;;;;1;0;0;0;2;;;;2;3
56018;Castiglione in Teverina;97;0;0;0;0;;;;0;0;0;0;1;;;;1;1
56018;Castiglione in Teverina;98;0;0;0;0;;;;0;0;0;0;0;;;;0;0
56018;Castiglione in Teverina;99;0;0;0;0;;;;0;0;0;0;0;;;;0;0
56018;Castiglione in Teverina;100;0;0;0;0;;;;0;0;0;0;2;;;;2;2
56018;Castiglione in Teverina;999;552;518;38;32;;;;1140;430;527;40;160;;;;1157;2297
56019;Celleno;0;3;0;0;0;;;;3;5;0;0;0;;;;5;8
56019;Celleno;1;4;0;0;0;;;;4;2;0;0;0;;;;2;6
56019;Celleno;2;4;0;0;0;;;;4;2;0;0;0;;;;2;6
56019;Celleno;3;5;0;0;0;;;;5;5;0;0;0;;;;5;10
56019;Celleno;4;4;0;0;0;;;;4;2;0;0;0;;;;2;6
56019;Celleno;5;4;0;0;0;;;;4;2;0;0;0;;;;2;6
56019;Celleno;6;5;0;0;0;;;;5;5;0;0;0;;;;5;10
56019;Celleno;7;7;0;0;0;;;;7;4;0;0;0;;;;4;11
56019;Celleno;8;1;0;0;0;;;;1;4;0;0;0;;;;4;5
56019;Celleno;9;6;0;0;0;;;;6;4;0;0;0;;;;4;10
56019;Celleno;10;8;0;0;0;;;;8;5;0;0;0;;;;5;13
56019;Celleno;11;4;0;0;0;;;;4;6;0;0;0;;;;6;10
56019;Celleno;12;8;0;0;0;;;;8;9;0;0;0;;;;9;17
56019;Celleno;13;8;0;0;0;;;;8;8;0;0;0;;;;8;16
56019;Celleno;14;3;0;0;0;;;;3;11;0;0;0;;;;11;14
56019;Celleno;15;3;0;0;0;;;;3;5;0;0;0;;;;5;8
56019;Celleno;16;4;0;0;0;;;;4;4;0;0;0;;;;4;8
56019;Celleno;17;8;0;0;0;;;;8;4;0;0;0;;;;4;12
56019;Celleno;18;6;0;0;0;;;;6;9;0;0;0;;;;9;15
56019;Celleno;19;8;0;0;0;;;;8;4;0;0;0;;;;4;12
56019;Celleno;20;4;0;0;0;;;;4;5;0;0;0;;;;5;9
56019;Celleno;21;8;0;0;0;;;;8;4;0;0;0;;;;4;12
56019;Celleno;22;3;0;0;0;;;;3;4;0;0;0;;;;4;7
56019;Celleno;23;9;0;0;0;;;;9;5;0;0;0;;;;5;14
56019;Celleno;24;4;0;0;0;;;;4;6;1;0;0;;;;7;11
56019;Celleno;25;6;0;0;0;;;;6;5;0;0;0;;;;5;11
56019;Celleno;26;3;0;1;0;;;;4;3;1;0;0;;;;4;8
56019;Celleno;27;6;0;0;0;;;;6;2;2;0;0;;;;4;10
56019;Celleno;28;7;0;0;0;;;;7;7;0;0;0;;;;7;14
56019;Celleno;29;7;1;0;0;;;;8;6;1;0;0;;;;7;15
56019;Celleno;30;6;1;0;0;;;;7;3;0;0;0;;;;3;10
56019;Celleno;31;3;0;0;0;;;;3;3;1;0;0;;;;4;7
56019;Celleno;32;7;0;0;0;;;;7;3;3;0;0;;;;6;13
56019;Celleno;33;5;1;0;0;;;;6;9;4;0;0;;;;13;19
56019;Celleno;34;3;0;0;0;;;;3;1;2;0;0;;;;3;6
56019;Celleno;35;7;2;0;0;;;;9;3;2;0;0;;;;5;14
56019;Celleno;36;3;1;0;0;;;;4;3;4;0;0;;;;7;11
56019;Celleno;37;6;2;0;0;;;;8;1;1;0;0;;;;2;10
56019;Celleno;38;2;0;0;0;;;;2;6;1;0;0;;;;7;9
56019;Celleno;39;3;6;0;0;;;;9;4;4;0;0;;;;8;17
56019;Celleno;40;10;5;0;0;;;;15;2;4;0;1;;;;7;22
56019;Celleno;41;0;7;0;0;;;;7;3;5;1;0;;;;9;16
56019;Celleno;42;2;2;0;0;;;;4;4;8;0;1;;;;13;17
56019;Celleno;43;0;9;0;0;;;;9;2;4;2;1;;;;9;18
56019;Celleno;44;1;4;0;0;;;;5;4;4;0;0;;;;8;13
56019;Celleno;45;6;7;0;0;;;;13;1;8;0;0;;;;9;22
56019;Celleno;46;5;6;0;0;;;;11;1;7;0;0;;;;8;19
56019;Celleno;47;3;7;0;0;;;;10;4;4;1;0;;;;9;19
56019;Celleno;48;4;7;0;0;;;;11;3;7;1;0;;;;11;22
56019;Celleno;49;1;2;0;0;;;;3;3;4;1;0;;;;8;11
56019;Celleno;50;1;6;0;0;;;;7;1;8;0;0;;;;9;16
56019;Celleno;51;4;7;1;0;;;;12;0;3;2;0;;;;5;17
56019;Celleno;52;6;3;1;0;;;;10;2;8;1;0;;;;11;21
56019;Celleno;53;3;5;0;0;;;;8;2;2;0;0;;;;4;12
56019;Celleno;54;1;7;0;0;;;;8;1;10;2;2;;;;15;23
56019;Celleno;55;3;6;0;0;;;;9;2;7;1;0;;;;10;19
56019;Celleno;56;4;4;0;0;;;;8;1;8;2;0;;;;11;19
56019;Celleno;57;4;10;0;0;;;;14;2;10;2;0;;;;14;28
56019;Celleno;58;3;4;0;0;;;;7;2;8;1;1;;;;12;19
56019;Celleno;59;1;12;1;1;;;;15;1;8;1;2;;;;12;27
56019;Celleno;60;2;14;1;0;;;;17;0;13;1;0;;;;14;31
56019;Celleno;61;1;13;1;0;;;;15;1;10;1;0;;;;12;27
56019;Celleno;62;1;6;3;0;;;;10;1;5;1;3;;;;10;20
56019;Celleno;63;2;7;1;0;;;;10;1;12;2;1;;;;16;26
56019;Celleno;64;1;4;0;0;;;;5;2;12;0;1;;;;15;20
56019;Celleno;65;2;8;1;0;;;;11;0;8;0;1;;;;9;20
56019;Celleno;66;0;6;0;0;;;;6;0;7;0;1;;;;8;14
56019;Celleno;67;2;13;1;0;;;;16;1;9;1;1;;;;12;28
56019;Celleno;68;1;6;0;1;;;;8;0;13;0;3;;;;16;24
56019;Celleno;69;1;6;2;2;;;;11;2;7;0;0;;;;9;20
56019;Celleno;70;2;8;0;1;;;;11;0;2;1;2;;;;5;16
56019;Celleno;71;1;5;0;1;;;;7;1;7;0;1;;;;9;16
56019;Celleno;72;0;9;0;0;;;;9;0;6;0;2;;;;8;17
56019;Celleno;73;0;9;1;1;;;;11;0;6;1;2;;;;9;20
56019;Celleno;74;1;11;0;1;;;;13;0;5;0;4;;;;9;22
56019;Celleno;75;0;4;3;1;;;;8;1;4;0;4;;;;9;17
56019;Celleno;76;1;7;0;0;;;;8;1;3;1;2;;;;7;15
56019;Celleno;77;2;6;0;0;;;;8;0;5;0;9;;;;14;22
56019;Celleno;78;3;5;1;0;;;;9;0;1;0;0;;;;1;10
56019;Celleno;79;0;2;0;1;;;;3;0;1;0;3;;;;4;7
56019;Celleno;80;1;3;0;1;;;;5;0;2;0;1;;;;3;8
56019;Celleno;81;0;3;0;0;;;;3;0;0;0;4;;;;4;7
56019;Celleno;82;0;1;0;1;;;;2;0;2;0;5;;;;7;9
56019;Celleno;83;1;3;1;0;;;;5;0;1;0;5;;;;6;11
56019;Celleno;84;0;2;0;2;;;;4;0;2;0;2;;;;4;8
56019;Celleno;85;0;1;0;1;;;;2;0;1;0;3;;;;4;6
56019;Celleno;86;0;2;0;2;;;;4;0;0;0;7;;;;7;11
56019;Celleno;87;0;1;0;0;;;;1;1;0;0;5;;;;6;7
56019;Celleno;88;0;0;0;1;;;;1;0;3;0;3;;;;6;7
56019;Celleno;89;0;2;0;0;;;;2;0;0;0;4;;;;4;6
56019;Celleno;90;0;0;0;0;;;;0;0;1;0;6;;;;7;7
56019;Celleno;91;0;0;0;1;;;;1;0;0;0;2;;;;2;3
56019;Celleno;92;0;1;0;0;;;;1;0;0;0;0;;;;0;1
56019;Celleno;93;0;2;0;0;;;;2;0;1;0;3;;;;4;6
56019;Celleno;94;0;1;0;0;;;;1;0;0;0;3;;;;3;4
56019;Celleno;95;0;0;0;0;;;;0;0;0;0;4;;;;4;4
56019;Celleno;96;0;0;0;0;;;;0;0;0;0;0;;;;0;0
56019;Celleno;97;0;0;0;0;;;;0;0;0;0;1;;;;1;1
56019;Celleno;98;0;0;0;1;;;;1;0;0;0;1;;;;1;2
56019;Celleno;99;0;0;0;0;;;;0;0;0;0;2;;;;2;2
56019;Celleno;100;0;0;0;0;;;;0;0;0;0;2;;;;2;2
56019;Celleno;999;292;305;20;20;;;;637;236;303;27;111;;;;677;1314
56020;Cellere;0;2;0;0;0;;;;2;3;0;0;0;;;;3;5
56020;Cellere;1;3;0;0;0;;;;3;0;0;0;0;;;;0;3
56020;Cellere;2;5;0;0;0;;;;5;4;0;0;0;;;;4;9
56020;Cellere;3;0;0;0;0;;;;0;2;0;0;0;;;;2;2
56020;Cellere;4;3;0;0;0;;;;3;1;0;0;0;;;;1;4
56020;Cellere;5;7;0;0;0;;;;7;4;0;0;0;;;;4;11
56020;Cellere;6;2;0;0;0;;;;2;2;0;0;0;;;;2;4
56020;Cellere;7;3;0;0;0;;;;3;1;0;0;0;;;;1;4
56020;Cellere;8;6;0;0;0;;;;6;2;0;0;0;;;;2;8
56020;Cellere;9;5;0;0;0;;;;5;0;0;0;0;;;;0;5
56020;Cellere;10;3;0;0;0;;;;3;1;0;0;0;;;;1;4
56020;Cellere;11;2;0;0;0;;;;2;4;0;0;0;;;;4;6
56020;Cellere;12;1;0;0;0;;;;1;4;0;0;0;;;;4;5
56020;Cellere;13;3;0;0;0;;;;3;6;0;0;0;;;;6;9
56020;Cellere;14;8;0;0;0;;;;8;2;0;0;0;;;;2;10
56020;Cellere;15;3;0;0;0;;;;3;1;0;0;0;;;;1;4
56020;Cellere;16;6;0;0;0;;;;6;3;0;0;0;;;;3;9
56020;Cellere;17;1;0;0;0;;;;1;5;0;0;0;;;;5;6
56020;Cellere;18;8;0;0;0;;;;8;2;0;0;0;;;;2;10
56020;Cellere;19;9;0;0;0;;;;9;4;0;0;0;;;;4;13
56020;Cellere;20;9;0;0;0;;;;9;3;0;0;0;;;;3;12
56020;Cellere;21;4;0;0;0;;;;4;1;0;0;0;;;;1;5
56020;Cellere;22;5;0;0;0;;;;5;4;0;0;0;;;;4;9
56020;Cellere;23;5;0;0;0;;;;5;2;1;0;0;;;;3;8
56020;Cellere;24;6;1;0;0;;;;7;1;0;0;0;;;;1;8
56020;Cellere;25;2;0;0;0;;;;2;6;0;0;0;;;;6;8
56020;Cellere;26;4;0;0;0;;;;4;2;0;0;0;;;;2;6
56020;Cellere;27;11;0;0;0;;;;11;3;0;0;0;;;;3;14
56020;Cellere;28;5;0;0;0;;;;5;5;0;0;0;;;;5;10
56020;Cellere;29;5;0;0;0;;;;5;3;0;0;0;;;;3;8
56020;Cellere;30;9;0;0;0;;;;9;4;2;0;0;;;;6;15
56020;Cellere;31;9;0;0;0;;;;9;2;2;0;0;;;;4;13
56020;Cellere;32;8;0;0;0;;;;8;0;2;0;0;;;;2;10
56020;Cellere;33;3;0;0;0;;;;3;3;3;0;0;;;;6;9
56020;Cellere;34;4;4;0;0;;;;8;3;1;0;0;;;;4;12
56020;Cellere;35;5;3;0;0;;;;8;1;0;0;0;;;;1;9
56020;Cellere;36;7;4;0;0;;;;11;3;2;0;0;;;;5;16
56020;Cellere;37;7;1;0;0;;;;8;1;4;0;0;;;;5;13
56020;Cellere;38;8;1;0;0;;;;9;2;1;0;0;;;;3;12
56020;Cellere;39;1;0;0;0;;;;1;0;1;1;0;;;;2;3
56020;Cellere;40;3;2;2;0;;;;7;1;1;0;0;;;;2;9
56020;Cellere;41;2;1;0;0;;;;3;3;1;1;0;;;;5;8
56020;Cellere;42;4;2;0;0;;;;6;1;5;1;0;;;;7;13
56020;Cellere;43;0;0;0;0;;;;0;1;5;0;0;;;;6;6
56020;Cellere;44;3;6;1;0;;;;10;1;4;0;0;;;;5;15
56020;Cellere;45;2;4;0;0;;;;6;1;7;0;0;;;;8;14
56020;Cellere;46;1;5;0;0;;;;6;1;7;0;0;;;;8;14
56020;Cellere;47;1;3;0;0;;;;4;1;8;2;0;;;;11;15
56020;Cellere;48;2;4;1;0;;;;7;3;3;0;0;;;;6;13
56020;Cellere;49;5;7;0;0;;;;12;3;5;0;0;;;;8;20
56020;Cellere;50;1;5;0;0;;;;6;0;2;1;0;;;;3;9
56020;Cellere;51;1;7;0;0;;;;8;2;4;0;1;;;;7;15
56020;Cellere;52;3;5;0;0;;;;8;0;1;1;0;;;;2;10
56020;Cellere;53;2;7;0;0;;;;9;1;5;0;1;;;;7;16
56020;Cellere;54;3;8;1;0;;;;12;2;11;0;0;;;;13;25
56020;Cellere;55;0;7;0;0;;;;7;1;8;1;2;;;;12;19
56020;Cellere;56;1;8;1;1;;;;11;0;7;0;0;;;;7;18
56020;Cellere;57;0;4;1;0;;;;5;0;8;0;0;;;;8;13
56020;Cellere;58;4;7;3;0;;;;14;1;13;0;1;;;;15;29
56020;Cellere;59;1;6;1;0;;;;8;0;10;2;0;;;;12;20
56020;Cellere;60;1;9;3;0;;;;13;0;1;0;1;;;;2;15
56020;Cellere;61;2;6;0;0;;;;8;0;8;1;0;;;;9;17
56020;Cellere;62;1;11;0;0;;;;12;0;3;1;0;;;;4;16
56020;Cellere;63;2;3;0;1;;;;6;0;10;0;0;;;;10;16
56020;Cellere;64;1;9;1;1;;;;12;0;11;2;1;;;;14;26
56020;Cellere;65;0;9;1;0;;;;10;1;11;0;3;;;;15;25
56020;Cellere;66;2;11;0;0;;;;13;1;5;0;0;;;;6;19
56020;Cellere;67;1;5;2;0;;;;8;0;11;1;0;;;;12;20
56020;Cellere;68;3;10;1;0;;;;14;0;3;0;2;;;;5;19
56020;Cellere;69;1;11;0;0;;;;12;0;5;0;1;;;;6;18
56020;Cellere;70;1;5;1;0;;;;7;0;6;0;3;;;;9;16
56020;Cellere;71;0;7;0;1;;;;8;0;3;0;3;;;;6;14
56020;Cellere;72;0;7;0;0;;;;7;0;4;0;2;;;;6;13
56020;Cellere;73;2;4;0;1;;;;7;1;7;0;2;;;;10;17
56020;Cellere;74;0;4;0;0;;;;4;0;7;0;4;;;;11;15
56020;Cellere;75;0;5;0;3;;;;8;0;3;0;1;;;;4;12
56020;Cellere;76;1;8;0;0;;;;9;1;2;0;1;;;;4;13
56020;Cellere;77;2;2;0;0;;;;4;0;1;0;2;;;;3;7
56020;Cellere;78;0;4;0;0;;;;4;0;7;0;1;;;;8;12
56020;Cellere;79;2;4;0;0;;;;6;0;5;0;0;;;;5;11
56020;Cellere;80;1;3;0;1;;;;5;0;2;0;3;;;;5;10
56020;Cellere;81;0;2;0;0;;;;2;1;1;0;9;;;;11;13
56020;Cellere;82;1;4;0;2;;;;7;1;2;0;3;;;;6;13
56020;Cellere;83;0;6;1;2;;;;9;0;2;0;5;;;;7;16
56020;Cellere;84;1;4;0;1;;;;6;0;5;0;5;;;;10;16
56020;Cellere;85;0;1;0;0;;;;1;1;0;0;6;;;;7;8
56020;Cellere;86;0;2;0;3;;;;5;0;3;0;8;;;;11;16
56020;Cellere;87;1;4;0;0;;;;5;0;1;0;7;;;;8;13
56020;Cellere;88;0;2;0;2;;;;4;0;0;0;2;;;;2;6
56020;Cellere;89;1;2;0;0;;;;3;0;0;0;4;;;;4;7
56020;Cellere;90;0;2;0;0;;;;2;0;1;0;2;;;;3;5
56020;Cellere;91;0;1;0;0;;;;1;0;0;0;1;;;;1;2
56020;Cellere;92;0;2;0;0;;;;2;0;0;0;1;;;;1;3
56020;Cellere;93;0;0;0;0;;;;0;0;0;0;4;;;;4;4
56020;Cellere;94;0;1;0;0;;;;1;0;0;0;0;;;;0;1
56020;Cellere;95;0;1;0;0;;;;1;0;0;0;1;;;;1;2
56020;Cellere;96;0;0;0;0;;;;0;0;0;0;0;;;;0;0
56020;Cellere;97;0;0;0;0;;;;0;0;0;0;2;;;;2;2
56020;Cellere;98;0;0;0;0;;;;0;0;0;0;0;;;;0;0
56020;Cellere;99;0;0;0;1;;;;1;0;0;0;0;;;;0;1
56020;Cellere;100;0;0;0;1;;;;1;0;0;0;0;;;;0;1
56020;Cellere;999;263;283;21;21;;;;588;130;264;15;95;;;;504;1092
56021;Civita Castellana;0;48;0;0;0;;;;48;34;0;0;0;;;;34;82
56021;Civita Castellana;1;53;0;0;0;;;;53;44;0;0;0;;;;44;97
56021;Civita Castellana;2;59;0;0;0;;;;59;40;0;0;0;;;;40;99
56021;Civita Castellana;3;51;0;0;0;;;;51;36;0;0;0;;;;36;87
56021;Civita Castellana;4;45;0;0;0;;;;45;36;0;0;0;;;;36;81
56021;Civita Castellana;5;40;0;0;0;;;;40;41;0;0;0;;;;41;81
56021;Civita Castellana;6;60;0;0;0;;;;60;39;0;0;0;;;;39;99
56021;Civita Castellana;7;50;0;0;0;;;;50;46;0;0;0;;;;46;96
56021;Civita Castellana;8;53;0;0;0;;;;53;65;0;0;0;;;;65;118
56021;Civita Castellana;9;60;0;0;0;;;;60;46;0;0;0;;;;46;106
56021;Civita Castellana;10;57;0;0;0;;;;57;58;0;0;0;;;;58;115
56021;Civita Castellana;11;70;0;0;0;;;;70;68;0;0;0;;;;68;138
56021;Civita Castellana;12;64;0;0;0;;;;64;62;0;0;0;;;;62;126
56021;Civita Castellana;13;59;0;0;0;;;;59;59;0;0;0;;;;59;118
56021;Civita Castellana;14;60;0;0;0;;;;60;72;0;0;0;;;;72;132
56021;Civita Castellana;15;72;0;0;0;;;;72;77;0;0;0;;;;77;149
56021;Civita Castellana;16;68;0;0;0;;;;68;85;0;0;0;;;;85;153
56021;Civita Castellana;17;66;0;0;0;;;;66;75;0;0;0;;;;75;141
56021;Civita Castellana;18;89;0;0;0;;;;89;69;1;0;0;;;;70;159
56021;Civita Castellana;19;90;0;0;0;;;;90;64;0;0;0;;;;64;154
56021;Civita Castellana;20;74;0;0;0;;;;74;91;0;0;0;;;;91;165
56021;Civita Castellana;21;73;0;0;0;;;;73;58;0;0;0;;;;58;131
56021;Civita Castellana;22;73;0;0;0;;;;73;65;4;0;0;;;;69;142
56021;Civita Castellana;23;84;1;0;0;;;;85;78;1;0;0;;;;79;164
56021;Civita Castellana;24;64;1;0;0;;;;65;78;1;0;0;;;;79;144
56021;Civita Castellana;25;66;0;0;0;;;;66;75;2;0;0;;;;77;143
56021;Civita Castellana;26;73;1;0;0;;;;74;56;8;0;0;;;;64;138
56021;Civita Castellana;27;66;2;0;0;;;;68;58;6;1;0;;;;65;133
56021;Civita Castellana;28;83;3;0;0;;;;86;66;11;0;0;;;;77;163
56021;Civita Castellana;29;72;4;0;0;;;;76;59;8;0;0;;;;67;143
56021;Civita Castellana;30;73;4;0;0;;;;77;55;21;0;0;;;;76;153
56021;Civita Castellana;31;82;2;0;0;;;;84;47;13;0;0;;;;60;144
56021;Civita Castellana;32;70;13;0;0;;;;83;64;19;1;0;;;;84;167
56021;Civita Castellana;33;72;20;0;0;;;;92;41;25;1;0;;;;67;159
56021;Civita Castellana;34;67;19;0;0;;;;86;45;36;0;0;;;;81;167
56021;Civita Castellana;35;62;17;1;0;;;;80;51;31;1;0;;;;83;163
56021;Civita Castellana;36;67;19;0;0;;;;86;39;38;1;0;;;;78;164
56021;Civita Castellana;37;55;28;0;0;;;;83;42;29;0;0;;;;71;154
56021;Civita Castellana;38;58;35;2;0;;;;95;36;39;2;1;;;;78;173
56021;Civita Castellana;39;47;29;0;0;;;;76;36;56;2;0;;;;94;170
56021;Civita Castellana;40;44;37;2;0;;;;83;37;39;4;0;;;;80;163
56021;Civita Castellana;41;62;40;1;0;;;;103;38;53;4;1;;;;96;199
56021;Civita Castellana;42;36;47;0;1;;;;84;30;60;5;0;;;;95;179
56021;Civita Castellana;43;48;50;3;0;;;;101;37;63;4;2;;;;106;207
56021;Civita Castellana;44;45;57;7;0;;;;109;38;58;2;2;;;;100;209
56021;Civita Castellana;45;44;52;5;0;;;;101;30;66;4;1;;;;101;202
56021;Civita Castellana;46;46;78;2;0;;;;126;33;81;10;1;;;;125;251
56021;Civita Castellana;47;55;75;4;0;;;;134;21;71;17;0;;;;109;243
56021;Civita Castellana;48;43;65;6;0;;;;114;20;89;16;1;;;;126;240
56021;Civita Castellana;49;42;67;11;0;;;;120;26;92;13;3;;;;134;254
56021;Civita Castellana;50;31;99;8;1;;;;139;20;109;11;3;;;;143;282
56021;Civita Castellana;51;39;80;13;0;;;;132;19;98;9;3;;;;129;261
56021;Civita Castellana;52;32;87;7;0;;;;126;15;89;16;2;;;;122;248
56021;Civita Castellana;53;33;83;5;1;;;;122;9;92;11;3;;;;115;237
56021;Civita Castellana;54;30;86;6;2;;;;124;19;90;20;6;;;;135;259
56021;Civita Castellana;55;21;97;14;0;;;;132;15;105;13;4;;;;137;269
56021;Civita Castellana;56;28;105;8;2;;;;143;16;98;13;6;;;;133;276
56021;Civita Castellana;57;10;84;13;4;;;;111;11;97;12;5;;;;125;236
56021;Civita Castellana;58;13;102;14;1;;;;130;8;85;12;4;;;;109;239
56021;Civita Castellana;59;21;75;7;3;;;;106;13;85;14;8;;;;120;226
56021;Civita Castellana;60;21;103;9;2;;;;135;10;87;15;9;;;;121;256
56021;Civita Castellana;61;18;102;8;2;;;;130;10;91;9;6;;;;116;246
56021;Civita Castellana;62;11;98;7;3;;;;119;6;92;9;13;;;;120;239
56021;Civita Castellana;63;12;82;6;4;;;;104;8;100;6;16;;;;130;234
56021;Civita Castellana;64;5;84;5;4;;;;98;5;79;8;13;;;;105;203
56021;Civita Castellana;65;9;81;8;2;;;;100;8;89;14;10;;;;121;221
56021;Civita Castellana;66;3;73;7;1;;;;84;3;63;8;11;;;;85;169
56021;Civita Castellana;67;4;73;8;5;;;;90;10;66;5;19;;;;100;190
56021;Civita Castellana;68;5;67;4;4;;;;80;8;66;6;16;;;;96;176
56021;Civita Castellana;69;4;88;3;12;;;;107;4;72;5;22;;;;103;210
56021;Civita Castellana;70;5;75;2;9;;;;91;1;87;7;31;;;;126;217
56021;Civita Castellana;71;4;91;6;7;;;;108;5;61;3;24;;;;93;201
56021;Civita Castellana;72;1;52;2;4;;;;59;6;49;2;25;;;;82;141
56021;Civita Castellana;73;4;58;0;6;;;;68;3;61;5;24;;;;93;161
56021;Civita Castellana;74;5;68;6;4;;;;83;3;46;2;26;;;;77;160
56021;Civita Castellana;75;4;65;4;4;;;;77;7;58;2;28;;;;95;172
56021;Civita Castellana;76;2;69;2;4;;;;77;4;51;0;30;;;;85;162
56021;Civita Castellana;77;3;65;2;10;;;;80;2;54;9;45;;;;110;190
56021;Civita Castellana;78;2;58;1;3;;;;64;6;45;5;50;;;;106;170
56021;Civita Castellana;79;3;40;0;6;;;;49;1;25;2;38;;;;66;115
56021;Civita Castellana;80;1;45;2;7;;;;55;1;25;0;32;;;;58;113
56021;Civita Castellana;81;1;29;1;4;;;;35;5;31;3;40;;;;79;114
56021;Civita Castellana;82;0;40;1;5;;;;46;2;18;1;38;;;;59;105
56021;Civita Castellana;83;0;32;1;6;;;;39;3;13;0;45;;;;61;100
56021;Civita Castellana;84;2;24;0;7;;;;33;1;17;0;52;;;;70;103
56021;Civita Castellana;85;2;32;0;5;;;;39;0;20;0;47;;;;67;106
56021;Civita Castellana;86;0;28;0;6;;;;34;3;14;1;39;;;;57;91
56021;Civita Castellana;87;1;16;0;2;;;;19;1;10;0;37;;;;48;67
56021;Civita Castellana;88;1;26;0;5;;;;32;2;5;2;54;;;;63;95
56021;Civita Castellana;89;0;9;0;5;;;;14;1;6;0;27;;;;34;48
56021;Civita Castellana;90;1;16;0;3;;;;20;3;3;0;26;;;;32;52
56021;Civita Castellana;91;0;6;0;2;;;;8;0;0;0;23;;;;23;31
56021;Civita Castellana;92;0;3;0;3;;;;6;0;0;1;17;;;;18;24
56021;Civita Castellana;93;0;1;0;2;;;;3;0;1;0;21;;;;22;25
56021;Civita Castellana;94;0;2;0;4;;;;6;0;1;0;18;;;;19;25
56021;Civita Castellana;95;0;1;0;2;;;;3;0;1;0;5;;;;6;9
56021;Civita Castellana;96;0;1;0;1;;;;2;0;2;0;12;;;;14;16
56021;Civita Castellana;97;1;1;0;1;;;;3;0;0;0;5;;;;5;8
56021;Civita Castellana;98;0;0;0;0;;;;0;0;0;0;1;;;;1;1
56021;Civita Castellana;99;0;0;0;0;;;;0;1;0;0;5;;;;6;6
56021;Civita Castellana;100;0;1;0;1;;;;2;0;0;0;5;;;;5;7
56021;Civita Castellana;999;3453;3469;234;182;;;;7338;2844;3478;349;1061;;;;7732;15070
56022;Civitella d'Agliano;0;1;0;0;0;;;;1;0;0;0;0;;;;0;1
56022;Civitella d'Agliano;1;5;0;0;0;;;;5;6;0;0;0;;;;6;11
56022;Civitella d'Agliano;2;3;0;0;0;;;;3;2;0;0;0;;;;2;5
56022;Civitella d'Agliano;3;5;0;0;0;;;;5;4;0;0;0;;;;4;9
56022;Civitella d'Agliano;4;8;0;0;0;;;;8;5;0;0;0;;;;5;13
56022;Civitella d'Agliano;5;6;0;0;0;;;;6;10;0;0;0;;;;10;16
56022;Civitella d'Agliano;6;3;0;0;0;;;;3;7;0;0;0;;;;7;10
56022;Civitella d'Agliano;7;6;0;0;0;;;;6;2;0;0;0;;;;2;8
56022;Civitella d'Agliano;8;11;0;0;0;;;;11;6;0;0;0;;;;6;17
56022;Civitella d'Agliano;9;7;0;0;0;;;;7;7;0;0;0;;;;7;14
56022;Civitella d'Agliano;10;5;0;0;0;;;;5;5;0;0;0;;;;5;10
56022;Civitella d'Agliano;11;8;0;0;0;;;;8;6;0;0;0;;;;6;14
56022;Civitella d'Agliano;12;5;0;0;0;;;;5;5;0;0;0;;;;5;10
56022;Civitella d'Agliano;13;5;0;0;0;;;;5;6;0;0;0;;;;6;11
56022;Civitella d'Agliano;14;5;0;0;0;;;;5;4;0;0;0;;;;4;9
56022;Civitella d'Agliano;15;3;0;0;0;;;;3;3;0;0;0;;;;3;6
56022;Civitella d'Agliano;16;6;0;0;0;;;;6;5;0;0;0;;;;5;11
56022;Civitella d'Agliano;17;7;0;0;0;;;;7;3;0;0;0;;;;3;10
56022;Civitella d'Agliano;18;7;0;0;0;;;;7;6;0;0;0;;;;6;13
56022;Civitella d'Agliano;19;5;0;0;0;;;;5;7;0;0;0;;;;7;12
56022;Civitella d'Agliano;20;7;0;0;0;;;;7;8;0;0;0;;;;8;15
56022;Civitella d'Agliano;21;3;0;0;0;;;;3;6;0;0;0;;;;6;9
56022;Civitella d'Agliano;22;5;0;0;0;;;;5;4;1;0;0;;;;5;10
56022;Civitella d'Agliano;23;6;0;1;0;;;;7;3;0;0;0;;;;3;10
56022;Civitella d'Agliano;24;9;0;0;0;;;;9;5;0;0;0;;;;5;14
56022;Civitella d'Agliano;25;6;0;0;0;;;;6;2;0;0;0;;;;2;8
56022;Civitella d'Agliano;26;3;0;0;0;;;;3;3;0;0;0;;;;3;6
56022;Civitella d'Agliano;27;6;0;0;0;;;;6;1;1;0;0;;;;2;8
56022;Civitella d'Agliano;28;4;0;0;0;;;;4;6;1;0;0;;;;7;11
56022;Civitella d'Agliano;29;8;0;0;0;;;;8;6;0;0;0;;;;6;14
56022;Civitella d'Agliano;30;3;1;0;0;;;;4;4;3;0;0;;;;7;11
56022;Civitella d'Agliano;31;5;1;0;0;;;;6;5;1;1;0;;;;7;13
56022;Civitella d'Agliano;32;9;2;0;0;;;;11;10;4;0;0;;;;14;25
56022;Civitella d'Agliano;33;2;1;0;0;;;;3;1;1;0;0;;;;2;5
56022;Civitella d'Agliano;34;4;0;0;0;;;;4;3;5;0;0;;;;8;12
56022;Civitella d'Agliano;35;5;2;0;0;;;;7;7;4;0;0;;;;11;18
56022;Civitella d'Agliano;36;6;3;0;0;;;;9;4;4;0;0;;;;8;17
56022;Civitella d'Agliano;37;7;2;0;0;;;;9;2;2;0;0;;;;4;13
56022;Civitella d'Agliano;38;5;4;0;0;;;;9;3;6;0;0;;;;9;18
56022;Civitella d'Agliano;39;6;3;0;0;;;;9;3;5;0;1;;;;9;18
56022;Civitella d'Agliano;40;6;1;1;0;;;;8;3;4;1;0;;;;8;16
56022;Civitella d'Agliano;41;4;3;1;0;;;;8;6;3;0;0;;;;9;17
56022;Civitella d'Agliano;42;3;4;0;0;;;;7;2;9;0;0;;;;11;18
56022;Civitella d'Agliano;43;3;6;0;0;;;;9;3;5;0;0;;;;8;17
56022;Civitella d'Agliano;44;4;7;0;0;;;;11;2;8;1;0;;;;11;22
56022;Civitella d'Agliano;45;1;4;0;0;;;;5;4;4;1;0;;;;9;14
56022;Civitella d'Agliano;46;1;6;1;0;;;;8;3;3;2;0;;;;8;16
56022;Civitella d'Agliano;47;2;6;0;0;;;;8;3;5;1;0;;;;9;17
56022;Civitella d'Agliano;48;6;6;0;0;;;;12;3;6;2;0;;;;11;23
56022;Civitella d'Agliano;49;0;5;0;0;;;;5;2;5;0;0;;;;7;12
56022;Civitella d'Agliano;50;5;7;2;0;;;;14;3;5;0;0;;;;8;22
56022;Civitella d'Agliano;51;4;7;0;1;;;;12;0;4;0;0;;;;4;16
56022;Civitella d'Agliano;52;4;7;1;0;;;;12;1;6;4;0;;;;11;23
56022;Civitella d'Agliano;53;2;2;0;0;;;;4;1;7;1;1;;;;10;14
56022;Civitella d'Agliano;54;4;4;1;0;;;;9;3;9;0;0;;;;12;21
56022;Civitella d'Agliano;55;4;10;1;0;;;;15;5;4;0;2;;;;11;26
56022;Civitella d'Agliano;56;1;7;1;0;;;;9;2;3;0;1;;;;6;15
56022;Civitella d'Agliano;57;5;6;1;1;;;;13;1;11;1;1;;;;14;27
56022;Civitella d'Agliano;58;1;5;2;0;;;;8;3;5;0;1;;;;9;17
56022;Civitella d'Agliano;59;3;6;1;0;;;;10;2;8;1;3;;;;14;24
56022;Civitella d'Agliano;60;1;12;0;0;;;;13;0;9;2;2;;;;13;26
56022;Civitella d'Agliano;61;2;7;1;0;;;;10;2;9;0;0;;;;11;21
56022;Civitella d'Agliano;62;0;8;0;0;;;;8;2;12;0;0;;;;14;22
56022;Civitella d'Agliano;63;1;7;0;0;;;;8;1;11;0;2;;;;14;22
56022;Civitella d'Agliano;64;3;9;0;0;;;;12;1;3;0;2;;;;6;18
56022;Civitella d'Agliano;65;1;9;0;0;;;;10;1;13;1;5;;;;20;30
56022;Civitella d'Agliano;66;2;15;0;0;;;;17;0;13;0;3;;;;16;33
56022;Civitella d'Agliano;67;0;11;0;0;;;;11;1;11;2;1;;;;15;26
56022;Civitella d'Agliano;68;2;10;0;0;;;;12;1;18;0;4;;;;23;35
56022;Civitella d'Agliano;69;3;11;1;1;;;;16;0;4;0;3;;;;7;23
56022;Civitella d'Agliano;70;0;10;1;0;;;;11;0;7;0;0;;;;7;18
56022;Civitella d'Agliano;71;1;11;1;0;;;;13;0;10;0;2;;;;12;25
56022;Civitella d'Agliano;72;1;10;0;1;;;;12;1;6;0;4;;;;11;23
56022;Civitella d'Agliano;73;3;11;1;0;;;;15;0;6;1;2;;;;9;24
56022;Civitella d'Agliano;74;3;6;1;1;;;;11;2;6;3;4;;;;15;26
56022;Civitella d'Agliano;75;2;11;1;2;;;;16;0;4;0;2;;;;6;22
56022;Civitella d'Agliano;76;1;9;1;1;;;;12;0;7;0;5;;;;12;24
56022;Civitella d'Agliano;77;0;8;1;0;;;;9;0;5;0;4;;;;9;18
56022;Civitella d'Agliano;78;1;7;0;2;;;;10;1;2;0;4;;;;7;17
56022;Civitella d'Agliano;79;0;9;0;0;;;;9;0;2;0;4;;;;6;15
56022;Civitella d'Agliano;80;0;6;0;2;;;;8;0;3;0;4;;;;7;15
56022;Civitella d'Agliano;81;1;5;0;0;;;;6;0;5;0;3;;;;8;14
56022;Civitella d'Agliano;82;0;5;0;1;;;;6;0;2;0;6;;;;8;14
56022;Civitella d'Agliano;83;0;3;0;0;;;;3;1;1;0;5;;;;7;10
56022;Civitella d'Agliano;84;0;1;0;2;;;;3;2;3;0;7;;;;12;15
56022;Civitella d'Agliano;85;0;4;0;4;;;;8;0;1;0;3;;;;4;12
56022;Civitella d'Agliano;86;1;3;0;2;;;;6;0;2;0;1;;;;3;9
56022;Civitella d'Agliano;87;1;1;0;2;;;;4;0;0;0;3;;;;3;7
56022;Civitella d'Agliano;88;1;3;0;0;;;;4;0;3;0;3;;;;6;10
56022;Civitella d'Agliano;89;0;1;0;1;;;;2;1;0;0;1;;;;2;4
56022;Civitella d'Agliano;90;0;0;0;1;;;;1;0;1;0;1;;;;2;3
56022;Civitella d'Agliano;91;0;4;0;0;;;;4;0;0;0;3;;;;3;7
56022;Civitella d'Agliano;92;0;1;0;0;;;;1;0;1;0;1;;;;2;3
56022;Civitella d'Agliano;93;0;2;0;2;;;;4;0;1;0;0;;;;1;5
56022;Civitella d'Agliano;94;1;1;0;0;;;;2;0;0;0;1;;;;1;3
56022;Civitella d'Agliano;95;0;0;0;0;;;;0;1;0;0;1;;;;2;2
56022;Civitella d'Agliano;96;0;0;0;0;;;;0;0;0;0;5;;;;5;5
56022;Civitella d'Agliano;97;0;0;0;1;;;;1;0;0;0;1;;;;1;2
56022;Civitella d'Agliano;98;0;0;0;0;;;;0;0;0;0;0;;;;0;0
56022;Civitella d'Agliano;99;0;0;0;0;;;;0;0;0;0;0;;;;0;0
56022;Civitella d'Agliano;100;0;0;0;0;;;;0;0;1;0;2;;;;3;3
56022;Civitella d'Agliano;999;315;359;23;28;;;;725;255;334;25;114;;;;728;1453
56023;Corchiano;0;9;0;0;0;;;;9;16;0;0;0;;;;16;25
56023;Corchiano;1;14;0;0;0;;;;14;13;0;0;0;;;;13;27
56023;Corchiano;2;20;0;0;0;;;;20;9;0;0;0;;;;9;29
56023;Corchiano;3;12;0;0;0;;;;12;12;0;0;0;;;;12;24
56023;Corchiano;4;11;0;0;0;;;;11;13;0;0;0;;;;13;24
56023;Corchiano;5;9;0;0;0;;;;9;18;0;0;0;;;;18;27
56023;Corchiano;6;10;0;0;0;;;;10;15;0;0;0;;;;15;25
56023;Corchiano;7;16;0;0;0;;;;16;14;0;0;0;;;;14;30
56023;Corchiano;8;13;0;0;0;;;;13;10;0;0;0;;;;10;23
56023;Corchiano;9;14;0;0;0;;;;14;13;0;0;0;;;;13;27
56023;Corchiano;10;14;0;0;0;;;;14;16;0;0;0;;;;16;30
56023;Corchiano;11;14;0;0;0;;;;14;10;0;0;0;;;;10;24
56023;Corchiano;12;20;0;0;0;;;;20;15;0;0;0;;;;15;35
56023;Corchiano;13;17;0;0;0;;;;17;12;0;0;0;;;;12;29
56023;Corchiano;14;13;0;0;0;;;;13;15;0;0;0;;;;15;28
56023;Corchiano;15;15;0;0;0;;;;15;14;0;0;0;;;;14;29
56023;Corchiano;16;16;0;0;0;;;;16;23;0;0;0;;;;23;39
56023;Corchiano;17;21;0;0;0;;;;21;18;0;0;0;;;;18;39
56023;Corchiano;18;20;0;0;0;;;;20;13;0;0;0;;;;13;33
56023;Corchiano;19;22;0;0;0;;;;22;18;0;0;0;;;;18;40
56023;Corchiano;20;25;0;0;0;;;;25;16;0;0;0;;;;16;41
56023;Corchiano;21;18;0;0;0;;;;18;13;1;0;0;;;;14;32
56023;Corchiano;22;21;0;0;0;;;;21;18;0;0;0;;;;18;39
56023;Corchiano;23;23;0;0;0;;;;23;16;1;0;0;;;;17;40
56023;Corchiano;24;14;1;0;0;;;;15;17;2;0;0;;;;19;34
56023;Corchiano;25;16;0;0;0;;;;16;13;1;0;0;;;;14;30
56023;Corchiano;26;18;1;0;0;;;;19;11;1;0;0;;;;12;31
56023;Corchiano;27;13;1;0;0;;;;14;11;2;0;0;;;;13;27
56023;Corchiano;28;10;3;0;0;;;;13;11;4;0;0;;;;15;28
56023;Corchiano;29;22;3;0;0;;;;25;11;1;0;0;;;;12;37
56023;Corchiano;30;18;2;0;0;;;;20;9;2;0;0;;;;11;31
56023;Corchiano;31;16;3;0;0;;;;19;10;3;0;0;;;;13;32
56023;Corchiano;32;17;6;1;0;;;;24;12;5;0;0;;;;17;41
56023;Corchiano;33;14;4;0;0;;;;18;13;6;0;0;;;;19;37
56023;Corchiano;34;10;4;0;0;;;;14;3;10;0;0;;;;13;27
56023;Corchiano;35;14;5;0;0;;;;19;9;8;1;0;;;;18;37
56023;Corchiano;36;15;7;0;0;;;;22;9;4;1;0;;;;14;36
56023;Corchiano;37;23;7;0;0;;;;30;13;10;0;0;;;;23;53
56023;Corchiano;38;16;4;0;0;;;;20;6;4;0;0;;;;10;30
56023;Corchiano;39;18;6;0;0;;;;24;7;12;2;0;;;;21;45
56023;Corchiano;40;14;5;0;0;;;;19;7;9;1;0;;;;17;36
56023;Corchiano;41;12;5;0;0;;;;17;12;10;2;1;;;;25;42
56023;Corchiano;42;15;9;0;0;;;;24;10;17;1;0;;;;28;52
56023;Corchiano;43;11;11;1;0;;;;23;10;17;2;0;;;;29;52
56023;Corchiano;44;10;18;0;0;;;;28;7;24;0;0;;;;31;59
56023;Corchiano;45;9;15;3;0;;;;27;3;16;1;0;;;;20;47
56023;Corchiano;46;15;18;1;0;;;;34;5;22;2;0;;;;29;63
56023;Corchiano;47;1;20;0;0;;;;21;8;19;2;0;;;;29;50
56023;Corchiano;48;8;21;0;0;;;;29;3;30;1;0;;;;34;63
56023;Corchiano;49;4;29;1;0;;;;34;3;21;3;0;;;;27;61
56023;Corchiano;50;5;20;1;0;;;;26;2;14;2;0;;;;18;44
56023;Corchiano;51;4;17;2;1;;;;24;4;23;6;0;;;;33;57
56023;Corchiano;52;11;17;2;0;;;;30;3;23;3;1;;;;30;60
56023;Corchiano;53;6;28;3;0;;;;37;8;24;2;2;;;;36;73
56023;Corchiano;54;8;20;2;1;;;;31;1;16;3;0;;;;20;51
56023;Corchiano;55;3;29;3;0;;;;35;0;26;1;2;;;;29;64
56023;Corchiano;56;3;21;1;0;;;;25;3;32;3;0;;;;38;63
56023;Corchiano;57;4;21;0;0;;;;25;2;20;1;3;;;;26;51
56023;Corchiano;58;3;23;2;0;;;;28;6;16;1;0;;;;23;51
56023;Corchiano;59;6;28;3;1;;;;38;1;22;0;2;;;;25;63
56023;Corchiano;60;5;27;5;1;;;;38;1;29;4;0;;;;34;72
56023;Corchiano;61;3;20;4;0;;;;27;3;13;5;2;;;;23;50
56023;Corchiano;62;4;19;4;0;;;;27;1;26;0;7;;;;34;61
56023;Corchiano;63;6;14;1;0;;;;21;1;18;1;1;;;;21;42
56023;Corchiano;64;3;20;3;0;;;;26;2;20;1;3;;;;26;52
56023;Corchiano;65;1;22;3;0;;;;26;0;19;1;2;;;;22;48
56023;Corchiano;66;2;29;0;3;;;;34;2;21;0;0;;;;23;57
56023;Corchiano;67;1;17;1;1;;;;20;1;13;1;7;;;;22;42
56023;Corchiano;68;1;15;1;1;;;;18;0;12;2;7;;;;21;39
56023;Corchiano;69;1;10;1;1;;;;13;1;14;3;8;;;;26;39
56023;Corchiano;70;2;19;2;1;;;;24;0;17;1;8;;;;26;50
56023;Corchiano;71;2;18;1;1;;;;22;1;15;2;5;;;;23;45
56023;Corchiano;72;0;17;0;1;;;;18;0;12;0;5;;;;17;35
56023;Corchiano;73;0;23;2;0;;;;25;2;12;1;7;;;;22;47
56023;Corchiano;74;1;16;1;5;;;;23;0;12;0;7;;;;19;42
56023;Corchiano;75;2;4;2;4;;;;12;0;6;1;7;;;;14;26
56023;Corchiano;76;1;10;1;2;;;;14;1;14;0;7;;;;22;36
56023;Corchiano;77;0;12;2;0;;;;14;0;18;1;5;;;;24;38
56023;Corchiano;78;0;15;1;1;;;;17;0;3;0;9;;;;12;29
56023;Corchiano;79;0;13;2;3;;;;18;1;6;0;8;;;;15;33
56023;Corchiano;80;2;5;0;1;;;;8;0;6;0;9;;;;15;23
56023;Corchiano;81;0;8;3;3;;;;14;1;5;0;6;;;;12;26
56023;Corchiano;82;0;7;0;2;;;;9;0;1;0;6;;;;7;16
56023;Corchiano;83;1;10;0;2;;;;13;0;7;0;9;;;;16;29
56023;Corchiano;84;0;3;0;2;;;;5;0;4;0;8;;;;12;17
56023;Corchiano;85;0;5;0;0;;;;5;3;3;0;14;;;;20;25
56023;Corchiano;86;1;5;1;2;;;;9;0;2;0;9;;;;11;20
56023;Corchiano;87;0;5;0;4;;;;9;0;1;0;6;;;;7;16
56023;Corchiano;88;0;2;0;1;;;;3;0;1;0;7;;;;8;11
56023;Corchiano;89;0;1;0;1;;;;2;1;1;0;10;;;;12;14
56023;Corchiano;90;0;3;0;4;;;;7;0;0;0;14;;;;14;21
56023;Corchiano;91;0;0;0;0;;;;0;0;0;0;1;;;;1;1
56023;Corchiano;92;0;1;0;1;;;;2;1;0;0;3;;;;4;6
56023;Corchiano;93;0;0;0;1;;;;1;0;1;0;4;;;;5;6
56023;Corchiano;94;0;0;0;0;;;;0;0;0;0;3;;;;3;3
56023;Corchiano;95;0;1;0;0;;;;1;0;1;0;3;;;;4;5
56023;Corchiano;96;0;1;0;0;;;;1;0;0;0;0;;;;0;1
56023;Corchiano;97;0;0;0;0;;;;0;0;0;0;1;;;;1;1
56023;Corchiano;98;0;2;0;1;;;;3;0;0;0;0;;;;0;3
56023;Corchiano;99;0;0;0;0;;;;0;0;0;0;0;;;;0;0
56023;Corchiano;100;0;0;0;1;;;;1;0;0;0;1;;;;1;2
56023;Corchiano;999;832;831;67;54;;;;1784;636;811;65;230;;;;1742;3526
56024;Fabrica di Roma;0;15;0;0;0;;;;15;27;0;0;0;;;;27;42
56024;Fabrica di Roma;1;30;0;0;0;;;;30;18;0;0;0;;;;18;48
56024;Fabrica di Roma;2;23;0;0;0;;;;23;32;0;0;0;;;;32;55
56024;Fabrica di Roma;3;20;0;0;0;;;;20;25;0;0;0;;;;25;45
56024;Fabrica di Roma;4;25;0;0;0;;;;25;27;0;0;0;;;;27;52
56024;Fabrica di Roma;5;32;0;0;0;;;;32;32;0;0;0;;;;32;64
56024;Fabrica di Roma;6;27;0;0;0;;;;27;30;0;0;0;;;;30;57
56024;Fabrica di Roma;7;43;0;0;0;;;;43;32;0;0;0;;;;32;75
56024;Fabrica di Roma;8;34;0;0;0;;;;34;32;0;0;0;;;;32;66
56024;Fabrica di Roma;9;35;0;0;0;;;;35;32;0;0;0;;;;32;67
56024;Fabrica di Roma;10;37;0;0;0;;;;37;47;0;0;0;;;;47;84
56024;Fabrica di Roma;11;46;0;0;0;;;;46;34;0;0;0;;;;34;80
56024;Fabrica di Roma;12;32;0;0;0;;;;32;44;0;0;0;;;;44;76
56024;Fabrica di Roma;13;45;0;0;0;;;;45;35;0;0;0;;;;35;80
56024;Fabrica di Roma;14;35;0;0;0;;;;35;41;0;0;0;;;;41;76
56024;Fabrica di Roma;15;46;0;0;0;;;;46;35;0;0;0;;;;35;81
56024;Fabrica di Roma;16;47;0;0;0;;;;47;39;0;0;0;;;;39;86
56024;Fabrica di Roma;17;55;0;0;0;;;;55;41;0;0;0;;;;41;96
56024;Fabrica di Roma;18;42;0;0;0;;;;42;41;0;0;0;;;;41;83
56024;Fabrica di Roma;19;32;0;0;0;;;;32;41;0;0;0;;;;41;73
56024;Fabrica di Roma;20;43;0;0;0;;;;43;33;0;0;0;;;;33;76
56024;Fabrica di Roma;21;46;0;0;0;;;;46;37;0;0;0;;;;37;83
56024;Fabrica di Roma;22;50;0;0;0;;;;50;38;1;0;0;;;;39;89
56024;Fabrica di Roma;23;38;0;0;0;;;;38;38;0;0;0;;;;38;76
56024;Fabrica di Roma;24;37;0;0;0;;;;37;24;1;0;0;;;;25;62
56024;Fabrica di Roma;25;38;1;0;0;;;;39;30;2;0;0;;;;32;71
56024;Fabrica di Roma;26;35;0;0;0;;;;35;36;6;0;0;;;;42;77
56024;Fabrica di Roma;27;35;1;0;0;;;;36;27;4;0;0;;;;31;67
56024;Fabrica di Roma;28;40;2;0;0;;;;42;38;4;0;0;;;;42;84
56024;Fabrica di Roma;29;41;5;0;0;;;;46;34;1;0;0;;;;35;81
56024;Fabrica di Roma;30;25;6;0;0;;;;31;36;3;1;0;;;;40;71
56024;Fabrica di Roma;31;33;7;0;0;;;;40;20;10;0;0;;;;30;70
56024;Fabrica di Roma;32;44;7;0;0;;;;51;23;12;0;0;;;;35;86
56024;Fabrica di Roma;33;31;13;0;0;;;;44;24;14;0;0;;;;38;82
56024;Fabrica di Roma;34;44;10;0;0;;;;54;24;22;1;0;;;;47;101
56024;Fabrica di Roma;35;25;11;2;0;;;;38;21;22;2;0;;;;45;83
56024;Fabrica di Roma;36;28;19;1;0;;;;48;24;19;0;0;;;;43;91
56024;Fabrica di Roma;37;46;19;0;0;;;;65;35;19;0;0;;;;54;119
56024;Fabrica di Roma;38;33;20;0;0;;;;53;25;19;1;0;;;;45;98
56024;Fabrica di Roma;39;32;19;1;0;;;;52;19;22;2;0;;;;43;95
56024;Fabrica di Roma;40;35;20;1;0;;;;56;24;22;2;1;;;;49;105
56024;Fabrica di Roma;41;22;23;1;0;;;;46;21;32;1;1;;;;55;101
56024;Fabrica di Roma;42;21;21;0;0;;;;42;29;37;4;0;;;;70;112
56024;Fabrica di Roma;43;27;39;2;0;;;;68;22;24;4;2;;;;52;120
56024;Fabrica di Roma;44;34;28;1;0;;;;63;14;25;3;1;;;;43;106
56024;Fabrica di Roma;45;25;27;1;0;;;;53;13;37;8;1;;;;59;112
56024;Fabrica di Roma;46;22;43;7;0;;;;72;12;40;1;1;;;;54;126
56024;Fabrica di Roma;47;22;32;6;0;;;;60;11;51;7;1;;;;70;130
56024;Fabrica di Roma;48;23;51;2;0;;;;76;20;39;2;2;;;;63;139
56024;Fabrica di Roma;49;26;41;5;1;;;;73;16;54;7;1;;;;78;151
56024;Fabrica di Roma;50;26;42;1;0;;;;69;8;50;7;1;;;;66;135
56024;Fabrica di Roma;51;23;53;5;0;;;;81;11;54;3;2;;;;70;151
56024;Fabrica di Roma;52;17;37;4;0;;;;58;10;51;6;2;;;;69;127
56024;Fabrica di Roma;53;14;49;7;0;;;;70;13;44;3;5;;;;65;135
56024;Fabrica di Roma;54;14;43;1;1;;;;59;11;54;2;3;;;;70;129
56024;Fabrica di Roma;55;11;46;4;0;;;;61;11;52;3;3;;;;69;130
56024;Fabrica di Roma;56;18;36;1;2;;;;57;15;50;0;2;;;;67;124
56024;Fabrica di Roma;57;17;50;5;2;;;;74;5;48;2;5;;;;60;134
56024;Fabrica di Roma;58;8;65;4;0;;;;77;7;57;5;3;;;;72;149
56024;Fabrica di Roma;59;13;40;5;0;;;;58;12;54;2;3;;;;71;129
56024;Fabrica di Roma;60;12;55;6;1;;;;74;11;54;7;3;;;;75;149
56024;Fabrica di Roma;61;7;44;3;1;;;;55;9;44;4;4;;;;61;116
56024;Fabrica di Roma;62;8;51;3;1;;;;63;8;54;3;5;;;;70;133
56024;Fabrica di Roma;63;3;53;3;0;;;;59;7;54;3;5;;;;69;128
56024;Fabrica di Roma;64;6;51;1;1;;;;59;5;50;1;6;;;;62;121
56024;Fabrica di Roma;65;3;50;1;2;;;;56;9;30;5;2;;;;46;102
56024;Fabrica di Roma;66;5;50;1;1;;;;57;4;43;3;7;;;;57;114
56024;Fabrica di Roma;67;2;39;2;2;;;;45;9;58;4;11;;;;82;127
56024;Fabrica di Roma;68;3;45;0;0;;;;48;6;30;3;9;;;;48;96
56024;Fabrica di Roma;69;6;38;5;3;;;;52;6;35;2;9;;;;52;104
56024;Fabrica di Roma;70;3;59;4;1;;;;67;5;38;3;15;;;;61;128
56024;Fabrica di Roma;71;3;39;1;2;;;;45;4;38;0;14;;;;56;101
56024;Fabrica di Roma;72;5;44;2;1;;;;52;5;28;1;12;;;;46;98
56024;Fabrica di Roma;73;3;30;0;4;;;;37;6;38;1;13;;;;58;95
56024;Fabrica di Roma;74;3;33;1;6;;;;43;1;24;1;11;;;;37;80
56024;Fabrica di Roma;75;4;26;2;3;;;;35;4;20;3;14;;;;41;76
56024;Fabrica di Roma;76;2;26;3;2;;;;33;0;28;0;19;;;;47;80
56024;Fabrica di Roma;77;4;41;3;2;;;;50;2;22;0;20;;;;44;94
56024;Fabrica di Roma;78;3;35;0;6;;;;44;1;24;1;18;;;;44;88
56024;Fabrica di Roma;79;1;22;0;7;;;;30;3;6;0;10;;;;19;49
56024;Fabrica di Roma;80;1;20;0;5;;;;26;5;13;1;16;;;;35;61
56024;Fabrica di Roma;81;1;12;1;2;;;;16;5;12;0;14;;;;31;47
56024;Fabrica di Roma;82;2;8;0;4;;;;14;2;10;0;15;;;;27;41
56024;Fabrica di Roma;83;0;20;2;2;;;;24;1;14;0;7;;;;22;46
56024;Fabrica di Roma;84;5;20;0;5;;;;30;5;9;0;18;;;;32;62
56024;Fabrica di Roma;85;0;12;0;3;;;;15;2;8;0;19;;;;29;44
56024;Fabrica di Roma;86;0;10;1;1;;;;12;2;4;0;10;;;;16;28
56024;Fabrica di Roma;87;0;1;0;3;;;;4;1;4;0;16;;;;21;25
56024;Fabrica di Roma;88;0;4;1;1;;;;6;1;4;0;9;;;;14;20
56024;Fabrica di Roma;89;1;6;0;3;;;;10;0;1;0;6;;;;7;17
56024;Fabrica di Roma;90;0;2;0;2;;;;4;0;2;0;12;;;;14;18
56024;Fabrica di Roma;91;0;5;0;3;;;;8;1;1;0;10;;;;12;20
56024;Fabrica di Roma;92;0;3;0;1;;;;4;1;3;0;7;;;;11;15
56024;Fabrica di Roma;93;2;1;0;3;;;;6;0;1;0;10;;;;11;17
56024;Fabrica di Roma;94;0;3;0;1;;;;4;0;0;0;5;;;;5;9
56024;Fabrica di Roma;95;0;0;0;3;;;;3;0;0;0;2;;;;2;5
56024;Fabrica di Roma;96;0;1;0;2;;;;3;0;0;0;3;;;;3;6
56024;Fabrica di Roma;97;0;0;0;0;;;;0;0;0;0;3;;;;3;3
56024;Fabrica di Roma;98;0;0;0;0;;;;0;0;0;0;2;;;;2;2
56024;Fabrica di Roma;99;0;0;0;0;;;;0;0;0;0;0;;;;0;0
56024;Fabrica di Roma;100;0;0;0;0;;;;0;0;0;0;3;;;;3;3
56024;Fabrica di Roma;999;1961;1885;113;96;;;;4055;1687;1860;125;434;;;;4106;8161
56025;Faleria;0;3;0;0;0;;;;3;6;0;0;0;;;;6;9
56025;Faleria;1;5;0;0;0;;;;5;9;0;0;0;;;;9;14
56025;Faleria;2;9;0;0;0;;;;9;3;0;0;0;;;;3;12
56025;Faleria;3;4;0;0;0;;;;4;8;0;0;0;;;;8;12
56025;Faleria;4;2;0;0;0;;;;2;7;0;0;0;;;;7;9
56025;Faleria;5;10;0;0;0;;;;10;3;0;0;0;;;;3;13
56025;Faleria;6;5;0;0;0;;;;5;9;0;0;0;;;;9;14
56025;Faleria;7;8;0;0;0;;;;8;6;0;0;0;;;;6;14
56025;Faleria;8;7;0;0;0;;;;7;8;0;0;0;;;;8;15
56025;Faleria;9;8;0;0;0;;;;8;5;0;0;0;;;;5;13
56025;Faleria;10;10;0;0;0;;;;10;5;0;0;0;;;;5;15
56025;Faleria;11;6;0;0;0;;;;6;13;0;0;0;;;;13;19
56025;Faleria;12;13;0;0;0;;;;13;5;0;0;0;;;;5;18
56025;Faleria;13;8;0;0;0;;;;8;5;0;0;0;;;;5;13
56025;Faleria;14;10;0;0;0;;;;10;7;0;0;0;;;;7;17
56025;Faleria;15;8;0;0;0;;;;8;9;0;0;0;;;;9;17
56025;Faleria;16;7;0;0;0;;;;7;16;0;0;0;;;;16;23
56025;Faleria;17;6;0;0;0;;;;6;5;0;0;0;;;;5;11
56025;Faleria;18;13;0;0;0;;;;13;7;0;0;0;;;;7;20
56025;Faleria;19;8;0;0;0;;;;8;7;0;0;0;;;;7;15
56025;Faleria;20;10;0;0;0;;;;10;8;0;0;0;;;;8;18
56025;Faleria;21;16;0;0;0;;;;16;11;0;0;0;;;;11;27
56025;Faleria;22;6;0;0;0;;;;6;11;0;0;0;;;;11;17
56025;Faleria;23;8;0;0;0;;;;8;9;0;0;0;;;;9;17
56025;Faleria;24;7;0;0;0;;;;7;9;0;0;0;;;;9;16
56025;Faleria;25;8;0;0;0;;;;8;7;0;0;0;;;;7;15
56025;Faleria;26;9;1;0;0;;;;10;11;1;0;0;;;;12;22
56025;Faleria;27;9;0;0;0;;;;9;5;0;0;0;;;;5;14
56025;Faleria;28;9;0;0;0;;;;9;3;3;0;0;;;;6;15
56025;Faleria;29;9;1;0;0;;;;10;8;1;0;0;;;;9;19
56025;Faleria;30;7;1;0;0;;;;8;9;2;0;0;;;;11;19
56025;Faleria;31;9;1;0;0;;;;10;9;0;0;0;;;;9;19
56025;Faleria;32;8;0;0;0;;;;8;8;0;0;0;;;;8;16
56025;Faleria;33;9;2;0;0;;;;11;4;4;0;0;;;;8;19
56025;Faleria;34;9;2;2;0;;;;13;7;3;0;0;;;;10;23
56025;Faleria;35;6;1;0;1;;;;8;5;5;0;0;;;;10;18
56025;Faleria;36;9;2;0;0;;;;11;7;6;0;0;;;;13;24
56025;Faleria;37;4;4;0;0;;;;8;6;5;0;0;;;;11;19
56025;Faleria;38;6;3;0;0;;;;9;4;3;2;0;;;;9;18
56025;Faleria;39;6;3;0;0;;;;9;8;3;3;0;;;;14;23
56025;Faleria;40;7;4;0;0;;;;11;4;7;1;0;;;;12;23
56025;Faleria;41;5;7;0;0;;;;12;6;7;2;0;;;;15;27
56025;Faleria;42;4;7;0;0;;;;11;6;4;1;0;;;;11;22
56025;Faleria;43;9;9;2;0;;;;20;2;8;0;0;;;;10;30
56025;Faleria;44;8;4;1;0;;;;13;3;12;2;0;;;;17;30
56025;Faleria;45;6;4;0;1;;;;11;2;5;1;0;;;;8;19
56025;Faleria;46;9;5;0;0;;;;14;6;12;0;1;;;;19;33
56025;Faleria;47;4;6;0;0;;;;10;6;10;3;0;;;;19;29
56025;Faleria;48;7;21;0;0;;;;28;2;7;1;0;;;;10;38
56025;Faleria;49;4;8;2;0;;;;14;4;9;0;0;;;;13;27
56025;Faleria;50;10;6;1;0;;;;17;2;11;3;0;;;;16;33
56025;Faleria;51;7;12;2;0;;;;21;3;14;1;0;;;;18;39
56025;Faleria;52;1;11;1;0;;;;13;2;8;1;1;;;;12;25
56025;Faleria;53;6;7;4;1;;;;18;2;10;1;0;;;;13;31
56025;Faleria;54;4;9;1;0;;;;14;4;12;1;1;;;;18;32
56025;Faleria;55;7;13;1;0;;;;21;1;11;3;1;;;;16;37
56025;Faleria;56;8;7;2;1;;;;18;0;11;4;1;;;;16;34
56025;Faleria;57;2;6;0;1;;;;9;5;12;3;0;;;;20;29
56025;Faleria;58;1;12;1;0;;;;14;3;12;2;3;;;;20;34
56025;Faleria;59;6;12;2;0;;;;20;6;12;5;2;;;;25;45
56025;Faleria;60;3;17;1;0;;;;21;0;7;2;2;;;;11;32
56025;Faleria;61;2;16;2;0;;;;20;1;19;1;4;;;;25;45
56025;Faleria;62;5;18;2;1;;;;26;4;15;3;3;;;;25;51
56025;Faleria;63;1;13;1;0;;;;15;3;12;3;1;;;;19;34
56025;Faleria;64;1;10;0;0;;;;11;2;12;3;5;;;;22;33
56025;Faleria;65;1;11;1;0;;;;13;0;13;2;1;;;;16;29
56025;Faleria;66;4;20;5;1;;;;30;1;11;0;1;;;;13;43
56025;Faleria;67;1;14;1;0;;;;16;2;8;1;2;;;;13;29
56025;Faleria;68;0;14;0;0;;;;14;0;6;0;1;;;;7;21
56025;Faleria;69;0;10;2;1;;;;13;3;10;2;2;;;;17;30
56025;Faleria;70;2;9;1;2;;;;14;0;8;0;2;;;;10;24
56025;Faleria;71;1;5;0;0;;;;6;2;13;0;2;;;;17;23
56025;Faleria;72;1;10;0;0;;;;11;1;7;0;1;;;;9;20
56025;Faleria;73;1;12;1;1;;;;15;0;7;0;3;;;;10;25
56025;Faleria;74;0;8;1;1;;;;10;0;9;1;0;;;;10;20
56025;Faleria;75;0;8;2;1;;;;11;1;4;1;6;;;;12;23
56025;Faleria;76;0;11;0;2;;;;13;3;10;1;2;;;;16;29
56025;Faleria;77;2;7;1;1;;;;11;1;6;1;4;;;;12;23
56025;Faleria;78;0;8;2;1;;;;11;0;5;0;7;;;;12;23
56025;Faleria;79;2;7;0;0;;;;9;1;3;0;2;;;;6;15
56025;Faleria;80;0;10;0;1;;;;11;0;0;0;2;;;;2;13
56025;Faleria;81;0;5;1;1;;;;7;1;3;0;4;;;;8;15
56025;Faleria;82;0;1;2;2;;;;5;0;1;0;3;;;;4;9
56025;Faleria;83;1;0;1;0;;;;2;0;1;0;6;;;;7;9
56025;Faleria;84;1;0;0;4;;;;5;0;0;0;6;;;;6;11
56025;Faleria;85;0;2;0;0;;;;2;0;4;0;5;;;;9;11
56025;Faleria;86;0;4;0;1;;;;5;1;2;0;5;;;;8;13
56025;Faleria;87;0;0;1;1;;;;2;1;0;0;3;;;;4;6
56025;Faleria;88;1;2;0;0;;;;3;1;1;0;3;;;;5;8
56025;Faleria;89;0;4;0;2;;;;6;0;0;0;3;;;;3;9
56025;Faleria;90;0;3;0;1;;;;4;1;0;0;6;;;;7;11
56025;Faleria;91;0;2;0;0;;;;2;1;1;0;2;;;;4;6
56025;Faleria;92;0;0;0;0;;;;0;0;0;0;1;;;;1;1
56025;Faleria;93;0;1;0;0;;;;1;0;0;0;2;;;;2;3
56025;Faleria;94;0;0;0;0;;;;0;0;0;0;3;;;;3;3
56025;Faleria;95;0;0;0;0;;;;0;0;0;0;2;;;;2;2
56025;Faleria;96;0;0;0;0;;;;0;0;0;0;0;;;;0;0
56025;Faleria;97;0;1;0;0;;;;1;0;0;0;2;;;;2;3
56025;Faleria;98;0;0;0;0;;;;0;0;0;0;1;;;;1;1
56025;Faleria;99;0;0;0;0;;;;0;0;1;0;2;;;;3;3
56025;Faleria;100;1;0;0;0;;;;1;0;0;0;4;;;;4;5
56025;Faleria;999;460;454;50;30;;;;994;392;429;61;126;;;;1008;2002
56026;Farnese;0;0;0;0;0;;;;0;2;0;0;0;;;;2;2
56026;Farnese;1;4;0;0;0;;;;4;4;0;0;0;;;;4;8
56026;Farnese;2;4;0;0;0;;;;4;3;0;0;0;;;;3;7
56026;Farnese;3;3;0;0;0;;;;3;2;0;0;0;;;;2;5
56026;Farnese;4;3;0;0;0;;;;3;8;0;0;0;;;;8;11
56026;Farnese;5;5;0;0;0;;;;5;6;0;0;0;;;;6;11
56026;Farnese;6;4;0;0;0;;;;4;2;0;0;0;;;;2;6
56026;Farnese;7;8;0;0;0;;;;8;3;0;0;0;;;;3;11
56026;Farnese;8;4;0;0;0;;;;4;3;0;0;0;;;;3;7
56026;Farnese;9;4;0;0;0;;;;4;4;0;0;0;;;;4;8
56026;Farnese;10;6;0;0;0;;;;6;5;0;0;0;;;;5;11
56026;Farnese;11;4;0;0;0;;;;4;3;0;0;0;;;;3;7
56026;Farnese;12;3;0;0;0;;;;3;4;0;0;0;;;;4;7
56026;Farnese;13;2;0;0;0;;;;2;3;0;0;0;;;;3;5
56026;Farnese;14;4;0;0;0;;;;4;4;0;0;0;;;;4;8
56026;Farnese;15;4;0;0;0;;;;4;5;0;0;0;;;;5;9
56026;Farnese;16;6;0;0;0;;;;6;0;0;0;0;;;;0;6
56026;Farnese;17;3;0;0;0;;;;3;4;0;0;0;;;;4;7
56026;Farnese;18;7;0;0;0;;;;7;2;0;0;0;;;;2;9
56026;Farnese;19;3;0;0;0;;;;3;4;0;0;0;;;;4;7
56026;Farnese;20;4;0;0;0;;;;4;8;0;0;0;;;;8;12
56026;Farnese;21;6;0;0;0;;;;6;5;0;0;0;;;;5;11
56026;Farnese;22;5;0;0;0;;;;5;5;0;0;0;;;;5;10
56026;Farnese;23;7;0;0;0;;;;7;7;0;0;0;;;;7;14
56026;Farnese;24;5;0;0;0;;;;5;1;0;0;0;;;;1;6
56026;Farnese;25;8;0;0;0;;;;8;6;0;0;0;;;;6;14
56026;Farnese;26;7;0;0;0;;;;7;7;0;0;0;;;;7;14
56026;Farnese;27;8;0;0;0;;;;8;6;2;0;0;;;;8;16
56026;Farnese;28;4;0;0;0;;;;4;7;0;0;0;;;;7;11
56026;Farnese;29;1;1;0;0;;;;2;3;1;0;0;;;;4;6
56026;Farnese;30;7;1;0;0;;;;8;4;1;0;0;;;;5;13
56026;Farnese;31;9;0;0;0;;;;9;4;1;0;0;;;;5;14
56026;Farnese;32;6;0;0;0;;;;6;5;3;0;0;;;;8;14
56026;Farnese;33;5;0;0;0;;;;5;3;1;0;0;;;;4;9
56026;Farnese;34;8;0;0;0;;;;8;1;2;0;0;;;;3;11
56026;Farnese;35;4;3;0;0;;;;7;8;1;0;0;;;;9;16
56026;Farnese;36;4;2;0;0;;;;6;4;1;0;0;;;;5;11
56026;Farnese;37;5;5;0;0;;;;10;5;3;0;0;;;;8;18
56026;Farnese;38;3;2;0;0;;;;5;4;5;0;0;;;;9;14
56026;Farnese;39;5;3;0;0;;;;8;1;6;0;0;;;;7;15
56026;Farnese;40;4;3;0;0;;;;7;1;6;0;0;;;;7;14
56026;Farnese;41;3;3;0;0;;;;6;3;3;0;0;;;;6;12
56026;Farnese;42;3;2;0;0;;;;5;5;6;0;0;;;;11;16
56026;Farnese;43;6;7;0;1;;;;14;3;5;0;0;;;;8;22
56026;Farnese;44;6;5;0;0;;;;11;4;6;0;0;;;;10;21
56026;Farnese;45;2;7;1;0;;;;10;2;3;0;0;;;;5;15
56026;Farnese;46;1;9;0;0;;;;10;5;2;0;0;;;;7;17
56026;Farnese;47;3;5;2;0;;;;10;3;5;0;0;;;;8;18
56026;Farnese;48;2;4;0;0;;;;6;2;3;0;0;;;;5;11
56026;Farnese;49;2;5;2;0;;;;9;1;3;1;0;;;;5;14
56026;Farnese;50;4;8;0;0;;;;12;0;8;1;0;;;;9;21
56026;Farnese;51;2;4;2;0;;;;8;2;4;1;1;;;;8;16
56026;Farnese;52;8;6;0;0;;;;14;1;9;0;0;;;;10;24
56026;Farnese;53;0;3;1;0;;;;4;1;10;2;0;;;;13;17
56026;Farnese;54;3;8;1;0;;;;12;2;5;1;1;;;;9;21
56026;Farnese;55;3;9;1;0;;;;13;1;8;0;0;;;;9;22
56026;Farnese;56;3;5;1;1;;;;10;3;7;2;0;;;;12;22
56026;Farnese;57;6;9;0;0;;;;15;0;8;0;2;;;;10;25
56026;Farnese;58;3;8;1;0;;;;12;5;10;0;0;;;;15;27
56026;Farnese;59;1;12;0;0;;;;13;4;7;1;0;;;;12;25
56026;Farnese;60;5;2;1;2;;;;10;2;6;0;1;;;;9;19
56026;Farnese;61;3;10;1;1;;;;15;0;12;1;1;;;;14;29
56026;Farnese;62;0;12;0;0;;;;12;1;7;1;1;;;;10;22
56026;Farnese;63;1;4;1;0;;;;6;1;12;3;0;;;;16;22
56026;Farnese;64;1;8;1;0;;;;10;3;8;0;1;;;;12;22
56026;Farnese;65;1;9;0;0;;;;10;3;8;0;2;;;;13;23
56026;Farnese;66;1;4;0;0;;;;5;2;8;1;0;;;;11;16
56026;Farnese;67;1;9;1;1;;;;12;0;9;0;6;;;;15;27
56026;Farnese;68;0;9;1;0;;;;10;0;8;2;0;;;;10;20
56026;Farnese;69;2;6;0;0;;;;8;1;4;1;3;;;;9;17
56026;Farnese;70;0;4;0;1;;;;5;1;3;1;3;;;;8;13
56026;Farnese;71;1;5;1;1;;;;8;2;2;1;1;;;;6;14
56026;Farnese;72;0;14;0;2;;;;16;0;10;0;2;;;;12;28
56026;Farnese;73;2;9;0;0;;;;11;0;4;0;3;;;;7;18
56026;Farnese;74;2;3;0;1;;;;6;0;9;0;2;;;;11;17
56026;Farnese;75;1;10;0;0;;;;11;1;7;0;8;;;;16;27
56026;Farnese;76;0;7;1;0;;;;8;0;10;0;4;;;;14;22
56026;Farnese;77;1;11;0;2;;;;14;2;8;0;8;;;;18;32
56026;Farnese;78;2;6;0;1;;;;9;1;0;0;4;;;;5;14
56026;Farnese;79;0;5;0;4;;;;9;0;2;0;3;;;;5;14
56026;Farnese;80;1;3;0;0;;;;4;2;5;0;4;;;;11;15
56026;Farnese;81;0;5;0;1;;;;6;0;0;0;4;;;;4;10
56026;Farnese;82;1;3;0;1;;;;5;0;2;0;5;;;;7;12
56026;Farnese;83;1;8;0;1;;;;10;0;3;0;4;;;;7;17
56026;Farnese;84;0;5;0;2;;;;7;0;6;0;6;;;;12;19
56026;Farnese;85;0;4;0;0;;;;4;0;1;0;5;;;;6;10
56026;Farnese;86;1;2;1;0;;;;4;1;1;1;6;;;;9;13
56026;Farnese;87;1;2;1;0;;;;4;1;1;0;4;;;;6;10
56026;Farnese;88;0;1;0;1;;;;2;0;1;0;5;;;;6;8
56026;Farnese;89;0;3;0;1;;;;4;0;1;0;3;;;;4;8
56026;Farnese;90;0;0;0;0;;;;0;0;0;0;8;;;;8;8
56026;Farnese;91;0;2;0;0;;;;2;0;0;0;2;;;;2;4
56026;Farnese;92;0;0;0;0;;;;0;1;0;0;2;;;;3;3
56026;Farnese;93;0;1;0;0;;;;1;0;0;0;4;;;;4;5
56026;Farnese;94;0;0;0;0;;;;0;0;0;0;2;;;;2;2
56026;Farnese;95;0;0;0;1;;;;1;1;0;0;3;;;;4;5
56026;Farnese;96;0;0;0;0;;;;0;0;0;0;0;;;;0;0
56026;Farnese;97;0;0;0;0;;;;0;0;0;0;1;;;;1;1
56026;Farnese;98;0;0;0;0;;;;0;0;0;0;0;;;;0;0
56026;Farnese;99;0;0;0;1;;;;1;1;0;0;0;;;;1;2
56026;Farnese;100;0;0;0;0;;;;0;0;0;0;1;;;;1;1
56026;Farnese;999;286;325;22;27;;;;660;240;303;21;126;;;;690;1350
56027;Gallese;0;4;0;0;0;;;;4;5;0;0;0;;;;5;9
56027;Gallese;1;8;0;0;0;;;;8;5;0;0;0;;;;5;13
56027;Gallese;2;4;0;0;0;;;;4;4;0;0;0;;;;4;8
56027;Gallese;3;7;0;0;0;;;;7;13;0;0;0;;;;13;20
56027;Gallese;4;8;0;0;0;;;;8;13;0;0;0;;;;13;21
56027;Gallese;5;5;0;0;0;;;;5;9;0;0;0;;;;9;14
56027;Gallese;6;5;0;0;0;;;;5;13;0;0;0;;;;13;18
56027;Gallese;7;5;0;0;0;;;;5;9;0;0;0;;;;9;14
56027;Gallese;8;10;0;0;0;;;;10;11;0;0;0;;;;11;21
56027;Gallese;9;7;0;0;0;;;;7;13;0;0;0;;;;13;20
56027;Gallese;10;5;0;0;0;;;;5;6;0;0;0;;;;6;11
56027;Gallese;11;11;0;0;0;;;;11;11;0;0;0;;;;11;22
56027;Gallese;12;12;0;0;0;;;;12;15;0;0;0;;;;15;27
56027;Gallese;13;10;0;0;0;;;;10;13;0;0;0;;;;13;23
56027;Gallese;14;11;0;0;0;;;;11;9;0;0;0;;;;9;20
56027;Gallese;15;13;0;0;0;;;;13;5;0;0;0;;;;5;18
56027;Gallese;16;12;0;0;0;;;;12;13;0;0;0;;;;13;25
56027;Gallese;17;5;0;0;0;;;;5;10;0;0;0;;;;10;15
56027;Gallese;18;11;0;0;0;;;;11;20;0;0;0;;;;20;31
56027;Gallese;19;17;0;0;0;;;;17;11;0;0;0;;;;11;28
56027;Gallese;20;13;0;0;0;;;;13;2;0;0;0;;;;2;15
56027;Gallese;21;12;0;0;0;;;;12;12;1;0;0;;;;13;25
56027;Gallese;22;10;0;0;0;;;;10;11;0;0;0;;;;11;21
56027;Gallese;23;8;0;0;0;;;;8;14;0;0;0;;;;14;22
56027;Gallese;24;10;0;0;0;;;;10;9;0;0;0;;;;9;19
56027;Gallese;25;10;0;0;0;;;;10;13;0;0;0;;;;13;23
56027;Gallese;26;16;0;0;0;;;;16;11;0;0;0;;;;11;27
56027;Gallese;27;13;0;0;0;;;;13;16;0;0;0;;;;16;29
56027;Gallese;28;13;2;0;0;;;;15;14;0;0;0;;;;14;29
56027;Gallese;29;9;0;0;0;;;;9;7;4;0;0;;;;11;20
56027;Gallese;30;7;0;0;0;;;;7;6;3;0;0;;;;9;16
56027;Gallese;31;4;0;0;0;;;;4;5;2;0;0;;;;7;11
56027;Gallese;32;8;0;0;0;;;;8;8;1;0;0;;;;9;17
56027;Gallese;33;8;0;0;0;;;;8;6;8;0;0;;;;14;22
56027;Gallese;34;14;2;0;0;;;;16;4;7;0;0;;;;11;27
56027;Gallese;35;9;5;0;0;;;;14;9;5;0;0;;;;14;28
56027;Gallese;36;9;6;0;0;;;;15;4;5;1;0;;;;10;25
56027;Gallese;37;7;8;0;0;;;;15;16;6;0;0;;;;22;37
56027;Gallese;38;15;3;0;0;;;;18;4;6;0;0;;;;10;28
56027;Gallese;39;9;3;0;0;;;;12;10;6;0;0;;;;16;28
56027;Gallese;40;8;5;1;0;;;;14;12;3;0;0;;;;15;29
56027;Gallese;41;10;7;0;0;;;;17;6;4;0;1;;;;11;28
56027;Gallese;42;6;9;2;0;;;;17;5;8;0;0;;;;13;30
56027;Gallese;43;11;10;0;0;;;;21;5;17;1;0;;;;23;44
56027;Gallese;44;4;6;0;0;;;;10;3;12;2;0;;;;17;27
56027;Gallese;45;8;9;2;0;;;;19;3;11;1;0;;;;15;34
56027;Gallese;46;9;13;0;0;;;;22;4;12;1;0;;;;17;39
56027;Gallese;47;3;13;0;0;;;;16;4;10;1;1;;;;16;32
56027;Gallese;48;9;12;0;0;;;;21;1;8;1;0;;;;10;31
56027;Gallese;49;7;12;0;0;;;;19;5;11;1;0;;;;17;36
56027;Gallese;50;11;14;0;0;;;;25;5;15;2;1;;;;23;48
56027;Gallese;51;8;9;0;0;;;;17;3;15;2;1;;;;21;38
56027;Gallese;52;6;7;1;0;;;;14;2;20;3;0;;;;25;39
56027;Gallese;53;11;16;1;1;;;;29;1;19;3;2;;;;25;54
56027;Gallese;54;5;14;0;0;;;;19;4;10;1;1;;;;16;35
56027;Gallese;55;1;11;3;0;;;;15;3;19;2;1;;;;25;40
56027;Gallese;56;4;17;3;1;;;;25;4;14;2;1;;;;21;46
56027;Gallese;57;3;13;3;0;;;;19;2;17;2;0;;;;21;40
56027;Gallese;58;5;16;1;1;;;;23;3;14;0;2;;;;19;42
56027;Gallese;59;4;16;4;0;;;;24;2;17;1;0;;;;20;44
56027;Gallese;60;4;18;4;0;;;;26;2;19;3;2;;;;26;52
56027;Gallese;61;2;16;1;1;;;;20;2;20;2;3;;;;27;47
56027;Gallese;62;2;13;4;0;;;;19;1;15;1;0;;;;17;36
56027;Gallese;63;1;21;2;0;;;;24;1;11;3;3;;;;18;42
56027;Gallese;64;0;22;2;1;;;;25;2;17;0;4;;;;23;48
56027;Gallese;65;1;15;0;1;;;;17;2;18;0;1;;;;21;38
56027;Gallese;66;1;11;2;1;;;;15;0;14;1;1;;;;16;31
56027;Gallese;67;1;18;1;0;;;;20;3;11;2;3;;;;19;39
56027;Gallese;68;4;17;0;1;;;;22;1;17;2;6;;;;26;48
56027;Gallese;69;1;14;0;2;;;;17;1;11;2;1;;;;15;32
56027;Gallese;70;1;19;1;2;;;;23;0;18;0;4;;;;22;45
56027;Gallese;71;1;9;1;1;;;;12;1;9;1;6;;;;17;29
56027;Gallese;72;1;15;2;1;;;;19;1;9;1;4;;;;15;34
56027;Gallese;73;2;12;0;0;;;;14;0;14;1;1;;;;16;30
56027;Gallese;74;0;13;0;2;;;;15;0;11;0;6;;;;17;32
56027;Gallese;75;0;16;0;0;;;;16;0;9;1;2;;;;12;28
56027;Gallese;76;1;11;0;3;;;;15;0;13;1;5;;;;19;34
56027;Gallese;77;3;14;0;1;;;;18;1;5;0;6;;;;12;30
56027;Gallese;78;0;8;0;0;;;;8;0;12;0;7;;;;19;27
56027;Gallese;79;0;6;0;1;;;;7;0;7;1;6;;;;14;21
56027;Gallese;80;1;11;0;2;;;;14;1;7;1;2;;;;11;25
56027;Gallese;81;0;7;0;0;;;;7;0;7;0;5;;;;12;19
56027;Gallese;82;0;9;0;1;;;;10;0;6;0;3;;;;9;19
56027;Gallese;83;0;7;1;1;;;;9;0;6;0;4;;;;10;19
56027;Gallese;84;0;5;0;1;;;;6;0;2;0;10;;;;12;18
56027;Gallese;85;0;7;0;1;;;;8;0;3;0;6;;;;9;17
56027;Gallese;86;0;5;1;2;;;;8;0;3;0;5;;;;8;16
56027;Gallese;87;0;10;0;1;;;;11;1;0;2;7;;;;10;21
56027;Gallese;88;0;6;0;0;;;;6;0;1;0;4;;;;5;11
56027;Gallese;89;0;1;0;2;;;;3;0;2;0;6;;;;8;11
56027;Gallese;90;0;6;0;2;;;;8;0;0;0;4;;;;4;12
56027;Gallese;91;0;3;0;1;;;;4;0;0;0;4;;;;4;8
56027;Gallese;92;0;0;0;3;;;;3;0;1;0;2;;;;3;6
56027;Gallese;93;0;0;0;1;;;;1;0;0;0;4;;;;4;5
56027;Gallese;94;0;1;0;0;;;;1;0;0;0;1;;;;1;2
56027;Gallese;95;0;0;0;1;;;;1;0;0;0;0;;;;0;1
56027;Gallese;96;0;1;0;0;;;;1;0;0;0;3;;;;3;4
56027;Gallese;97;0;0;0;0;;;;0;0;0;0;0;;;;0;0
56027;Gallese;98;0;0;0;0;;;;0;0;0;0;0;;;;0;0
56027;Gallese;99;0;0;0;0;;;;0;0;0;0;1;;;;1;1
56027;Gallese;100;0;0;0;0;;;;0;0;0;0;2;;;;2;2
56027;Gallese;999;534;625;43;40;;;;1242;486;608;52;155;;;;1301;2543
56028;Gradoli;0;1;0;0;0;;;;1;3;0;0;0;;;;3;4
56028;Gradoli;1;0;0;0;0;;;;0;4;0;0;0;;;;4;4
56028;Gradoli;2;1;0;0;0;;;;1;1;0;0;0;;;;1;2
56028;Gradoli;3;2;0;0;0;;;;2;0;0;0;0;;;;0;2
56028;Gradoli;4;3;0;0;0;;;;3;4;0;0;0;;;;4;7
56028;Gradoli;5;1;0;0;0;;;;1;1;0;0;0;;;;1;2
56028;Gradoli;6;2;0;0;0;;;;2;4;0;0;0;;;;4;6
56028;Gradoli;7;2;0;0;0;;;;2;4;0;0;0;;;;4;6
56028;Gradoli;8;4;0;0;0;;;;4;5;0;0;0;;;;5;9
56028;Gradoli;9;1;0;0;0;;;;1;1;0;0;0;;;;1;2
56028;Gradoli;10;3;0;0;0;;;;3;1;0;0;0;;;;1;4
56028;Gradoli;11;3;0;0;0;;;;3;4;0;0;0;;;;4;7
56028;Gradoli;12;2;0;0;0;;;;2;1;0;0;0;;;;1;3
56028;Gradoli;13;4;0;0;0;;;;4;4;0;0;0;;;;4;8
56028;Gradoli;14;2;0;0;0;;;;2;2;0;0;0;;;;2;4
56028;Gradoli;15;2;0;0;0;;;;2;11;0;0;0;;;;11;13
56028;Gradoli;16;9;0;0;0;;;;9;2;0;0;0;;;;2;11
56028;Gradoli;17;4;0;0;0;;;;4;5;0;0;0;;;;5;9
56028;Gradoli;18;10;0;0;0;;;;10;3;0;0;0;;;;3;13
56028;Gradoli;19;6;0;0;0;;;;6;6;0;0;0;;;;6;12
56028;Gradoli;20;3;0;0;0;;;;3;8;0;0;0;;;;8;11
56028;Gradoli;21;6;0;0;0;;;;6;5;0;0;0;;;;5;11
56028;Gradoli;22;8;0;0;0;;;;8;6;0;0;0;;;;6;14
56028;Gradoli;23;9;0;0;0;;;;9;4;0;0;0;;;;4;13
56028;Gradoli;24;7;0;0;0;;;;7;1;1;0;0;;;;2;9
56028;Gradoli;25;6;1;0;0;;;;7;6;0;0;0;;;;6;13
56028;Gradoli;26;8;0;0;0;;;;8;5;0;0;0;;;;5;13
56028;Gradoli;27;3;2;0;0;;;;5;8;0;0;0;;;;8;13
56028;Gradoli;28;3;2;0;0;;;;5;3;2;0;0;;;;5;10
56028;Gradoli;29;8;1;0;0;;;;9;8;0;0;0;;;;8;17
56028;Gradoli;30;3;1;0;0;;;;4;2;1;0;0;;;;3;7
56028;Gradoli;31;4;0;0;0;;;;4;8;2;0;0;;;;10;14
56028;Gradoli;32;8;1;0;0;;;;9;3;1;0;0;;;;4;13
56028;Gradoli;33;5;1;0;0;;;;6;6;2;0;0;;;;8;14
56028;Gradoli;34;5;1;0;0;;;;6;4;1;1;0;;;;6;12
56028;Gradoli;35;7;2;0;0;;;;9;5;1;0;0;;;;6;15
56028;Gradoli;36;5;0;0;0;;;;5;5;0;0;0;;;;5;10
56028;Gradoli;37;6;1;0;0;;;;7;3;3;0;0;;;;6;13
56028;Gradoli;38;3;2;0;0;;;;5;1;4;0;0;;;;5;10
56028;Gradoli;39;2;1;0;0;;;;3;2;2;0;0;;;;4;7
56028;Gradoli;40;9;2;0;0;;;;11;0;8;0;0;;;;8;19
56028;Gradoli;41;7;3;1;0;;;;11;1;4;0;0;;;;5;16
56028;Gradoli;42;2;4;0;0;;;;6;0;1;1;0;;;;2;8
56028;Gradoli;43;6;4;0;0;;;;10;3;2;0;0;;;;5;15
56028;Gradoli;44;0;3;0;0;;;;3;4;2;0;0;;;;6;9
56028;Gradoli;45;6;1;0;0;;;;7;2;7;1;0;;;;10;17
56028;Gradoli;46;3;1;0;0;;;;4;4;6;0;0;;;;10;14
56028;Gradoli;47;1;1;0;0;;;;2;2;6;0;0;;;;8;10
56028;Gradoli;48;0;7;0;0;;;;7;2;7;1;0;;;;10;17
56028;Gradoli;49;2;2;2;0;;;;6;1;4;3;0;;;;8;14
56028;Gradoli;50;3;6;0;0;;;;9;0;5;0;0;;;;5;14
56028;Gradoli;51;4;4;2;0;;;;10;5;5;0;1;;;;11;21
56028;Gradoli;52;1;5;0;0;;;;6;1;6;3;0;;;;10;16
56028;Gradoli;53;1;6;0;0;;;;7;2;8;2;0;;;;12;19
56028;Gradoli;54;3;5;0;0;;;;8;2;7;1;0;;;;10;18
56028;Gradoli;55;3;4;2;0;;;;9;2;10;2;0;;;;14;23
56028;Gradoli;56;3;11;2;0;;;;16;1;10;0;0;;;;11;27
56028;Gradoli;57;3;8;1;0;;;;12;0;11;0;0;;;;11;23
56028;Gradoli;58;0;9;0;0;;;;9;1;9;1;1;;;;12;21
56028;Gradoli;59;2;9;1;0;;;;12;2;3;0;1;;;;6;18
56028;Gradoli;60;2;8;1;0;;;;11;2;9;1;1;;;;13;24
56028;Gradoli;61;5;8;1;0;;;;14;1;11;0;0;;;;12;26
56028;Gradoli;62;2;5;4;0;;;;11;0;8;2;3;;;;13;24
56028;Gradoli;63;2;15;0;0;;;;17;3;5;1;1;;;;10;27
56028;Gradoli;64;1;11;3;0;;;;15;1;6;0;1;;;;8;23
56028;Gradoli;65;1;7;1;0;;;;9;0;4;0;2;;;;6;15
56028;Gradoli;66;3;7;1;2;;;;13;1;5;0;0;;;;6;19
56028;Gradoli;67;1;3;0;1;;;;5;0;5;0;3;;;;8;13
56028;Gradoli;68;3;9;0;0;;;;12;1;8;0;1;;;;10;22
56028;Gradoli;69;4;9;0;1;;;;14;0;11;0;0;;;;11;25
56028;Gradoli;70;0;7;0;0;;;;7;1;8;0;1;;;;10;17
56028;Gradoli;71;0;10;0;0;;;;10;1;4;1;2;;;;8;18
56028;Gradoli;72;2;10;1;0;;;;13;0;3;1;1;;;;5;18
56028;Gradoli;73;1;2;0;0;;;;3;2;5;0;1;;;;8;11
56028;Gradoli;74;1;5;0;0;;;;6;0;6;0;5;;;;11;17
56028;Gradoli;75;3;0;0;0;;;;3;1;7;0;3;;;;11;14
56028;Gradoli;76;3;6;0;0;;;;9;0;4;0;7;;;;11;20
56028;Gradoli;77;0;11;0;1;;;;12;0;1;1;3;;;;5;17
56028;Gradoli;78;1;9;1;0;;;;11;1;2;0;5;;;;8;19
56028;Gradoli;79;1;8;0;0;;;;9;0;2;0;7;;;;9;18
56028;Gradoli;80;1;2;0;1;;;;4;0;4;0;2;;;;6;10
56028;Gradoli;81;1;0;0;1;;;;2;0;3;0;3;;;;6;8
56028;Gradoli;82;0;4;1;0;;;;5;1;1;0;0;;;;2;7
56028;Gradoli;83;2;3;0;0;;;;5;0;3;0;2;;;;5;10
56028;Gradoli;84;0;2;0;1;;;;3;1;3;0;7;;;;11;14
56028;Gradoli;85;0;2;0;1;;;;3;1;3;0;10;;;;14;17
56028;Gradoli;86;1;5;0;0;;;;6;0;2;0;9;;;;11;17
56028;Gradoli;87;1;1;0;5;;;;7;2;0;0;6;;;;8;15
56028;Gradoli;88;0;2;0;0;;;;2;0;0;0;1;;;;1;3
56028;Gradoli;89;0;2;0;0;;;;2;0;0;0;7;;;;7;9
56028;Gradoli;90;0;0;0;0;;;;0;0;0;0;3;;;;3;3
56028;Gradoli;91;0;2;0;1;;;;3;1;0;0;2;;;;3;6
56028;Gradoli;92;0;0;0;1;;;;1;0;0;0;1;;;;1;2
56028;Gradoli;93;1;0;0;0;;;;1;0;0;0;2;;;;2;3
56028;Gradoli;94;0;1;0;0;;;;1;0;0;0;4;;;;4;5
56028;Gradoli;95;0;0;0;0;;;;0;0;0;0;2;;;;2;2
56028;Gradoli;96;0;0;0;0;;;;0;0;0;0;0;;;;0;0
56028;Gradoli;97;1;0;0;1;;;;2;0;0;0;0;;;;0;2
56028;Gradoli;98;0;0;0;0;;;;0;0;0;0;1;;;;1;1
56028;Gradoli;99;0;0;0;0;;;;0;0;0;0;1;;;;1;1
56028;Gradoli;100;0;0;0;0;;;;0;0;0;0;0;;;;0;0
56028;Gradoli;999;274;287;25;17;;;;603;215;274;23;113;;;;625;1228
56029;Graffignano;0;1;0;0;0;;;;1;3;0;0;0;;;;3;4
56029;Graffignano;1;6;0;0;0;;;;6;3;0;0;0;;;;3;9
56029;Graffignano;2;6;0;0;0;;;;6;6;0;0;0;;;;6;12
56029;Graffignano;3;8;0;0;0;;;;8;7;0;0;0;;;;7;15
56029;Graffignano;4;12;0;0;0;;;;12;1;0;0;0;;;;1;13
56029;Graffignano;5;8;0;0;0;;;;8;10;0;0;0;;;;10;18
56029;Graffignano;6;9;0;0;0;;;;9;6;0;0;0;;;;6;15
56029;Graffignano;7;7;0;0;0;;;;7;4;0;0;0;;;;4;11
56029;Graffignano;8;11;0;0;0;;;;11;6;0;0;0;;;;6;17
56029;Graffignano;9;12;0;0;0;;;;12;10;0;0;0;;;;10;22
56029;Graffignano;10;6;0;0;0;;;;6;7;0;0;0;;;;7;13
56029;Graffignano;11;11;0;0;0;;;;11;5;0;0;0;;;;5;16
56029;Graffignano;12;5;0;0;0;;;;5;6;0;0;0;;;;6;11
56029;Graffignano;13;9;0;0;0;;;;9;8;0;0;0;;;;8;17
56029;Graffignano;14;10;0;0;0;;;;10;9;0;0;0;;;;9;19
56029;Graffignano;15;10;0;0;0;;;;10;6;0;0;0;;;;6;16
56029;Graffignano;16;9;0;0;0;;;;9;12;0;0;0;;;;12;21
56029;Graffignano;17;10;0;0;0;;;;10;5;0;0;0;;;;5;15
56029;Graffignano;18;9;0;0;0;;;;9;6;0;0;0;;;;6;15
56029;Graffignano;19;3;0;0;0;;;;3;11;0;0;0;;;;11;14
56029;Graffignano;20;8;0;0;0;;;;8;6;0;0;0;;;;6;14
56029;Graffignano;21;10;0;0;0;;;;10;4;0;0;0;;;;4;14
56029;Graffignano;22;6;0;0;0;;;;6;9;0;0;0;;;;9;15
56029;Graffignano;23;4;0;0;0;;;;4;8;0;0;0;;;;8;12
56029;Graffignano;24;4;0;0;0;;;;4;11;0;0;0;;;;11;15
56029;Graffignano;25;8;0;0;0;;;;8;9;0;0;0;;;;9;17
56029;Graffignano;26;10;0;0;0;;;;10;7;0;0;0;;;;7;17
56029;Graffignano;27;7;0;0;0;;;;7;12;0;0;0;;;;12;19
56029;Graffignano;28;4;0;0;0;;;;4;7;1;0;0;;;;8;12
56029;Graffignano;29;14;0;0;0;;;;14;12;2;0;0;;;;14;28
56029;Graffignano;30;10;1;0;0;;;;11;6;4;0;0;;;;10;21
56029;Graffignano;31;7;4;0;0;;;;11;5;1;0;0;;;;6;17
56029;Graffignano;32;8;1;0;0;;;;9;9;3;0;0;;;;12;21
56029;Graffignano;33;6;1;0;0;;;;7;2;5;0;0;;;;7;14
56029;Graffignano;34;8;2;0;0;;;;10;6;5;0;0;;;;11;21
56029;Graffignano;35;11;1;0;0;;;;12;8;7;0;0;;;;15;27
56029;Graffignano;36;7;7;0;0;;;;14;8;4;0;0;;;;12;26
56029;Graffignano;37;8;4;1;0;;;;13;4;4;0;0;;;;8;21
56029;Graffignano;38;7;1;0;0;;;;8;5;5;0;0;;;;10;18
56029;Graffignano;39;11;5;0;0;;;;16;3;2;0;0;;;;5;21
56029;Graffignano;40;15;4;0;0;;;;19;4;5;0;0;;;;9;28
56029;Graffignano;41;2;0;1;0;;;;3;4;10;0;0;;;;14;17
56029;Graffignano;42;3;7;0;0;;;;10;6;6;0;0;;;;12;22
56029;Graffignano;43;6;2;0;0;;;;8;2;7;1;0;;;;10;18
56029;Graffignano;44;5;6;1;0;;;;12;3;6;0;0;;;;9;21
56029;Graffignano;45;1;8;0;0;;;;9;4;11;0;1;;;;16;25
56029;Graffignano;46;9;8;0;0;;;;17;1;11;1;0;;;;13;30
56029;Graffignano;47;5;8;0;0;;;;13;6;4;1;0;;;;11;24
56029;Graffignano;48;7;8;0;0;;;;15;6;12;1;0;;;;19;34
56029;Graffignano;49;6;15;1;0;;;;22;3;13;2;0;;;;18;40
56029;Graffignano;50;7;11;2;0;;;;20;1;10;2;1;;;;14;34
56029;Graffignano;51;3;10;2;0;;;;15;3;12;0;1;;;;16;31
56029;Graffignano;52;1;12;0;0;;;;13;3;13;1;0;;;;17;30
56029;Graffignano;53;2;16;2;0;;;;20;1;12;2;0;;;;15;35
56029;Graffignano;54;2;18;2;1;;;;23;5;18;3;0;;;;26;49
56029;Graffignano;55;1;7;1;0;;;;9;2;13;1;0;;;;16;25
56029;Graffignano;56;2;8;0;1;;;;11;0;10;2;2;;;;14;25
56029;Graffignano;57;6;16;2;0;;;;24;5;13;2;0;;;;20;44
56029;Graffignano;58;2;13;2;0;;;;17;0;13;2;1;;;;16;33
56029;Graffignano;59;1;18;5;0;;;;24;0;13;3;2;;;;18;42
56029;Graffignano;60;5;14;2;0;;;;21;2;10;3;0;;;;15;36
56029;Graffignano;61;2;10;1;2;;;;15;1;13;1;4;;;;19;34
56029;Graffignano;62;2;16;0;1;;;;19;0;14;2;0;;;;16;35
56029;Graffignano;63;1;13;3;0;;;;17;1;14;1;0;;;;16;33
56029;Graffignano;64;2;9;0;0;;;;11;2;11;2;4;;;;19;30
56029;Graffignano;65;5;15;1;0;;;;21;3;15;0;0;;;;18;39
56029;Graffignano;66;0;9;0;0;;;;9;1;11;1;5;;;;18;27
56029;Graffignano;67;2;11;2;0;;;;15;1;9;2;2;;;;14;29
56029;Graffignano;68;2;18;0;2;;;;22;2;10;2;3;;;;17;39
56029;Graffignano;69;1;10;1;0;;;;12;0;14;0;3;;;;17;29
56029;Graffignano;70;0;7;1;0;;;;8;1;12;0;2;;;;15;23
56029;Graffignano;71;0;16;1;0;;;;17;0;11;1;6;;;;18;35
56029;Graffignano;72;0;9;2;2;;;;13;2;5;0;3;;;;10;23
56029;Graffignano;73;0;13;1;2;;;;16;1;6;0;5;;;;12;28
56029;Graffignano;74;2;14;1;2;;;;19;1;7;0;2;;;;10;29
56029;Graffignano;75;1;12;2;0;;;;15;1;14;1;7;;;;23;38
56029;Graffignano;76;2;14;0;2;;;;18;1;12;1;6;;;;20;38
56029;Graffignano;77;1;13;0;3;;;;17;2;8;0;6;;;;16;33
56029;Graffignano;78;0;4;0;1;;;;5;1;7;0;3;;;;11;16
56029;Graffignano;79;0;10;0;2;;;;12;0;7;3;4;;;;14;26
56029;Graffignano;80;2;6;0;2;;;;10;0;4;1;7;;;;12;22
56029;Graffignano;81;0;5;0;2;;;;7;0;3;0;8;;;;11;18
56029;Graffignano;82;1;5;0;2;;;;8;0;1;0;9;;;;10;18
56029;Graffignano;83;0;10;1;0;;;;11;1;9;0;6;;;;16;27
56029;Graffignano;84;0;4;1;0;;;;5;1;2;0;7;;;;10;15
56029;Graffignano;85;1;4;0;0;;;;5;0;3;0;7;;;;10;15
56029;Graffignano;86;0;2;0;1;;;;3;1;3;0;8;;;;12;15
56029;Graffignano;87;0;6;0;2;;;;8;0;1;0;7;;;;8;16
56029;Graffignano;88;0;1;0;1;;;;2;0;0;0;1;;;;1;3
56029;Graffignano;89;0;0;0;2;;;;2;0;1;0;6;;;;7;9
56029;Graffignano;90;0;0;0;0;;;;0;0;0;0;3;;;;3;3
56029;Graffignano;91;0;0;0;0;;;;0;0;2;0;5;;;;7;7
56029;Graffignano;92;0;0;0;0;;;;0;0;0;0;3;;;;3;3
56029;Graffignano;93;0;2;0;1;;;;3;0;0;0;3;;;;3;6
56029;Graffignano;94;0;0;0;0;;;;0;0;0;0;2;;;;2;2
56029;Graffignano;95;0;0;0;1;;;;1;0;0;0;1;;;;1;2
56029;Graffignano;96;0;0;0;0;;;;0;0;0;0;1;;;;1;1
56029;Graffignano;97;0;0;0;0;;;;0;0;0;0;0;;;;0;0
56029;Graffignano;98;0;0;0;0;;;;0;0;0;0;1;;;;1;1
56029;Graffignano;99;0;0;0;0;;;;0;0;0;0;0;;;;0;0
56029;Graffignano;100;0;0;0;0;;;;0;0;0;0;0;;;;0;0
56029;Graffignano;999;438;504;42;35;;;;1019;357;494;45;158;;;;1054;2073
56030;Grotte di Castro;0;6;0;0;0;;;;6;8;0;0;0;;;;8;14
56030;Grotte di Castro;1;5;0;0;0;;;;5;4;0;0;0;;;;4;9
56030;Grotte di Castro;2;11;0;0;0;;;;11;4;0;0;0;;;;4;15
56030;Grotte di Castro;3;6;0;0;0;;;;6;5;0;0;0;;;;5;11
56030;Grotte di Castro;4;7;0;0;0;;;;7;2;0;0;0;;;;2;9
56030;Grotte di Castro;5;1;0;0;0;;;;1;7;0;0;0;;;;7;8
56030;Grotte di Castro;6;9;0;0;0;;;;9;3;0;0;0;;;;3;12
56030;Grotte di Castro;7;8;0;0;0;;;;8;2;0;0;0;;;;2;10
56030;Grotte di Castro;8;7;0;0;0;;;;7;7;0;0;0;;;;7;14
56030;Grotte di Castro;9;6;0;0;0;;;;6;8;0;0;0;;;;8;14
56030;Grotte di Castro;10;4;0;0;0;;;;4;8;0;0;0;;;;8;12
56030;Grotte di Castro;11;5;0;0;0;;;;5;3;0;0;0;;;;3;8
56030;Grotte di Castro;12;4;0;0;0;;;;4;7;0;0;0;;;;7;11
56030;Grotte di Castro;13;7;0;0;0;;;;7;5;0;0;0;;;;5;12
56030;Grotte di Castro;14;6;0;0;0;;;;6;10;0;0;0;;;;10;16
56030;Grotte di Castro;15;10;0;0;0;;;;10;8;0;0;0;;;;8;18
56030;Grotte di Castro;16;5;0;0;0;;;;5;15;0;0;0;;;;15;20
56030;Grotte di Castro;17;7;0;0;0;;;;7;5;0;0;0;;;;5;12
56030;Grotte di Castro;18;14;0;0;0;;;;14;13;0;0;0;;;;13;27
56030;Grotte di Castro;19;7;0;0;0;;;;7;7;0;0;0;;;;7;14
56030;Grotte di Castro;20;9;0;0;0;;;;9;6;0;0;0;;;;6;15
56030;Grotte di Castro;21;9;0;0;0;;;;9;5;0;0;0;;;;5;14
56030;Grotte di Castro;22;16;0;0;0;;;;16;8;0;0;0;;;;8;24
56030;Grotte di Castro;23;13;0;0;0;;;;13;13;1;0;0;;;;14;27
56030;Grotte di Castro;24;20;0;0;0;;;;20;7;0;0;0;;;;7;27
56030;Grotte di Castro;25;14;0;0;0;;;;14;5;0;0;0;;;;5;19
56030;Grotte di Castro;26;19;0;0;0;;;;19;9;5;0;0;;;;14;33
56030;Grotte di Castro;27;17;2;0;0;;;;19;10;4;0;0;;;;14;33
56030;Grotte di Castro;28;19;1;0;0;;;;20;8;2;0;0;;;;10;30
56030;Grotte di Castro;29;11;2;0;0;;;;13;8;3;0;0;;;;11;24
56030;Grotte di Castro;30;7;0;0;0;;;;7;11;0;0;0;;;;11;18
56030;Grotte di Castro;31;16;2;0;0;;;;18;3;1;0;0;;;;4;22
56030;Grotte di Castro;32;15;2;0;0;;;;17;8;0;0;0;;;;8;25
56030;Grotte di Castro;33;8;6;0;0;;;;14;7;2;0;0;;;;9;23
56030;Grotte di Castro;34;15;1;0;0;;;;16;4;4;0;0;;;;8;24
56030;Grotte di Castro;35;13;2;0;0;;;;15;6;2;0;0;;;;8;23
56030;Grotte di Castro;36;11;3;0;0;;;;14;7;4;0;0;;;;11;25
56030;Grotte di Castro;37;14;2;0;0;;;;16;9;4;1;0;;;;14;30
56030;Grotte di Castro;38;12;2;0;0;;;;14;4;4;1;0;;;;9;23
56030;Grotte di Castro;39;10;5;0;0;;;;15;4;3;0;0;;;;7;22
56030;Grotte di Castro;40;6;9;0;0;;;;15;4;15;0;0;;;;19;34
56030;Grotte di Castro;41;8;4;0;0;;;;12;5;2;0;0;;;;7;19
56030;Grotte di Castro;42;8;5;0;0;;;;13;4;6;0;0;;;;10;23
56030;Grotte di Castro;43;8;7;0;0;;;;15;5;9;0;0;;;;14;29
56030;Grotte di Castro;44;10;4;0;0;;;;14;2;4;0;0;;;;6;20
56030;Grotte di Castro;45;4;5;0;0;;;;9;2;14;0;2;;;;18;27
56030;Grotte di Castro;46;7;8;0;0;;;;15;2;10;1;0;;;;13;28
56030;Grotte di Castro;47;7;13;0;0;;;;20;4;12;1;0;;;;17;37
56030;Grotte di Castro;48;8;6;0;0;;;;14;3;12;1;0;;;;16;30
56030;Grotte di Castro;49;10;14;1;0;;;;25;4;13;3;0;;;;20;45
56030;Grotte di Castro;50;6;9;1;0;;;;16;3;10;0;1;;;;14;30
56030;Grotte di Castro;51;5;10;0;0;;;;15;2;15;0;0;;;;17;32
56030;Grotte di Castro;52;7;10;0;1;;;;18;2;18;2;2;;;;24;42
56030;Grotte di Castro;53;6;19;2;0;;;;27;2;17;2;0;;;;21;48
56030;Grotte di Castro;54;6;11;1;1;;;;19;2;12;1;1;;;;16;35
56030;Grotte di Castro;55;5;15;1;0;;;;21;1;11;0;0;;;;12;33
56030;Grotte di Castro;56;7;16;2;0;;;;25;2;11;1;0;;;;14;39
56030;Grotte di Castro;57;1;11;1;0;;;;13;0;15;1;0;;;;16;29
56030;Grotte di Castro;58;4;14;2;0;;;;20;1;15;3;1;;;;20;40
56030;Grotte di Castro;59;1;18;0;0;;;;19;3;16;2;1;;;;22;41
56030;Grotte di Castro;60;1;18;1;0;;;;20;0;21;1;2;;;;24;44
56030;Grotte di Castro;61;3;19;2;0;;;;24;1;17;1;1;;;;20;44
56030;Grotte di Castro;62;1;20;0;0;;;;21;2;19;3;0;;;;24;45
56030;Grotte di Castro;63;1;21;1;0;;;;23;1;14;0;3;;;;18;41
56030;Grotte di Castro;64;1;9;4;1;;;;15;0;13;1;2;;;;16;31
56030;Grotte di Castro;65;2;14;2;1;;;;19;1;8;0;1;;;;10;29
56030;Grotte di Castro;66;5;16;1;1;;;;23;2;18;0;1;;;;21;44
56030;Grotte di Castro;67;4;12;1;1;;;;18;0;8;0;4;;;;12;30
56030;Grotte di Castro;68;0;10;0;1;;;;11;0;11;2;5;;;;18;29
56030;Grotte di Castro;69;1;14;0;0;;;;15;1;20;2;5;;;;28;43
56030;Grotte di Castro;70;1;19;1;0;;;;21;1;18;1;4;;;;24;45
56030;Grotte di Castro;71;2;15;0;2;;;;19;2;13;1;2;;;;18;37
56030;Grotte di Castro;72;0;14;0;0;;;;14;0;14;2;6;;;;22;36
56030;Grotte di Castro;73;1;13;0;2;;;;16;0;8;0;6;;;;14;30
56030;Grotte di Castro;74;5;11;0;0;;;;16;1;10;1;5;;;;17;33
56030;Grotte di Castro;75;3;11;0;0;;;;14;0;7;0;5;;;;12;26
56030;Grotte di Castro;76;2;17;0;1;;;;20;1;9;0;12;;;;22;42
56030;Grotte di Castro;77;1;15;0;1;;;;17;0;10;0;9;;;;19;36
56030;Grotte di Castro;78;1;7;1;1;;;;10;2;10;0;4;;;;16;26
56030;Grotte di Castro;79;0;4;0;2;;;;6;1;8;0;7;;;;16;22
56030;Grotte di Castro;80;0;13;0;1;;;;14;0;8;2;5;;;;15;29
56030;Grotte di Castro;81;0;8;0;2;;;;10;0;2;0;5;;;;7;17
56030;Grotte di Castro;82;1;4;0;1;;;;6;1;7;0;4;;;;12;18
56030;Grotte di Castro;83;1;7;0;2;;;;10;1;1;0;3;;;;5;15
56030;Grotte di Castro;84;0;6;0;2;;;;8;0;7;0;12;;;;19;27
56030;Grotte di Castro;85;1;12;0;3;;;;16;2;1;0;12;;;;15;31
56030;Grotte di Castro;86;2;10;1;5;;;;18;1;0;0;5;;;;6;24
56030;Grotte di Castro;87;0;6;0;3;;;;9;0;4;0;6;;;;10;19
56030;Grotte di Castro;88;0;2;0;1;;;;3;2;0;0;9;;;;11;14
56030;Grotte di Castro;89;0;1;0;3;;;;4;0;2;0;12;;;;14;18
56030;Grotte di Castro;90;1;3;0;2;;;;6;0;0;0;7;;;;7;13
56030;Grotte di Castro;91;0;2;0;0;;;;2;1;0;0;7;;;;8;10
56030;Grotte di Castro;92;0;1;0;0;;;;1;0;1;0;3;;;;4;5
56030;Grotte di Castro;93;0;1;0;0;;;;1;1;0;0;2;;;;3;4
56030;Grotte di Castro;94;0;0;0;1;;;;1;0;0;0;5;;;;5;6
56030;Grotte di Castro;95;0;0;0;0;;;;0;0;2;0;0;;;;2;2
56030;Grotte di Castro;96;0;0;0;0;;;;0;0;0;0;1;;;;1;1
56030;Grotte di Castro;97;0;0;0;0;;;;0;1;0;0;1;;;;2;2
56030;Grotte di Castro;98;0;0;0;1;;;;1;0;0;0;1;;;;1;2
56030;Grotte di Castro;99;0;0;0;0;;;;0;0;0;0;1;;;;1;1
56030;Grotte di Castro;100;0;0;0;0;;;;0;0;0;0;0;;;;0;0
56030;Grotte di Castro;999;568;593;26;43;;;;1230;352;567;37;193;;;;1149;2379
56031;Ischia di Castro;0;6;0;0;0;;;;6;4;0;0;0;;;;4;10
56031;Ischia di Castro;1;3;0;0;0;;;;3;5;0;0;0;;;;5;8
56031;Ischia di Castro;2;4;0;0;0;;;;4;6;0;0;0;;;;6;10
56031;Ischia di Castro;3;10;0;0;0;;;;10;6;0;0;0;;;;6;16
56031;Ischia di Castro;4;4;0;0;0;;;;4;4;0;0;0;;;;4;8
56031;Ischia di Castro;5;10;0;0;0;;;;10;8;0;0;0;;;;8;18
56031;Ischia di Castro;6;5;0;0;0;;;;5;7;0;0;0;;;;7;12
56031;Ischia di Castro;7;6;0;0;0;;;;6;3;0;0;0;;;;3;9
56031;Ischia di Castro;8;6;0;0;0;;;;6;8;0;0;0;;;;8;14
56031;Ischia di Castro;9;5;0;0;0;;;;5;6;0;0;0;;;;6;11
56031;Ischia di Castro;10;8;0;0;0;;;;8;9;0;0;0;;;;9;17
56031;Ischia di Castro;11;11;0;0;0;;;;11;5;0;0;0;;;;5;16
56031;Ischia di Castro;12;8;0;0;0;;;;8;7;0;0;0;;;;7;15
56031;Ischia di Castro;13;3;0;0;0;;;;3;12;0;0;0;;;;12;15
56031;Ischia di Castro;14;10;0;0;0;;;;10;10;0;0;0;;;;10;20
56031;Ischia di Castro;15;9;0;0;0;;;;9;9;0;0;0;;;;9;18
56031;Ischia di Castro;16;11;0;0;0;;;;11;9;0;0;0;;;;9;20
56031;Ischia di Castro;17;2;0;0;0;;;;2;11;0;0;0;;;;11;13
56031;Ischia di Castro;18;11;0;0;0;;;;11;11;0;0;0;;;;11;22
56031;Ischia di Castro;19;13;0;0;0;;;;13;8;0;0;0;;;;8;21
56031;Ischia di Castro;20;11;0;0;0;;;;11;6;0;0;0;;;;6;17
56031;Ischia di Castro;21;8;0;0;0;;;;8;3;0;0;0;;;;3;11
56031;Ischia di Castro;22;12;0;0;0;;;;12;6;0;0;0;;;;6;18
56031;Ischia di Castro;23;7;0;0;0;;;;7;10;0;0;0;;;;10;17
56031;Ischia di Castro;24;8;0;0;0;;;;8;6;0;0;0;;;;6;14
56031;Ischia di Castro;25;6;0;0;0;;;;6;7;0;0;0;;;;7;13
56031;Ischia di Castro;26;10;0;0;0;;;;10;4;0;0;0;;;;4;14
56031;Ischia di Castro;27;8;0;0;0;;;;8;5;0;0;0;;;;5;13
56031;Ischia di Castro;28;6;0;0;0;;;;6;4;4;0;0;;;;8;14
56031;Ischia di Castro;29;16;1;0;0;;;;17;7;3;0;0;;;;10;27
56031;Ischia di Castro;30;5;1;0;0;;;;6;8;0;0;0;;;;8;14
56031;Ischia di Castro;31;10;0;0;0;;;;10;8;5;0;0;;;;13;23
56031;Ischia di Castro;32;9;2;0;0;;;;11;9;2;0;0;;;;11;22
56031;Ischia di Castro;33;10;1;0;0;;;;11;2;0;0;0;;;;2;13
56031;Ischia di Castro;34;11;3;0;0;;;;14;14;5;0;0;;;;19;33
56031;Ischia di Castro;35;7;4;0;0;;;;11;5;5;0;0;;;;10;21
56031;Ischia di Castro;36;8;4;0;0;;;;12;1;5;0;0;;;;6;18
56031;Ischia di Castro;37;7;5;0;0;;;;12;8;4;0;0;;;;12;24
56031;Ischia di Castro;38;6;4;0;0;;;;10;6;4;0;0;;;;10;20
56031;Ischia di Castro;39;4;3;0;0;;;;7;2;9;2;1;;;;14;21
56031;Ischia di Castro;40;7;7;0;0;;;;14;9;7;0;0;;;;16;30
56031;Ischia di Castro;41;4;6;0;0;;;;10;6;9;1;0;;;;16;26
56031;Ischia di Castro;42;12;9;0;0;;;;21;7;7;1;0;;;;15;36
56031;Ischia di Castro;43;6;8;0;0;;;;14;7;6;0;1;;;;14;28
56031;Ischia di Castro;44;8;6;0;0;;;;14;4;10;1;0;;;;15;29
56031;Ischia di Castro;45;6;16;1;0;;;;23;3;8;0;0;;;;11;34
56031;Ischia di Castro;46;7;7;2;0;;;;16;3;12;0;0;;;;15;31
56031;Ischia di Castro;47;7;7;0;0;;;;14;4;10;1;0;;;;15;29
56031;Ischia di Castro;48;7;5;0;0;;;;12;2;13;0;0;;;;15;27
56031;Ischia di Castro;49;2;9;1;0;;;;12;6;13;0;1;;;;20;32
56031;Ischia di Castro;50;4;10;0;0;;;;14;1;10;4;0;;;;15;29
56031;Ischia di Castro;51;7;13;0;0;;;;20;2;11;1;0;;;;14;34
56031;Ischia di Castro;52;0;7;0;0;;;;7;2;7;1;0;;;;10;17
56031;Ischia di Castro;53;7;9;3;0;;;;19;2;14;1;1;;;;18;37
56031;Ischia di Castro;54;2;17;2;0;;;;21;1;12;0;0;;;;13;34
56031;Ischia di Castro;55;2;14;1;0;;;;17;1;13;0;3;;;;17;34
56031;Ischia di Castro;56;5;11;2;0;;;;18;2;8;1;1;;;;12;30
56031;Ischia di Castro;57;5;11;0;0;;;;16;2;9;2;1;;;;14;30
56031;Ischia di Castro;58;8;8;1;0;;;;17;4;21;4;2;;;;31;48
56031;Ischia di Castro;59;2;11;2;0;;;;15;3;14;0;3;;;;20;35
56031;Ischia di Castro;60;6;10;0;1;;;;17;6;16;0;3;;;;25;42
56031;Ischia di Castro;61;2;12;0;0;;;;14;1;14;3;1;;;;19;33
56031;Ischia di Castro;62;1;12;1;1;;;;15;3;15;3;3;;;;24;39
56031;Ischia di Castro;63;1;14;4;0;;;;19;2;14;0;5;;;;21;40
56031;Ischia di Castro;64;1;15;1;2;;;;19;3;9;0;3;;;;15;34
56031;Ischia di Castro;65;2;6;2;1;;;;11;0;8;1;6;;;;15;26
56031;Ischia di Castro;66;0;22;1;1;;;;24;2;22;1;2;;;;27;51
56031;Ischia di Castro;67;2;16;0;1;;;;19;1;16;1;6;;;;24;43
56031;Ischia di Castro;68;1;9;1;0;;;;11;4;19;1;6;;;;30;41
56031;Ischia di Castro;69;2;11;1;0;;;;14;0;6;0;2;;;;8;22
56031;Ischia di Castro;70;0;15;0;0;;;;15;3;10;0;2;;;;15;30
56031;Ischia di Castro;71;0;10;0;2;;;;12;0;10;0;3;;;;13;25
56031;Ischia di Castro;72;1;16;1;0;;;;18;0;10;0;3;;;;13;31
56031;Ischia di Castro;73;0;14;1;3;;;;18;0;9;0;1;;;;10;28
56031;Ischia di Castro;74;0;10;0;1;;;;11;1;10;0;2;;;;13;24
56031;Ischia di Castro;75;2;10;1;3;;;;16;1;7;0;2;;;;10;26
56031;Ischia di Castro;76;0;11;0;0;;;;11;0;5;0;10;;;;15;26
56031;Ischia di Castro;77;0;12;0;1;;;;13;0;11;0;5;;;;16;29
56031;Ischia di Castro;78;2;11;1;0;;;;14;2;6;0;3;;;;11;25
56031;Ischia di Castro;79;1;9;0;2;;;;12;0;2;0;4;;;;6;18
56031;Ischia di Castro;80;0;6;0;0;;;;6;0;2;0;11;;;;13;19
56031;Ischia di Castro;81;0;6;1;0;;;;7;2;5;0;5;;;;12;19
56031;Ischia di Castro;82;0;5;0;1;;;;6;0;3;1;10;;;;14;20
56031;Ischia di Castro;83;1;4;0;0;;;;5;0;4;0;6;;;;10;15
56031;Ischia di Castro;84;1;6;0;0;;;;7;1;1;0;10;;;;12;19
56031;Ischia di Castro;85;0;4;0;1;;;;5;0;1;0;10;;;;11;16
56031;Ischia di Castro;86;0;7;0;4;;;;11;0;3;0;8;;;;11;22
56031;Ischia di Castro;87;0;2;0;2;;;;4;0;1;0;10;;;;11;15
56031;Ischia di Castro;88;1;3;0;0;;;;4;2;1;0;5;;;;8;12
56031;Ischia di Castro;89;1;2;0;1;;;;4;0;0;0;5;;;;5;9
56031;Ischia di Castro;90;0;1;0;1;;;;2;1;0;0;5;;;;6;8
56031;Ischia di Castro;91;0;1;0;1;;;;2;0;1;0;2;;;;3;5
56031;Ischia di Castro;92;0;0;0;0;;;;0;0;0;0;3;;;;3;3
56031;Ischia di Castro;93;1;0;0;0;;;;1;1;0;0;2;;;;3;4
56031;Ischia di Castro;94;0;0;0;1;;;;1;0;0;0;3;;;;3;4
56031;Ischia di Castro;95;0;1;0;0;;;;1;0;0;0;0;;;;0;1
56031;Ischia di Castro;96;0;1;0;1;;;;2;0;0;0;0;;;;0;2
56031;Ischia di Castro;97;0;0;0;0;;;;0;0;0;0;0;;;;0;0
56031;Ischia di Castro;98;0;0;0;0;;;;0;0;0;0;0;;;;0;0
56031;Ischia di Castro;99;0;0;0;0;;;;0;0;0;0;0;;;;0;0
56031;Ischia di Castro;100;0;0;0;0;;;;0;0;0;0;0;;;;0;0
56031;Ischia di Castro;999;451;513;31;32;;;;1027;376;501;31;181;;;;1089;2116
56032;Latera;0;1;0;0;0;;;;1;1;0;0;0;;;;1;2
56032;Latera;1;4;0;0;0;;;;4;2;0;0;0;;;;2;6
56032;Latera;2;1;0;0;0;;;;1;2;0;0;0;;;;2;3
56032;Latera;3;4;0;0;0;;;;4;4;0;0;0;;;;4;8
56032;Latera;4;1;0;0;0;;;;1;1;0;0;0;;;;1;2
56032;Latera;5;3;0;0;0;;;;3;0;0;0;0;;;;0;3
56032;Latera;6;2;0;0;0;;;;2;1;0;0;0;;;;1;3
56032;Latera;7;1;0;0;0;;;;1;3;0;0;0;;;;3;4
56032;Latera;8;0;0;0;0;;;;0;0;0;0;0;;;;0;0
56032;Latera;9;2;0;0;0;;;;2;1;0;0;0;;;;1;3
56032;Latera;10;1;0;0;0;;;;1;4;0;0;0;;;;4;5
56032;Latera;11;1;0;0;0;;;;1;1;0;0;0;;;;1;2
56032;Latera;12;0;0;0;0;;;;0;1;0;0;0;;;;1;1
56032;Latera;13;2;0;0;0;;;;2;1;0;0;0;;;;1;3
56032;Latera;14;1;0;0;0;;;;1;1;0;0;0;;;;1;2
56032;Latera;15;1;0;0;0;;;;1;0;0;0;0;;;;0;1
56032;Latera;16;3;0;0;0;;;;3;1;0;0;0;;;;1;4
56032;Latera;17;1;0;0;0;;;;1;4;0;0;0;;;;4;5
56032;Latera;18;2;0;0;0;;;;2;1;0;0;0;;;;1;3
56032;Latera;19;1;0;0;0;;;;1;0;0;0;0;;;;0;1
56032;Latera;20;5;0;0;0;;;;5;6;0;0;0;;;;6;11
56032;Latera;21;1;0;0;0;;;;1;3;0;0;0;;;;3;4
56032;Latera;22;6;0;0;0;;;;6;4;0;0;0;;;;4;10
56032;Latera;23;4;0;0;0;;;;4;1;0;0;0;;;;1;5
56032;Latera;24;0;0;0;0;;;;0;2;0;0;0;;;;2;2
56032;Latera;25;2;0;0;0;;;;2;2;1;0;0;;;;3;5
56032;Latera;26;8;0;0;0;;;;8;1;0;0;0;;;;1;9
56032;Latera;27;2;0;0;0;;;;2;1;1;0;0;;;;2;4
56032;Latera;28;2;0;0;0;;;;2;4;1;0;0;;;;5;7
56032;Latera;29;3;0;0;0;;;;3;1;0;0;0;;;;1;4
56032;Latera;30;6;0;0;0;;;;6;2;2;0;0;;;;4;10
56032;Latera;31;0;0;0;0;;;;0;2;1;0;0;;;;3;3
56032;Latera;32;5;2;0;0;;;;7;6;1;0;0;;;;7;14
56032;Latera;33;2;1;0;0;;;;3;1;3;0;0;;;;4;7
56032;Latera;34;7;2;0;0;;;;9;3;1;0;0;;;;4;13
56032;Latera;35;5;1;0;0;;;;6;1;1;0;0;;;;2;8
56032;Latera;36;4;1;0;0;;;;5;2;0;0;0;;;;2;7
56032;Latera;37;6;4;0;0;;;;10;2;4;0;0;;;;6;16
56032;Latera;38;6;0;0;0;;;;6;1;2;0;0;;;;3;9
56032;Latera;39;4;2;1;0;;;;7;3;1;0;0;;;;4;11
56032;Latera;40;2;0;0;0;;;;2;1;2;0;0;;;;3;5
56032;Latera;41;1;2;0;0;;;;3;1;1;0;0;;;;2;5
56032;Latera;42;4;3;0;0;;;;7;0;1;0;0;;;;1;8
56032;Latera;43;4;4;1;0;;;;9;1;1;0;0;;;;2;11
56032;Latera;44;1;2;0;0;;;;3;0;2;0;0;;;;2;5
56032;Latera;45;4;2;0;0;;;;6;1;6;0;0;;;;7;13
56032;Latera;46;3;2;0;0;;;;5;0;1;0;0;;;;1;6
56032;Latera;47;2;4;0;0;;;;6;0;4;1;0;;;;5;11
56032;Latera;48;4;2;0;0;;;;6;0;3;0;0;;;;3;9
56032;Latera;49;1;4;0;1;;;;6;0;1;0;1;;;;2;8
56032;Latera;50;2;2;2;0;;;;6;1;1;0;0;;;;2;8
56032;Latera;51;0;1;0;0;;;;1;2;1;0;0;;;;3;4
56032;Latera;52;1;2;0;0;;;;3;0;2;0;0;;;;2;5
56032;Latera;53;4;3;0;0;;;;7;0;2;0;0;;;;2;9
56032;Latera;54;2;2;1;0;;;;5;0;3;0;0;;;;3;8
56032;Latera;55;0;2;0;0;;;;2;0;5;0;1;;;;6;8
56032;Latera;56;1;2;2;0;;;;5;1;5;2;0;;;;8;13
56032;Latera;57;2;3;1;0;;;;6;1;5;0;0;;;;6;12
56032;Latera;58;5;3;0;0;;;;8;0;3;0;1;;;;4;12
56032;Latera;59;1;10;2;0;;;;13;0;8;1;0;;;;9;22
56032;Latera;60;2;6;0;0;;;;8;0;8;0;0;;;;8;16
56032;Latera;61;0;8;1;0;;;;9;1;8;3;1;;;;13;22
56032;Latera;62;0;4;1;0;;;;5;0;8;0;1;;;;9;14
56032;Latera;63;1;5;3;0;;;;9;0;6;1;1;;;;8;17
56032;Latera;64;0;11;0;0;;;;11;0;5;0;1;;;;6;17
56032;Latera;65;0;5;0;0;;;;5;0;7;0;2;;;;9;14
56032;Latera;66;1;4;0;0;;;;5;0;3;0;5;;;;8;13
56032;Latera;67;2;7;0;1;;;;10;0;4;0;2;;;;6;16
56032;Latera;68;1;2;1;0;;;;4;0;2;1;1;;;;4;8
56032;Latera;69;1;6;0;1;;;;8;0;6;0;4;;;;10;18
56032;Latera;70;2;6;0;1;;;;9;0;3;0;2;;;;5;14
56032;Latera;71;0;6;0;0;;;;6;1;4;0;0;;;;5;11
56032;Latera;72;0;6;0;0;;;;6;0;5;0;3;;;;8;14
56032;Latera;73;2;1;0;0;;;;3;0;3;0;1;;;;4;7
56032;Latera;74;0;3;0;0;;;;3;0;4;0;1;;;;5;8
56032;Latera;75;3;6;0;0;;;;9;1;7;0;3;;;;11;20
56032;Latera;76;2;6;0;1;;;;9;0;1;0;0;;;;1;10
56032;Latera;77;0;1;0;0;;;;1;0;3;0;0;;;;3;4
56032;Latera;78;1;4;0;0;;;;5;0;4;0;3;;;;7;12
56032;Latera;79;0;3;0;0;;;;3;1;2;0;4;;;;7;10
56032;Latera;80;1;2;0;1;;;;4;0;7;0;2;;;;9;13
56032;Latera;81;1;6;0;1;;;;8;0;4;0;0;;;;4;12
56032;Latera;82;2;6;0;0;;;;8;0;4;0;4;;;;8;16
56032;Latera;83;0;0;0;1;;;;1;1;1;0;2;;;;4;5
56032;Latera;84;0;5;0;1;;;;6;0;4;0;3;;;;7;13
56032;Latera;85;0;4;0;1;;;;5;0;2;0;2;;;;4;9
56032;Latera;86;0;8;0;0;;;;8;0;1;0;1;;;;2;10
56032;Latera;87;0;1;0;1;;;;2;0;1;0;1;;;;2;4
56032;Latera;88;0;1;0;0;;;;1;0;0;0;2;;;;2;3
56032;Latera;89;0;3;0;0;;;;3;0;0;0;1;;;;1;4
56032;Latera;90;0;0;0;1;;;;1;0;0;0;1;;;;1;2
56032;Latera;91;0;0;0;2;;;;2;0;0;0;2;;;;2;4
56032;Latera;92;0;1;0;1;;;;2;0;0;0;1;;;;1;3
56032;Latera;93;0;1;0;1;;;;2;0;0;0;1;;;;1;3
56032;Latera;94;0;0;0;1;;;;1;0;0;0;2;;;;2;3
56032;Latera;95;0;0;0;1;;;;1;1;0;0;1;;;;2;3
56032;Latera;96;0;1;0;0;;;;1;0;0;0;0;;;;0;1
56032;Latera;97;0;0;0;0;;;;0;0;0;0;0;;;;0;0
56032;Latera;98;0;0;0;0;;;;0;0;0;0;1;;;;1;1
56032;Latera;99;0;0;0;0;;;;0;0;0;0;2;;;;2;2
56032;Latera;100;0;0;0;0;;;;0;0;0;0;0;;;;0;0
56032;Latera;999;176;207;16;18;;;;417;92;193;9;67;;;;361;778
56033;Lubriano;0;2;0;0;0;;;;2;1;0;0;0;;;;1;3
56033;Lubriano;1;2;0;0;0;;;;2;1;0;0;0;;;;1;3
56033;Lubriano;2;1;0;0;0;;;;1;0;0;0;0;;;;0;1
56033;Lubriano;3;4;0;0;0;;;;4;3;0;0;0;;;;3;7
56033;Lubriano;4;2;0;0;0;;;;2;3;0;0;0;;;;3;5
56033;Lubriano;5;2;0;0;0;;;;2;6;0;0;0;;;;6;8
56033;Lubriano;6;2;0;0;0;;;;2;4;0;0;0;;;;4;6
56033;Lubriano;7;5;0;0;0;;;;5;2;0;0;0;;;;2;7
56033;Lubriano;8;6;0;0;0;;;;6;1;0;0;0;;;;1;7
56033;Lubriano;9;6;0;0;0;;;;6;6;0;0;0;;;;6;12
56033;Lubriano;10;6;0;0;0;;;;6;4;0;0;0;;;;4;10
56033;Lubriano;11;1;0;0;0;;;;1;0;0;0;0;;;;0;1
56033;Lubriano;12;2;0;0;0;;;;2;3;0;0;0;;;;3;5
56033;Lubriano;13;5;0;0;0;;;;5;3;0;0;0;;;;3;8
56033;Lubriano;14;2;0;0;0;;;;2;2;0;0;0;;;;2;4
56033;Lubriano;15;3;0;0;0;;;;3;5;0;0;0;;;;5;8
56033;Lubriano;16;0;0;0;0;;;;0;3;0;0;0;;;;3;3
56033;Lubriano;17;2;0;0;0;;;;2;4;0;0;0;;;;4;6
56033;Lubriano;18;6;0;0;0;;;;6;5;0;0;0;;;;5;11
56033;Lubriano;19;2;0;0;0;;;;2;5;0;0;0;;;;5;7
56033;Lubriano;20;1;0;0;0;;;;1;3;0;0;0;;;;3;4
56033;Lubriano;21;6;0;0;0;;;;6;4;0;0;0;;;;4;10
56033;Lubriano;22;2;0;0;0;;;;2;1;0;0;0;;;;1;3
56033;Lubriano;23;6;0;0;0;;;;6;6;0;0;0;;;;6;12
56033;Lubriano;24;2;0;0;0;;;;2;7;0;0;0;;;;7;9
56033;Lubriano;25;8;0;0;0;;;;8;2;0;0;0;;;;2;10
56033;Lubriano;26;1;0;0;0;;;;1;6;0;0;0;;;;6;7
56033;Lubriano;27;2;2;0;0;;;;4;1;2;0;0;;;;3;7
56033;Lubriano;28;1;0;0;0;;;;1;3;0;0;0;;;;3;4
56033;Lubriano;29;5;0;0;0;;;;5;5;0;0;0;;;;5;10
56033;Lubriano;30;6;0;0;0;;;;6;7;0;0;0;;;;7;13
56033;Lubriano;31;2;0;0;0;;;;2;3;1;0;0;;;;4;6
56033;Lubriano;32;4;2;0;0;;;;6;7;2;0;0;;;;9;15
56033;Lubriano;33;1;0;0;0;;;;1;1;1;0;0;;;;2;3
56033;Lubriano;34;3;0;0;0;;;;3;4;1;0;0;;;;5;8
56033;Lubriano;35;5;1;0;0;;;;6;6;0;0;0;;;;6;12
56033;Lubriano;36;4;0;0;0;;;;4;1;1;0;0;;;;2;6
56033;Lubriano;37;3;1;0;0;;;;4;3;2;0;0;;;;5;9
56033;Lubriano;38;6;1;0;0;;;;7;1;2;0;0;;;;3;10
56033;Lubriano;39;1;3;0;0;;;;4;1;3;0;0;;;;4;8
56033;Lubriano;40;3;1;0;0;;;;4;0;3;0;0;;;;3;7
56033;Lubriano;41;1;2;0;0;;;;3;5;5;0;0;;;;10;13
56033;Lubriano;42;3;3;0;0;;;;6;1;2;0;0;;;;3;9
56033;Lubriano;43;2;3;0;0;;;;5;1;6;3;1;;;;11;16
56033;Lubriano;44;5;2;0;0;;;;7;2;3;0;0;;;;5;12
56033;Lubriano;45;0;1;1;0;;;;2;2;2;0;0;;;;4;6
56033;Lubriano;46;4;2;0;0;;;;6;3;3;1;0;;;;7;13
56033;Lubriano;47;10;6;0;0;;;;16;1;1;0;0;;;;2;18
56033;Lubriano;48;5;1;0;0;;;;6;3;2;0;0;;;;5;11
56033;Lubriano;49;0;4;2;0;;;;6;0;2;0;0;;;;2;8
56033;Lubriano;50;1;1;1;0;;;;3;3;9;1;0;;;;13;16
56033;Lubriano;51;1;6;0;0;;;;7;3;2;1;0;;;;6;13
56033;Lubriano;52;3;5;0;0;;;;8;0;9;0;0;;;;9;17
56033;Lubriano;53;2;3;1;0;;;;6;0;5;0;0;;;;5;11
56033;Lubriano;54;1;1;0;0;;;;2;1;3;1;0;;;;5;7
56033;Lubriano;55;2;4;0;0;;;;6;1;4;0;0;;;;5;11
56033;Lubriano;56;2;3;0;0;;;;5;1;4;0;0;;;;5;10
56033;Lubriano;57;0;8;0;1;;;;9;1;7;0;0;;;;8;17
56033;Lubriano;58;0;4;1;0;;;;5;0;6;1;1;;;;8;13
56033;Lubriano;59;1;5;0;0;;;;6;0;4;0;0;;;;4;10
56033;Lubriano;60;2;6;1;1;;;;10;1;4;1;0;;;;6;16
56033;Lubriano;61;2;8;0;0;;;;10;0;7;0;0;;;;7;17
56033;Lubriano;62;0;4;0;0;;;;4;0;3;0;3;;;;6;10
56033;Lubriano;63;2;7;0;0;;;;9;3;4;2;1;;;;10;19
56033;Lubriano;64;0;4;0;0;;;;4;0;2;0;0;;;;2;6
56033;Lubriano;65;1;4;0;0;;;;5;0;9;0;0;;;;9;14
56033;Lubriano;66;3;10;0;1;;;;14;2;7;0;1;;;;10;24
56033;Lubriano;67;1;3;0;0;;;;4;1;3;1;3;;;;8;12
56033;Lubriano;68;1;5;0;0;;;;6;0;7;1;0;;;;8;14
56033;Lubriano;69;1;4;1;0;;;;6;0;5;2;1;;;;8;14
56033;Lubriano;70;0;6;0;0;;;;6;1;4;0;1;;;;6;12
56033;Lubriano;71;0;4;0;0;;;;4;0;2;0;0;;;;2;6
56033;Lubriano;72;0;4;2;0;;;;6;0;4;0;0;;;;4;10
56033;Lubriano;73;0;5;1;0;;;;6;0;4;0;1;;;;5;11
56033;Lubriano;74;0;2;0;0;;;;2;0;5;0;3;;;;8;10
56033;Lubriano;75;3;5;0;0;;;;8;0;3;0;5;;;;8;16
56033;Lubriano;76;1;5;0;1;;;;7;0;3;0;4;;;;7;14
56033;Lubriano;77;1;5;0;1;;;;7;0;5;0;1;;;;6;13
56033;Lubriano;78;3;8;1;0;;;;12;0;2;0;2;;;;4;16
56033;Lubriano;79;0;4;0;2;;;;6;2;2;0;2;;;;6;12
56033;Lubriano;80;2;1;0;0;;;;3;0;2;0;3;;;;5;8
56033;Lubriano;81;0;4;0;0;;;;4;0;4;1;2;;;;7;11
56033;Lubriano;82;0;1;0;1;;;;2;0;1;0;2;;;;3;5
56033;Lubriano;83;0;2;0;0;;;;2;0;0;0;3;;;;3;5
56033;Lubriano;84;1;1;0;1;;;;3;0;1;0;3;;;;4;7
56033;Lubriano;85;0;4;0;0;;;;4;0;0;0;2;;;;2;6
56033;Lubriano;86;0;0;0;0;;;;0;0;1;0;1;;;;2;2
56033;Lubriano;87;1;0;0;0;;;;1;0;1;0;0;;;;1;2
56033;Lubriano;88;0;1;0;0;;;;1;0;0;0;4;;;;4;5
56033;Lubriano;89;0;1;0;2;;;;3;0;0;0;3;;;;3;6
56033;Lubriano;90;0;1;0;1;;;;2;0;0;0;1;;;;1;3
56033;Lubriano;91;0;0;0;0;;;;0;0;0;0;0;;;;0;0
56033;Lubriano;92;0;0;0;0;;;;0;0;0;0;0;;;;0;0
56033;Lubriano;93;0;0;0;0;;;;0;0;0;0;3;;;;3;3
56033;Lubriano;94;0;0;0;0;;;;0;0;0;0;1;;;;1;1
56033;Lubriano;95;0;0;0;0;;;;0;0;0;0;0;;;;0;0
56033;Lubriano;96;0;0;0;1;;;;1;0;0;0;0;;;;0;1
56033;Lubriano;97;0;0;0;0;;;;0;0;0;0;0;;;;0;0
56033;Lubriano;98;0;0;0;0;;;;0;0;0;0;0;;;;0;0
56033;Lubriano;99;0;0;0;0;;;;0;0;0;0;1;;;;1;1
56033;Lubriano;100;0;0;0;0;;;;0;0;0;0;0;;;;0;0
56033;Lubriano;999;201;194;12;13;;;;420;171;192;16;59;;;;438;858
56034;Marta;0;13;0;0;0;;;;13;8;0;0;0;;;;8;21
56034;Marta;1;10;0;0;0;;;;10;13;0;0;0;;;;13;23
56034;Marta;2;6;0;0;0;;;;6;15;0;0;0;;;;15;21
56034;Marta;3;13;0;0;0;;;;13;10;0;0;0;;;;10;23
56034;Marta;4;10;0;0;0;;;;10;13;0;0;0;;;;13;23
56034;Marta;5;7;0;0;0;;;;7;12;0;0;0;;;;12;19
56034;Marta;6;7;0;0;0;;;;7;14;0;0;0;;;;14;21
56034;Marta;7;8;0;0;0;;;;8;12;0;0;0;;;;12;20
56034;Marta;8;7;0;0;0;;;;7;9;0;0;0;;;;9;16
56034;Marta;9;11;0;0;0;;;;11;16;0;0;0;;;;16;27
56034;Marta;10;12;0;0;0;;;;12;14;0;0;0;;;;14;26
56034;Marta;11;16;0;0;0;;;;16;13;0;0;0;;;;13;29
56034;Marta;12;11;0;0;0;;;;11;11;0;0;0;;;;11;22
56034;Marta;13;4;0;0;0;;;;4;10;0;0;0;;;;10;14
56034;Marta;14;13;0;0;0;;;;13;10;0;0;0;;;;10;23
56034;Marta;15;17;0;0;0;;;;17;15;0;0;0;;;;15;32
56034;Marta;16;8;0;0;0;;;;8;14;0;0;0;;;;14;22
56034;Marta;17;11;0;0;0;;;;11;11;0;0;0;;;;11;22
56034;Marta;18;16;0;0;0;;;;16;9;0;0;0;;;;9;25
56034;Marta;19;10;0;0;0;;;;10;15;0;0;0;;;;15;25
56034;Marta;20;15;0;0;0;;;;15;8;0;0;0;;;;8;23
56034;Marta;21;10;0;0;0;;;;10;18;0;0;0;;;;18;28
56034;Marta;22;7;0;0;0;;;;7;13;0;0;0;;;;13;20
56034;Marta;23;8;0;0;0;;;;8;18;0;0;0;;;;18;26
56034;Marta;24;17;0;0;0;;;;17;15;1;0;0;;;;16;33
56034;Marta;25;24;0;0;0;;;;24;10;2;0;0;;;;12;36
56034;Marta;26;9;0;0;0;;;;9;9;1;0;0;;;;10;19
56034;Marta;27;11;0;0;0;;;;11;14;0;0;0;;;;14;25
56034;Marta;28;15;0;0;0;;;;15;15;1;0;0;;;;16;31
56034;Marta;29;9;0;0;0;;;;9;14;1;0;0;;;;15;24
56034;Marta;30;16;3;0;0;;;;19;15;1;1;0;;;;17;36
56034;Marta;31;24;0;0;0;;;;24;8;2;0;0;;;;10;34
56034;Marta;32;17;0;0;0;;;;17;13;4;0;0;;;;17;34
56034;Marta;33;6;3;1;0;;;;10;10;4;0;0;;;;14;24
56034;Marta;34;14;6;0;0;;;;20;11;3;0;0;;;;14;34
56034;Marta;35;13;1;0;0;;;;14;10;7;0;0;;;;17;31
56034;Marta;36;18;3;0;0;;;;21;6;10;1;0;;;;17;38
56034;Marta;37;10;10;0;0;;;;20;10;11;0;0;;;;21;41
56034;Marta;38;4;9;0;0;;;;13;7;8;1;0;;;;16;29
56034;Marta;39;6;2;0;0;;;;8;6;7;0;0;;;;13;21
56034;Marta;40;15;8;1;0;;;;24;11;11;0;0;;;;22;46
56034;Marta;41;14;7;0;0;;;;21;12;9;0;0;;;;21;42
56034;Marta;42;13;16;0;0;;;;29;4;13;1;0;;;;18;47
56034;Marta;43;17;6;0;0;;;;23;4;16;1;1;;;;22;45
56034;Marta;44;11;9;1;0;;;;21;6;12;2;1;;;;21;42
56034;Marta;45;11;8;2;0;;;;21;8;11;1;0;;;;20;41
56034;Marta;46;16;13;1;0;;;;30;4;14;0;0;;;;18;48
56034;Marta;47;10;10;1;0;;;;21;9;17;0;0;;;;26;47
56034;Marta;48;8;15;4;0;;;;27;6;13;7;0;;;;26;53
56034;Marta;49;5;14;0;0;;;;19;3;16;5;1;;;;25;44
56034;Marta;50;7;18;3;1;;;;29;7;20;3;0;;;;30;59
56034;Marta;51;4;14;4;0;;;;22;5;20;2;0;;;;27;49
56034;Marta;52;3;19;1;0;;;;23;5;20;5;1;;;;31;54
56034;Marta;53;8;18;3;0;;;;29;7;20;1;0;;;;28;57
56034;Marta;54;4;11;1;0;;;;16;2;20;3;1;;;;26;42
56034;Marta;55;2;13;1;0;;;;16;2;20;5;2;;;;29;45
56034;Marta;56;3;23;1;1;;;;28;1;29;4;2;;;;36;64
56034;Marta;57;4;26;1;1;;;;32;3;15;3;1;;;;22;54
56034;Marta;58;8;13;4;0;;;;25;2;20;2;2;;;;26;51
56034;Marta;59;6;18;0;1;;;;25;0;21;2;2;;;;25;50
56034;Marta;60;2;22;1;0;;;;25;0;19;3;3;;;;25;50
56034;Marta;61;3;10;3;1;;;;17;3;13;0;3;;;;19;36
56034;Marta;62;2;16;3;1;;;;22;2;12;5;4;;;;23;45
56034;Marta;63;1;22;3;0;;;;26;1;17;2;3;;;;23;49
56034;Marta;64;1;22;2;0;;;;25;1;16;1;2;;;;20;45
56034;Marta;65;2;11;2;1;;;;16;0;15;5;5;;;;25;41
56034;Marta;66;1;15;2;0;;;;18;3;19;1;4;;;;27;45
56034;Marta;67;1;21;0;1;;;;23;2;16;3;6;;;;27;50
56034;Marta;68;1;16;4;0;;;;21;1;10;4;4;;;;19;40
56034;Marta;69;4;12;2;0;;;;18;1;16;0;4;;;;21;39
56034;Marta;70;0;24;1;1;;;;26;0;19;1;5;;;;25;51
56034;Marta;71;0;14;2;2;;;;18;1;11;3;4;;;;19;37
56034;Marta;72;0;18;0;1;;;;19;0;20;2;6;;;;28;47
56034;Marta;73;1;16;2;3;;;;22;0;14;4;10;;;;28;50
56034;Marta;74;3;18;2;5;;;;28;0;14;2;10;;;;26;54
56034;Marta;75;1;14;2;2;;;;19;3;13;0;8;;;;24;43
56034;Marta;76;1;20;0;3;;;;24;0;15;1;10;;;;26;50
56034;Marta;77;0;17;1;2;;;;20;0;12;3;10;;;;25;45
56034;Marta;78;0;17;1;4;;;;22;0;13;2;14;;;;29;51
56034;Marta;79;0;13;2;1;;;;16;0;4;1;8;;;;13;29
56034;Marta;80;2;7;0;0;;;;9;1;7;0;10;;;;18;27
56034;Marta;81;1;14;0;3;;;;18;1;5;0;7;;;;13;31
56034;Marta;82;1;9;1;2;;;;13;0;6;2;4;;;;12;25
56034;Marta;83;2;4;0;2;;;;8;0;1;0;9;;;;10;18
56034;Marta;84;0;9;0;0;;;;9;0;3;1;11;;;;15;24
56034;Marta;85;0;4;1;3;;;;8;0;7;2;10;;;;19;27
56034;Marta;86;1;10;0;3;;;;14;0;5;0;12;;;;17;31
56034;Marta;87;0;6;0;2;;;;8;0;2;0;10;;;;12;20
56034;Marta;88;1;3;0;2;;;;6;1;2;0;11;;;;14;20
56034;Marta;89;0;4;0;0;;;;4;0;0;0;8;;;;8;12
56034;Marta;90;0;3;0;3;;;;6;0;0;0;2;;;;2;8
56034;Marta;91;0;1;0;1;;;;2;0;0;0;5;;;;5;7
56034;Marta;92;0;1;0;1;;;;2;0;0;0;6;;;;6;8
56034;Marta;93;0;1;0;1;;;;2;0;3;0;2;;;;5;7
56034;Marta;94;0;2;0;0;;;;2;0;1;0;3;;;;4;6
56034;Marta;95;0;0;0;0;;;;0;0;0;0;1;;;;1;1
56034;Marta;96;0;0;0;1;;;;1;0;1;0;2;;;;3;4
56034;Marta;97;0;1;0;1;;;;2;0;0;0;3;;;;3;5
56034;Marta;98;0;0;0;0;;;;0;0;0;0;1;;;;1;1
56034;Marta;99;0;0;0;0;;;;0;0;0;0;0;;;;0;0
56034;Marta;100;0;0;0;0;;;;0;0;0;0;0;;;;0;0
56034;Marta;999;664;733;67;57;;;;1521;596;731;98;254;;;;1679;3200
56035;Montalto di Castro;0;32;0;0;0;;;;32;21;0;0;0;;;;21;53
56035;Montalto di Castro;1;23;0;0;0;;;;23;27;0;0;0;;;;27;50
56035;Montalto di Castro;2;17;0;0;0;;;;17;24;0;0;0;;;;24;41
56035;Montalto di Castro;3;23;0;0;0;;;;23;23;0;0;0;;;;23;46
56035;Montalto di Castro;4;22;0;0;0;;;;22;26;0;0;0;;;;26;48
56035;Montalto di Castro;5;21;0;0;0;;;;21;32;0;0;0;;;;32;53
56035;Montalto di Castro;6;28;0;0;0;;;;28;27;0;0;0;;;;27;55
56035;Montalto di Castro;7;30;0;0;0;;;;30;24;0;0;0;;;;24;54
56035;Montalto di Castro;8;36;0;0;0;;;;36;32;0;0;0;;;;32;68
56035;Montalto di Castro;9;32;0;0;0;;;;32;42;0;0;0;;;;42;74
56035;Montalto di Castro;10;39;0;0;0;;;;39;35;0;0;0;;;;35;74
56035;Montalto di Castro;11;40;0;0;0;;;;40;27;0;0;0;;;;27;67
56035;Montalto di Castro;12;39;0;0;0;;;;39;30;0;0;0;;;;30;69
56035;Montalto di Castro;13;41;0;0;0;;;;41;49;0;0;0;;;;49;90
56035;Montalto di Castro;14;35;0;0;0;;;;35;45;0;0;0;;;;45;80
56035;Montalto di Castro;15;52;0;0;0;;;;52;42;0;0;0;;;;42;94
56035;Montalto di Castro;16;46;0;0;0;;;;46;46;0;0;0;;;;46;92
56035;Montalto di Castro;17;49;0;0;0;;;;49;33;0;0;0;;;;33;82
56035;Montalto di Castro;18;39;0;0;0;;;;39;30;0;0;0;;;;30;69
56035;Montalto di Castro;19;40;0;0;0;;;;40;42;0;0;0;;;;42;82
56035;Montalto di Castro;20;42;0;0;0;;;;42;38;0;0;0;;;;38;80
56035;Montalto di Castro;21;40;0;0;0;;;;40;40;0;0;0;;;;40;80
56035;Montalto di Castro;22;39;0;0;0;;;;39;30;0;0;0;;;;30;69
56035;Montalto di Castro;23;49;0;1;0;;;;50;38;1;0;0;;;;39;89
56035;Montalto di Castro;24;44;0;0;0;;;;44;34;1;0;0;;;;35;79
56035;Montalto di Castro;25;47;1;0;0;;;;48;37;2;0;0;;;;39;87
56035;Montalto di Castro;26;41;3;0;0;;;;44;13;2;0;0;;;;15;59
56035;Montalto di Castro;27;49;1;0;0;;;;50;29;2;0;0;;;;31;81
56035;Montalto di Castro;28;44;5;0;0;;;;49;32;9;0;0;;;;41;90
56035;Montalto di Castro;29;41;3;0;0;;;;44;31;7;0;0;;;;38;82
56035;Montalto di Castro;30;30;7;0;0;;;;37;22;11;0;0;;;;33;70
56035;Montalto di Castro;31;34;4;0;0;;;;38;37;12;0;0;;;;49;87
56035;Montalto di Castro;32;44;9;0;0;;;;53;25;14;1;0;;;;40;93
56035;Montalto di Castro;33;39;8;0;0;;;;47;24;10;0;0;;;;34;81
56035;Montalto di Castro;34;37;4;1;0;;;;42;16;16;1;1;;;;34;76
56035;Montalto di Castro;35;37;10;0;0;;;;47;23;19;0;0;;;;42;89
56035;Montalto di Castro;36;34;13;2;0;;;;49;23;20;1;0;;;;44;93
56035;Montalto di Castro;37;37;16;0;0;;;;53;24;25;1;0;;;;50;103
56035;Montalto di Castro;38;31;13;0;0;;;;44;20;33;2;0;;;;55;99
56035;Montalto di Castro;39;37;16;0;0;;;;53;27;18;1;0;;;;46;99
56035;Montalto di Castro;40;36;15;2;0;;;;53;23;32;1;0;;;;56;109
56035;Montalto di Castro;41;30;23;0;0;;;;53;20;24;3;0;;;;47;100
56035;Montalto di Castro;42;32;21;1;1;;;;55;20;28;1;3;;;;52;107
56035;Montalto di Castro;43;28;25;2;0;;;;55;26;28;7;0;;;;61;116
56035;Montalto di Castro;44;25;35;3;0;;;;63;24;33;4;1;;;;62;125
56035;Montalto di Castro;45;29;26;2;0;;;;57;26;30;5;0;;;;61;118
56035;Montalto di Castro;46;26;32;2;0;;;;60;24;47;8;2;;;;81;141
56035;Montalto di Castro;47;36;44;4;0;;;;84;22;40;6;1;;;;69;153
56035;Montalto di Castro;48;26;41;3;0;;;;70;16;44;3;1;;;;64;134
56035;Montalto di Castro;49;33;46;2;0;;;;81;21;46;6;1;;;;74;155
56035;Montalto di Castro;50;22;48;8;0;;;;78;17;52;8;4;;;;81;159
56035;Montalto di Castro;51;28;44;3;0;;;;75;24;52;6;1;;;;83;158
56035;Montalto di Castro;52;26;46;2;0;;;;74;18;54;12;2;;;;86;160
56035;Montalto di Castro;53;24;34;6;0;;;;64;11;56;12;1;;;;80;144
56035;Montalto di Castro;54;29;56;7;2;;;;94;14;47;5;2;;;;68;162
56035;Montalto di Castro;55;15;50;3;0;;;;68;13;47;10;1;;;;71;139
56035;Montalto di Castro;56;12;48;4;1;;;;65;6;40;8;6;;;;60;125
56035;Montalto di Castro;57;25;46;8;0;;;;79;11;60;7;4;;;;82;161
56035;Montalto di Castro;58;15;64;2;1;;;;82;13;47;10;3;;;;73;155
56035;Montalto di Castro;59;11;64;10;1;;;;86;9;55;6;5;;;;75;161
56035;Montalto di Castro;60;8;53;4;0;;;;65;10;44;8;3;;;;65;130
56035;Montalto di Castro;61;6;44;4;1;;;;55;9;32;7;4;;;;52;107
56035;Montalto di Castro;62;11;40;7;1;;;;59;6;46;4;10;;;;66;125
56035;Montalto di Castro;63;10;46;8;1;;;;65;7;40;5;7;;;;59;124
56035;Montalto di Castro;64;9;42;3;4;;;;58;4;35;1;4;;;;44;102
56035;Montalto di Castro;65;10;44;4;1;;;;59;3;29;6;5;;;;43;102
56035;Montalto di Castro;66;8;44;7;4;;;;63;3;38;9;8;;;;58;121
56035;Montalto di Castro;67;6;27;6;4;;;;43;9;46;6;9;;;;70;113
56035;Montalto di Castro;68;2;43;6;0;;;;51;4;30;3;14;;;;51;102
56035;Montalto di Castro;69;5;47;4;4;;;;60;4;37;3;14;;;;58;118
56035;Montalto di Castro;70;4;38;2;5;;;;49;6;46;7;8;;;;67;116
56035;Montalto di Castro;71;9;31;2;1;;;;43;2;43;3;17;;;;65;108
56035;Montalto di Castro;72;1;31;2;4;;;;38;5;32;3;13;;;;53;91
56035;Montalto di Castro;73;2;32;3;3;;;;40;5;41;3;12;;;;61;101
56035;Montalto di Castro;74;0;27;6;3;;;;36;3;36;1;9;;;;49;85
56035;Montalto di Castro;75;6;35;4;4;;;;49;3;40;1;23;;;;67;116
56035;Montalto di Castro;76;3;50;5;5;;;;63;0;27;4;14;;;;45;108
56035;Montalto di Castro;77;3;35;2;1;;;;41;3;38;1;20;;;;62;103
56035;Montalto di Castro;78;2;35;3;11;;;;51;0;33;2;23;;;;58;109
56035;Montalto di Castro;79;1;28;1;6;;;;36;1;25;2;22;;;;50;86
56035;Montalto di Castro;80;2;36;1;0;;;;39;1;16;0;26;;;;43;82
56035;Montalto di Castro;81;0;28;1;4;;;;33;2;9;1;18;;;;30;63
56035;Montalto di Castro;82;0;44;2;1;;;;47;0;11;2;29;;;;42;89
56035;Montalto di Castro;83;1;23;0;7;;;;31;2;17;1;26;;;;46;77
56035;Montalto di Castro;84;3;28;0;3;;;;34;1;13;1;23;;;;38;72
56035;Montalto di Castro;85;1;19;0;10;;;;30;0;6;1;28;;;;35;65
56035;Montalto di Castro;86;2;20;0;4;;;;26;1;8;0;21;;;;30;56
56035;Montalto di Castro;87;1;9;0;7;;;;17;1;4;0;20;;;;25;42
56035;Montalto di Castro;88;0;6;0;3;;;;9;1;3;0;19;;;;23;32
56035;Montalto di Castro;89;0;10;0;2;;;;12;1;1;0;12;;;;14;26
56035;Montalto di Castro;90;0;2;0;2;;;;4;1;1;0;13;;;;15;19
56035;Montalto di Castro;91;0;1;0;3;;;;4;0;4;0;10;;;;14;18
56035;Montalto di Castro;92;0;4;0;2;;;;6;0;1;0;10;;;;11;17
56035;Montalto di Castro;93;0;2;0;0;;;;2;1;1;0;4;;;;6;8
56035;Montalto di Castro;94;0;2;1;0;;;;3;0;0;0;8;;;;8;11
56035;Montalto di Castro;95;2;1;0;0;;;;3;0;0;0;7;;;;7;10
56035;Montalto di Castro;96;0;0;0;0;;;;0;0;0;0;2;;;;2;2
56035;Montalto di Castro;97;1;0;0;0;;;;1;0;0;0;2;;;;2;3
56035;Montalto di Castro;98;0;0;0;0;;;;0;0;0;0;2;;;;2;2
56035;Montalto di Castro;99;0;0;0;0;;;;0;0;0;0;0;;;;0;0
56035;Montalto di Castro;100;0;0;0;0;;;;0;0;0;0;1;;;;1;1
56035;Montalto di Castro;999;2107;1928;166;117;;;;4318;1677;1897;220;559;;;;4353;8671
56036;Montefiascone;0;33;0;0;0;;;;33;29;0;0;0;;;;29;62
56036;Montefiascone;1;36;0;0;0;;;;36;32;0;0;0;;;;32;68
56036;Montefiascone;2;49;0;0;0;;;;49;39;0;0;0;;;;39;88
56036;Montefiascone;3;49;0;0;0;;;;49;36;0;0;0;;;;36;85
56036;Montefiascone;4;35;0;0;0;;;;35;38;0;0;0;;;;38;73
56036;Montefiascone;5;37;0;0;0;;;;37;33;0;0;0;;;;33;70
56036;Montefiascone;6;51;0;0;0;;;;51;41;0;0;0;;;;41;92
56036;Montefiascone;7;43;0;0;0;;;;43;60;0;0;0;;;;60;103
56036;Montefiascone;8;42;0;0;0;;;;42;49;0;0;0;;;;49;91
56036;Montefiascone;9;52;0;0;0;;;;52;41;0;0;0;;;;41;93
56036;Montefiascone;10;55;0;0;0;;;;55;54;0;0;0;;;;54;109
56036;Montefiascone;11;43;0;0;0;;;;43;48;0;0;0;;;;48;91
56036;Montefiascone;12;49;0;0;0;;;;49;59;0;0;0;;;;59;108
56036;Montefiascone;13;53;0;0;0;;;;53;59;0;0;0;;;;59;112
56036;Montefiascone;14;50;0;0;0;;;;50;61;0;0;0;;;;61;111
56036;Montefiascone;15;62;0;0;0;;;;62;46;0;0;0;;;;46;108
56036;Montefiascone;16;71;0;0;0;;;;71;60;0;0;0;;;;60;131
56036;Montefiascone;17;52;0;0;0;;;;52;49;0;0;0;;;;49;101
56036;Montefiascone;18;55;0;0;0;;;;55;60;0;0;0;;;;60;115
56036;Montefiascone;19;69;0;0;0;;;;69;53;0;0;0;;;;53;122
56036;Montefiascone;20;61;0;0;0;;;;61;59;1;0;0;;;;60;121
56036;Montefiascone;21;60;0;0;0;;;;60;62;1;0;0;;;;63;123
56036;Montefiascone;22;65;0;0;0;;;;65;43;0;0;0;;;;43;108
56036;Montefiascone;23;59;0;0;0;;;;59;47;0;0;0;;;;47;106
56036;Montefiascone;24;67;0;0;0;;;;67;46;3;0;0;;;;49;116
56036;Montefiascone;25;68;2;0;0;;;;70;48;4;0;0;;;;52;122
56036;Montefiascone;26;78;5;0;0;;;;83;55;5;0;0;;;;60;143
56036;Montefiascone;27;73;0;0;0;;;;73;49;4;0;0;;;;53;126
56036;Montefiascone;28;70;3;0;0;;;;73;43;3;0;0;;;;46;119
56036;Montefiascone;29;52;5;0;0;;;;57;51;9;0;0;;;;60;117
56036;Montefiascone;30;62;3;0;0;;;;65;50;9;0;0;;;;59;124
56036;Montefiascone;31;53;5;0;1;;;;59;48;15;0;0;;;;63;122
56036;Montefiascone;32;53;13;0;0;;;;66;37;13;1;0;;;;51;117
56036;Montefiascone;33;58;10;1;0;;;;69;53;20;0;0;;;;73;142
56036;Montefiascone;34;65;14;1;0;;;;80;44;16;0;1;;;;61;141
56036;Montefiascone;35;69;13;1;0;;;;83;32;17;0;0;;;;49;132
56036;Montefiascone;36;61;15;2;0;;;;78;37;32;0;0;;;;69;147
56036;Montefiascone;37;62;25;0;0;;;;87;40;31;2;0;;;;73;160
56036;Montefiascone;38;48;24;1;0;;;;73;34;36;3;0;;;;73;146
56036;Montefiascone;39;48;31;0;0;;;;79;34;36;1;0;;;;71;150
56036;Montefiascone;40;44;31;0;0;;;;75;34;36;6;0;;;;76;151
56036;Montefiascone;41;45;34;0;0;;;;79;28;50;6;1;;;;85;164
56036;Montefiascone;42;43;37;3;0;;;;83;26;43;6;0;;;;75;158
56036;Montefiascone;43;38;44;6;0;;;;88;23;54;2;0;;;;79;167
56036;Montefiascone;44;42;46;2;0;;;;90;23;58;4;0;;;;85;175
56036;Montefiascone;45;24;41;5;0;;;;70;29;55;7;1;;;;92;162
56036;Montefiascone;46;27;33;3;0;;;;63;26;59;5;1;;;;91;154
56036;Montefiascone;47;35;50;4;0;;;;89;23;62;2;3;;;;90;179
56036;Montefiascone;48;48;52;10;0;;;;110;25;71;7;2;;;;105;215
56036;Montefiascone;49;30;60;6;0;;;;96;16;73;10;4;;;;103;199
56036;Montefiascone;50;35;69;4;0;;;;108;21;71;8;2;;;;102;210
56036;Montefiascone;51;24;75;10;0;;;;109;21;67;10;0;;;;98;207
56036;Montefiascone;52;21;64;8;0;;;;93;12;81;10;3;;;;106;199
56036;Montefiascone;53;19;89;8;0;;;;116;10;76;9;4;;;;99;215
56036;Montefiascone;54;22;69;7;1;;;;99;19;87;9;3;;;;118;217
56036;Montefiascone;55;15;76;9;1;;;;101;14;86;16;3;;;;119;220
56036;Montefiascone;56;18;74;10;0;;;;102;15;72;10;3;;;;100;202
56036;Montefiascone;57;15;80;8;1;;;;104;13;78;11;11;;;;113;217
56036;Montefiascone;58;15;76;10;0;;;;101;13;73;10;6;;;;102;203
56036;Montefiascone;59;15;66;7;1;;;;89;13;83;13;6;;;;115;204
56036;Montefiascone;60;13;75;8;1;;;;97;11;90;13;8;;;;122;219
56036;Montefiascone;61;15;75;8;0;;;;98;7;73;10;8;;;;98;196
56036;Montefiascone;62;15;69;7;1;;;;92;0;84;8;12;;;;104;196
56036;Montefiascone;63;11;74;11;2;;;;98;9;84;9;10;;;;112;210
56036;Montefiascone;64;10;75;4;0;;;;89;6;85;12;11;;;;114;203
56036;Montefiascone;65;9;80;4;3;;;;96;12;79;13;11;;;;115;211
56036;Montefiascone;66;9;77;5;0;;;;91;7;69;8;9;;;;93;184
56036;Montefiascone;67;8;65;6;1;;;;80;3;66;6;22;;;;97;177
56036;Montefiascone;68;11;83;7;7;;;;108;4;52;5;19;;;;80;188
56036;Montefiascone;69;10;65;2;1;;;;78;6;72;13;17;;;;108;186
56036;Montefiascone;70;11;77;7;3;;;;98;0;65;4;14;;;;83;181
56036;Montefiascone;71;5;64;2;3;;;;74;7;44;3;14;;;;68;142
56036;Montefiascone;72;3;68;6;0;;;;77;12;52;9;16;;;;89;166
56036;Montefiascone;73;6;50;4;2;;;;62;3;61;0;26;;;;90;152
56036;Montefiascone;74;8;55;5;10;;;;78;2;52;0;31;;;;85;163
56036;Montefiascone;75;4;72;5;3;;;;84;4;59;2;21;;;;86;170
56036;Montefiascone;76;1;53;3;5;;;;62;2;35;5;36;;;;78;140
56036;Montefiascone;77;5;63;7;7;;;;82;3;54;3;37;;;;97;179
56036;Montefiascone;78;3;60;0;12;;;;75;4;45;2;43;;;;94;169
56036;Montefiascone;79;4;51;0;7;;;;62;3;24;0;35;;;;62;124
56036;Montefiascone;80;3;37;0;3;;;;43;4;28;1;33;;;;66;109
56036;Montefiascone;81;1;37;0;3;;;;41;4;21;3;29;;;;57;98
56036;Montefiascone;82;3;27;2;7;;;;39;3;25;4;25;;;;57;96
56036;Montefiascone;83;0;25;0;7;;;;32;2;18;1;28;;;;49;81
56036;Montefiascone;84;1;35;1;11;;;;48;2;13;1;39;;;;55;103
56036;Montefiascone;85;4;29;0;9;;;;42;3;13;1;38;;;;55;97
56036;Montefiascone;86;2;26;0;9;;;;37;2;11;2;39;;;;54;91
56036;Montefiascone;87;5;23;1;6;;;;35;1;10;0;31;;;;42;77
56036;Montefiascone;88;1;15;1;7;;;;24;0;4;1;43;;;;48;72
56036;Montefiascone;89;1;12;0;7;;;;20;0;9;1;23;;;;33;53
56036;Montefiascone;90;0;8;0;8;;;;16;2;4;0;24;;;;30;46
56036;Montefiascone;91;0;4;0;5;;;;9;1;6;0;23;;;;30;39
56036;Montefiascone;92;0;6;0;1;;;;7;0;3;0;17;;;;20;27
56036;Montefiascone;93;0;5;0;5;;;;10;0;0;0;13;;;;13;23
56036;Montefiascone;94;0;2;0;0;;;;2;0;1;0;17;;;;18;20
56036;Montefiascone;95;0;0;0;1;;;;1;0;1;0;7;;;;8;9
56036;Montefiascone;96;0;0;0;1;;;;1;0;0;1;8;;;;9;10
56036;Montefiascone;97;0;0;0;2;;;;2;1;0;0;3;;;;4;6
56036;Montefiascone;98;0;0;0;0;;;;0;0;0;0;2;;;;2;2
56036;Montefiascone;99;0;0;0;2;;;;2;0;0;0;0;;;;0;2
56036;Montefiascone;100;0;0;0;0;;;;0;1;0;0;0;;;;1;1
56036;Montefiascone;999;2975;2976;232;167;;;;6350;2394;3002;309;896;;;;6601;12951
56037;Monte Romano;0;5;0;0;0;;;;5;4;0;0;0;;;;4;9
56037;Monte Romano;1;3;0;0;0;;;;3;2;0;0;0;;;;2;5
56037;Monte Romano;2;6;0;0;0;;;;6;9;0;0;0;;;;9;15
56037;Monte Romano;3;3;0;0;0;;;;3;7;0;0;0;;;;7;10
56037;Monte Romano;4;5;0;0;0;;;;5;4;0;0;0;;;;4;9
56037;Monte Romano;5;10;0;0;0;;;;10;7;0;0;0;;;;7;17
56037;Monte Romano;6;6;0;0;0;;;;6;8;0;0;0;;;;8;14
56037;Monte Romano;7;8;0;0;0;;;;8;9;0;0;0;;;;9;17
56037;Monte Romano;8;11;0;0;0;;;;11;8;0;0;0;;;;8;19
56037;Monte Romano;9;8;0;0;0;;;;8;5;0;0;0;;;;5;13
56037;Monte Romano;10;10;0;0;0;;;;10;10;0;0;0;;;;10;20
56037;Monte Romano;11;8;0;0;0;;;;8;16;0;0;0;;;;16;24
56037;Monte Romano;12;9;0;0;0;;;;9;10;0;0;0;;;;10;19
56037;Monte Romano;13;12;0;0;0;;;;12;13;0;0;0;;;;13;25
56037;Monte Romano;14;7;0;0;0;;;;7;4;0;0;0;;;;4;11
56037;Monte Romano;15;14;0;0;0;;;;14;11;0;0;0;;;;11;25
56037;Monte Romano;16;7;0;0;0;;;;7;9;0;0;0;;;;9;16
56037;Monte Romano;17;11;0;0;0;;;;11;8;0;0;0;;;;8;19
56037;Monte Romano;18;8;0;0;0;;;;8;12;0;0;0;;;;12;20
56037;Monte Romano;19;18;0;0;0;;;;18;10;0;0;0;;;;10;28
56037;Monte Romano;20;5;0;0;0;;;;5;7;0;0;0;;;;7;12
56037;Monte Romano;21;7;0;0;0;;;;7;8;0;0;0;;;;8;15
56037;Monte Romano;22;7;0;0;0;;;;7;7;0;0;0;;;;7;14
56037;Monte Romano;23;5;0;0;0;;;;5;5;0;0;0;;;;5;10
56037;Monte Romano;24;6;0;0;0;;;;6;4;0;0;0;;;;4;10
56037;Monte Romano;25;12;0;0;0;;;;12;6;1;0;0;;;;7;19
56037;Monte Romano;26;9;0;0;0;;;;9;6;0;0;0;;;;6;15
56037;Monte Romano;27;7;1;0;0;;;;8;7;1;0;0;;;;8;16
56037;Monte Romano;28;7;0;0;0;;;;7;9;1;0;0;;;;10;17
56037;Monte Romano;29;9;1;0;0;;;;10;4;0;0;0;;;;4;14
56037;Monte Romano;30;9;0;0;0;;;;9;4;1;0;0;;;;5;14
56037;Monte Romano;31;5;1;0;0;;;;6;7;6;0;0;;;;13;19
56037;Monte Romano;32;12;2;0;0;;;;14;5;2;0;0;;;;7;21
56037;Monte Romano;33;4;1;0;0;;;;5;5;3;0;0;;;;8;13
56037;Monte Romano;34;9;4;0;0;;;;13;6;4;0;0;;;;10;23
56037;Monte Romano;35;4;2;1;0;;;;7;4;4;1;0;;;;9;16
56037;Monte Romano;36;5;9;0;0;;;;14;5;4;0;0;;;;9;23
56037;Monte Romano;37;5;5;0;0;;;;10;3;2;0;0;;;;5;15
56037;Monte Romano;38;5;2;1;0;;;;8;7;7;0;0;;;;14;22
56037;Monte Romano;39;7;2;0;0;;;;9;1;11;1;0;;;;13;22
56037;Monte Romano;40;4;4;0;0;;;;8;5;8;1;0;;;;14;22
56037;Monte Romano;41;3;7;1;0;;;;11;1;10;0;0;;;;11;22
56037;Monte Romano;42;1;11;0;0;;;;12;2;13;0;1;;;;16;28
56037;Monte Romano;43;3;13;0;0;;;;16;4;12;0;0;;;;16;32
56037;Monte Romano;44;5;11;2;0;;;;18;2;6;0;0;;;;8;26
56037;Monte Romano;45;7;13;1;0;;;;21;4;13;1;0;;;;18;39
56037;Monte Romano;46;3;11;2;0;;;;16;1;5;1;0;;;;7;23
56037;Monte Romano;47;6;7;0;0;;;;13;6;9;1;0;;;;16;29
56037;Monte Romano;48;8;9;1;0;;;;18;5;12;0;0;;;;17;35
56037;Monte Romano;49;7;16;0;0;;;;23;2;6;1;0;;;;9;32
56037;Monte Romano;50;3;14;1;0;;;;18;3;13;2;0;;;;18;36
56037;Monte Romano;51;6;11;1;0;;;;18;2;10;1;0;;;;13;31
56037;Monte Romano;52;6;10;0;0;;;;16;1;10;3;0;;;;14;30
56037;Monte Romano;53;0;6;2;0;;;;8;1;10;1;0;;;;12;20
56037;Monte Romano;54;1;6;2;1;;;;10;6;6;4;0;;;;16;26
56037;Monte Romano;55;2;9;0;0;;;;11;3;8;0;0;;;;11;22
56037;Monte Romano;56;1;3;3;0;;;;7;0;6;2;1;;;;9;16
56037;Monte Romano;57;0;9;1;0;;;;10;1;10;1;0;;;;12;22
56037;Monte Romano;58;1;8;1;0;;;;10;3;9;1;1;;;;14;24
56037;Monte Romano;59;4;11;0;0;;;;15;2;9;2;1;;;;14;29
56037;Monte Romano;60;1;7;1;0;;;;9;1;11;3;1;;;;16;25
56037;Monte Romano;61;2;9;1;0;;;;12;1;9;1;0;;;;11;23
56037;Monte Romano;62;1;10;4;2;;;;17;4;10;1;1;;;;16;33
56037;Monte Romano;63;1;9;0;0;;;;10;2;7;2;2;;;;13;23
56037;Monte Romano;64;0;12;0;0;;;;12;0;11;2;2;;;;15;27
56037;Monte Romano;65;1;9;5;1;;;;16;3;7;0;1;;;;11;27
56037;Monte Romano;66;1;9;0;0;;;;10;3;15;0;2;;;;20;30
56037;Monte Romano;67;0;11;0;1;;;;12;2;11;0;1;;;;14;26
56037;Monte Romano;68;1;10;2;0;;;;13;1;9;2;2;;;;14;27
56037;Monte Romano;69;2;12;0;1;;;;15;1;9;0;2;;;;12;27
56037;Monte Romano;70;1;12;1;0;;;;14;2;11;0;4;;;;17;31
56037;Monte Romano;71;0;9;0;1;;;;10;0;12;0;3;;;;15;25
56037;Monte Romano;72;2;8;1;0;;;;11;0;15;0;2;;;;17;28
56037;Monte Romano;73;1;12;3;0;;;;16;1;10;0;4;;;;15;31
56037;Monte Romano;74;1;10;1;0;;;;12;0;7;0;3;;;;10;22
56037;Monte Romano;75;1;4;0;1;;;;6;0;4;0;3;;;;7;13
56037;Monte Romano;76;0;15;0;2;;;;17;0;3;0;2;;;;5;22
56037;Monte Romano;77;1;11;0;0;;;;12;0;5;1;5;;;;11;23
56037;Monte Romano;78;1;9;0;2;;;;12;0;7;0;3;;;;10;22
56037;Monte Romano;79;1;5;0;2;;;;8;1;5;1;2;;;;9;17
56037;Monte Romano;80;2;7;0;4;;;;13;0;5;0;4;;;;9;22
56037;Monte Romano;81;0;5;0;0;;;;5;0;1;0;7;;;;8;13
56037;Monte Romano;82;0;5;0;0;;;;5;0;3;0;4;;;;7;12
56037;Monte Romano;83;0;2;0;0;;;;2;1;4;0;6;;;;11;13
56037;Monte Romano;84;0;3;0;1;;;;4;0;4;0;6;;;;10;14
56037;Monte Romano;85;0;8;0;4;;;;12;0;2;0;9;;;;11;23
56037;Monte Romano;86;0;1;0;0;;;;1;0;0;0;4;;;;4;5
56037;Monte Romano;87;1;5;0;0;;;;6;0;1;1;1;;;;3;9
56037;Monte Romano;88;0;0;0;1;;;;1;0;2;1;4;;;;7;8
56037;Monte Romano;89;1;1;0;3;;;;5;0;0;0;6;;;;6;11
56037;Monte Romano;90;0;1;0;0;;;;1;0;0;0;5;;;;5;6
56037;Monte Romano;91;0;0;0;0;;;;0;0;0;0;0;;;;0;0
56037;Monte Romano;92;0;0;0;0;;;;0;0;1;0;3;;;;4;4
56037;Monte Romano;93;0;1;0;1;;;;2;0;1;0;4;;;;5;7
56037;Monte Romano;94;0;1;0;0;;;;1;0;0;0;1;;;;1;2
56037;Monte Romano;95;0;0;0;0;;;;0;0;0;0;0;;;;0;0
56037;Monte Romano;96;0;0;0;0;;;;0;0;0;0;2;;;;2;2
56037;Monte Romano;97;0;0;0;0;;;;0;0;0;0;0;;;;0;0
56037;Monte Romano;98;0;0;0;0;;;;0;0;0;0;0;;;;0;0
56037;Monte Romano;99;0;0;0;0;;;;0;0;0;0;0;;;;0;0
56037;Monte Romano;100;0;0;0;0;;;;0;0;0;0;0;;;;0;0
56037;Monte Romano;999;402;452;39;28;;;;921;353;434;39;115;;;;941;1862
56038;Monterosi;0;16;0;0;0;;;;16;13;0;0;0;;;;13;29
56038;Monterosi;1;13;0;0;0;;;;13;14;0;0;0;;;;14;27
56038;Monterosi;2;21;0;0;0;;;;21;14;0;0;0;;;;14;35
56038;Monterosi;3;10;0;0;0;;;;10;14;0;0;0;;;;14;24
56038;Monterosi;4;27;0;0;0;;;;27;16;0;0;0;;;;16;43
56038;Monterosi;5;19;0;0;0;;;;19;12;0;0;0;;;;12;31
56038;Monterosi;6;18;0;0;0;;;;18;15;0;0;0;;;;15;33
56038;Monterosi;7;21;0;0;0;;;;21;21;0;0;0;;;;21;42
56038;Monterosi;8;19;0;0;0;;;;19;28;0;0;0;;;;28;47
56038;Monterosi;9;25;0;0;0;;;;25;25;0;0;0;;;;25;50
56038;Monterosi;10;19;0;0;0;;;;19;22;0;0;0;;;;22;41
56038;Monterosi;11;21;0;0;0;;;;21;34;0;0;0;;;;34;55
56038;Monterosi;12;34;0;0;0;;;;34;22;0;0;0;;;;22;56
56038;Monterosi;13;34;0;0;0;;;;34;30;0;0;0;;;;30;64
56038;Monterosi;14;42;0;0;0;;;;42;22;0;0;0;;;;22;64
56038;Monterosi;15;26;0;0;0;;;;26;26;0;0;0;;;;26;52
56038;Monterosi;16;27;0;0;0;;;;27;28;0;0;0;;;;28;55
56038;Monterosi;17;27;0;0;0;;;;27;24;0;0;0;;;;24;51
56038;Monterosi;18;26;0;0;0;;;;26;26;0;0;0;;;;26;52
56038;Monterosi;19;19;0;0;0;;;;19;17;0;0;0;;;;17;36
56038;Monterosi;20;23;0;0;0;;;;23;20;0;0;0;;;;20;43
56038;Monterosi;21;26;0;0;0;;;;26;17;0;0;0;;;;17;43
56038;Monterosi;22;32;0;0;0;;;;32;18;1;0;0;;;;19;51
56038;Monterosi;23;29;0;0;0;;;;29;29;2;0;0;;;;31;60
56038;Monterosi;24;19;0;0;0;;;;19;14;1;0;0;;;;15;34
56038;Monterosi;25;21;0;0;0;;;;21;26;3;0;0;;;;29;50
56038;Monterosi;26;23;2;0;0;;;;25;26;3;0;0;;;;29;54
56038;Monterosi;27;13;3;0;0;;;;16;24;1;0;0;;;;25;41
56038;Monterosi;28;33;0;0;0;;;;33;15;3;0;0;;;;18;51
56038;Monterosi;29;13;1;0;0;;;;14;15;4;0;0;;;;19;33
56038;Monterosi;30;19;4;0;0;;;;23;20;8;0;0;;;;28;51
56038;Monterosi;31;18;5;0;0;;;;23;19;6;0;0;;;;25;48
56038;Monterosi;32;24;7;0;0;;;;31;16;10;0;0;;;;26;57
56038;Monterosi;33;23;5;0;0;;;;28;20;10;0;0;;;;30;58
56038;Monterosi;34;9;9;0;0;;;;18;18;8;0;0;;;;26;44
56038;Monterosi;35;17;5;2;0;;;;24;10;15;1;0;;;;26;50
56038;Monterosi;36;12;9;1;0;;;;22;15;13;0;0;;;;28;50
56038;Monterosi;37;17;11;0;0;;;;28;11;9;1;0;;;;21;49
56038;Monterosi;38;18;8;1;0;;;;27;15;17;1;1;;;;34;61
56038;Monterosi;39;20;7;2;0;;;;29;16;17;3;1;;;;37;66
56038;Monterosi;40;17;16;0;0;;;;33;8;16;0;0;;;;24;57
56038;Monterosi;41;13;15;0;0;;;;28;13;13;1;0;;;;27;55
56038;Monterosi;42;15;23;1;0;;;;39;11;21;2;1;;;;35;74
56038;Monterosi;43;16;15;3;0;;;;34;11;27;1;0;;;;39;73
56038;Monterosi;44;13;14;0;0;;;;27;9;20;1;1;;;;31;58
56038;Monterosi;45;12;21;2;0;;;;35;7;25;2;0;;;;34;69
56038;Monterosi;46;17;19;2;0;;;;38;10;19;1;1;;;;31;69
56038;Monterosi;47;12;21;1;0;;;;34;9;23;1;0;;;;33;67
56038;Monterosi;48;16;24;1;0;;;;41;8;28;3;0;;;;39;80
56038;Monterosi;49;17;31;6;0;;;;54;4;33;2;3;;;;42;96
56038;Monterosi;50;12;27;3;0;;;;42;8;31;4;2;;;;45;87
56038;Monterosi;51;14;14;1;0;;;;29;3;18;1;1;;;;23;52
56038;Monterosi;52;10;31;2;0;;;;43;8;33;3;0;;;;44;87
56038;Monterosi;53;7;27;3;0;;;;37;9;34;7;4;;;;54;91
56038;Monterosi;54;4;22;8;0;;;;34;9;34;5;0;;;;48;82
56038;Monterosi;55;12;26;4;0;;;;42;4;37;1;2;;;;44;86
56038;Monterosi;56;4;34;8;0;;;;46;4;24;4;0;;;;32;78
56038;Monterosi;57;9;26;2;0;;;;37;7;26;7;3;;;;43;80
56038;Monterosi;58;6;33;2;0;;;;41;11;22;3;0;;;;36;77
56038;Monterosi;59;5;31;6;0;;;;42;7;32;9;3;;;;51;93
56038;Monterosi;60;8;35;5;1;;;;49;10;30;6;0;;;;46;95
56038;Monterosi;61;8;36;6;0;;;;50;7;32;4;2;;;;45;95
56038;Monterosi;62;6;25;7;0;;;;38;1;35;4;1;;;;41;79
56038;Monterosi;63;2;27;5;1;;;;35;4;20;6;4;;;;34;69
56038;Monterosi;64;2;23;3;0;;;;28;2;28;0;2;;;;32;60
56038;Monterosi;65;1;23;2;1;;;;27;4;20;4;3;;;;31;58
56038;Monterosi;66;3;25;2;2;;;;32;1;17;1;1;;;;20;52
56038;Monterosi;67;2;18;4;1;;;;25;4;20;0;3;;;;27;52
56038;Monterosi;68;4;33;1;1;;;;39;2;20;4;3;;;;29;68
56038;Monterosi;69;3;18;3;2;;;;26;1;18;1;6;;;;26;52
56038;Monterosi;70;1;26;2;2;;;;31;4;17;1;1;;;;23;54
56038;Monterosi;71;1;14;0;1;;;;16;1;21;2;6;;;;30;46
56038;Monterosi;72;1;17;2;2;;;;22;3;13;3;7;;;;26;48
56038;Monterosi;73;1;18;1;1;;;;21;1;6;2;6;;;;15;36
56038;Monterosi;74;1;22;2;0;;;;25;1;17;4;5;;;;27;52
56038;Monterosi;75;3;17;2;3;;;;25;0;17;2;0;;;;19;44
56038;Monterosi;76;1;19;0;0;;;;20;2;10;0;7;;;;19;39
56038;Monterosi;77;2;13;1;2;;;;18;0;14;2;6;;;;22;40
56038;Monterosi;78;0;22;2;2;;;;26;0;10;1;10;;;;21;47
56038;Monterosi;79;1;18;0;1;;;;20;3;11;0;9;;;;23;43
56038;Monterosi;80;0;14;0;4;;;;18;0;4;2;12;;;;18;36
56038;Monterosi;81;1;10;0;0;;;;11;1;6;1;6;;;;14;25
56038;Monterosi;82;0;7;1;1;;;;9;0;5;0;8;;;;13;22
56038;Monterosi;83;0;7;0;1;;;;8;0;3;0;6;;;;9;17
56038;Monterosi;84;1;1;0;2;;;;4;1;4;0;7;;;;12;16
56038;Monterosi;85;0;9;0;4;;;;13;0;2;0;9;;;;11;24
56038;Monterosi;86;0;7;0;0;;;;7;0;4;0;5;;;;9;16
56038;Monterosi;87;0;3;0;2;;;;5;0;1;2;10;;;;13;18
56038;Monterosi;88;0;1;0;0;;;;1;0;1;0;7;;;;8;9
56038;Monterosi;89;1;1;0;0;;;;2;1;1;0;4;;;;6;8
56038;Monterosi;90;0;1;0;1;;;;2;0;0;0;4;;;;4;6
56038;Monterosi;91;0;1;0;0;;;;1;0;0;0;6;;;;6;7
56038;Monterosi;92;0;2;0;1;;;;3;2;0;0;6;;;;8;11
56038;Monterosi;93;0;2;0;1;;;;3;0;0;0;2;;;;2;5
56038;Monterosi;94;0;0;0;0;;;;0;1;0;0;4;;;;5;5
56038;Monterosi;95;0;0;0;1;;;;1;0;1;0;2;;;;3;4
56038;Monterosi;96;0;0;0;0;;;;0;0;0;0;2;;;;2;2
56038;Monterosi;97;0;0;0;0;;;;0;0;0;0;0;;;;0;0
56038;Monterosi;98;0;0;0;1;;;;1;0;0;0;2;;;;2;3
56038;Monterosi;99;0;0;0;0;;;;0;0;0;0;0;;;;0;0
56038;Monterosi;100;0;0;0;0;;;;0;1;1;0;2;;;;4;4
56038;Monterosi;999;1158;1061;112;42;;;;2373;1005;1056;116;209;;;;2386;4759
56039;Nepi;0;30;0;0;0;;;;30;26;0;0;0;;;;26;56
56039;Nepi;1;29;0;0;0;;;;29;23;0;0;0;;;;23;52
56039;Nepi;2;24;0;0;0;;;;24;37;0;0;0;;;;37;61
56039;Nepi;3;33;0;0;0;;;;33;43;0;0;0;;;;43;76
56039;Nepi;4;25;0;0;0;;;;25;31;0;0;0;;;;31;56
56039;Nepi;5;27;0;0;0;;;;27;15;0;0;0;;;;15;42
56039;Nepi;6;37;0;0;0;;;;37;42;0;0;0;;;;42;79
56039;Nepi;7;44;0;0;0;;;;44;37;0;0;0;;;;37;81
56039;Nepi;8;30;0;0;0;;;;30;35;0;0;0;;;;35;65
56039;Nepi;9;38;0;0;0;;;;38;56;0;0;0;;;;56;94
56039;Nepi;10;45;0;0;0;;;;45;34;0;0;0;;;;34;79
56039;Nepi;11;49;0;0;0;;;;49;40;0;0;0;;;;40;89
56039;Nepi;12;53;0;0;0;;;;53;52;0;0;0;;;;52;105
56039;Nepi;13;42;0;0;0;;;;42;42;0;0;0;;;;42;84
56039;Nepi;14;49;0;0;0;;;;49;45;0;0;0;;;;45;94
56039;Nepi;15;55;0;0;0;;;;55;45;0;0;0;;;;45;100
56039;Nepi;16;52;0;0;0;;;;52;36;0;0;0;;;;36;88
56039;Nepi;17;47;0;0;0;;;;47;48;0;0;0;;;;48;95
56039;Nepi;18;47;0;0;0;;;;47;55;0;0;0;;;;55;102
56039;Nepi;19;57;0;0;0;;;;57;45;0;0;0;;;;45;102
56039;Nepi;20;52;0;0;0;;;;52;49;0;0;0;;;;49;101
56039;Nepi;21;54;0;0;0;;;;54;39;1;0;0;;;;40;94
56039;Nepi;22;32;0;0;0;;;;32;46;1;0;0;;;;47;79
56039;Nepi;23;51;0;0;0;;;;51;45;0;0;0;;;;45;96
56039;Nepi;24;39;1;0;0;;;;40;59;2;0;0;;;;61;101
56039;Nepi;25;43;2;0;0;;;;45;37;2;0;0;;;;39;84
56039;Nepi;26;35;2;0;0;;;;37;35;3;0;0;;;;38;75
56039;Nepi;27;43;1;0;0;;;;44;41;5;0;0;;;;46;90
56039;Nepi;28;57;0;1;0;;;;58;36;2;0;0;;;;38;96
56039;Nepi;29;53;3;0;0;;;;56;34;7;0;0;;;;41;97
56039;Nepi;30;50;2;0;0;;;;52;38;8;0;0;;;;46;98
56039;Nepi;31;42;6;0;0;;;;48;43;18;1;0;;;;62;110
56039;Nepi;32;37;10;0;0;;;;47;35;11;0;0;;;;46;93
56039;Nepi;33;42;7;0;0;;;;49;27;20;2;0;;;;49;98
56039;Nepi;34;40;13;0;0;;;;53;35;15;0;0;;;;50;103
56039;Nepi;35;35;10;0;0;;;;45;35;13;1;0;;;;49;94
56039;Nepi;36;39;12;1;0;;;;52;35;20;3;0;;;;58;110
56039;Nepi;37;38;19;0;0;;;;57;33;35;1;0;;;;69;126
56039;Nepi;38;35;14;1;0;;;;50;20;32;2;1;;;;55;105
56039;Nepi;39;33;27;0;0;;;;60;18;20;2;2;;;;42;102
56039;Nepi;40;32;24;0;0;;;;56;22;30;3;1;;;;56;112
56039;Nepi;41;31;31;1;0;;;;63;20;51;0;1;;;;72;135
56039;Nepi;42;29;29;2;0;;;;60;25;44;2;0;;;;71;131
56039;Nepi;43;26;31;2;0;;;;59;19;26;2;0;;;;47;106
56039;Nepi;44;29;37;1;0;;;;67;19;42;3;0;;;;64;131
56039;Nepi;45;25;36;0;0;;;;61;19;37;6;1;;;;63;124
56039;Nepi;46;28;44;5;1;;;;78;24;49;3;0;;;;76;154
56039;Nepi;47;33;42;3;0;;;;78;12;46;6;1;;;;65;143
56039;Nepi;48;27;45;5;0;;;;77;21;48;7;0;;;;76;153
56039;Nepi;49;25;49;5;0;;;;79;22;57;6;1;;;;86;165
56039;Nepi;50;31;52;6;0;;;;89;18;51;7;1;;;;77;166
56039;Nepi;51;24;48;3;1;;;;76;23;52;11;1;;;;87;163
56039;Nepi;52;18;52;5;1;;;;76;18;56;8;0;;;;82;158
56039;Nepi;53;27;54;3;0;;;;84;18;66;11;5;;;;100;184
56039;Nepi;54;18;53;5;1;;;;77;15;61;11;1;;;;88;165
56039;Nepi;55;18;40;6;0;;;;64;16;53;9;3;;;;81;145
56039;Nepi;56;21;52;5;0;;;;78;12;59;6;3;;;;80;158
56039;Nepi;57;15;68;9;1;;;;93;14;57;12;8;;;;91;184
56039;Nepi;58;13;81;8;2;;;;104;6;61;11;5;;;;83;187
56039;Nepi;59;20;60;8;1;;;;89;12;73;8;7;;;;100;189
56039;Nepi;60;15;76;7;1;;;;99;7;55;4;7;;;;73;172
56039;Nepi;61;10;70;6;4;;;;90;11;64;8;4;;;;87;177
56039;Nepi;62;10;54;6;0;;;;70;7;50;6;6;;;;69;139
56039;Nepi;63;6;57;7;1;;;;71;4;50;4;8;;;;66;137
56039;Nepi;64;4;45;7;3;;;;59;6;56;6;6;;;;74;133
56039;Nepi;65;4;56;8;0;;;;68;6;46;7;12;;;;71;139
56039;Nepi;66;5;51;7;4;;;;67;5;59;7;7;;;;78;145
56039;Nepi;67;8;55;6;2;;;;71;7;60;4;9;;;;80;151
56039;Nepi;68;4;60;6;2;;;;72;6;34;1;10;;;;51;123
56039;Nepi;69;6;43;6;4;;;;59;4;38;3;7;;;;52;111
56039;Nepi;70;4;44;10;3;;;;61;1;42;3;11;;;;57;118
56039;Nepi;71;4;35;1;6;;;;46;5;29;1;6;;;;41;87
56039;Nepi;72;7;44;3;1;;;;55;5;22;9;13;;;;49;104
56039;Nepi;73;3;42;3;1;;;;49;3;23;5;9;;;;40;89
56039;Nepi;74;2;52;5;10;;;;69;8;14;4;15;;;;41;110
56039;Nepi;75;4;34;6;7;;;;51;4;28;3;11;;;;46;97
56039;Nepi;76;5;38;5;4;;;;52;3;33;0;14;;;;50;102
56039;Nepi;77;2;28;1;4;;;;35;3;31;4;15;;;;53;88
56039;Nepi;78;2;23;0;6;;;;31;0;23;3;20;;;;46;77
56039;Nepi;79;0;21;1;1;;;;23;1;18;2;14;;;;35;58
56039;Nepi;80;1;19;1;3;;;;24;3;17;0;17;;;;37;61
56039;Nepi;81;1;20;1;7;;;;29;4;11;2;20;;;;37;66
56039;Nepi;82;0;21;0;4;;;;25;3;11;1;18;;;;33;58
56039;Nepi;83;1;17;2;3;;;;23;0;8;1;22;;;;31;54
56039;Nepi;84;1;11;2;5;;;;19;2;11;0;25;;;;38;57
56039;Nepi;85;3;16;0;7;;;;26;1;6;0;22;;;;29;55
56039;Nepi;86;0;8;2;5;;;;15;1;2;0;19;;;;22;37
56039;Nepi;87;0;14;2;5;;;;21;0;5;0;17;;;;22;43
56039;Nepi;88;0;5;1;1;;;;7;1;1;0;18;;;;20;27
56039;Nepi;89;1;7;0;1;;;;9;0;0;1;17;;;;18;27
56039;Nepi;90;0;4;0;3;;;;7;1;0;0;18;;;;19;26
56039;Nepi;91;0;7;1;3;;;;11;1;2;0;4;;;;7;18
56039;Nepi;92;1;0;1;1;;;;3;0;0;0;6;;;;6;9
56039;Nepi;93;0;3;1;1;;;;5;0;0;0;5;;;;5;10
56039;Nepi;94;0;1;0;1;;;;2;0;0;0;6;;;;6;8
56039;Nepi;95;0;0;0;2;;;;2;0;0;0;3;;;;3;5
56039;Nepi;96;0;0;0;0;;;;0;1;0;0;2;;;;3;3
56039;Nepi;97;0;0;0;2;;;;2;0;0;0;3;;;;3;5
56039;Nepi;98;0;0;0;0;;;;0;0;0;0;2;;;;2;2
56039;Nepi;99;0;0;0;0;;;;0;0;0;0;0;;;;0;0
56039;Nepi;100;0;0;0;0;;;;0;0;0;0;2;;;;2;2
56039;Nepi;999;2267;2138;200;126;;;;4731;1996;2083;233;492;;;;4804;9535
56040;Onano;0;0;0;0;0;;;;0;0;0;0;0;;;;0;0
56040;Onano;1;1;0;0;0;;;;1;2;0;0;0;;;;2;3
56040;Onano;2;1;0;0;0;;;;1;1;0;0;0;;;;1;2
56040;Onano;3;0;0;0;0;;;;0;0;0;0;0;;;;0;0
56040;Onano;4;4;0;0;0;;;;4;1;0;0;0;;;;1;5
56040;Onano;5;1;0;0;0;;;;1;3;0;0;0;;;;3;4
56040;Onano;6;1;0;0;0;;;;1;0;0;0;0;;;;0;1
56040;Onano;7;1;0;0;0;;;;1;1;0;0;0;;;;1;2
56040;Onano;8;8;0;0;0;;;;8;5;0;0;0;;;;5;13
56040;Onano;9;1;0;0;0;;;;1;6;0;0;0;;;;6;7
56040;Onano;10;2;0;0;0;;;;2;10;0;0;0;;;;10;12
56040;Onano;11;4;0;0;0;;;;4;1;0;0;0;;;;1;5
56040;Onano;12;2;0;0;0;;;;2;0;0;0;0;;;;0;2
56040;Onano;13;2;0;0;0;;;;2;5;0;0;0;;;;5;7
56040;Onano;14;8;0;0;0;;;;8;2;0;0;0;;;;2;10
56040;Onano;15;7;0;0;0;;;;7;1;0;0;0;;;;1;8
56040;Onano;16;5;0;0;0;;;;5;3;0;0;0;;;;3;8
56040;Onano;17;1;0;0;0;;;;1;1;0;0;0;;;;1;2
56040;Onano;18;3;0;0;0;;;;3;2;0;0;0;;;;2;5
56040;Onano;19;4;0;0;0;;;;4;0;0;0;0;;;;0;4
56040;Onano;20;1;0;0;0;;;;1;3;0;0;0;;;;3;4
56040;Onano;21;3;0;0;0;;;;3;3;0;0;0;;;;3;6
56040;Onano;22;1;0;0;0;;;;1;3;0;0;0;;;;3;4
56040;Onano;23;2;0;0;0;;;;2;5;0;0;0;;;;5;7
56040;Onano;24;7;0;0;0;;;;7;3;0;0;0;;;;3;10
56040;Onano;25;3;0;0;0;;;;3;2;0;0;0;;;;2;5
56040;Onano;26;5;0;0;0;;;;5;7;1;0;0;;;;8;13
56040;Onano;27;1;1;0;0;;;;2;1;0;0;0;;;;1;3
56040;Onano;28;7;1;0;0;;;;8;2;0;0;0;;;;2;10
56040;Onano;29;1;0;0;0;;;;1;3;0;0;0;;;;3;4
56040;Onano;30;5;0;0;0;;;;5;5;0;0;0;;;;5;10
56040;Onano;31;4;2;0;0;;;;6;0;1;0;0;;;;1;7
56040;Onano;32;2;0;0;0;;;;2;4;0;0;0;;;;4;6
56040;Onano;33;5;0;0;0;;;;5;0;1;0;0;;;;1;6
56040;Onano;34;4;0;0;0;;;;4;2;1;0;0;;;;3;7
56040;Onano;35;1;0;0;0;;;;1;0;2;0;0;;;;2;3
56040;Onano;36;1;0;0;0;;;;1;4;1;0;0;;;;5;6
56040;Onano;37;5;1;0;0;;;;6;1;1;0;0;;;;2;8
56040;Onano;38;4;0;0;0;;;;4;1;0;1;0;;;;2;6
56040;Onano;39;1;3;0;0;;;;4;1;4;0;0;;;;5;9
56040;Onano;40;1;1;0;0;;;;2;4;1;1;0;;;;6;8
56040;Onano;41;1;1;1;0;;;;3;1;7;0;0;;;;8;11
56040;Onano;42;3;6;0;0;;;;9;2;3;0;0;;;;5;14
56040;Onano;43;3;2;0;0;;;;5;6;7;1;0;;;;14;19
56040;Onano;44;2;2;0;0;;;;4;0;1;0;0;;;;1;5
56040;Onano;45;3;1;0;0;;;;4;2;3;0;0;;;;5;9
56040;Onano;46;5;2;0;0;;;;7;4;3;0;0;;;;7;14
56040;Onano;47;3;4;2;0;;;;9;1;3;0;1;;;;5;14
56040;Onano;48;4;2;0;0;;;;6;4;3;0;1;;;;8;14
56040;Onano;49;5;1;1;0;;;;7;0;5;0;0;;;;5;12
56040;Onano;50;1;3;0;0;;;;4;2;1;0;0;;;;3;7
56040;Onano;51;7;6;0;0;;;;13;1;3;0;0;;;;4;17
56040;Onano;52;2;5;1;0;;;;8;2;3;0;0;;;;5;13
56040;Onano;53;1;7;0;0;;;;8;2;8;1;0;;;;11;19
56040;Onano;54;1;6;0;0;;;;7;1;4;0;0;;;;5;12
56040;Onano;55;2;6;0;0;;;;8;1;3;0;0;;;;4;12
56040;Onano;56;2;1;0;0;;;;3;1;3;0;0;;;;4;7
56040;Onano;57;0;5;1;0;;;;6;0;2;0;0;;;;2;8
56040;Onano;58;0;5;0;0;;;;5;1;2;0;1;;;;4;9
56040;Onano;59;3;3;0;0;;;;6;1;5;0;2;;;;8;14
56040;Onano;60;3;2;0;0;;;;5;4;5;0;1;;;;10;15
56040;Onano;61;2;7;1;0;;;;10;1;5;0;0;;;;6;16
56040;Onano;62;5;10;0;0;;;;15;0;4;0;0;;;;4;19
56040;Onano;63;1;5;1;0;;;;7;0;3;0;1;;;;4;11
56040;Onano;64;0;4;1;0;;;;5;1;11;0;2;;;;14;19
56040;Onano;65;2;3;0;0;;;;5;0;6;1;3;;;;10;15
56040;Onano;66;0;4;0;0;;;;4;1;9;0;2;;;;12;16
56040;Onano;67;2;3;0;1;;;;6;1;6;0;3;;;;10;16
56040;Onano;68;1;7;0;0;;;;8;0;2;1;0;;;;3;11
56040;Onano;69;0;6;0;0;;;;6;0;0;0;3;;;;3;9
56040;Onano;70;2;6;0;2;;;;10;1;6;1;2;;;;10;20
56040;Onano;71;2;6;0;0;;;;8;0;5;0;2;;;;7;15
56040;Onano;72;1;6;0;0;;;;7;0;3;0;2;;;;5;12
56040;Onano;73;1;5;2;0;;;;8;0;4;1;5;;;;10;18
56040;Onano;74;0;5;0;2;;;;7;0;9;0;2;;;;11;18
56040;Onano;75;2;6;0;1;;;;9;0;7;0;1;;;;8;17
56040;Onano;76;1;4;0;0;;;;5;0;7;1;3;;;;11;16
56040;Onano;77;1;7;0;0;;;;8;0;3;0;2;;;;5;13
56040;Onano;78;0;3;0;0;;;;3;1;2;0;4;;;;7;10
56040;Onano;79;0;3;1;1;;;;5;0;3;0;4;;;;7;12
56040;Onano;80;1;5;0;1;;;;7;0;1;0;5;;;;6;13
56040;Onano;81;0;4;0;1;;;;5;1;1;0;2;;;;4;9
56040;Onano;82;1;1;0;0;;;;2;0;2;0;4;;;;6;8
56040;Onano;83;0;3;0;0;;;;3;0;0;0;1;;;;1;4
56040;Onano;84;0;2;0;0;;;;2;0;2;0;4;;;;6;8
56040;Onano;85;1;0;0;0;;;;1;0;2;0;5;;;;7;8
56040;Onano;86;0;2;0;0;;;;2;0;1;0;4;;;;5;7
56040;Onano;87;0;1;0;1;;;;2;0;1;0;3;;;;4;6
56040;Onano;88;0;0;0;0;;;;0;0;0;0;3;;;;3;3
56040;Onano;89;0;2;0;0;;;;2;0;2;0;4;;;;6;8
56040;Onano;90;0;0;0;0;;;;0;0;0;0;3;;;;3;3
56040;Onano;91;0;1;0;2;;;;3;0;0;0;0;;;;0;3
56040;Onano;92;1;0;0;1;;;;2;0;0;0;2;;;;2;4
56040;Onano;93;0;0;0;0;;;;0;0;1;0;1;;;;2;2
56040;Onano;94;0;0;0;0;;;;0;0;0;0;1;;;;1;1
56040;Onano;95;0;0;0;0;;;;0;1;0;0;3;;;;4;4
56040;Onano;96;0;0;0;0;;;;0;0;0;0;0;;;;0;0
56040;Onano;97;0;0;0;0;;;;0;0;0;0;1;;;;1;1
56040;Onano;98;0;0;0;0;;;;0;0;0;0;2;;;;2;2
56040;Onano;99;0;0;0;0;;;;0;0;0;0;1;;;;1;1
56040;Onano;100;0;0;0;0;;;;0;0;0;0;0;;;;0;0
56040;Onano;999;198;200;12;13;;;;423;142;195;9;96;;;;442;865
56041;Oriolo Romano;0;11;0;0;0;;;;11;11;0;0;0;;;;11;22
56041;Oriolo Romano;1;11;0;0;0;;;;11;5;0;0;0;;;;5;16
56041;Oriolo Romano;2;11;0;0;0;;;;11;11;0;0;0;;;;11;22
56041;Oriolo Romano;3;15;0;0;0;;;;15;5;0;0;0;;;;5;20
56041;Oriolo Romano;4;13;0;0;0;;;;13;12;0;0;0;;;;12;25
56041;Oriolo Romano;5;13;0;0;0;;;;13;12;0;0;0;;;;12;25
56041;Oriolo Romano;6;12;0;0;0;;;;12;14;0;0;0;;;;14;26
56041;Oriolo Romano;7;14;0;0;0;;;;14;11;0;0;0;;;;11;25
56041;Oriolo Romano;8;15;0;0;0;;;;15;10;0;0;0;;;;10;25
56041;Oriolo Romano;9;13;0;0;0;;;;13;11;0;0;0;;;;11;24
56041;Oriolo Romano;10;16;0;0;0;;;;16;15;0;0;0;;;;15;31
56041;Oriolo Romano;11;16;0;0;0;;;;16;17;0;0;0;;;;17;33
56041;Oriolo Romano;12;26;0;0;0;;;;26;16;0;0;0;;;;16;42
56041;Oriolo Romano;13;10;0;0;0;;;;10;17;0;0;0;;;;17;27
56041;Oriolo Romano;14;15;0;0;0;;;;15;11;0;0;0;;;;11;26
56041;Oriolo Romano;15;16;0;0;0;;;;16;11;0;0;0;;;;11;27
56041;Oriolo Romano;16;17;0;0;0;;;;17;22;0;0;0;;;;22;39
56041;Oriolo Romano;17;21;0;0;0;;;;21;12;0;0;0;;;;12;33
56041;Oriolo Romano;18;16;0;0;0;;;;16;19;0;0;0;;;;19;35
56041;Oriolo Romano;19;16;0;0;0;;;;16;18;0;0;0;;;;18;34
56041;Oriolo Romano;20;26;0;0;0;;;;26;11;0;0;0;;;;11;37
56041;Oriolo Romano;21;20;0;0;0;;;;20;7;0;0;0;;;;7;27
56041;Oriolo Romano;22;20;0;0;0;;;;20;24;1;0;0;;;;25;45
56041;Oriolo Romano;23;21;1;0;0;;;;22;13;0;0;0;;;;13;35
56041;Oriolo Romano;24;19;0;0;0;;;;19;23;0;0;0;;;;23;42
56041;Oriolo Romano;25;20;1;0;0;;;;21;19;1;0;0;;;;20;41
56041;Oriolo Romano;26;15;0;0;0;;;;15;15;1;0;0;;;;16;31
56041;Oriolo Romano;27;15;0;0;0;;;;15;19;0;0;0;;;;19;34
56041;Oriolo Romano;28;17;0;0;0;;;;17;19;1;0;0;;;;20;37
56041;Oriolo Romano;29;15;0;0;0;;;;15;17;1;0;0;;;;18;33
56041;Oriolo Romano;30;17;1;0;0;;;;18;16;4;0;0;;;;20;38
56041;Oriolo Romano;31;19;2;0;0;;;;21;12;4;0;0;;;;16;37
56041;Oriolo Romano;32;18;1;1;0;;;;20;10;2;0;0;;;;12;32
56041;Oriolo Romano;33;13;4;0;0;;;;17;18;5;0;0;;;;23;40
56041;Oriolo Romano;34;11;1;0;0;;;;12;14;4;1;0;;;;19;31
56041;Oriolo Romano;35;21;5;0;0;;;;26;14;10;0;0;;;;24;50
56041;Oriolo Romano;36;17;6;1;0;;;;24;12;7;0;0;;;;19;43
56041;Oriolo Romano;37;12;8;0;0;;;;20;10;11;1;0;;;;22;42
56041;Oriolo Romano;38;9;6;2;0;;;;17;10;10;0;0;;;;20;37
56041;Oriolo Romano;39;15;17;0;0;;;;32;13;8;0;0;;;;21;53
56041;Oriolo Romano;40;11;6;0;0;;;;17;7;10;0;0;;;;17;34
56041;Oriolo Romano;41;12;8;0;0;;;;20;9;11;0;0;;;;20;40
56041;Oriolo Romano;42;9;8;0;0;;;;17;7;13;0;0;;;;20;37
56041;Oriolo Romano;43;13;16;0;0;;;;29;10;15;0;1;;;;26;55
56041;Oriolo Romano;44;10;5;1;0;;;;16;9;21;4;1;;;;35;51
56041;Oriolo Romano;45;9;7;1;0;;;;17;10;12;4;0;;;;26;43
56041;Oriolo Romano;46;16;14;1;0;;;;31;11;13;1;1;;;;26;57
56041;Oriolo Romano;47;9;16;0;0;;;;25;7;17;3;1;;;;28;53
56041;Oriolo Romano;48;13;14;3;0;;;;30;7;17;1;0;;;;25;55
56041;Oriolo Romano;49;10;17;2;0;;;;29;6;23;2;0;;;;31;60
56041;Oriolo Romano;50;9;18;2;0;;;;29;11;25;4;0;;;;40;69
56041;Oriolo Romano;51;7;11;7;0;;;;25;13;19;1;2;;;;35;60
56041;Oriolo Romano;52;11;21;1;0;;;;33;7;24;3;2;;;;36;69
56041;Oriolo Romano;53;9;21;2;1;;;;33;9;18;4;0;;;;31;64
56041;Oriolo Romano;54;7;18;1;1;;;;27;6;20;1;1;;;;28;55
56041;Oriolo Romano;55;6;20;3;0;;;;29;4;23;5;2;;;;34;63
56041;Oriolo Romano;56;7;22;4;0;;;;33;7;18;4;3;;;;32;65
56041;Oriolo Romano;57;5;23;0;0;;;;28;6;23;6;0;;;;35;63
56041;Oriolo Romano;58;7;24;2;0;;;;33;4;20;2;4;;;;30;63
56041;Oriolo Romano;59;6;19;4;1;;;;30;4;17;2;2;;;;25;55
56041;Oriolo Romano;60;4;21;5;1;;;;31;7;21;7;2;;;;37;68
56041;Oriolo Romano;61;4;13;3;1;;;;21;1;24;1;6;;;;32;53
56041;Oriolo Romano;62;6;23;5;0;;;;34;1;19;5;5;;;;30;64
56041;Oriolo Romano;63;8;20;2;0;;;;30;1;17;6;1;;;;25;55
56041;Oriolo Romano;64;1;21;10;1;;;;33;3;31;4;4;;;;42;75
56041;Oriolo Romano;65;6;26;4;0;;;;36;0;15;3;3;;;;21;57
56041;Oriolo Romano;66;3;23;3;0;;;;29;1;19;5;2;;;;27;56
56041;Oriolo Romano;67;2;14;3;0;;;;19;1;26;1;5;;;;33;52
56041;Oriolo Romano;68;6;32;2;2;;;;42;1;14;1;3;;;;19;61
56041;Oriolo Romano;69;2;13;2;0;;;;17;1;15;2;4;;;;22;39
56041;Oriolo Romano;70;2;17;3;1;;;;23;3;22;2;7;;;;34;57
56041;Oriolo Romano;71;0;17;2;2;;;;21;1;15;1;2;;;;19;40
56041;Oriolo Romano;72;0;16;4;2;;;;22;1;11;2;5;;;;19;41
56041;Oriolo Romano;73;0;20;4;2;;;;26;1;23;2;4;;;;30;56
56041;Oriolo Romano;74;2;17;1;2;;;;22;0;8;1;7;;;;16;38
56041;Oriolo Romano;75;1;17;0;1;;;;19;1;14;0;6;;;;21;40
56041;Oriolo Romano;76;0;21;2;3;;;;26;2;7;2;7;;;;18;44
56041;Oriolo Romano;77;1;18;1;3;;;;23;4;12;1;3;;;;20;43
56041;Oriolo Romano;78;2;11;1;2;;;;16;3;10;0;7;;;;20;36
56041;Oriolo Romano;79;0;13;0;3;;;;16;1;8;0;11;;;;20;36
56041;Oriolo Romano;80;1;4;0;0;;;;5;0;6;1;10;;;;17;22
56041;Oriolo Romano;81;0;10;0;2;;;;12;2;8;1;10;;;;21;33
56041;Oriolo Romano;82;1;5;0;2;;;;8;0;3;1;8;;;;12;20
56041;Oriolo Romano;83;2;10;1;1;;;;14;1;4;1;8;;;;14;28
56041;Oriolo Romano;84;1;7;1;5;;;;14;2;7;0;8;;;;17;31
56041;Oriolo Romano;85;0;4;0;2;;;;6;0;2;1;12;;;;15;21
56041;Oriolo Romano;86;0;2;1;2;;;;5;0;2;0;6;;;;8;13
56041;Oriolo Romano;87;0;9;0;2;;;;11;0;2;0;6;;;;8;19
56041;Oriolo Romano;88;1;4;0;0;;;;5;0;0;0;9;;;;9;14
56041;Oriolo Romano;89;0;1;0;1;;;;2;0;1;0;5;;;;6;8
56041;Oriolo Romano;90;0;2;0;0;;;;2;0;0;0;4;;;;4;6
56041;Oriolo Romano;91;0;2;0;1;;;;3;0;0;0;6;;;;6;9
56041;Oriolo Romano;92;0;0;0;1;;;;1;0;0;0;1;;;;1;2
56041;Oriolo Romano;93;0;1;0;1;;;;2;0;0;0;5;;;;5;7
56041;Oriolo Romano;94;0;0;0;1;;;;1;0;0;0;2;;;;2;3
56041;Oriolo Romano;95;0;0;0;1;;;;1;0;0;0;4;;;;4;5
56041;Oriolo Romano;96;0;0;0;1;;;;1;0;0;0;3;;;;3;4
56041;Oriolo Romano;97;0;0;0;0;;;;0;0;0;0;1;;;;1;1
56041;Oriolo Romano;98;0;0;0;0;;;;0;0;0;0;1;;;;1;1
56041;Oriolo Romano;99;0;0;0;1;;;;1;0;0;0;1;;;;1;2
56041;Oriolo Romano;100;0;0;0;1;;;;1;0;0;0;2;;;;2;3
56041;Oriolo Romano;999;879;795;98;54;;;;1826;749;795;100;226;;;;1870;3696
56042;Orte;0;28;0;0;0;;;;28;31;0;0;0;;;;31;59
56042;Orte;1;31;0;0;0;;;;31;25;0;0;0;;;;25;56
56042;Orte;2;38;0;0;0;;;;38;25;0;0;0;;;;25;63
56042;Orte;3;25;0;0;0;;;;25;30;0;0;0;;;;30;55
56042;Orte;4;43;0;0;0;;;;43;33;0;0;0;;;;33;76
56042;Orte;5;45;0;0;0;;;;45;36;0;0;0;;;;36;81
56042;Orte;6;44;0;0;0;;;;44;32;0;0;0;;;;32;76
56042;Orte;7;38;0;0;0;;;;38;33;0;0;0;;;;33;71
56042;Orte;8;50;0;0;0;;;;50;50;0;0;0;;;;50;100
56042;Orte;9;50;0;0;0;;;;50;39;0;0;0;;;;39;89
56042;Orte;10;43;0;0;0;;;;43;39;0;0;0;;;;39;82
56042;Orte;11;41;0;0;0;;;;41;36;0;0;0;;;;36;77
56042;Orte;12;51;0;0;0;;;;51;48;0;0;0;;;;48;99
56042;Orte;13;36;0;0;0;;;;36;43;0;0;0;;;;43;79
56042;Orte;14;43;0;0;0;;;;43;33;0;0;0;;;;33;76
56042;Orte;15;49;0;0;0;;;;49;42;0;0;0;;;;42;91
56042;Orte;16;40;0;0;0;;;;40;48;0;0;0;;;;48;88
56042;Orte;17;54;0;0;0;;;;54;41;0;0;0;;;;41;95
56042;Orte;18;53;0;0;0;;;;53;38;1;0;0;;;;39;92
56042;Orte;19;46;0;0;0;;;;46;41;1;0;0;;;;42;88
56042;Orte;20;54;0;0;0;;;;54;36;0;0;0;;;;36;90
56042;Orte;21;41;0;0;0;;;;41;35;0;0;0;;;;35;76
56042;Orte;22;51;1;0;0;;;;52;33;0;0;0;;;;33;85
56042;Orte;23;46;0;0;0;;;;46;31;0;0;0;;;;31;77
56042;Orte;24;48;0;0;0;;;;48;32;2;0;0;;;;34;82
56042;Orte;25;56;0;0;0;;;;56;49;1;0;0;;;;50;106
56042;Orte;26;56;0;0;0;;;;56;43;2;0;0;;;;45;101
56042;Orte;27;51;1;0;0;;;;52;36;6;0;0;;;;42;94
56042;Orte;28;44;2;0;0;;;;46;37;6;0;0;;;;43;89
56042;Orte;29;54;8;0;0;;;;62;35;14;0;0;;;;49;111
56042;Orte;30;43;9;0;0;;;;52;32;14;0;0;;;;46;98
56042;Orte;31;42;9;0;0;;;;51;32;10;0;0;;;;42;93
56042;Orte;32;45;6;0;0;;;;51;31;22;1;0;;;;54;105
56042;Orte;33;41;9;0;0;;;;50;19;23;1;0;;;;43;93
56042;Orte;34;45;20;0;0;;;;65;26;15;0;0;;;;41;106
56042;Orte;35;28;9;1;1;;;;39;29;22;1;0;;;;52;91
56042;Orte;36;38;19;0;0;;;;57;27;24;1;0;;;;52;109
56042;Orte;37;29;21;1;0;;;;51;17;36;1;0;;;;54;105
56042;Orte;38;31;22;0;0;;;;53;19;23;0;0;;;;42;95
56042;Orte;39;32;22;0;0;;;;54;17;25;0;1;;;;43;97
56042;Orte;40;33;28;1;0;;;;62;14;39;4;0;;;;57;119
56042;Orte;41;18;30;0;0;;;;48;16;37;2;0;;;;55;103
56042;Orte;42;31;34;0;0;;;;65;19;33;1;0;;;;53;118
56042;Orte;43;26;28;1;0;;;;55;19;34;2;1;;;;56;111
56042;Orte;44;31;34;1;0;;;;66;28;50;2;1;;;;81;147
56042;Orte;45;35;45;3;1;;;;84;21;32;2;0;;;;55;139
56042;Orte;46;22;38;0;1;;;;61;14;40;3;1;;;;58;119
56042;Orte;47;43;38;2;0;;;;83;27;45;5;0;;;;77;160
56042;Orte;48;23;52;3;1;;;;79;13;53;6;3;;;;75;154
56042;Orte;49;30;61;5;0;;;;96;16;45;10;2;;;;73;169
56042;Orte;50;24;38;7;0;;;;69;25;69;9;3;;;;106;175
56042;Orte;51;28;45;6;0;;;;79;15;45;14;2;;;;76;155
56042;Orte;52;19;50;2;0;;;;71;14;39;4;1;;;;58;129
56042;Orte;53;24;44;7;0;;;;75;16;46;3;3;;;;68;143
56042;Orte;54;20;51;8;0;;;;79;11;58;7;6;;;;82;161
56042;Orte;55;16;43;4;1;;;;64;9;66;7;4;;;;86;150
56042;Orte;56;20;65;6;1;;;;92;16;58;7;3;;;;84;176
56042;Orte;57;12;65;5;0;;;;82;12;53;6;2;;;;73;155
56042;Orte;58;10;55;1;0;;;;66;19;43;12;2;;;;76;142
56042;Orte;59;16;51;10;1;;;;78;12;45;5;4;;;;66;144
56042;Orte;60;21;49;5;0;;;;75;13;47;2;5;;;;67;142
56042;Orte;61;9;45;6;0;;;;60;8;51;9;4;;;;72;132
56042;Orte;62;8;48;8;3;;;;67;8;54;11;3;;;;76;143
56042;Orte;63;8;51;2;0;;;;61;6;46;4;5;;;;61;122
56042;Orte;64;10;50;6;3;;;;69;5;46;5;6;;;;62;131
56042;Orte;65;5;41;0;3;;;;49;6;45;2;5;;;;58;107
56042;Orte;66;3;36;5;1;;;;45;1;40;4;14;;;;59;104
56042;Orte;67;4;43;6;1;;;;54;5;31;2;6;;;;44;98
56042;Orte;68;4;49;1;4;;;;58;4;48;4;6;;;;62;120
56042;Orte;69;3;45;3;1;;;;52;6;27;3;10;;;;46;98
56042;Orte;70;4;38;0;2;;;;44;7;36;5;18;;;;66;110
56042;Orte;71;9;43;3;2;;;;57;1;30;3;12;;;;46;103
56042;Orte;72;0;22;2;2;;;;26;6;23;3;9;;;;41;67
56042;Orte;73;1;44;4;0;;;;49;3;26;2;15;;;;46;95
56042;Orte;74;3;32;2;0;;;;37;3;30;5;12;;;;50;87
56042;Orte;75;2;32;1;3;;;;38;1;32;1;18;;;;52;90
56042;Orte;76;2;29;3;4;;;;38;3;37;3;25;;;;68;106
56042;Orte;77;3;33;1;3;;;;40;1;24;0;21;;;;46;86
56042;Orte;78;2;31;1;4;;;;38;5;25;2;22;;;;54;92
56042;Orte;79;0;23;3;2;;;;28;1;22;1;17;;;;41;69
56042;Orte;80;1;30;0;1;;;;32;1;28;1;18;;;;48;80
56042;Orte;81;0;29;0;4;;;;33;0;15;0;13;;;;28;61
56042;Orte;82;0;25;0;5;;;;30;1;15;0;33;;;;49;79
56042;Orte;83;1;18;1;3;;;;23;2;15;0;17;;;;34;57
56042;Orte;84;2;17;0;7;;;;26;1;9;0;25;;;;35;61
56042;Orte;85;0;15;0;4;;;;19;1;7;0;24;;;;32;51
56042;Orte;86;0;18;0;3;;;;21;1;2;0;24;;;;27;48
56042;Orte;87;0;11;0;4;;;;15;2;6;0;24;;;;32;47
56042;Orte;88;1;6;1;3;;;;11;1;4;0;18;;;;23;34
56042;Orte;89;0;9;0;5;;;;14;0;0;0;15;;;;15;29
56042;Orte;90;0;7;0;2;;;;9;1;2;1;16;;;;20;29
56042;Orte;91;1;7;0;4;;;;12;0;2;0;19;;;;21;33
56042;Orte;92;0;1;0;2;;;;3;0;0;0;11;;;;11;14
56042;Orte;93;0;0;0;0;;;;0;0;0;0;5;;;;5;5
56042;Orte;94;0;1;0;1;;;;2;1;0;0;7;;;;8;10
56042;Orte;95;0;2;0;2;;;;4;0;0;0;2;;;;2;6
56042;Orte;96;0;0;0;1;;;;1;0;0;0;0;;;;0;1
56042;Orte;97;0;0;0;0;;;;0;1;0;0;3;;;;4;4
56042;Orte;98;0;0;0;0;;;;0;0;1;0;2;;;;3;3
56042;Orte;99;0;0;0;0;;;;0;0;0;0;1;;;;1;1
56042;Orte;100;0;0;0;0;;;;0;0;0;0;0;;;;0;0
56042;Orte;999;2311;2033;138;96;;;;4578;1801;2003;189;549;;;;4542;9120
56043;Piansano;0;6;0;0;0;;;;6;3;0;0;0;;;;3;9
56043;Piansano;1;1;0;0;0;;;;1;6;0;0;0;;;;6;7
56043;Piansano;2;7;0;0;0;;;;7;6;0;0;0;;;;6;13
56043;Piansano;3;7;0;0;0;;;;7;3;0;0;0;;;;3;10
56043;Piansano;4;4;0;0;0;;;;4;10;0;0;0;;;;10;14
56043;Piansano;5;6;0;0;0;;;;6;8;0;0;0;;;;8;14
56043;Piansano;6;8;0;0;0;;;;8;4;0;0;0;;;;4;12
56043;Piansano;7;6;0;0;0;;;;6;4;0;0;0;;;;4;10
56043;Piansano;8;10;0;0;0;;;;10;4;0;0;0;;;;4;14
56043;Piansano;9;8;0;0;0;;;;8;7;0;0;0;;;;7;15
56043;Piansano;10;7;0;0;0;;;;7;8;0;0;0;;;;8;15
56043;Piansano;11;10;0;0;0;;;;10;7;0;0;0;;;;7;17
56043;Piansano;12;11;0;0;0;;;;11;8;0;0;0;;;;8;19
56043;Piansano;13;6;0;0;0;;;;6;8;0;0;0;;;;8;14
56043;Piansano;14;9;0;0;0;;;;9;5;0;0;0;;;;5;14
56043;Piansano;15;6;0;0;0;;;;6;5;0;0;0;;;;5;11
56043;Piansano;16;8;0;0;0;;;;8;5;0;0;0;;;;5;13
56043;Piansano;17;3;0;0;0;;;;3;9;0;0;0;;;;9;12
56043;Piansano;18;10;0;0;0;;;;10;7;0;0;0;;;;7;17
56043;Piansano;19;7;0;0;0;;;;7;6;0;0;0;;;;6;13
56043;Piansano;20;10;0;0;0;;;;10;1;0;0;0;;;;1;11
56043;Piansano;21;11;0;0;0;;;;11;3;0;0;0;;;;3;14
56043;Piansano;22;9;0;0;0;;;;9;10;0;0;0;;;;10;19
56043;Piansano;23;7;0;0;0;;;;7;9;2;0;0;;;;11;18
56043;Piansano;24;10;0;0;0;;;;10;10;0;0;0;;;;10;20
56043;Piansano;25;7;0;0;0;;;;7;4;1;0;0;;;;5;12
56043;Piansano;26;8;1;0;0;;;;9;6;2;0;0;;;;8;17
56043;Piansano;27;14;1;0;0;;;;15;5;2;0;0;;;;7;22
56043;Piansano;28;8;0;0;0;;;;8;11;1;0;0;;;;12;20
56043;Piansano;29;10;1;0;0;;;;11;6;3;0;0;;;;9;20
56043;Piansano;30;15;2;0;0;;;;17;3;0;0;0;;;;3;20
56043;Piansano;31;7;1;0;0;;;;8;4;2;0;0;;;;6;14
56043;Piansano;32;10;4;0;0;;;;14;3;2;0;0;;;;5;19
56043;Piansano;33;6;2;0;0;;;;8;3;2;0;0;;;;5;13
56043;Piansano;34;8;4;0;0;;;;12;5;3;0;0;;;;8;20
56043;Piansano;35;8;5;0;0;;;;13;6;6;0;0;;;;12;25
56043;Piansano;36;14;3;0;1;;;;18;9;4;0;0;;;;13;31
56043;Piansano;37;10;1;0;0;;;;11;5;5;0;0;;;;10;21
56043;Piansano;38;7;4;2;0;;;;13;5;5;0;0;;;;10;23
56043;Piansano;39;6;4;0;0;;;;10;7;2;0;0;;;;9;19
56043;Piansano;40;6;10;0;0;;;;16;4;8;0;0;;;;12;28
56043;Piansano;41;3;4;0;0;;;;7;3;6;0;0;;;;9;16
56043;Piansano;42;12;10;0;0;;;;22;10;8;2;0;;;;20;42
56043;Piansano;43;11;9;1;1;;;;22;4;7;3;0;;;;14;36
56043;Piansano;44;6;4;0;0;;;;10;2;5;1;0;;;;8;18
56043;Piansano;45;9;11;0;0;;;;20;3;11;0;0;;;;14;34
56043;Piansano;46;7;6;1;0;;;;14;4;5;0;0;;;;9;23
56043;Piansano;47;4;15;0;0;;;;19;1;12;0;0;;;;13;32
56043;Piansano;48;10;5;2;0;;;;17;0;6;0;0;;;;6;23
56043;Piansano;49;3;14;2;0;;;;19;0;12;2;0;;;;14;33
56043;Piansano;50;3;8;1;0;;;;12;2;7;0;0;;;;9;21
56043;Piansano;51;4;9;0;0;;;;13;1;7;1;1;;;;10;23
56043;Piansano;52;3;11;0;0;;;;14;2;9;2;1;;;;14;28
56043;Piansano;53;3;9;2;0;;;;14;1;9;2;0;;;;12;26
56043;Piansano;54;6;9;1;0;;;;16;1;14;0;1;;;;16;32
56043;Piansano;55;2;11;0;0;;;;13;2;9;1;1;;;;13;26
56043;Piansano;56;0;11;2;0;;;;13;2;12;0;3;;;;17;30
56043;Piansano;57;2;9;1;0;;;;12;0;17;5;3;;;;25;37
56043;Piansano;58;1;11;0;0;;;;12;2;17;0;1;;;;20;32
56043;Piansano;59;3;15;0;0;;;;18;2;9;1;0;;;;12;30
56043;Piansano;60;1;18;2;0;;;;21;2;12;1;1;;;;16;37
56043;Piansano;61;2;10;0;0;;;;12;0;18;0;2;;;;20;32
56043;Piansano;62;2;9;2;0;;;;13;2;9;0;5;;;;16;29
56043;Piansano;63;5;14;0;1;;;;20;3;20;0;1;;;;24;44
56043;Piansano;64;5;15;1;0;;;;21;0;11;3;2;;;;16;37
56043;Piansano;65;2;10;1;0;;;;13;1;13;0;2;;;;16;29
56043;Piansano;66;0;8;2;0;;;;10;1;10;2;3;;;;16;26
56043;Piansano;67;1;18;1;0;;;;20;1;13;1;4;;;;19;39
56043;Piansano;68;1;15;2;0;;;;18;1;14;1;1;;;;17;35
56043;Piansano;69;1;12;2;0;;;;15;1;10;3;2;;;;16;31
56043;Piansano;70;0;12;1;0;;;;13;0;16;1;2;;;;19;32
56043;Piansano;71;2;13;2;2;;;;19;1;10;0;6;;;;17;36
56043;Piansano;72;1;8;1;0;;;;10;1;9;0;4;;;;14;24
56043;Piansano;73;3;12;0;0;;;;15;0;14;2;2;;;;18;33
56043;Piansano;74;3;22;2;2;;;;29;0;9;0;3;;;;12;41
56043;Piansano;75;0;6;1;0;;;;7;0;6;0;5;;;;11;18
56043;Piansano;76;2;13;0;0;;;;15;0;8;0;4;;;;12;27
56043;Piansano;77;2;13;0;4;;;;19;1;7;0;3;;;;11;30
56043;Piansano;78;3;12;1;0;;;;16;0;3;0;2;;;;5;21
56043;Piansano;79;1;6;0;0;;;;7;0;4;0;3;;;;7;14
56043;Piansano;80;2;5;2;1;;;;10;0;9;0;4;;;;13;23
56043;Piansano;81;1;6;1;4;;;;12;1;2;0;6;;;;9;21
56043;Piansano;82;0;6;0;1;;;;7;1;3;1;6;;;;11;18
56043;Piansano;83;0;3;0;2;;;;5;1;4;0;5;;;;10;15
56043;Piansano;84;0;2;0;2;;;;4;0;3;0;8;;;;11;15
56043;Piansano;85;1;4;0;1;;;;6;1;3;2;8;;;;14;20
56043;Piansano;86;1;2;0;2;;;;5;0;1;1;7;;;;9;14
56043;Piansano;87;0;4;0;2;;;;6;1;0;0;6;;;;7;13
56043;Piansano;88;1;4;1;0;;;;6;1;0;0;8;;;;9;15
56043;Piansano;89;0;3;0;1;;;;4;0;0;0;5;;;;5;9
56043;Piansano;90;0;2;0;1;;;;3;0;0;0;4;;;;4;7
56043;Piansano;91;0;0;0;1;;;;1;0;0;0;5;;;;5;6
56043;Piansano;92;0;0;0;1;;;;1;0;1;0;1;;;;2;3
56043;Piansano;93;0;0;0;0;;;;0;0;0;0;6;;;;6;6
56043;Piansano;94;0;0;0;0;;;;0;0;0;0;3;;;;3;3
56043;Piansano;95;0;0;0;0;;;;0;0;0;0;0;;;;0;0
56043;Piansano;96;0;0;0;0;;;;0;0;0;0;1;;;;1;1
56043;Piansano;97;0;1;0;0;;;;1;0;0;0;0;;;;0;1
56043;Piansano;98;0;0;0;0;;;;0;0;0;0;0;;;;0;0
56043;Piansano;99;0;0;0;0;;;;0;0;0;0;0;;;;0;0
56043;Piansano;100;0;0;0;0;;;;0;0;0;0;0;;;;0;0
56043;Piansano;999;466;512;40;30;;;;1048;305;474;38;151;;;;968;2016
56044;Proceno;0;1;0;0;0;;;;1;0;0;0;0;;;;0;1
56044;Proceno;1;2;0;0;0;;;;2;0;0;0;0;;;;0;2
56044;Proceno;2;0;0;0;0;;;;0;2;0;0;0;;;;2;2
56044;Proceno;3;1;0;0;0;;;;1;0;0;0;0;;;;0;1
56044;Proceno;4;0;0;0;0;;;;0;0;0;0;0;;;;0;0
56044;Proceno;5;1;0;0;0;;;;1;0;0;0;0;;;;0;1
56044;Proceno;6;1;0;0;0;;;;1;3;0;0;0;;;;3;4
56044;Proceno;7;1;0;0;0;;;;1;0;0;0;0;;;;0;1
56044;Proceno;8;1;0;0;0;;;;1;2;0;0;0;;;;2;3
56044;Proceno;9;1;0;0;0;;;;1;1;0;0;0;;;;1;2
56044;Proceno;10;0;0;0;0;;;;0;1;0;0;0;;;;1;1
56044;Proceno;11;1;0;0;0;;;;1;1;0;0;0;;;;1;2
56044;Proceno;12;1;0;0;0;;;;1;1;0;0;0;;;;1;2
56044;Proceno;13;0;0;0;0;;;;0;1;0;0;0;;;;1;1
56044;Proceno;14;0;0;0;0;;;;0;3;0;0;0;;;;3;3
56044;Proceno;15;2;0;0;0;;;;2;0;0;0;0;;;;0;2
56044;Proceno;16;2;0;0;0;;;;2;1;0;0;0;;;;1;3
56044;Proceno;17;1;0;0;0;;;;1;3;0;0;0;;;;3;4
56044;Proceno;18;1;0;0;0;;;;1;1;0;0;0;;;;1;2
56044;Proceno;19;6;0;0;0;;;;6;2;0;0;0;;;;2;8
56044;Proceno;20;3;0;0;0;;;;3;1;0;0;0;;;;1;4
56044;Proceno;21;3;0;0;0;;;;3;4;0;0;0;;;;4;7
56044;Proceno;22;3;0;0;0;;;;3;1;0;0;0;;;;1;4
56044;Proceno;23;4;0;0;0;;;;4;3;0;0;0;;;;3;7
56044;Proceno;24;7;0;0;0;;;;7;1;0;0;0;;;;1;8
56044;Proceno;25;9;0;0;0;;;;9;0;0;0;0;;;;0;9
56044;Proceno;26;7;0;0;0;;;;7;2;1;0;0;;;;3;10
56044;Proceno;27;3;1;0;0;;;;4;3;0;0;0;;;;3;7
56044;Proceno;28;2;0;0;0;;;;2;3;0;0;0;;;;3;5
56044;Proceno;29;1;0;0;0;;;;1;2;0;0;0;;;;2;3
56044;Proceno;30;6;0;0;0;;;;6;1;0;0;0;;;;1;7
56044;Proceno;31;4;0;0;0;;;;4;0;1;0;0;;;;1;5
56044;Proceno;32;3;0;0;0;;;;3;5;0;0;0;;;;5;8
56044;Proceno;33;3;1;0;0;;;;4;1;0;0;0;;;;1;5
56044;Proceno;34;2;1;0;0;;;;3;0;0;0;0;;;;0;3
56044;Proceno;35;4;0;0;0;;;;4;4;0;0;0;;;;4;8
56044;Proceno;36;5;2;0;0;;;;7;0;0;0;0;;;;0;7
56044;Proceno;37;3;0;0;0;;;;3;0;0;0;0;;;;0;3
56044;Proceno;38;3;0;0;0;;;;3;1;0;0;0;;;;1;4
56044;Proceno;39;4;0;0;0;;;;4;1;0;0;0;;;;1;5
56044;Proceno;40;1;0;0;0;;;;1;1;0;0;0;;;;1;2
56044;Proceno;41;5;3;1;0;;;;9;2;2;0;0;;;;4;13
56044;Proceno;42;2;0;0;0;;;;2;0;1;1;0;;;;2;4
56044;Proceno;43;1;1;0;0;;;;2;2;1;0;0;;;;3;5
56044;Proceno;44;1;0;0;0;;;;1;1;0;0;0;;;;1;2
56044;Proceno;45;4;0;0;0;;;;4;0;0;0;0;;;;0;4
56044;Proceno;46;3;1;0;0;;;;4;1;0;1;0;;;;2;6
56044;Proceno;47;2;1;0;0;;;;3;0;0;0;0;;;;0;3
56044;Proceno;48;2;2;0;0;;;;4;1;0;0;0;;;;1;5
56044;Proceno;49;2;2;0;0;;;;4;1;3;0;0;;;;4;8
56044;Proceno;50;1;1;0;0;;;;2;2;5;0;0;;;;7;9
56044;Proceno;51;1;2;0;0;;;;3;0;2;0;0;;;;2;5
56044;Proceno;52;3;1;0;0;;;;4;3;1;0;0;;;;4;8
56044;Proceno;53;4;1;0;0;;;;5;3;2;0;0;;;;5;10
56044;Proceno;54;1;2;0;0;;;;3;0;2;0;0;;;;2;5
56044;Proceno;55;3;1;1;0;;;;5;2;2;0;0;;;;4;9
56044;Proceno;56;2;2;1;0;;;;5;1;5;0;0;;;;6;11
56044;Proceno;57;1;7;0;0;;;;8;1;1;0;0;;;;2;10
56044;Proceno;58;2;3;1;0;;;;6;3;4;0;0;;;;7;13
56044;Proceno;59;0;6;0;0;;;;6;1;7;0;0;;;;8;14
56044;Proceno;60;2;2;0;0;;;;4;0;1;0;0;;;;1;5
56044;Proceno;61;0;4;0;0;;;;4;2;3;0;0;;;;5;9
56044;Proceno;62;2;7;0;0;;;;9;1;4;0;0;;;;5;14
56044;Proceno;63;0;3;1;1;;;;5;0;6;0;1;;;;7;12
56044;Proceno;64;2;5;0;0;;;;7;0;5;0;0;;;;5;12
56044;Proceno;65;1;3;0;0;;;;4;0;4;0;1;;;;5;9
56044;Proceno;66;1;7;0;0;;;;8;0;3;0;0;;;;3;11
56044;Proceno;67;2;5;0;0;;;;7;0;3;0;1;;;;4;11
56044;Proceno;68;2;2;0;0;;;;4;0;5;0;0;;;;5;9
56044;Proceno;69;0;4;0;1;;;;5;0;5;1;0;;;;6;11
56044;Proceno;70;1;5;1;0;;;;7;0;2;0;1;;;;3;10
56044;Proceno;71;2;3;0;0;;;;5;1;0;0;2;;;;3;8
56044;Proceno;72;1;1;0;0;;;;2;0;0;0;2;;;;2;4
56044;Proceno;73;0;2;0;0;;;;2;0;2;0;2;;;;4;6
56044;Proceno;74;0;2;0;0;;;;2;0;0;0;0;;;;0;2
56044;Proceno;75;2;3;0;0;;;;5;0;5;0;2;;;;7;12
56044;Proceno;76;1;1;0;0;;;;2;0;0;0;0;;;;0;2
56044;Proceno;77;1;1;0;0;;;;2;0;2;0;0;;;;2;4
56044;Proceno;78;0;3;0;0;;;;3;0;1;0;4;;;;5;8
56044;Proceno;79;0;4;0;1;;;;5;0;1;0;2;;;;3;8
56044;Proceno;80;0;1;0;0;;;;1;0;2;0;3;;;;5;6
56044;Proceno;81;1;1;0;0;;;;2;0;2;0;1;;;;3;5
56044;Proceno;82;2;0;0;0;;;;2;0;0;0;2;;;;2;4
56044;Proceno;83;0;0;0;1;;;;1;0;1;0;0;;;;1;2
56044;Proceno;84;0;2;0;0;;;;2;0;0;0;3;;;;3;5
56044;Proceno;85;0;1;0;0;;;;1;0;0;0;1;;;;1;2
56044;Proceno;86;0;0;0;0;;;;0;0;2;0;7;;;;9;9
56044;Proceno;87;0;1;0;1;;;;2;0;0;0;0;;;;0;2
56044;Proceno;88;0;0;0;0;;;;0;0;0;0;3;;;;3;3
56044;Proceno;89;0;1;0;0;;;;1;0;0;0;5;;;;5;6
56044;Proceno;90;0;0;0;2;;;;2;0;0;0;0;;;;0;2
56044;Proceno;91;0;0;0;1;;;;1;0;0;0;2;;;;2;3
56044;Proceno;92;0;0;0;0;;;;0;0;0;0;2;;;;2;2
56044;Proceno;93;0;0;0;0;;;;0;0;0;0;0;;;;0;0
56044;Proceno;94;0;0;0;0;;;;0;0;0;0;4;;;;4;4
56044;Proceno;95;0;0;0;0;;;;0;1;0;0;0;;;;1;1
56044;Proceno;96;0;0;0;1;;;;1;0;0;0;1;;;;1;2
56044;Proceno;97;0;0;0;0;;;;0;0;0;0;0;;;;0;0
56044;Proceno;98;0;0;0;1;;;;1;0;0;0;0;;;;0;1
56044;Proceno;99;0;0;0;0;;;;0;0;0;0;0;;;;0;0
56044;Proceno;100;0;0;0;0;;;;0;0;0;0;0;;;;0;0
56044;Proceno;999;166;115;6;10;;;;297;85;99;3;52;;;;239;536
56045;Ronciglione;0;29;0;0;0;;;;29;16;0;0;0;;;;16;45
56045;Ronciglione;1;26;0;0;0;;;;26;16;0;0;0;;;;16;42
56045;Ronciglione;2;24;0;0;0;;;;24;25;0;0;0;;;;25;49
56045;Ronciglione;3;23;0;0;0;;;;23;24;0;0;0;;;;24;47
56045;Ronciglione;4;22;0;0;0;;;;22;23;0;0;0;;;;23;45
56045;Ronciglione;5;23;0;0;0;;;;23;23;0;0;0;;;;23;46
56045;Ronciglione;6;34;0;0;0;;;;34;23;0;0;0;;;;23;57
56045;Ronciglione;7;27;0;0;0;;;;27;23;0;0;0;;;;23;50
56045;Ronciglione;8;44;0;0;0;;;;44;22;0;0;0;;;;22;66
56045;Ronciglione;9;29;0;0;0;;;;29;33;0;0;0;;;;33;62
56045;Ronciglione;10;32;0;0;0;;;;32;35;0;0;0;;;;35;67
56045;Ronciglione;11;25;0;0;0;;;;25;21;0;0;0;;;;21;46
56045;Ronciglione;12;37;0;0;0;;;;37;30;0;0;0;;;;30;67
56045;Ronciglione;13;43;0;0;0;;;;43;33;0;0;0;;;;33;76
56045;Ronciglione;14;37;0;0;0;;;;37;38;0;0;0;;;;38;75
56045;Ronciglione;15;49;0;0;0;;;;49;45;0;0;0;;;;45;94
56045;Ronciglione;16;49;0;0;0;;;;49;39;0;0;0;;;;39;88
56045;Ronciglione;17;48;0;0;0;;;;48;36;0;0;0;;;;36;84
56045;Ronciglione;18;39;0;0;0;;;;39;41;0;0;0;;;;41;80
56045;Ronciglione;19;43;0;0;0;;;;43;34;0;0;0;;;;34;77
56045;Ronciglione;20;41;0;0;0;;;;41;36;0;0;0;;;;36;77
56045;Ronciglione;21;48;0;0;0;;;;48;37;0;0;0;;;;37;85
56045;Ronciglione;22;40;0;0;0;;;;40;32;0;0;0;;;;32;72
56045;Ronciglione;23;41;0;0;0;;;;41;35;1;0;0;;;;36;77
56045;Ronciglione;24;47;1;0;0;;;;48;24;1;0;0;;;;25;73
56045;Ronciglione;25;36;0;0;0;;;;36;24;1;0;0;;;;25;61
56045;Ronciglione;26;26;0;0;0;;;;26;35;1;0;0;;;;36;62
56045;Ronciglione;27;54;0;0;0;;;;54;40;1;0;0;;;;41;95
56045;Ronciglione;28;36;1;0;0;;;;37;36;2;0;0;;;;38;75
56045;Ronciglione;29;44;6;0;0;;;;50;18;6;0;0;;;;24;74
56045;Ronciglione;30;39;2;0;0;;;;41;29;5;0;0;;;;34;75
56045;Ronciglione;31;48;4;0;0;;;;52;29;6;1;0;;;;36;88
56045;Ronciglione;32;45;8;0;0;;;;53;26;15;1;0;;;;42;95
56045;Ronciglione;33;33;5;0;0;;;;38;28;9;0;0;;;;37;75
56045;Ronciglione;34;41;10;0;0;;;;51;27;15;0;0;;;;42;93
56045;Ronciglione;35;41;7;0;0;;;;48;37;11;0;0;;;;48;96
56045;Ronciglione;36;33;15;0;0;;;;48;28;17;1;0;;;;46;94
56045;Ronciglione;37;28;8;1;0;;;;37;28;25;1;1;;;;55;92
56045;Ronciglione;38;34;15;2;0;;;;51;15;25;2;0;;;;42;93
56045;Ronciglione;39;37;18;0;0;;;;55;20;18;3;1;;;;42;97
56045;Ronciglione;40;32;27;1;0;;;;60;14;16;3;0;;;;33;93
56045;Ronciglione;41;23;17;0;0;;;;40;17;23;4;1;;;;45;85
56045;Ronciglione;42;33;28;1;0;;;;62;22;40;3;3;;;;68;130
56045;Ronciglione;43;18;27;1;0;;;;46;24;35;3;2;;;;64;110
56045;Ronciglione;44;24;21;1;1;;;;47;20;32;8;2;;;;62;109
56045;Ronciglione;45;18;37;2;0;;;;57;22;39;4;1;;;;66;123
56045;Ronciglione;46;25;37;1;1;;;;64;28;43;5;2;;;;78;142
56045;Ronciglione;47;24;45;4;0;;;;73;16;32;7;1;;;;56;129
56045;Ronciglione;48;19;42;3;0;;;;64;17;35;5;1;;;;58;122
56045;Ronciglione;49;29;39;5;0;;;;73;25;46;5;0;;;;76;149
56045;Ronciglione;50;18;46;3;0;;;;67;11;45;11;0;;;;67;134
56045;Ronciglione;51;24;52;2;0;;;;78;16;48;6;3;;;;73;151
56045;Ronciglione;52;23;39;8;0;;;;70;17;51;9;0;;;;77;147
56045;Ronciglione;53;15;35;6;0;;;;56;15;41;7;2;;;;65;121
56045;Ronciglione;54;17;44;4;1;;;;66;9;54;6;0;;;;69;135
56045;Ronciglione;55;8;47;5;0;;;;60;16;35;6;3;;;;60;120
56045;Ronciglione;56;6;43;11;2;;;;62;11;48;7;2;;;;68;130
56045;Ronciglione;57;13;49;9;1;;;;72;6;52;5;3;;;;66;138
56045;Ronciglione;58;11;52;5;2;;;;70;8;46;6;5;;;;65;135
56045;Ronciglione;59;10;42;4;0;;;;56;14;42;7;4;;;;67;123
56045;Ronciglione;60;11;58;3;2;;;;74;8;52;9;8;;;;77;151
56045;Ronciglione;61;6;44;6;4;;;;60;10;58;6;9;;;;83;143
56045;Ronciglione;62;8;44;7;1;;;;60;7;50;8;4;;;;69;129
56045;Ronciglione;63;8;58;4;3;;;;73;4;40;6;10;;;;60;133
56045;Ronciglione;64;14;62;6;3;;;;85;4;48;8;10;;;;70;155
56045;Ronciglione;65;9;37;11;2;;;;59;3;41;8;3;;;;55;114
56045;Ronciglione;66;9;54;5;0;;;;68;6;54;5;9;;;;74;142
56045;Ronciglione;67;9;38;2;4;;;;53;3;53;3;8;;;;67;120
56045;Ronciglione;68;4;47;2;3;;;;56;6;45;4;9;;;;64;120
56045;Ronciglione;69;8;49;2;5;;;;64;6;49;4;12;;;;71;135
56045;Ronciglione;70;7;48;5;2;;;;62;2;22;4;11;;;;39;101
56045;Ronciglione;71;1;41;4;1;;;;47;9;41;4;12;;;;66;113
56045;Ronciglione;72;5;45;0;3;;;;53;4;40;6;15;;;;65;118
56045;Ronciglione;73;5;31;0;2;;;;38;5;35;4;8;;;;52;90
56045;Ronciglione;74;6;49;2;1;;;;58;3;27;4;19;;;;53;111
56045;Ronciglione;75;6;43;5;3;;;;57;1;22;2;21;;;;46;103
56045;Ronciglione;76;4;29;1;1;;;;35;2;29;3;13;;;;47;82
56045;Ronciglione;77;1;37;3;6;;;;47;1;42;0;23;;;;66;113
56045;Ronciglione;78;2;39;4;4;;;;49;8;25;2;17;;;;52;101
56045;Ronciglione;79;1;28;0;5;;;;34;2;10;0;19;;;;31;65
56045;Ronciglione;80;2;24;2;4;;;;32;4;25;2;14;;;;45;77
56045;Ronciglione;81;1;26;1;4;;;;32;3;7;1;14;;;;25;57
56045;Ronciglione;82;1;20;2;4;;;;27;2;19;0;8;;;;29;56
56045;Ronciglione;83;3;17;1;2;;;;23;3;13;0;17;;;;33;56
56045;Ronciglione;84;0;17;1;8;;;;26;1;8;0;29;;;;38;64
56045;Ronciglione;85;2;20;1;5;;;;28;0;6;0;23;;;;29;57
56045;Ronciglione;86;0;11;0;3;;;;14;1;9;1;17;;;;28;42
56045;Ronciglione;87;0;10;0;4;;;;14;3;3;0;17;;;;23;37
56045;Ronciglione;88;0;8;0;1;;;;9;0;6;0;20;;;;26;35
56045;Ronciglione;89;1;6;0;2;;;;9;0;2;1;15;;;;18;27
56045;Ronciglione;90;0;4;0;3;;;;7;0;0;0;11;;;;11;18
56045;Ronciglione;91;0;4;1;0;;;;5;1;0;0;6;;;;7;12
56045;Ronciglione;92;1;5;0;5;;;;11;1;1;0;15;;;;17;28
56045;Ronciglione;93;0;0;1;1;;;;2;0;0;0;12;;;;12;14
56045;Ronciglione;94;0;3;0;0;;;;3;0;0;0;5;;;;5;8
56045;Ronciglione;95;0;0;0;0;;;;0;0;2;0;12;;;;14;14
56045;Ronciglione;96;0;0;0;0;;;;0;1;0;0;2;;;;3;3
56045;Ronciglione;97;0;0;0;1;;;;1;0;0;0;2;;;;2;3
56045;Ronciglione;98;0;0;0;0;;;;0;0;0;0;2;;;;2;2
56045;Ronciglione;99;0;0;0;0;;;;0;0;0;0;2;;;;2;2
56045;Ronciglione;100;0;0;0;0;;;;0;0;0;0;1;;;;1;1
56045;Ronciglione;999;2000;1925;161;110;;;;4196;1606;1846;221;521;;;;4194;8390
56047;San Lorenzo Nuovo;0;2;0;0;0;;;;2;4;0;0;0;;;;4;6
56047;San Lorenzo Nuovo;1;4;0;0;0;;;;4;6;0;0;0;;;;6;10
56047;San Lorenzo Nuovo;2;6;0;0;0;;;;6;5;0;0;0;;;;5;11
56047;San Lorenzo Nuovo;3;7;0;0;0;;;;7;4;0;0;0;;;;4;11
56047;San Lorenzo Nuovo;4;4;0;0;0;;;;4;5;0;0;0;;;;5;9
56047;San Lorenzo Nuovo;5;9;0;0;0;;;;9;3;0;0;0;;;;3;12
56047;San Lorenzo Nuovo;6;7;0;0;0;;;;7;4;0;0;0;;;;4;11
56047;San Lorenzo Nuovo;7;5;0;0;0;;;;5;4;0;0;0;;;;4;9
56047;San Lorenzo Nuovo;8;7;0;0;0;;;;7;10;0;0;0;;;;10;17
56047;San Lorenzo Nuovo;9;6;0;0;0;;;;6;5;0;0;0;;;;5;11
56047;San Lorenzo Nuovo;10;6;0;0;0;;;;6;7;0;0;0;;;;7;13
56047;San Lorenzo Nuovo;11;7;0;0;0;;;;7;3;0;0;0;;;;3;10
56047;San Lorenzo Nuovo;12;4;0;0;0;;;;4;10;0;0;0;;;;10;14
56047;San Lorenzo Nuovo;13;11;0;0;0;;;;11;8;0;0;0;;;;8;19
56047;San Lorenzo Nuovo;14;6;0;0;0;;;;6;6;0;0;0;;;;6;12
56047;San Lorenzo Nuovo;15;5;0;0;0;;;;5;13;0;0;0;;;;13;18
56047;San Lorenzo Nuovo;16;10;0;0;0;;;;10;8;0;0;0;;;;8;18
56047;San Lorenzo Nuovo;17;6;0;0;0;;;;6;9;0;0;0;;;;9;15
56047;San Lorenzo Nuovo;18;3;0;0;0;;;;3;4;0;0;0;;;;4;7
56047;San Lorenzo Nuovo;19;11;0;0;0;;;;11;5;0;0;0;;;;5;16
56047;San Lorenzo Nuovo;20;13;0;0;0;;;;13;11;0;0;0;;;;11;24
56047;San Lorenzo Nuovo;21;10;0;0;0;;;;10;6;0;0;0;;;;6;16
56047;San Lorenzo Nuovo;22;16;0;0;0;;;;16;12;1;0;0;;;;13;29
56047;San Lorenzo Nuovo;23;8;1;0;0;;;;9;16;2;0;0;;;;18;27
56047;San Lorenzo Nuovo;24;9;0;0;0;;;;9;9;0;0;0;;;;9;18
56047;San Lorenzo Nuovo;25;20;0;0;0;;;;20;7;0;0;0;;;;7;27
56047;San Lorenzo Nuovo;26;19;0;0;0;;;;19;6;0;0;0;;;;6;25
56047;San Lorenzo Nuovo;27;11;1;0;0;;;;12;5;1;0;0;;;;6;18
56047;San Lorenzo Nuovo;28;7;0;0;0;;;;7;4;3;0;0;;;;7;14
56047;San Lorenzo Nuovo;29;6;0;0;0;;;;6;8;0;0;0;;;;8;14
56047;San Lorenzo Nuovo;30;10;2;0;0;;;;12;4;1;0;0;;;;5;17
56047;San Lorenzo Nuovo;31;12;2;0;0;;;;14;5;3;0;0;;;;8;22
56047;San Lorenzo Nuovo;32;6;0;0;0;;;;6;9;3;0;0;;;;12;18
56047;San Lorenzo Nuovo;33;9;1;0;0;;;;10;3;4;0;0;;;;7;17
56047;San Lorenzo Nuovo;34;9;3;0;0;;;;12;4;11;1;0;;;;16;28
56047;San Lorenzo Nuovo;35;6;5;0;0;;;;11;8;3;0;0;;;;11;22
56047;San Lorenzo Nuovo;36;7;4;0;0;;;;11;6;5;0;0;;;;11;22
56047;San Lorenzo Nuovo;37;10;1;0;0;;;;11;6;2;0;0;;;;8;19
56047;San Lorenzo Nuovo;38;5;5;0;0;;;;10;9;1;0;0;;;;10;20
56047;San Lorenzo Nuovo;39;6;0;0;0;;;;6;7;8;1;0;;;;16;22
56047;San Lorenzo Nuovo;40;5;5;0;0;;;;10;1;4;2;0;;;;7;17
56047;San Lorenzo Nuovo;41;11;0;2;0;;;;13;2;4;0;0;;;;6;19
56047;San Lorenzo Nuovo;42;1;5;0;0;;;;6;3;4;0;1;;;;8;14
56047;San Lorenzo Nuovo;43;3;7;2;0;;;;12;3;5;0;0;;;;8;20
56047;San Lorenzo Nuovo;44;6;2;0;0;;;;8;1;6;0;0;;;;7;15
56047;San Lorenzo Nuovo;45;7;8;0;0;;;;15;7;10;1;0;;;;18;33
56047;San Lorenzo Nuovo;46;5;7;0;0;;;;12;3;15;1;0;;;;19;31
56047;San Lorenzo Nuovo;47;5;2;1;0;;;;8;3;11;2;0;;;;16;24
56047;San Lorenzo Nuovo;48;8;10;0;0;;;;18;4;7;1;1;;;;13;31
56047;San Lorenzo Nuovo;49;9;8;1;0;;;;18;5;12;1;0;;;;18;36
56047;San Lorenzo Nuovo;50;7;13;1;0;;;;21;2;14;1;0;;;;17;38
56047;San Lorenzo Nuovo;51;4;14;1;1;;;;20;1;10;3;0;;;;14;34
56047;San Lorenzo Nuovo;52;6;16;0;0;;;;22;0;12;1;0;;;;13;35
56047;San Lorenzo Nuovo;53;4;7;1;0;;;;12;3;20;1;0;;;;24;36
56047;San Lorenzo Nuovo;54;1;12;1;0;;;;14;0;14;1;1;;;;16;30
56047;San Lorenzo Nuovo;55;4;12;0;0;;;;16;2;13;3;0;;;;18;34
56047;San Lorenzo Nuovo;56;1;8;3;0;;;;12;2;5;3;2;;;;12;24
56047;San Lorenzo Nuovo;57;1;15;1;0;;;;17;1;13;1;0;;;;15;32
56047;San Lorenzo Nuovo;58;5;13;3;0;;;;21;0;8;2;0;;;;10;31
56047;San Lorenzo Nuovo;59;2;5;2;1;;;;10;4;15;1;1;;;;21;31
56047;San Lorenzo Nuovo;60;3;8;3;0;;;;14;2;12;1;2;;;;17;31
56047;San Lorenzo Nuovo;61;1;13;2;0;;;;16;0;12;2;1;;;;15;31
56047;San Lorenzo Nuovo;62;4;15;0;0;;;;19;2;9;2;1;;;;14;33
56047;San Lorenzo Nuovo;63;1;14;0;0;;;;15;0;16;0;0;;;;16;31
56047;San Lorenzo Nuovo;64;2;10;3;1;;;;16;0;13;0;3;;;;16;32
56047;San Lorenzo Nuovo;65;2;17;1;0;;;;20;0;11;2;0;;;;13;33
56047;San Lorenzo Nuovo;66;1;9;4;0;;;;14;1;12;2;2;;;;17;31
56047;San Lorenzo Nuovo;67;4;9;3;1;;;;17;2;9;0;3;;;;14;31
56047;San Lorenzo Nuovo;68;4;15;1;0;;;;20;1;12;0;4;;;;17;37
56047;San Lorenzo Nuovo;69;2;19;1;1;;;;23;1;8;1;1;;;;11;34
56047;San Lorenzo Nuovo;70;1;9;0;0;;;;10;1;8;1;2;;;;12;22
56047;San Lorenzo Nuovo;71;1;8;1;0;;;;10;1;8;0;2;;;;11;21
56047;San Lorenzo Nuovo;72;0;7;0;2;;;;9;1;8;0;4;;;;13;22
56047;San Lorenzo Nuovo;73;2;14;1;1;;;;18;0;12;0;3;;;;15;33
56047;San Lorenzo Nuovo;74;0;8;0;1;;;;9;2;9;1;6;;;;18;27
56047;San Lorenzo Nuovo;75;3;13;0;3;;;;19;0;14;0;2;;;;16;35
56047;San Lorenzo Nuovo;76;2;13;0;2;;;;17;1;9;2;5;;;;17;34
56047;San Lorenzo Nuovo;77;2;13;0;1;;;;16;0;7;1;5;;;;13;29
56047;San Lorenzo Nuovo;78;1;12;0;0;;;;13;0;7;0;8;;;;15;28
56047;San Lorenzo Nuovo;79;0;6;0;0;;;;6;0;4;0;6;;;;10;16
56047;San Lorenzo Nuovo;80;0;6;0;1;;;;7;2;4;0;6;;;;12;19
56047;San Lorenzo Nuovo;81;0;4;0;3;;;;7;0;1;0;6;;;;7;14
56047;San Lorenzo Nuovo;82;0;3;0;1;;;;4;1;0;0;6;;;;7;11
56047;San Lorenzo Nuovo;83;0;5;0;3;;;;8;1;5;0;12;;;;18;26
56047;San Lorenzo Nuovo;84;2;4;0;2;;;;8;1;1;0;8;;;;10;18
56047;San Lorenzo Nuovo;85;0;2;1;1;;;;4;0;1;1;9;;;;11;15
56047;San Lorenzo Nuovo;86;0;5;0;0;;;;5;0;0;0;6;;;;6;11
56047;San Lorenzo Nuovo;87;0;1;0;0;;;;1;0;3;0;9;;;;12;13
56047;San Lorenzo Nuovo;88;0;0;0;2;;;;2;1;1;0;5;;;;7;9
56047;San Lorenzo Nuovo;89;0;5;0;2;;;;7;1;1;0;2;;;;4;11
56047;San Lorenzo Nuovo;90;0;0;0;0;;;;0;0;0;0;7;;;;7;7
56047;San Lorenzo Nuovo;91;0;3;0;0;;;;3;1;0;0;2;;;;3;6
56047;San Lorenzo Nuovo;92;0;0;0;0;;;;0;0;2;0;2;;;;4;4
56047;San Lorenzo Nuovo;93;0;0;0;0;;;;0;1;0;0;4;;;;5;5
56047;San Lorenzo Nuovo;94;0;0;0;1;;;;1;0;0;0;2;;;;2;3
56047;San Lorenzo Nuovo;95;0;1;0;0;;;;1;1;0;0;4;;;;5;6
56047;San Lorenzo Nuovo;96;0;0;0;0;;;;0;0;0;0;2;;;;2;2
56047;San Lorenzo Nuovo;97;0;0;0;0;;;;0;0;0;0;2;;;;2;2
56047;San Lorenzo Nuovo;98;0;0;0;0;;;;0;0;0;0;0;;;;0;0
56047;San Lorenzo Nuovo;99;0;0;0;0;;;;0;0;0;0;0;;;;0;0
56047;San Lorenzo Nuovo;100;0;0;0;0;;;;0;0;0;0;1;;;;1;1
56047;San Lorenzo Nuovo;999;458;465;40;31;;;;994;340;469;43;161;;;;1013;2007
56048;Soriano nel Cimino;0;20;0;0;0;;;;20;14;0;0;0;;;;14;34
56048;Soriano nel Cimino;1;23;0;0;0;;;;23;18;0;0;0;;;;18;41
56048;Soriano nel Cimino;2;20;0;0;0;;;;20;22;0;0;0;;;;22;42
56048;Soriano nel Cimino;3;27;0;0;0;;;;27;28;0;0;0;;;;28;55
56048;Soriano nel Cimino;4;24;0;0;0;;;;24;19;0;0;0;;;;19;43
56048;Soriano nel Cimino;5;22;0;0;0;;;;22;20;0;0;0;;;;20;42
56048;Soriano nel Cimino;6;23;0;0;0;;;;23;23;0;0;0;;;;23;46
56048;Soriano nel Cimino;7;37;0;0;0;;;;37;33;0;0;0;;;;33;70
56048;Soriano nel Cimino;8;25;0;0;0;;;;25;23;0;0;0;;;;23;48
56048;Soriano nel Cimino;9;35;0;0;0;;;;35;28;0;0;0;;;;28;63
56048;Soriano nel Cimino;10;25;0;0;0;;;;25;29;0;0;0;;;;29;54
56048;Soriano nel Cimino;11;31;0;0;0;;;;31;36;0;0;0;;;;36;67
56048;Soriano nel Cimino;12;22;0;0;0;;;;22;22;0;0;0;;;;22;44
56048;Soriano nel Cimino;13;35;0;0;0;;;;35;35;0;0;0;;;;35;70
56048;Soriano nel Cimino;14;26;0;0;0;;;;26;28;0;0;0;;;;28;54
56048;Soriano nel Cimino;15;43;0;0;0;;;;43;35;0;0;0;;;;35;78
56048;Soriano nel Cimino;16;39;0;0;0;;;;39;37;0;0;0;;;;37;76
56048;Soriano nel Cimino;17;35;0;0;0;;;;35;34;0;0;0;;;;34;69
56048;Soriano nel Cimino;18;37;0;0;0;;;;37;32;0;0;0;;;;32;69
56048;Soriano nel Cimino;19;35;0;0;0;;;;35;36;0;0;0;;;;36;71
56048;Soriano nel Cimino;20;41;0;0;0;;;;41;34;0;0;0;;;;34;75
56048;Soriano nel Cimino;21;43;0;0;0;;;;43;34;0;0;0;;;;34;77
56048;Soriano nel Cimino;22;34;0;0;0;;;;34;33;2;0;0;;;;35;69
56048;Soriano nel Cimino;23;40;1;0;0;;;;41;44;0;0;0;;;;44;85
56048;Soriano nel Cimino;24;33;0;0;0;;;;33;36;0;0;0;;;;36;69
56048;Soriano nel Cimino;25;30;0;0;0;;;;30;34;0;0;0;;;;34;64
56048;Soriano nel Cimino;26;48;0;0;0;;;;48;25;2;0;0;;;;27;75
56048;Soriano nel Cimino;27;35;1;0;0;;;;36;32;3;0;0;;;;35;71
56048;Soriano nel Cimino;28;56;1;0;0;;;;57;30;3;0;0;;;;33;90
56048;Soriano nel Cimino;29;42;2;0;0;;;;44;37;6;0;0;;;;43;87
56048;Soriano nel Cimino;30;35;5;0;0;;;;40;23;5;0;0;;;;28;68
56048;Soriano nel Cimino;31;33;3;0;0;;;;36;25;4;0;0;;;;29;65
56048;Soriano nel Cimino;32;34;6;1;0;;;;41;42;13;0;0;;;;55;96
56048;Soriano nel Cimino;33;36;9;0;0;;;;45;29;14;3;0;;;;46;91
56048;Soriano nel Cimino;34;31;10;0;0;;;;41;23;9;1;0;;;;33;74
56048;Soriano nel Cimino;35;27;12;0;0;;;;39;21;22;1;0;;;;44;83
56048;Soriano nel Cimino;36;25;7;0;0;;;;32;28;28;0;0;;;;56;88
56048;Soriano nel Cimino;37;25;12;1;0;;;;38;23;17;0;0;;;;40;78
56048;Soriano nel Cimino;38;32;22;0;0;;;;54;11;24;1;1;;;;37;91
56048;Soriano nel Cimino;39;27;16;0;0;;;;43;12;18;0;0;;;;30;73
56048;Soriano nel Cimino;40;21;13;2;0;;;;36;27;22;2;0;;;;51;87
56048;Soriano nel Cimino;41;21;16;0;0;;;;37;19;21;0;1;;;;41;78
56048;Soriano nel Cimino;42;18;23;1;0;;;;42;28;14;2;0;;;;44;86
56048;Soriano nel Cimino;43;20;15;0;0;;;;35;13;21;0;0;;;;34;69
56048;Soriano nel Cimino;44;20;23;4;1;;;;48;19;21;3;0;;;;43;91
56048;Soriano nel Cimino;45;20;24;3;0;;;;47;21;34;5;0;;;;60;107
56048;Soriano nel Cimino;46;25;22;2;0;;;;49;11;33;4;1;;;;49;98
56048;Soriano nel Cimino;47;30;30;6;0;;;;66;13;38;4;1;;;;56;122
56048;Soriano nel Cimino;48;23;28;0;0;;;;51;12;35;1;0;;;;48;99
56048;Soriano nel Cimino;49;23;41;5;0;;;;69;12;44;3;0;;;;59;128
56048;Soriano nel Cimino;50;20;39;4;1;;;;64;15;48;6;2;;;;71;135
56048;Soriano nel Cimino;51;24;50;6;0;;;;80;9;43;7;2;;;;61;141
56048;Soriano nel Cimino;52;19;53;6;0;;;;78;16;62;8;4;;;;90;168
56048;Soriano nel Cimino;53;16;34;3;0;;;;53;6;50;8;2;;;;66;119
56048;Soriano nel Cimino;54;15;55;7;0;;;;77;10;49;9;4;;;;72;149
56048;Soriano nel Cimino;55;15;40;2;1;;;;58;6;61;7;3;;;;77;135
56048;Soriano nel Cimino;56;8;45;8;1;;;;62;8;47;6;4;;;;65;127
56048;Soriano nel Cimino;57;7;46;4;0;;;;57;7;55;7;3;;;;72;129
56048;Soriano nel Cimino;58;7;49;8;1;;;;65;12;45;5;3;;;;65;130
56048;Soriano nel Cimino;59;8;56;8;1;;;;73;10;55;5;3;;;;73;146
56048;Soriano nel Cimino;60;14;49;7;0;;;;70;5;43;5;5;;;;58;128
56048;Soriano nel Cimino;61;9;60;5;1;;;;75;6;56;3;4;;;;69;144
56048;Soriano nel Cimino;62;6;57;2;1;;;;66;9;53;1;2;;;;65;131
56048;Soriano nel Cimino;63;6;40;3;3;;;;52;5;52;2;5;;;;64;116
56048;Soriano nel Cimino;64;14;47;2;2;;;;65;6;50;5;8;;;;69;134
56048;Soriano nel Cimino;65;3;48;5;1;;;;57;6;50;5;4;;;;65;122
56048;Soriano nel Cimino;66;5;45;5;1;;;;56;1;46;4;16;;;;67;123
56048;Soriano nel Cimino;67;3;47;6;2;;;;58;3;39;5;6;;;;53;111
56048;Soriano nel Cimino;68;8;33;2;1;;;;44;3;28;1;14;;;;46;90
56048;Soriano nel Cimino;69;3;49;1;0;;;;53;5;31;3;15;;;;54;107
56048;Soriano nel Cimino;70;4;43;3;5;;;;55;5;47;3;10;;;;65;120
56048;Soriano nel Cimino;71;1;34;3;3;;;;41;2;34;1;14;;;;51;92
56048;Soriano nel Cimino;72;3;39;4;3;;;;49;3;34;7;10;;;;54;103
56048;Soriano nel Cimino;73;4;38;3;3;;;;48;1;25;6;7;;;;39;87
56048;Soriano nel Cimino;74;3;31;3;3;;;;40;2;24;3;11;;;;40;80
56048;Soriano nel Cimino;75;1;42;0;7;;;;50;6;26;3;20;;;;55;105
56048;Soriano nel Cimino;76;1;46;0;4;;;;51;2;42;3;22;;;;69;120
56048;Soriano nel Cimino;77;1;45;0;3;;;;49;4;27;0;21;;;;52;101
56048;Soriano nel Cimino;78;5;35;2;4;;;;46;1;21;3;19;;;;44;90
56048;Soriano nel Cimino;79;1;31;2;4;;;;38;2;26;2;14;;;;44;82
56048;Soriano nel Cimino;80;1;24;3;3;;;;31;2;19;3;18;;;;42;73
56048;Soriano nel Cimino;81;0;23;0;3;;;;26;0;16;1;21;;;;38;64
56048;Soriano nel Cimino;82;1;26;1;6;;;;34;0;18;0;20;;;;38;72
56048;Soriano nel Cimino;83;3;9;1;3;;;;16;2;9;0;19;;;;30;46
56048;Soriano nel Cimino;84;0;20;0;4;;;;24;2;11;0;27;;;;40;64
56048;Soriano nel Cimino;85;1;13;2;6;;;;22;2;4;0;21;;;;27;49
56048;Soriano nel Cimino;86;0;14;1;3;;;;18;0;7;0;21;;;;28;46
56048;Soriano nel Cimino;87;0;10;0;4;;;;14;0;4;1;22;;;;27;41
56048;Soriano nel Cimino;88;0;9;0;2;;;;11;1;8;1;16;;;;26;37
56048;Soriano nel Cimino;89;1;6;0;2;;;;9;0;1;0;14;;;;15;24
56048;Soriano nel Cimino;90;0;4;0;0;;;;4;2;2;0;15;;;;19;23
56048;Soriano nel Cimino;91;0;5;0;2;;;;7;0;1;0;11;;;;12;19
56048;Soriano nel Cimino;92;1;6;0;2;;;;9;0;1;0;8;;;;9;18
56048;Soriano nel Cimino;93;0;2;0;3;;;;5;0;0;0;8;;;;8;13
56048;Soriano nel Cimino;94;0;1;0;1;;;;2;0;0;0;5;;;;5;7
56048;Soriano nel Cimino;95;0;0;0;1;;;;1;0;0;0;8;;;;8;9
56048;Soriano nel Cimino;96;0;0;0;0;;;;0;1;0;0;3;;;;4;4
56048;Soriano nel Cimino;97;0;1;1;0;;;;2;0;0;0;2;;;;2;4
56048;Soriano nel Cimino;98;0;0;0;0;;;;0;1;0;0;2;;;;3;3
56048;Soriano nel Cimino;99;0;0;0;0;;;;0;0;0;0;1;;;;1;1
56048;Soriano nel Cimino;100;0;1;0;0;;;;1;0;0;0;0;;;;0;1
56048;Soriano nel Cimino;999;1754;1842;148;102;;;;3846;1492;1823;169;523;;;;4007;7853
56049;Sutri;0;14;0;0;0;;;;14;16;0;0;0;;;;16;30
56049;Sutri;1;21;0;0;0;;;;21;20;0;0;0;;;;20;41
56049;Sutri;2;15;0;0;0;;;;15;19;0;0;0;;;;19;34
56049;Sutri;3;20;0;0;0;;;;20;17;0;0;0;;;;17;37
56049;Sutri;4;17;0;0;0;;;;17;20;0;0;0;;;;20;37
56049;Sutri;5;26;0;0;0;;;;26;14;0;0;0;;;;14;40
56049;Sutri;6;32;0;0;0;;;;32;12;0;0;0;;;;12;44
56049;Sutri;7;27;0;0;0;;;;27;15;0;0;0;;;;15;42
56049;Sutri;8;19;0;0;0;;;;19;30;0;0;0;;;;30;49
56049;Sutri;9;25;0;0;0;;;;25;22;0;0;0;;;;22;47
56049;Sutri;10;32;0;0;0;;;;32;23;0;0;0;;;;23;55
56049;Sutri;11;30;0;0;0;;;;30;29;0;0;0;;;;29;59
56049;Sutri;12;23;0;0;0;;;;23;32;0;0;0;;;;32;55
56049;Sutri;13;31;0;0;0;;;;31;31;0;0;0;;;;31;62
56049;Sutri;14;30;0;0;0;;;;30;27;0;0;0;;;;27;57
56049;Sutri;15;31;0;0;0;;;;31;26;0;0;0;;;;26;57
56049;Sutri;16;38;0;0;0;;;;38;25;0;0;0;;;;25;63
56049;Sutri;17;18;0;0;0;;;;18;32;0;0;0;;;;32;50
56049;Sutri;18;41;0;0;0;;;;41;29;0;0;0;;;;29;70
56049;Sutri;19;22;0;0;0;;;;22;28;0;0;0;;;;28;50
56049;Sutri;20;35;0;0;0;;;;35;22;1;0;0;;;;23;58
56049;Sutri;21;32;0;0;0;;;;32;30;1;0;0;;;;31;63
56049;Sutri;22;24;0;0;0;;;;24;36;2;0;0;;;;38;62
56049;Sutri;23;27;1;0;0;;;;28;18;0;0;0;;;;18;46
56049;Sutri;24;43;0;0;0;;;;43;30;0;0;0;;;;30;73
56049;Sutri;25;23;1;0;0;;;;24;26;0;0;0;;;;26;50
56049;Sutri;26;44;0;0;0;;;;44;26;1;0;0;;;;27;71
56049;Sutri;27;25;1;0;0;;;;26;30;3;0;0;;;;33;59
56049;Sutri;28;31;2;0;0;;;;33;20;0;0;0;;;;20;53
56049;Sutri;29;29;3;0;0;;;;32;27;6;0;0;;;;33;65
56049;Sutri;30;28;2;0;0;;;;30;26;7;0;0;;;;33;63
56049;Sutri;31;37;4;0;0;;;;41;20;9;0;0;;;;29;70
56049;Sutri;32;28;6;0;0;;;;34;17;9;1;0;;;;27;61
56049;Sutri;33;46;5;0;0;;;;51;22;11;1;0;;;;34;85
56049;Sutri;34;29;10;0;0;;;;39;24;6;0;0;;;;30;69
56049;Sutri;35;27;7;0;0;;;;34;12;13;0;0;;;;25;59
56049;Sutri;36;36;12;0;0;;;;48;14;16;0;0;;;;30;78
56049;Sutri;37;29;7;0;0;;;;36;20;13;0;0;;;;33;69
56049;Sutri;38;29;12;0;0;;;;41;13;13;1;0;;;;27;68
56049;Sutri;39;22;14;2;0;;;;38;22;22;1;0;;;;45;83
56049;Sutri;40;29;12;1;0;;;;42;20;17;2;0;;;;39;81
56049;Sutri;41;17;18;0;0;;;;35;18;21;1;1;;;;41;76
56049;Sutri;42;23;14;1;0;;;;38;21;16;4;0;;;;41;79
56049;Sutri;43;21;24;1;0;;;;46;20;20;5;0;;;;45;91
56049;Sutri;44;18;15;3;0;;;;36;11;25;1;0;;;;37;73
56049;Sutri;45;18;28;0;0;;;;46;12;17;2;0;;;;31;77
56049;Sutri;46;22;20;5;0;;;;47;19;36;5;0;;;;60;107
56049;Sutri;47;15;36;3;0;;;;54;16;33;8;2;;;;59;113
56049;Sutri;48;16;35;2;0;;;;53;13;30;2;2;;;;47;100
56049;Sutri;49;20;25;5;0;;;;50;10;41;2;0;;;;53;103
56049;Sutri;50;23;35;6;0;;;;64;15;25;6;1;;;;47;111
56049;Sutri;51;18;34;4;0;;;;56;10;41;7;3;;;;61;117
56049;Sutri;52;22;42;5;0;;;;69;10;40;8;1;;;;59;128
56049;Sutri;53;20;28;6;0;;;;54;11;44;7;4;;;;66;120
56049;Sutri;54;15;33;6;0;;;;54;6;35;11;2;;;;54;108
56049;Sutri;55;12;41;5;1;;;;59;8;51;3;1;;;;63;122
56049;Sutri;56;10;35;4;0;;;;49;6;37;12;3;;;;58;107
56049;Sutri;57;11;45;5;0;;;;61;10;48;5;1;;;;64;125
56049;Sutri;58;11;30;7;3;;;;51;4;37;6;3;;;;50;101
56049;Sutri;59;8;45;4;1;;;;58;6;40;8;3;;;;57;115
56049;Sutri;60;9;35;10;1;;;;55;3;48;5;6;;;;62;117
56049;Sutri;61;6;47;7;1;;;;61;9;35;5;6;;;;55;116
56049;Sutri;62;6;37;2;0;;;;45;3;41;8;4;;;;56;101
56049;Sutri;63;9;47;4;0;;;;60;6;45;7;6;;;;64;124
56049;Sutri;64;10;42;7;1;;;;60;8;33;4;4;;;;49;109
56049;Sutri;65;4;41;4;1;;;;50;3;35;2;9;;;;49;99
56049;Sutri;66;3;41;4;2;;;;50;5;33;2;6;;;;46;96
56049;Sutri;67;9;34;5;2;;;;50;5;27;6;4;;;;42;92
56049;Sutri;68;11;45;4;4;;;;64;2;44;3;10;;;;59;123
56049;Sutri;69;6;35;2;4;;;;47;2;33;6;11;;;;52;99
56049;Sutri;70;3;27;0;4;;;;34;3;28;4;10;;;;45;79
56049;Sutri;71;3;39;1;1;;;;44;2;29;2;15;;;;48;92
56049;Sutri;72;2;42;5;4;;;;53;3;29;4;13;;;;49;102
56049;Sutri;73;1;28;2;3;;;;34;3;26;2;9;;;;40;74
56049;Sutri;74;0;37;3;2;;;;42;0;23;3;22;;;;48;90
56049;Sutri;75;1;24;1;2;;;;28;2;27;2;8;;;;39;67
56049;Sutri;76;3;30;0;3;;;;36;1;24;2;12;;;;39;75
56049;Sutri;77;2;40;0;8;;;;50;2;12;5;19;;;;38;88
56049;Sutri;78;3;29;5;4;;;;41;1;14;2;11;;;;28;69
56049;Sutri;79;3;20;0;3;;;;26;2;13;6;14;;;;35;61
56049;Sutri;80;1;11;3;8;;;;23;1;13;0;21;;;;35;58
56049;Sutri;81;0;20;1;2;;;;23;3;8;2;16;;;;29;52
56049;Sutri;82;0;16;0;2;;;;18;1;18;2;16;;;;37;55
56049;Sutri;83;1;12;0;4;;;;17;3;6;0;22;;;;31;48
56049;Sutri;84;1;13;1;1;;;;16;0;7;4;17;;;;28;44
56049;Sutri;85;0;13;1;0;;;;14;4;7;3;13;;;;27;41
56049;Sutri;86;0;10;1;2;;;;13;1;6;1;10;;;;18;31
56049;Sutri;87;0;6;0;4;;;;10;2;4;0;20;;;;26;36
56049;Sutri;88;0;11;0;2;;;;13;0;3;0;12;;;;15;28
56049;Sutri;89;0;7;0;5;;;;12;1;2;2;11;;;;16;28
56049;Sutri;90;0;4;0;3;;;;7;0;1;1;9;;;;11;18
56049;Sutri;91;0;4;1;0;;;;5;0;2;0;11;;;;13;18
56049;Sutri;92;1;2;1;3;;;;7;0;1;0;5;;;;6;13
56049;Sutri;93;0;1;0;0;;;;1;0;0;0;4;;;;4;5
56049;Sutri;94;0;0;0;3;;;;3;0;0;0;6;;;;6;9
56049;Sutri;95;0;0;0;3;;;;3;0;0;0;4;;;;4;7
56049;Sutri;96;0;1;0;0;;;;1;0;0;0;0;;;;0;1
56049;Sutri;97;0;0;0;0;;;;0;0;0;0;2;;;;2;2
56049;Sutri;98;0;0;0;0;;;;0;0;0;0;2;;;;2;2
56049;Sutri;99;0;0;0;0;;;;0;0;0;0;0;;;;0;0
56049;Sutri;100;0;0;0;0;;;;0;0;0;0;0;;;;0;0
56049;Sutri;999;1583;1533;150;97;;;;3363;1249;1464;204;427;;;;3344;6707
56050;Tarquinia;0;43;0;0;0;;;;43;35;0;0;0;;;;35;78
56050;Tarquinia;1;37;0;0;0;;;;37;42;0;0;0;;;;42;79
56050;Tarquinia;2;58;0;0;0;;;;58;41;0;0;0;;;;41;99
56050;Tarquinia;3;40;0;0;0;;;;40;60;0;0;0;;;;60;100
56050;Tarquinia;4;63;0;0;0;;;;63;41;0;0;0;;;;41;104
56050;Tarquinia;5;54;0;0;0;;;;54;45;0;0;0;;;;45;99
56050;Tarquinia;6;50;0;0;0;;;;50;53;0;0;0;;;;53;103
56050;Tarquinia;7;49;0;0;0;;;;49;44;0;0;0;;;;44;93
56050;Tarquinia;8;57;0;0;0;;;;57;49;0;0;0;;;;49;106
56050;Tarquinia;9;74;0;0;0;;;;74;63;0;0;0;;;;63;137
56050;Tarquinia;10;61;0;0;0;;;;61;68;0;0;0;;;;68;129
56050;Tarquinia;11;65;0;0;0;;;;65;64;0;0;0;;;;64;129
56050;Tarquinia;12;83;0;0;0;;;;83;65;0;0;0;;;;65;148
56050;Tarquinia;13;73;0;0;0;;;;73;65;0;0;0;;;;65;138
56050;Tarquinia;14;69;0;0;0;;;;69;66;0;0;0;;;;66;135
56050;Tarquinia;15;56;0;0;0;;;;56;72;0;0;0;;;;72;128
56050;Tarquinia;16;87;0;0;0;;;;87;68;0;0;0;;;;68;155
56050;Tarquinia;17;89;0;0;0;;;;89;57;0;0;0;;;;57;146
56050;Tarquinia;18;67;0;0;0;;;;67;86;0;0;0;;;;86;153
56050;Tarquinia;19;75;0;0;0;;;;75;63;0;0;0;;;;63;138
56050;Tarquinia;20;62;0;0;0;;;;62;72;0;0;0;;;;72;134
56050;Tarquinia;21;70;0;0;0;;;;70;73;0;0;0;;;;73;143
56050;Tarquinia;22;62;0;0;0;;;;62;59;1;0;0;;;;60;122
56050;Tarquinia;23;73;0;0;0;;;;73;67;1;0;0;;;;68;141
56050;Tarquinia;24;68;0;0;0;;;;68;63;1;0;0;;;;64;132
56050;Tarquinia;25;73;1;0;0;;;;74;73;6;0;0;;;;79;153
56050;Tarquinia;26;65;3;0;0;;;;68;57;4;0;0;;;;61;129
56050;Tarquinia;27;69;3;0;0;;;;72;69;4;0;0;;;;73;145
56050;Tarquinia;28;73;0;0;0;;;;73;43;13;0;0;;;;56;129
56050;Tarquinia;29;54;6;0;0;;;;60;46;13;0;0;;;;59;119
56050;Tarquinia;30;69;8;0;0;;;;77;64;13;0;0;;;;77;154
56050;Tarquinia;31;77;10;0;0;;;;87;50;12;0;0;;;;62;149
56050;Tarquinia;32;59;14;0;0;;;;73;50;27;0;0;;;;77;150
56050;Tarquinia;33;62;12;2;0;;;;76;51;21;0;0;;;;72;148
56050;Tarquinia;34;60;17;1;0;;;;78;54;27;1;0;;;;82;160
56050;Tarquinia;35;72;16;0;0;;;;88;47;33;3;0;;;;83;171
56050;Tarquinia;36;62;24;2;0;;;;88;42;36;3;0;;;;81;169
56050;Tarquinia;37;45;26;0;0;;;;71;31;52;1;0;;;;84;155
56050;Tarquinia;38;55;24;1;0;;;;80;42;46;2;0;;;;90;170
56050;Tarquinia;39;51;37;3;1;;;;92;38;41;3;2;;;;84;176
56050;Tarquinia;40;47;44;2;1;;;;94;48;41;3;0;;;;92;186
56050;Tarquinia;41;47;34;2;0;;;;83;37;62;3;0;;;;102;185
56050;Tarquinia;42;44;64;3;0;;;;111;28;65;6;0;;;;99;210
56050;Tarquinia;43;50;47;5;0;;;;102;39;65;6;0;;;;110;212
56050;Tarquinia;44;46;46;2;0;;;;94;30;58;5;0;;;;93;187
56050;Tarquinia;45;44;75;2;0;;;;121;39;68;4;0;;;;111;232
56050;Tarquinia;46;44;53;9;0;;;;106;40;78;6;0;;;;124;230
56050;Tarquinia;47;55;62;6;0;;;;123;29;75;8;1;;;;113;236
56050;Tarquinia;48;48;68;6;2;;;;124;31;78;11;1;;;;121;245
56050;Tarquinia;49;60;63;10;0;;;;133;39;80;13;5;;;;137;270
56050;Tarquinia;50;40;81;9;1;;;;131;48;75;13;3;;;;139;270
56050;Tarquinia;51;42;75;8;0;;;;125;33;92;20;2;;;;147;272
56050;Tarquinia;52;39;81;10;0;;;;130;28;98;18;1;;;;145;275
56050;Tarquinia;53;39;73;14;0;;;;126;28;91;13;5;;;;137;263
56050;Tarquinia;54;34;86;15;0;;;;135;21;80;16;4;;;;121;256
56050;Tarquinia;55;31;90;9;0;;;;130;30;96;20;6;;;;152;282
56050;Tarquinia;56;26;64;11;3;;;;104;28;88;23;4;;;;143;247
56050;Tarquinia;57;27;85;20;0;;;;132;22;78;27;4;;;;131;263
56050;Tarquinia;58;19;94;18;3;;;;134;17;97;27;7;;;;148;282
56050;Tarquinia;59;16;101;22;4;;;;143;22;88;18;5;;;;133;276
56050;Tarquinia;60;25;99;25;0;;;;149;15;100;24;10;;;;149;298
56050;Tarquinia;61;12;99;13;5;;;;129;15;70;22;6;;;;113;242
56050;Tarquinia;62;13;96;19;3;;;;131;7;79;8;11;;;;105;236
56050;Tarquinia;63;16;82;10;4;;;;112;13;96;14;10;;;;133;245
56050;Tarquinia;64;16;85;16;4;;;;121;10;90;11;17;;;;128;249
56050;Tarquinia;65;12;90;9;5;;;;116;10;84;12;13;;;;119;235
56050;Tarquinia;66;12;83;7;3;;;;105;11;65;7;17;;;;100;205
56050;Tarquinia;67;8;77;6;5;;;;96;9;91;6;17;;;;123;219
56050;Tarquinia;68;10;92;8;3;;;;113;8;81;6;26;;;;121;234
56050;Tarquinia;69;4;83;8;4;;;;99;10;75;5;20;;;;110;209
56050;Tarquinia;70;7;65;3;3;;;;78;8;86;9;24;;;;127;205
56050;Tarquinia;71;7;94;5;7;;;;113;9;51;11;22;;;;93;206
56050;Tarquinia;72;10;78;1;6;;;;95;7;58;6;29;;;;100;195
56050;Tarquinia;73;3;69;9;3;;;;84;8;50;5;29;;;;92;176
56050;Tarquinia;74;6;74;5;9;;;;94;5;65;5;17;;;;92;186
56050;Tarquinia;75;5;63;5;3;;;;76;6;61;5;35;;;;107;183
56050;Tarquinia;76;9;80;7;5;;;;101;5;62;2;35;;;;104;205
56050;Tarquinia;77;6;88;5;6;;;;105;1;72;5;36;;;;114;219
56050;Tarquinia;78;2;62;2;9;;;;75;2;55;6;39;;;;102;177
56050;Tarquinia;79;0;59;3;10;;;;72;5;42;2;41;;;;90;162
56050;Tarquinia;80;1;52;3;8;;;;64;6;39;5;30;;;;80;144
56050;Tarquinia;81;7;58;3;11;;;;79;3;38;2;33;;;;76;155
56050;Tarquinia;82;2;40;4;7;;;;53;3;33;3;38;;;;77;130
56050;Tarquinia;83;1;41;3;5;;;;50;2;15;0;29;;;;46;96
56050;Tarquinia;84;5;41;0;13;;;;59;4;24;4;45;;;;77;136
56050;Tarquinia;85;8;32;1;5;;;;46;4;14;4;51;;;;73;119
56050;Tarquinia;86;0;29;0;15;;;;44;2;14;0;45;;;;61;105
56050;Tarquinia;87;2;23;1;9;;;;35;1;13;1;45;;;;60;95
56050;Tarquinia;88;2;14;1;10;;;;27;2;8;1;33;;;;44;71
56050;Tarquinia;89;3;9;0;0;;;;12;1;5;1;31;;;;38;50
56050;Tarquinia;90;0;16;0;6;;;;22;1;3;0;32;;;;36;58
56050;Tarquinia;91;2;15;0;2;;;;19;2;3;1;24;;;;30;49
56050;Tarquinia;92;0;9;0;5;;;;14;2;2;0;25;;;;29;43
56050;Tarquinia;93;0;2;0;4;;;;6;0;0;0;14;;;;14;20
56050;Tarquinia;94;0;6;0;2;;;;8;0;1;0;16;;;;17;25
56050;Tarquinia;95;0;2;0;1;;;;3;0;0;0;9;;;;9;12
56050;Tarquinia;96;0;2;0;1;;;;3;1;1;0;8;;;;10;13
56050;Tarquinia;97;0;0;0;2;;;;2;0;0;0;11;;;;11;13
56050;Tarquinia;98;0;1;0;0;;;;1;0;0;0;1;;;;1;2
56050;Tarquinia;99;0;0;0;0;;;;0;0;0;0;3;;;;3;3
56050;Tarquinia;100;0;0;0;1;;;;1;0;0;0;5;;;;5;6
56050;Tarquinia;999;3545;3597;374;219;;;;7735;3073;3550;466;1032;;;;8121;15856
56051;Tessennano;0;1;0;0;0;;;;1;1;0;0;0;;;;1;2
56051;Tessennano;1;1;0;0;0;;;;1;3;0;0;0;;;;3;4
56051;Tessennano;2;0;0;0;0;;;;0;0;0;0;0;;;;0;0
56051;Tessennano;3;0;0;0;0;;;;0;1;0;0;0;;;;1;1
56051;Tessennano;4;2;0;0;0;;;;2;0;0;0;0;;;;0;2
56051;Tessennano;5;1;0;0;0;;;;1;0;0;0;0;;;;0;1
56051;Tessennano;6;0;0;0;0;;;;0;2;0;0;0;;;;2;2
56051;Tessennano;7;0;0;0;0;;;;0;2;0;0;0;;;;2;2
56051;Tessennano;8;0;0;0;0;;;;0;0;0;0;0;;;;0;0
56051;Tessennano;9;0;0;0;0;;;;0;1;0;0;0;;;;1;1
56051;Tessennano;10;1;0;0;0;;;;1;0;0;0;0;;;;0;1
56051;Tessennano;11;0;0;0;0;;;;0;0;0;0;0;;;;0;0
56051;Tessennano;12;1;0;0;0;;;;1;0;0;0;0;;;;0;1
56051;Tessennano;13;1;0;0;0;;;;1;1;0;0;0;;;;1;2
56051;Tessennano;14;1;0;0;0;;;;1;0;0;0;0;;;;0;1
56051;Tessennano;15;1;0;0;0;;;;1;1;0;0;0;;;;1;2
56051;Tessennano;16;1;0;0;0;;;;1;0;0;0;0;;;;0;1
56051;Tessennano;17;0;0;0;0;;;;0;0;0;0;0;;;;0;0
56051;Tessennano;18;4;0;0;0;;;;4;0;0;0;0;;;;0;4
56051;Tessennano;19;1;0;0;0;;;;1;1;0;0;0;;;;1;2
56051;Tessennano;20;1;0;0;0;;;;1;1;0;0;0;;;;1;2
56051;Tessennano;21;1;0;0;0;;;;1;2;0;0;0;;;;2;3
56051;Tessennano;22;1;0;0;0;;;;1;1;0;0;0;;;;1;2
56051;Tessennano;23;1;0;0;0;;;;1;0;0;0;0;;;;0;1
56051;Tessennano;24;1;0;0;0;;;;1;0;0;0;0;;;;0;1
56051;Tessennano;25;0;0;0;0;;;;0;2;0;0;0;;;;2;2
56051;Tessennano;26;2;0;0;0;;;;2;1;0;0;0;;;;1;3
56051;Tessennano;27;0;0;0;0;;;;0;1;0;0;0;;;;1;1
56051;Tessennano;28;2;0;0;0;;;;2;1;0;0;0;;;;1;3
56051;Tessennano;29;0;0;0;0;;;;0;0;0;0;0;;;;0;0
56051;Tessennano;30;1;0;0;0;;;;1;0;1;1;0;;;;2;3
56051;Tessennano;31;3;0;0;0;;;;3;1;0;0;0;;;;1;4
56051;Tessennano;32;1;0;0;0;;;;1;0;0;1;0;;;;1;2
56051;Tessennano;33;2;0;1;0;;;;3;1;0;0;0;;;;1;4
56051;Tessennano;34;0;0;0;0;;;;0;1;0;0;0;;;;1;1
56051;Tessennano;35;1;1;0;0;;;;2;1;2;0;0;;;;3;5
56051;Tessennano;36;1;0;0;0;;;;1;0;0;0;0;;;;0;1
56051;Tessennano;37;1;0;0;0;;;;1;3;0;0;0;;;;3;4
56051;Tessennano;38;1;0;0;0;;;;1;2;0;0;1;;;;3;4
56051;Tessennano;39;1;1;0;0;;;;2;0;0;0;0;;;;0;2
56051;Tessennano;40;3;1;0;0;;;;4;2;1;0;0;;;;3;7
56051;Tessennano;41;1;0;0;0;;;;1;0;0;1;0;;;;1;2
56051;Tessennano;42;0;0;0;0;;;;0;0;1;0;0;;;;1;1
56051;Tessennano;43;2;1;0;0;;;;3;1;2;0;0;;;;3;6
56051;Tessennano;44;0;1;0;0;;;;1;1;0;1;0;;;;2;3
56051;Tessennano;45;0;2;0;0;;;;2;0;3;0;0;;;;3;5
56051;Tessennano;46;1;1;0;0;;;;2;0;0;0;0;;;;0;2
56051;Tessennano;47;0;1;0;0;;;;1;0;0;0;0;;;;0;1
56051;Tessennano;48;1;2;0;0;;;;3;2;0;0;0;;;;2;5
56051;Tessennano;49;2;0;0;0;;;;2;0;0;1;0;;;;1;3
56051;Tessennano;50;0;0;0;0;;;;0;1;3;0;0;;;;4;4
56051;Tessennano;51;0;2;0;0;;;;2;0;0;0;0;;;;0;2
56051;Tessennano;52;1;2;0;0;;;;3;0;0;0;0;;;;0;3
56051;Tessennano;53;1;2;0;0;;;;3;0;2;0;0;;;;2;5
56051;Tessennano;54;0;2;0;0;;;;2;4;1;0;1;;;;6;8
56051;Tessennano;55;1;1;0;0;;;;2;0;3;0;0;;;;3;5
56051;Tessennano;56;1;0;0;0;;;;1;1;1;0;0;;;;2;3
56051;Tessennano;57;2;2;0;0;;;;4;0;1;1;0;;;;2;6
56051;Tessennano;58;1;3;1;0;;;;5;0;5;0;1;;;;6;11
56051;Tessennano;59;0;3;0;0;;;;3;2;2;0;0;;;;4;7
56051;Tessennano;60;0;0;0;0;;;;0;0;4;0;0;;;;4;4
56051;Tessennano;61;1;3;0;0;;;;4;0;4;0;0;;;;4;8
56051;Tessennano;62;0;2;0;0;;;;2;0;1;0;0;;;;1;3
56051;Tessennano;63;2;0;1;0;;;;3;0;1;0;0;;;;1;4
56051;Tessennano;64;0;1;1;0;;;;2;1;2;1;0;;;;4;6
56051;Tessennano;65;0;2;0;0;;;;2;0;1;0;0;;;;1;3
56051;Tessennano;66;0;1;0;0;;;;1;0;2;0;0;;;;2;3
56051;Tessennano;67;0;0;0;0;;;;0;0;4;0;0;;;;4;4
56051;Tessennano;68;0;1;0;0;;;;1;0;1;1;1;;;;3;4
56051;Tessennano;69;0;2;0;0;;;;2;0;0;0;0;;;;0;2
56051;Tessennano;70;2;1;0;0;;;;3;0;4;0;0;;;;4;7
56051;Tessennano;71;1;1;1;0;;;;3;0;1;0;0;;;;1;4
56051;Tessennano;72;0;3;0;0;;;;3;0;1;0;0;;;;1;4
56051;Tessennano;73;0;2;0;1;;;;3;0;2;0;0;;;;2;5
56051;Tessennano;74;0;4;2;1;;;;7;0;1;1;0;;;;2;9
56051;Tessennano;75;0;1;0;0;;;;1;0;2;0;0;;;;2;3
56051;Tessennano;76;0;5;0;1;;;;6;0;1;0;0;;;;1;7
56051;Tessennano;77;0;1;0;0;;;;1;0;0;0;0;;;;0;1
56051;Tessennano;78;0;1;0;0;;;;1;0;3;0;0;;;;3;4
56051;Tessennano;79;0;1;0;0;;;;1;0;1;0;1;;;;2;3
56051;Tessennano;80;1;2;0;1;;;;4;1;1;0;0;;;;2;6
56051;Tessennano;81;0;2;0;0;;;;2;0;1;0;2;;;;3;5
56051;Tessennano;82;0;1;0;0;;;;1;0;0;0;0;;;;0;1
56051;Tessennano;83;0;1;0;0;;;;1;0;1;0;2;;;;3;4
56051;Tessennano;84;0;3;0;0;;;;3;0;2;0;2;;;;4;7
56051;Tessennano;85;0;1;0;0;;;;1;0;1;0;1;;;;2;3
56051;Tessennano;86;1;0;0;0;;;;1;0;0;0;0;;;;0;1
56051;Tessennano;87;0;0;0;0;;;;0;0;0;0;0;;;;0;0
56051;Tessennano;88;0;1;0;1;;;;2;0;0;0;1;;;;1;3
56051;Tessennano;89;0;2;0;0;;;;2;0;0;0;2;;;;2;4
56051;Tessennano;90;0;0;0;0;;;;0;0;0;0;0;;;;0;0
56051;Tessennano;91;0;0;0;0;;;;0;0;0;0;0;;;;0;0
56051;Tessennano;92;0;1;0;0;;;;1;0;0;0;1;;;;1;2
56051;Tessennano;93;0;0;0;0;;;;0;0;0;0;0;;;;0;0
56051;Tessennano;94;0;0;0;0;;;;0;0;0;0;0;;;;0;0
56051;Tessennano;95;0;0;0;0;;;;0;0;0;0;0;;;;0;0
56051;Tessennano;96;0;0;0;0;;;;0;0;0;0;0;;;;0;0
56051;Tessennano;97;0;0;0;0;;;;0;0;0;0;0;;;;0;0
56051;Tessennano;98;0;1;0;0;;;;1;0;0;0;0;;;;0;1
56051;Tessennano;99;0;0;0;0;;;;0;0;0;0;0;;;;0;0
56051;Tessennano;100;0;0;0;0;;;;0;0;0;0;0;;;;0;0
56051;Tessennano;999;62;75;7;5;;;;149;47;70;9;16;;;;142;291
56052;Tuscania;0;18;0;0;0;;;;18;22;0;0;0;;;;22;40
56052;Tuscania;1;23;0;0;0;;;;23;23;0;0;0;;;;23;46
56052;Tuscania;2;20;0;0;0;;;;20;23;0;0;0;;;;23;43
56052;Tuscania;3;17;0;0;0;;;;17;16;0;0;0;;;;16;33
56052;Tuscania;4;27;0;0;0;;;;27;23;0;0;0;;;;23;50
56052;Tuscania;5;27;0;0;0;;;;27;25;0;0;0;;;;25;52
56052;Tuscania;6;32;0;0;0;;;;32;29;0;0;0;;;;29;61
56052;Tuscania;7;26;0;0;0;;;;26;38;0;0;0;;;;38;64
56052;Tuscania;8;30;0;0;0;;;;30;26;0;0;0;;;;26;56
56052;Tuscania;9;27;0;0;0;;;;27;42;0;0;0;;;;42;69
56052;Tuscania;10;37;0;0;0;;;;37;30;0;0;0;;;;30;67
56052;Tuscania;11;29;0;0;0;;;;29;38;0;0;0;;;;38;67
56052;Tuscania;12;35;0;0;0;;;;35;34;0;0;0;;;;34;69
56052;Tuscania;13;37;0;0;0;;;;37;30;0;0;0;;;;30;67
56052;Tuscania;14;36;0;0;0;;;;36;58;0;0;0;;;;58;94
56052;Tuscania;15;38;0;0;0;;;;38;33;0;0;0;;;;33;71
56052;Tuscania;16;43;0;0;0;;;;43;36;0;0;0;;;;36;79
56052;Tuscania;17;50;0;0;0;;;;50;39;0;0;0;;;;39;89
56052;Tuscania;18;27;0;0;0;;;;27;37;0;0;0;;;;37;64
56052;Tuscania;19;39;0;0;0;;;;39;26;0;0;0;;;;26;65
56052;Tuscania;20;42;0;0;0;;;;42;44;0;0;0;;;;44;86
56052;Tuscania;21;36;0;0;0;;;;36;28;2;0;0;;;;30;66
56052;Tuscania;22;33;0;0;0;;;;33;31;0;0;0;;;;31;64
56052;Tuscania;23;44;0;0;0;;;;44;46;0;0;0;;;;46;90
56052;Tuscania;24;45;0;0;0;;;;45;44;2;1;0;;;;47;92
56052;Tuscania;25;30;0;0;0;;;;30;33;1;0;0;;;;34;64
56052;Tuscania;26;46;0;0;0;;;;46;38;2;0;0;;;;40;86
56052;Tuscania;27;40;1;0;0;;;;41;37;2;0;0;;;;39;80
56052;Tuscania;28;41;2;0;0;;;;43;37;0;0;0;;;;37;80
56052;Tuscania;29;50;4;0;0;;;;54;37;3;0;0;;;;40;94
56052;Tuscania;30;39;2;0;0;;;;41;35;10;0;0;;;;45;86
56052;Tuscania;31;39;0;0;0;;;;39;37;9;0;0;;;;46;85
56052;Tuscania;32;30;3;0;0;;;;33;31;10;0;0;;;;41;74
56052;Tuscania;33;32;8;0;0;;;;40;27;13;2;0;;;;42;82
56052;Tuscania;34;32;8;0;0;;;;40;28;19;1;0;;;;48;88
56052;Tuscania;35;29;11;0;0;;;;40;13;22;1;0;;;;36;76
56052;Tuscania;36;27;11;0;1;;;;39;23;19;1;0;;;;43;82
56052;Tuscania;37;26;14;0;0;;;;40;32;13;0;0;;;;45;85
56052;Tuscania;38;22;13;0;0;;;;35;16;23;0;0;;;;39;74
56052;Tuscania;39;40;22;0;0;;;;62;19;29;1;1;;;;50;112
56052;Tuscania;40;21;24;0;0;;;;45;21;34;2;1;;;;58;103
56052;Tuscania;41;20;23;1;1;;;;45;20;31;0;1;;;;52;97
56052;Tuscania;42;25;39;0;0;;;;64;17;32;0;0;;;;49;113
56052;Tuscania;43;26;32;1;0;;;;59;15;37;3;0;;;;55;114
56052;Tuscania;44;25;26;2;0;;;;53;21;38;4;0;;;;63;116
56052;Tuscania;45;26;34;1;1;;;;62;13;42;8;2;;;;65;127
56052;Tuscania;46;22;36;1;0;;;;59;15;45;8;2;;;;70;129
56052;Tuscania;47;19;42;3;0;;;;64;14;36;9;2;;;;61;125
56052;Tuscania;48;19;47;2;0;;;;68;16;47;5;0;;;;68;136
56052;Tuscania;49;11;41;2;0;;;;54;13;48;3;0;;;;64;118
56052;Tuscania;50;17;38;6;1;;;;62;13;44;5;3;;;;65;127
56052;Tuscania;51;22;34;5;0;;;;61;8;44;6;3;;;;61;122
56052;Tuscania;52;13;53;4;1;;;;71;7;56;7;3;;;;73;144
56052;Tuscania;53;16;38;3;2;;;;59;12;51;3;0;;;;66;125
56052;Tuscania;54;11;43;12;2;;;;68;11;41;6;2;;;;60;128
56052;Tuscania;55;15;56;4;1;;;;76;9;36;7;3;;;;55;131
56052;Tuscania;56;11;53;7;0;;;;71;8;55;5;5;;;;73;144
56052;Tuscania;57;7;46;12;0;;;;65;9;53;1;5;;;;68;133
56052;Tuscania;58;7;39;5;2;;;;53;8;55;2;8;;;;73;126
56052;Tuscania;59;11;40;5;2;;;;58;6;53;4;7;;;;70;128
56052;Tuscania;60;12;46;6;3;;;;67;6;45;5;4;;;;60;127
56052;Tuscania;61;10;51;3;0;;;;64;5;58;9;11;;;;83;147
56052;Tuscania;62;3;51;4;1;;;;59;9;32;5;7;;;;53;112
56052;Tuscania;63;8;49;8;2;;;;67;8;48;7;10;;;;73;140
56052;Tuscania;64;4;52;2;0;;;;58;3;35;4;13;;;;55;113
56052;Tuscania;65;9;39;9;2;;;;59;3;42;10;11;;;;66;125
56052;Tuscania;66;6;41;4;2;;;;53;4;41;2;9;;;;56;109
56052;Tuscania;67;3;45;3;3;;;;54;4;49;5;14;;;;72;126
56052;Tuscania;68;6;36;3;2;;;;47;1;58;10;11;;;;80;127
56052;Tuscania;69;3;37;0;3;;;;43;3;38;2;13;;;;56;99
56052;Tuscania;70;9;47;0;2;;;;58;5;40;5;14;;;;64;122
56052;Tuscania;71;7;48;5;2;;;;62;3;39;3;11;;;;56;118
56052;Tuscania;72;1;43;1;4;;;;49;1;40;2;12;;;;55;104
56052;Tuscania;73;2;40;5;3;;;;50;2;23;3;15;;;;43;93
56052;Tuscania;74;3;48;3;3;;;;57;1;29;1;14;;;;45;102
56052;Tuscania;75;4;27;1;4;;;;36;1;31;1;13;;;;46;82
56052;Tuscania;76;2;34;2;3;;;;41;3;27;1;16;;;;47;88
56052;Tuscania;77;2;42;2;5;;;;51;2;36;2;21;;;;61;112
56052;Tuscania;78;0;27;0;7;;;;34;2;19;2;34;;;;57;91
56052;Tuscania;79;1;23;0;6;;;;30;2;23;3;20;;;;48;78
56052;Tuscania;80;0;35;0;3;;;;38;2;19;0;20;;;;41;79
56052;Tuscania;81;0;33;2;5;;;;40;1;13;0;20;;;;34;74
56052;Tuscania;82;0;21;0;4;;;;25;1;7;0;30;;;;38;63
56052;Tuscania;83;3;23;0;5;;;;31;2;11;0;24;;;;37;68
56052;Tuscania;84;2;11;0;4;;;;17;1;7;2;21;;;;31;48
56052;Tuscania;85;0;20;0;7;;;;27;1;3;0;31;;;;35;62
56052;Tuscania;86;0;7;0;6;;;;13;3;5;0;21;;;;29;42
56052;Tuscania;87;0;5;0;5;;;;10;1;5;1;17;;;;24;34
56052;Tuscania;88;2;8;0;1;;;;11;2;1;0;13;;;;16;27
56052;Tuscania;89;1;5;0;5;;;;11;1;2;0;17;;;;20;31
56052;Tuscania;90;0;6;0;2;;;;8;1;1;0;15;;;;17;25
56052;Tuscania;91;0;6;0;3;;;;9;1;0;0;10;;;;11;20
56052;Tuscania;92;0;3;0;1;;;;4;0;1;0;6;;;;7;11
56052;Tuscania;93;0;0;0;3;;;;3;1;1;0;5;;;;7;10
56052;Tuscania;94;0;0;0;0;;;;0;0;0;0;4;;;;4;4
56052;Tuscania;95;0;0;0;1;;;;1;1;0;0;4;;;;5;6
56052;Tuscania;96;0;1;0;0;;;;1;0;0;0;1;;;;1;2
56052;Tuscania;97;0;0;0;0;;;;0;0;0;0;3;;;;3;3
56052;Tuscania;98;0;0;0;0;;;;0;0;0;0;2;;;;2;2
56052;Tuscania;99;0;0;0;0;;;;0;0;0;0;1;;;;1;1
56052;Tuscania;100;0;0;0;0;;;;0;0;0;0;0;;;;0;0
56052;Tuscania;999;1788;1893;139;126;;;;3946;1607;1886;180;586;;;;4259;8205
56053;Valentano;0;6;0;0;0;;;;6;5;0;0;0;;;;5;11
56053;Valentano;1;7;0;0;0;;;;7;10;0;0;0;;;;10;17
56053;Valentano;2;10;0;0;0;;;;10;9;0;0;0;;;;9;19
56053;Valentano;3;13;0;0;0;;;;13;7;0;0;0;;;;7;20
56053;Valentano;4;6;0;0;0;;;;6;5;0;0;0;;;;5;11
56053;Valentano;5;10;0;0;0;;;;10;9;0;0;0;;;;9;19
56053;Valentano;6;11;0;0;0;;;;11;18;0;0;0;;;;18;29
56053;Valentano;7;6;0;0;0;;;;6;10;0;0;0;;;;10;16
56053;Valentano;8;7;0;0;0;;;;7;4;0;0;0;;;;4;11
56053;Valentano;9;10;0;0;0;;;;10;5;0;0;0;;;;5;15
56053;Valentano;10;16;0;0;0;;;;16;5;0;0;0;;;;5;21
56053;Valentano;11;13;0;0;0;;;;13;9;0;0;0;;;;9;22
56053;Valentano;12;10;0;0;0;;;;10;7;0;0;0;;;;7;17
56053;Valentano;13;6;0;0;0;;;;6;6;0;0;0;;;;6;12
56053;Valentano;14;10;0;0;0;;;;10;13;0;0;0;;;;13;23
56053;Valentano;15;9;0;0;0;;;;9;10;0;0;0;;;;10;19
56053;Valentano;16;6;0;0;0;;;;6;10;0;0;0;;;;10;16
56053;Valentano;17;10;0;0;0;;;;10;4;0;0;0;;;;4;14
56053;Valentano;18;5;0;0;0;;;;5;12;0;0;0;;;;12;17
56053;Valentano;19;16;0;0;0;;;;16;9;0;0;0;;;;9;25
56053;Valentano;20;15;0;0;0;;;;15;9;0;0;0;;;;9;24
56053;Valentano;21;17;0;0;0;;;;17;11;0;0;0;;;;11;28
56053;Valentano;22;22;0;0;0;;;;22;10;0;0;0;;;;10;32
56053;Valentano;23;15;0;0;0;;;;15;9;0;0;0;;;;9;24
56053;Valentano;24;18;2;0;0;;;;20;12;0;0;0;;;;12;32
56053;Valentano;25;20;1;0;0;;;;21;15;1;0;0;;;;16;37
56053;Valentano;26;23;0;0;0;;;;23;16;0;0;0;;;;16;39
56053;Valentano;27;19;0;0;0;;;;19;14;2;0;0;;;;16;35
56053;Valentano;28;18;0;0;0;;;;18;11;2;0;0;;;;13;31
56053;Valentano;29;20;0;0;0;;;;20;7;0;0;0;;;;7;27
56053;Valentano;30;20;0;0;0;;;;20;7;0;0;0;;;;7;27
56053;Valentano;31;16;3;0;0;;;;19;11;0;0;0;;;;11;30
56053;Valentano;32;18;2;1;0;;;;21;8;1;0;0;;;;9;30
56053;Valentano;33;9;1;0;0;;;;10;6;4;0;0;;;;10;20
56053;Valentano;34;11;3;0;0;;;;14;16;3;0;0;;;;19;33
56053;Valentano;35;16;11;0;0;;;;27;17;3;1;0;;;;21;48
56053;Valentano;36;12;6;0;0;;;;18;8;2;0;0;;;;10;28
56053;Valentano;37;9;9;0;0;;;;18;10;10;0;0;;;;20;38
56053;Valentano;38;14;5;0;0;;;;19;8;8;0;0;;;;16;35
56053;Valentano;39;6;8;0;0;;;;14;13;10;0;0;;;;23;37
56053;Valentano;40;8;6;0;0;;;;14;7;12;0;0;;;;19;33
56053;Valentano;41;15;6;0;0;;;;21;7;10;0;0;;;;17;38
56053;Valentano;42;8;10;0;0;;;;18;4;10;2;1;;;;17;35
56053;Valentano;43;13;9;0;0;;;;22;7;7;3;0;;;;17;39
56053;Valentano;44;10;6;1;0;;;;17;9;5;0;0;;;;14;31
56053;Valentano;45;7;14;0;0;;;;21;7;12;2;0;;;;21;42
56053;Valentano;46;8;14;2;0;;;;24;4;11;0;0;;;;15;39
56053;Valentano;47;11;7;2;0;;;;20;5;7;2;0;;;;14;34
56053;Valentano;48;3;7;0;1;;;;11;6;12;2;1;;;;21;32
56053;Valentano;49;2;10;1;0;;;;13;2;17;1;0;;;;20;33
56053;Valentano;50;10;16;0;0;;;;26;0;9;1;0;;;;10;36
56053;Valentano;51;12;11;5;0;;;;28;1;10;2;0;;;;13;41
56053;Valentano;52;7;17;2;0;;;;26;4;15;7;2;;;;28;54
56053;Valentano;53;6;14;0;0;;;;20;4;10;1;1;;;;16;36
56053;Valentano;54;2;13;2;0;;;;17;4;11;1;1;;;;17;34
56053;Valentano;55;4;17;4;0;;;;25;1;21;1;0;;;;23;48
56053;Valentano;56;2;11;2;0;;;;15;5;24;2;2;;;;33;48
56053;Valentano;57;8;21;1;0;;;;30;2;18;0;1;;;;21;51
56053;Valentano;58;3;20;1;0;;;;24;3;25;2;1;;;;31;55
56053;Valentano;59;3;15;1;0;;;;19;3;13;4;1;;;;21;40
56053;Valentano;60;0;22;2;0;;;;24;1;19;0;3;;;;23;47
56053;Valentano;61;4;15;0;0;;;;19;2;17;2;5;;;;26;45
56053;Valentano;62;3;16;1;1;;;;21;2;17;2;0;;;;21;42
56053;Valentano;63;2;20;1;2;;;;25;2;14;2;4;;;;22;47
56053;Valentano;64;2;21;2;3;;;;28;2;22;2;4;;;;30;58
56053;Valentano;65;3;16;2;0;;;;21;1;16;2;3;;;;22;43
56053;Valentano;66;1;18;1;1;;;;21;1;15;0;4;;;;20;41
56053;Valentano;67;1;18;0;0;;;;19;1;19;2;3;;;;25;44
56053;Valentano;68;2;21;2;1;;;;26;1;17;2;3;;;;23;49
56053;Valentano;69;3;21;1;0;;;;25;0;18;2;3;;;;23;48
56053;Valentano;70;2;26;0;1;;;;29;2;12;1;5;;;;20;49
56053;Valentano;71;0;12;1;0;;;;13;0;18;0;2;;;;20;33
56053;Valentano;72;2;19;1;1;;;;23;1;18;1;2;;;;22;45
56053;Valentano;73;5;5;0;0;;;;10;1;8;1;1;;;;11;21
56053;Valentano;74;2;21;1;1;;;;25;3;11;1;4;;;;19;44
56053;Valentano;75;2;12;2;1;;;;17;1;11;1;8;;;;21;38
56053;Valentano;76;0;23;0;1;;;;24;2;10;0;6;;;;18;42
56053;Valentano;77;0;19;2;0;;;;21;0;7;0;6;;;;13;34
56053;Valentano;78;0;13;0;0;;;;13;0;10;1;5;;;;16;29
56053;Valentano;79;1;6;0;0;;;;7;0;6;0;3;;;;9;16
56053;Valentano;80;0;12;1;2;;;;15;1;5;0;6;;;;12;27
56053;Valentano;81;2;6;0;1;;;;9;2;5;0;6;;;;13;22
56053;Valentano;82;1;7;0;0;;;;8;1;2;0;13;;;;16;24
56053;Valentano;83;0;1;0;1;;;;2;0;4;0;12;;;;16;18
56053;Valentano;84;0;5;0;2;;;;7;1;1;0;9;;;;11;18
56053;Valentano;85;0;4;0;0;;;;4;1;2;0;12;;;;15;19
56053;Valentano;86;0;5;0;3;;;;8;2;5;0;9;;;;16;24
56053;Valentano;87;0;4;0;2;;;;6;0;1;0;9;;;;10;16
56053;Valentano;88;0;5;0;0;;;;5;0;1;0;13;;;;14;19
56053;Valentano;89;0;2;1;1;;;;4;0;2;0;7;;;;9;13
56053;Valentano;90;0;1;0;1;;;;2;0;3;0;6;;;;9;11
56053;Valentano;91;0;2;0;0;;;;2;0;1;0;7;;;;8;10
56053;Valentano;92;0;1;0;2;;;;3;0;0;0;5;;;;5;8
56053;Valentano;93;0;1;0;1;;;;2;3;0;0;1;;;;4;6
56053;Valentano;94;0;0;0;0;;;;0;0;1;0;2;;;;3;3
56053;Valentano;95;0;0;0;1;;;;1;0;0;0;1;;;;1;2
56053;Valentano;96;0;0;0;0;;;;0;0;0;0;1;;;;1;1
56053;Valentano;97;0;0;0;0;;;;0;1;0;0;2;;;;3;3
56053;Valentano;98;0;0;0;0;;;;0;0;0;0;0;;;;0;0
56053;Valentano;99;0;0;0;0;;;;0;0;0;0;0;;;;0;0
56053;Valentano;100;0;0;0;0;;;;0;1;0;0;0;;;;1;1
56053;Valentano;999;685;695;46;31;;;;1457;506;623;56;206;;;;1391;2848
56054;Vallerano;0;4;0;0;0;;;;4;8;0;0;0;;;;8;12
56054;Vallerano;1;3;0;0;0;;;;3;4;0;0;0;;;;4;7
56054;Vallerano;2;12;0;0;0;;;;12;13;0;0;0;;;;13;25
56054;Vallerano;3;5;0;0;0;;;;5;7;0;0;0;;;;7;12
56054;Vallerano;4;6;0;0;0;;;;6;7;0;0;0;;;;7;13
56054;Vallerano;5;6;0;0;0;;;;6;13;0;0;0;;;;13;19
56054;Vallerano;6;12;0;0;0;;;;12;10;0;0;0;;;;10;22
56054;Vallerano;7;13;0;0;0;;;;13;12;0;0;0;;;;12;25
56054;Vallerano;8;11;0;0;0;;;;11;7;0;0;0;;;;7;18
56054;Vallerano;9;5;0;0;0;;;;5;11;0;0;0;;;;11;16
56054;Vallerano;10;10;0;0;0;;;;10;9;0;0;0;;;;9;19
56054;Vallerano;11;9;0;0;0;;;;9;11;0;0;0;;;;11;20
56054;Vallerano;12;7;0;0;0;;;;7;6;0;0;0;;;;6;13
56054;Vallerano;13;8;0;0;0;;;;8;7;0;0;0;;;;7;15
56054;Vallerano;14;7;0;0;0;;;;7;10;0;0;0;;;;10;17
56054;Vallerano;15;10;0;0;0;;;;10;4;0;0;0;;;;4;14
56054;Vallerano;16;11;0;0;0;;;;11;10;0;0;0;;;;10;21
56054;Vallerano;17;9;0;0;0;;;;9;12;0;0;0;;;;12;21
56054;Vallerano;18;9;0;0;0;;;;9;9;0;0;0;;;;9;18
56054;Vallerano;19;9;0;0;0;;;;9;9;0;0;0;;;;9;18
56054;Vallerano;20;12;0;0;0;;;;12;11;0;0;0;;;;11;23
56054;Vallerano;21;8;0;0;0;;;;8;12;0;0;0;;;;12;20
56054;Vallerano;22;12;1;0;0;;;;13;10;2;0;0;;;;12;25
56054;Vallerano;23;12;0;0;0;;;;12;6;1;0;0;;;;7;19
56054;Vallerano;24;18;0;0;0;;;;18;11;0;0;0;;;;11;29
56054;Vallerano;25;16;0;0;0;;;;16;7;2;0;0;;;;9;25
56054;Vallerano;26;12;0;0;0;;;;12;12;2;0;0;;;;14;26
56054;Vallerano;27;9;0;0;0;;;;9;5;1;0;0;;;;6;15
56054;Vallerano;28;9;0;0;0;;;;9;15;0;0;0;;;;15;24
56054;Vallerano;29;5;2;0;0;;;;7;8;0;0;0;;;;8;15
56054;Vallerano;30;18;0;0;0;;;;18;10;2;0;0;;;;12;30
56054;Vallerano;31;9;1;0;0;;;;10;7;3;0;0;;;;10;20
56054;Vallerano;32;10;0;0;0;;;;10;4;2;0;0;;;;6;16
56054;Vallerano;33;10;1;0;0;;;;11;6;3;0;0;;;;9;20
56054;Vallerano;34;8;1;0;0;;;;9;11;3;1;0;;;;15;24
56054;Vallerano;35;8;3;0;0;;;;11;6;9;0;0;;;;15;26
56054;Vallerano;36;8;3;0;0;;;;11;4;6;1;0;;;;11;22
56054;Vallerano;37;11;4;0;0;;;;15;5;5;0;0;;;;10;25
56054;Vallerano;38;5;7;0;0;;;;12;7;5;0;0;;;;12;24
56054;Vallerano;39;4;12;0;0;;;;16;5;8;0;0;;;;13;29
56054;Vallerano;40;10;5;0;0;;;;15;6;11;0;1;;;;18;33
56054;Vallerano;41;9;5;1;0;;;;15;8;4;0;0;;;;12;27
56054;Vallerano;42;4;4;0;0;;;;8;9;5;0;0;;;;14;22
56054;Vallerano;43;7;3;1;0;;;;11;5;10;1;0;;;;16;27
56054;Vallerano;44;11;11;1;0;;;;23;6;6;1;0;;;;13;36
56054;Vallerano;45;3;11;0;0;;;;14;5;11;1;0;;;;17;31
56054;Vallerano;46;7;10;0;0;;;;17;6;9;2;1;;;;18;35
56054;Vallerano;47;17;7;0;0;;;;24;3;8;0;0;;;;11;35
56054;Vallerano;48;7;5;0;0;;;;12;4;10;0;0;;;;14;26
56054;Vallerano;49;6;9;0;0;;;;15;6;12;2;2;;;;22;37
56054;Vallerano;50;6;12;2;0;;;;20;2;9;3;1;;;;15;35
56054;Vallerano;51;6;20;0;0;;;;26;3;14;1;0;;;;18;44
56054;Vallerano;52;4;6;2;0;;;;12;4;14;1;0;;;;19;31
56054;Vallerano;53;4;8;2;0;;;;14;9;18;0;2;;;;29;43
56054;Vallerano;54;1;13;1;0;;;;15;5;13;2;0;;;;20;35
56054;Vallerano;55;6;13;3;0;;;;22;3;13;0;2;;;;18;40
56054;Vallerano;56;9;13;4;0;;;;26;5;8;1;0;;;;14;40
56054;Vallerano;57;5;9;0;0;;;;14;2;16;1;0;;;;19;33
56054;Vallerano;58;4;15;0;0;;;;19;5;12;1;2;;;;20;39
56054;Vallerano;59;3;13;3;0;;;;19;5;19;0;3;;;;27;46
56054;Vallerano;60;1;18;1;2;;;;22;3;18;0;1;;;;22;44
56054;Vallerano;61;3;18;0;2;;;;23;2;14;0;3;;;;19;42
56054;Vallerano;62;1;21;3;0;;;;25;2;15;0;1;;;;18;43
56054;Vallerano;63;0;15;2;1;;;;18;4;16;1;2;;;;23;41
56054;Vallerano;64;1;12;2;2;;;;17;1;17;4;2;;;;24;41
56054;Vallerano;65;1;16;1;1;;;;19;0;17;1;2;;;;20;39
56054;Vallerano;66;3;14;1;0;;;;18;1;10;0;3;;;;14;32
56054;Vallerano;67;2;14;1;1;;;;18;1;8;0;3;;;;12;30
56054;Vallerano;68;0;16;1;0;;;;17;2;17;4;2;;;;25;42
56054;Vallerano;69;1;8;2;1;;;;12;1;9;1;1;;;;12;24
56054;Vallerano;70;1;16;1;0;;;;18;0;7;0;2;;;;9;27
56054;Vallerano;71;1;14;3;0;;;;18;0;13;0;2;;;;15;33
56054;Vallerano;72;3;9;1;1;;;;14;2;3;0;2;;;;7;21
56054;Vallerano;73;0;9;1;0;;;;10;0;8;0;1;;;;9;19
56054;Vallerano;74;2;13;2;2;;;;19;1;10;1;2;;;;14;33
56054;Vallerano;75;2;9;1;0;;;;12;0;9;0;9;;;;18;30
56054;Vallerano;76;1;14;0;2;;;;17;0;11;0;3;;;;14;31
56054;Vallerano;77;0;14;1;3;;;;18;0;11;0;8;;;;19;37
56054;Vallerano;78;3;8;0;0;;;;11;1;11;1;7;;;;20;31
56054;Vallerano;79;0;10;0;3;;;;13;0;12;0;5;;;;17;30
56054;Vallerano;80;1;8;0;0;;;;9;1;5;0;10;;;;16;25
56054;Vallerano;81;1;11;0;2;;;;14;0;6;0;5;;;;11;25
56054;Vallerano;82;0;9;0;2;;;;11;1;3;0;3;;;;7;18
56054;Vallerano;83;3;5;1;1;;;;10;1;0;0;5;;;;6;16
56054;Vallerano;84;1;4;0;1;;;;6;0;4;0;8;;;;12;18
56054;Vallerano;85;0;2;0;1;;;;3;0;1;0;8;;;;9;12
56054;Vallerano;86;0;3;0;1;;;;4;0;3;1;10;;;;14;18
56054;Vallerano;87;0;2;0;1;;;;3;0;1;0;4;;;;5;8
56054;Vallerano;88;0;5;0;1;;;;6;0;2;0;6;;;;8;14
56054;Vallerano;89;0;5;0;0;;;;5;0;0;0;4;;;;4;9
56054;Vallerano;90;0;2;0;2;;;;4;0;0;0;6;;;;6;10
56054;Vallerano;91;0;1;0;2;;;;3;0;0;0;5;;;;5;8
56054;Vallerano;92;0;0;0;0;;;;0;1;0;1;7;;;;9;9
56054;Vallerano;93;0;1;0;0;;;;1;0;0;0;3;;;;3;4
56054;Vallerano;94;0;0;0;0;;;;0;0;0;0;2;;;;2;2
56054;Vallerano;95;0;0;0;1;;;;1;0;0;0;1;;;;1;2
56054;Vallerano;96;0;0;0;1;;;;1;1;0;0;4;;;;5;6
56054;Vallerano;97;0;0;0;1;;;;1;0;0;0;2;;;;2;3
56054;Vallerano;98;0;0;0;1;;;;1;0;0;0;0;;;;0;1
56054;Vallerano;99;0;0;0;1;;;;1;0;0;0;0;;;;0;1
56054;Vallerano;100;0;0;0;0;;;;0;0;0;0;0;;;;0;0
56054;Vallerano;999;531;553;45;40;;;;1169;468;537;34;168;;;;1207;2376
56055;Vasanello;0;4;0;0;0;;;;4;12;0;0;0;;;;12;16
56055;Vasanello;1;11;0;0;0;;;;11;10;0;0;0;;;;10;21
56055;Vasanello;2;16;0;0;0;;;;16;12;0;0;0;;;;12;28
56055;Vasanello;3;21;0;0;0;;;;21;13;0;0;0;;;;13;34
56055;Vasanello;4;19;0;0;0;;;;19;14;0;0;0;;;;14;33
56055;Vasanello;5;14;0;0;0;;;;14;13;0;0;0;;;;13;27
56055;Vasanello;6;20;0;0;0;;;;20;20;0;0;0;;;;20;40
56055;Vasanello;7;14;0;0;0;;;;14;21;0;0;0;;;;21;35
56055;Vasanello;8;20;0;0;0;;;;20;15;0;0;0;;;;15;35
56055;Vasanello;9;12;0;0;0;;;;12;18;0;0;0;;;;18;30
56055;Vasanello;10;20;0;0;0;;;;20;13;0;0;0;;;;13;33
56055;Vasanello;11;14;0;0;0;;;;14;14;0;0;0;;;;14;28
56055;Vasanello;12;14;0;0;0;;;;14;17;0;0;0;;;;17;31
56055;Vasanello;13;18;0;0;0;;;;18;16;0;0;0;;;;16;34
56055;Vasanello;14;17;0;0;0;;;;17;24;0;0;0;;;;24;41
56055;Vasanello;15;18;0;0;0;;;;18;21;0;0;0;;;;21;39
56055;Vasanello;16;15;0;0;0;;;;15;21;0;0;0;;;;21;36
56055;Vasanello;17;21;0;0;0;;;;21;25;0;0;0;;;;25;46
56055;Vasanello;18;20;0;0;0;;;;20;17;0;0;0;;;;17;37
56055;Vasanello;19;15;0;0;0;;;;15;25;0;0;0;;;;25;40
56055;Vasanello;20;21;0;0;0;;;;21;17;0;0;0;;;;17;38
56055;Vasanello;21;19;0;0;0;;;;19;14;1;0;0;;;;15;34
56055;Vasanello;22;19;1;0;0;;;;20;14;0;0;0;;;;14;34
56055;Vasanello;23;16;1;0;0;;;;17;18;0;0;0;;;;18;35
56055;Vasanello;24;20;0;0;0;;;;20;16;1;0;0;;;;17;37
56055;Vasanello;25;14;0;0;0;;;;14;15;1;0;0;;;;16;30
56055;Vasanello;26;22;1;0;0;;;;23;18;2;0;0;;;;20;43
56055;Vasanello;27;18;1;0;0;;;;19;20;1;0;0;;;;21;40
56055;Vasanello;28;16;2;0;0;;;;18;11;2;0;0;;;;13;31
56055;Vasanello;29;17;0;1;0;;;;18;10;2;0;0;;;;12;30
56055;Vasanello;30;24;3;0;0;;;;27;17;9;0;0;;;;26;53
56055;Vasanello;31;19;2;0;0;;;;21;10;4;0;0;;;;14;35
56055;Vasanello;32;16;3;0;0;;;;19;12;4;0;0;;;;16;35
56055;Vasanello;33;17;5;0;0;;;;22;15;7;1;0;;;;23;45
56055;Vasanello;34;13;3;0;0;;;;16;17;9;0;0;;;;26;42
56055;Vasanello;35;14;8;0;0;;;;22;15;8;0;0;;;;23;45
56055;Vasanello;36;16;4;0;0;;;;20;10;8;0;0;;;;18;38
56055;Vasanello;37;21;11;1;0;;;;33;19;10;0;0;;;;29;62
56055;Vasanello;38;14;10;1;0;;;;25;19;11;0;0;;;;30;55
56055;Vasanello;39;17;14;0;0;;;;31;16;20;0;1;;;;37;68
56055;Vasanello;40;6;12;2;0;;;;20;10;22;1;0;;;;33;53
56055;Vasanello;41;14;12;0;0;;;;26;10;15;1;1;;;;27;53
56055;Vasanello;42;11;15;0;0;;;;26;10;15;0;0;;;;25;51
56055;Vasanello;43;13;10;0;0;;;;23;10;21;1;0;;;;32;55
56055;Vasanello;44;13;18;0;1;;;;32;7;17;1;0;;;;25;57
56055;Vasanello;45;10;10;0;0;;;;20;6;19;3;0;;;;28;48
56055;Vasanello;46;10;24;0;0;;;;34;2;25;1;0;;;;28;62
56055;Vasanello;47;12;27;3;1;;;;43;8;18;2;0;;;;28;71
56055;Vasanello;48;13;20;3;0;;;;36;3;23;0;0;;;;26;62
56055;Vasanello;49;12;20;2;0;;;;34;3;27;3;0;;;;33;67
56055;Vasanello;50;10;24;0;1;;;;35;4;29;5;0;;;;38;73
56055;Vasanello;51;3;16;2;0;;;;21;2;24;3;0;;;;29;50
56055;Vasanello;52;7;22;4;0;;;;33;5;19;2;0;;;;26;59
56055;Vasanello;53;7;18;1;0;;;;26;4;21;2;1;;;;28;54
56055;Vasanello;54;10;24;1;0;;;;35;4;29;5;1;;;;39;74
56055;Vasanello;55;2;26;3;0;;;;31;5;16;2;0;;;;23;54
56055;Vasanello;56;3;19;2;0;;;;24;7;18;5;2;;;;32;56
56055;Vasanello;57;4;22;1;1;;;;28;2;20;2;3;;;;27;55
56055;Vasanello;58;5;21;1;0;;;;27;4;15;1;3;;;;23;50
56055;Vasanello;59;1;27;3;1;;;;32;2;23;1;1;;;;27;59
56055;Vasanello;60;7;16;3;0;;;;26;4;27;2;1;;;;34;60
56055;Vasanello;61;6;19;0;0;;;;25;1;18;1;2;;;;22;47
56055;Vasanello;62;4;22;6;1;;;;33;2;20;0;4;;;;26;59
56055;Vasanello;63;2;30;1;2;;;;35;1;24;1;2;;;;28;63
56055;Vasanello;64;3;22;0;0;;;;25;0;34;2;3;;;;39;64
56055;Vasanello;65;5;24;2;0;;;;31;3;27;0;6;;;;36;67
56055;Vasanello;66;7;21;2;0;;;;30;1;29;1;6;;;;37;67
56055;Vasanello;67;3;19;1;0;;;;23;0;15;1;6;;;;22;45
56055;Vasanello;68;2;22;0;1;;;;25;1;24;1;3;;;;29;54
56055;Vasanello;69;1;17;0;0;;;;18;2;22;0;8;;;;32;50
56055;Vasanello;70;7;30;0;3;;;;40;3;23;1;6;;;;33;73
56055;Vasanello;71;2;19;0;1;;;;22;0;12;1;5;;;;18;40
56055;Vasanello;72;3;31;1;3;;;;38;2;21;0;1;;;;24;62
56055;Vasanello;73;4;21;1;0;;;;26;1;14;2;8;;;;25;51
56055;Vasanello;74;3;18;3;1;;;;25;0;23;2;7;;;;32;57
56055;Vasanello;75;1;13;1;3;;;;18;1;10;1;6;;;;18;36
56055;Vasanello;76;6;23;0;2;;;;31;1;13;0;8;;;;22;53
56055;Vasanello;77;2;16;1;5;;;;24;1;17;0;14;;;;32;56
56055;Vasanello;78;1;22;1;2;;;;26;0;15;0;14;;;;29;55
56055;Vasanello;79;1;10;1;2;;;;14;0;11;1;5;;;;17;31
56055;Vasanello;80;0;9;0;1;;;;10;0;4;0;4;;;;8;18
56055;Vasanello;81;0;14;0;1;;;;15;1;0;0;9;;;;10;25
56055;Vasanello;82;0;11;0;2;;;;13;0;5;0;4;;;;9;22
56055;Vasanello;83;0;10;0;1;;;;11;0;3;0;6;;;;9;20
56055;Vasanello;84;0;5;0;2;;;;7;0;6;0;7;;;;13;20
56055;Vasanello;85;1;2;0;2;;;;5;0;2;0;9;;;;11;16
56055;Vasanello;86;1;6;0;2;;;;9;0;4;0;7;;;;11;20
56055;Vasanello;87;0;2;0;3;;;;5;0;2;0;7;;;;9;14
56055;Vasanello;88;0;1;0;0;;;;1;0;1;1;9;;;;11;12
56055;Vasanello;89;0;6;0;0;;;;6;0;1;0;4;;;;5;11
56055;Vasanello;90;1;1;0;1;;;;3;1;1;0;7;;;;9;12
56055;Vasanello;91;0;0;0;0;;;;0;0;0;0;3;;;;3;3
56055;Vasanello;92;0;0;0;2;;;;2;0;0;0;2;;;;2;4
56055;Vasanello;93;0;1;0;2;;;;3;0;0;0;6;;;;6;9
56055;Vasanello;94;0;0;0;0;;;;0;0;0;0;1;;;;1;1
56055;Vasanello;95;0;0;0;0;;;;0;0;0;0;1;;;;1;1
56055;Vasanello;96;0;0;0;1;;;;1;0;0;0;2;;;;2;3
56055;Vasanello;97;0;0;0;0;;;;0;0;1;0;0;;;;1;1
56055;Vasanello;98;0;0;0;0;;;;0;0;0;0;0;;;;0;0
56055;Vasanello;99;0;0;0;0;;;;0;0;0;0;0;;;;0;0
56055;Vasanello;100;0;0;0;0;;;;0;0;1;0;1;;;;2;2
56055;Vasanello;999;915;939;55;51;;;;1960;778;946;60;217;;;;2001;3961
56056;Vejano;0;3;0;0;0;;;;3;4;0;0;0;;;;4;7
56056;Vejano;1;6;0;0;0;;;;6;3;0;0;0;;;;3;9
56056;Vejano;2;4;0;0;0;;;;4;9;0;0;0;;;;9;13
56056;Vejano;3;2;0;0;0;;;;2;8;0;0;0;;;;8;10
56056;Vejano;4;5;0;0;0;;;;5;7;0;0;0;;;;7;12
56056;Vejano;5;11;0;0;0;;;;11;8;0;0;0;;;;8;19
56056;Vejano;6;6;0;0;0;;;;6;5;0;0;0;;;;5;11
56056;Vejano;7;11;0;0;0;;;;11;5;0;0;0;;;;5;16
56056;Vejano;8;4;0;0;0;;;;4;11;0;0;0;;;;11;15
56056;Vejano;9;6;0;0;0;;;;6;11;0;0;0;;;;11;17
56056;Vejano;10;8;0;0;0;;;;8;4;0;0;0;;;;4;12
56056;Vejano;11;11;0;0;0;;;;11;6;0;0;0;;;;6;17
56056;Vejano;12;9;0;0;0;;;;9;8;0;0;0;;;;8;17
56056;Vejano;13;9;0;0;0;;;;9;8;0;0;0;;;;8;17
56056;Vejano;14;12;0;0;0;;;;12;15;0;0;0;;;;15;27
56056;Vejano;15;15;0;0;0;;;;15;11;0;0;0;;;;11;26
56056;Vejano;16;9;0;0;0;;;;9;8;0;0;0;;;;8;17
56056;Vejano;17;13;0;0;0;;;;13;7;0;0;0;;;;7;20
56056;Vejano;18;8;0;0;0;;;;8;8;0;0;0;;;;8;16
56056;Vejano;19;8;0;0;0;;;;8;6;0;0;0;;;;6;14
56056;Vejano;20;7;0;0;0;;;;7;10;0;0;0;;;;10;17
56056;Vejano;21;12;0;0;0;;;;12;11;0;0;0;;;;11;23
56056;Vejano;22;9;0;0;0;;;;9;11;0;0;0;;;;11;20
56056;Vejano;23;5;0;0;0;;;;5;8;0;0;0;;;;8;13
56056;Vejano;24;4;0;0;0;;;;4;7;0;0;0;;;;7;11
56056;Vejano;25;6;0;0;0;;;;6;7;1;0;0;;;;8;14
56056;Vejano;26;13;0;0;0;;;;13;16;0;0;0;;;;16;29
56056;Vejano;27;9;2;0;0;;;;11;13;1;0;0;;;;14;25
56056;Vejano;28;5;1;0;0;;;;6;6;2;0;0;;;;8;14
56056;Vejano;29;11;0;0;0;;;;11;8;2;0;0;;;;10;21
56056;Vejano;30;7;0;0;0;;;;7;7;2;0;0;;;;9;16
56056;Vejano;31;4;1;0;0;;;;5;5;3;0;0;;;;8;13
56056;Vejano;32;17;1;0;0;;;;18;13;0;0;0;;;;13;31
56056;Vejano;33;9;1;0;0;;;;10;8;2;0;0;;;;10;20
56056;Vejano;34;10;3;0;0;;;;13;3;2;0;0;;;;5;18
56056;Vejano;35;14;2;0;0;;;;16;5;1;0;0;;;;6;22
56056;Vejano;36;13;3;0;0;;;;16;5;5;0;0;;;;10;26
56056;Vejano;37;9;7;0;0;;;;16;4;6;1;0;;;;11;27
56056;Vejano;38;5;3;0;0;;;;8;6;5;0;0;;;;11;19
56056;Vejano;39;9;4;0;0;;;;13;8;6;0;0;;;;14;27
56056;Vejano;40;8;5;0;0;;;;13;6;6;2;0;;;;14;27
56056;Vejano;41;7;4;0;0;;;;11;8;8;0;0;;;;16;27
56056;Vejano;42;6;6;0;0;;;;12;6;13;0;0;;;;19;31
56056;Vejano;43;9;7;0;0;;;;16;4;9;0;0;;;;13;29
56056;Vejano;44;8;9;2;0;;;;19;0;2;0;0;;;;2;21
56056;Vejano;45;10;7;1;0;;;;18;8;7;1;0;;;;16;34
56056;Vejano;46;7;6;2;0;;;;15;6;6;2;0;;;;14;29
56056;Vejano;47;7;12;1;0;;;;20;4;10;1;0;;;;15;35
56056;Vejano;48;9;12;0;0;;;;21;0;11;2;0;;;;13;34
56056;Vejano;49;5;8;0;0;;;;13;2;7;0;0;;;;9;22
56056;Vejano;50;8;10;0;0;;;;18;3;17;2;0;;;;22;40
56056;Vejano;51;5;6;1;0;;;;12;6;11;0;2;;;;19;31
56056;Vejano;52;6;10;2;0;;;;18;4;7;1;1;;;;13;31
56056;Vejano;53;7;9;0;0;;;;16;5;18;0;1;;;;24;40
56056;Vejano;54;8;11;0;0;;;;19;2;8;0;0;;;;10;29
56056;Vejano;55;3;8;4;0;;;;15;6;12;4;1;;;;23;38
56056;Vejano;56;4;4;1;1;;;;10;4;12;2;0;;;;18;28
56056;Vejano;57;4;13;0;0;;;;17;2;13;2;1;;;;18;35
56056;Vejano;58;2;21;4;0;;;;27;2;17;2;0;;;;21;48
56056;Vejano;59;6;19;0;0;;;;25;1;11;2;2;;;;16;41
56056;Vejano;60;0;19;2;1;;;;22;1;13;2;1;;;;17;39
56056;Vejano;61;1;10;0;1;;;;12;3;9;1;1;;;;14;26
56056;Vejano;62;2;14;3;2;;;;21;3;13;1;1;;;;18;39
56056;Vejano;63;5;6;2;0;;;;13;0;11;0;2;;;;13;26
56056;Vejano;64;2;9;2;0;;;;13;0;11;1;2;;;;14;27
56056;Vejano;65;2;9;1;2;;;;14;2;18;0;5;;;;25;39
56056;Vejano;66;4;10;4;0;;;;18;1;13;1;0;;;;15;33
56056;Vejano;67;3;12;1;0;;;;16;0;12;2;0;;;;14;30
56056;Vejano;68;2;12;1;1;;;;16;0;12;0;1;;;;13;29
56056;Vejano;69;1;21;1;0;;;;23;0;5;1;3;;;;9;32
56056;Vejano;70;1;17;0;0;;;;18;1;10;2;3;;;;16;34
56056;Vejano;71;2;10;0;1;;;;13;0;14;1;2;;;;17;30
56056;Vejano;72;0;10;1;0;;;;11;0;13;0;5;;;;18;29
56056;Vejano;73;0;8;0;2;;;;10;1;9;0;5;;;;15;25
56056;Vejano;74;0;13;1;1;;;;15;0;6;1;3;;;;10;25
56056;Vejano;75;2;9;1;1;;;;13;0;10;1;8;;;;19;32
56056;Vejano;76;1;11;0;3;;;;15;1;5;0;6;;;;12;27
56056;Vejano;77;2;7;1;1;;;;11;2;11;0;5;;;;18;29
56056;Vejano;78;1;10;1;2;;;;14;1;6;2;2;;;;11;25
56056;Vejano;79;1;3;1;0;;;;5;1;7;0;5;;;;13;18
56056;Vejano;80;1;9;0;1;;;;11;0;10;0;2;;;;12;23
56056;Vejano;81;0;11;1;1;;;;13;0;4;0;6;;;;10;23
56056;Vejano;82;2;5;1;0;;;;8;1;3;1;2;;;;7;15
56056;Vejano;83;0;2;0;1;;;;3;0;0;0;2;;;;2;5
56056;Vejano;84;0;6;0;0;;;;6;0;3;0;11;;;;14;20
56056;Vejano;85;0;5;1;1;;;;7;0;3;0;7;;;;10;17
56056;Vejano;86;1;3;0;2;;;;6;1;3;0;4;;;;8;14
56056;Vejano;87;0;4;0;0;;;;4;1;2;0;3;;;;6;10
56056;Vejano;88;0;4;0;0;;;;4;0;3;0;6;;;;9;13
56056;Vejano;89;2;4;0;0;;;;6;1;2;0;4;;;;7;13
56056;Vejano;90;0;3;0;0;;;;3;0;4;0;4;;;;8;11
56056;Vejano;91;0;0;0;0;;;;0;0;0;0;3;;;;3;3
56056;Vejano;92;0;1;0;1;;;;2;0;1;0;6;;;;7;9
56056;Vejano;93;0;0;0;0;;;;0;0;0;0;3;;;;3;3
56056;Vejano;94;0;1;0;0;;;;1;0;1;0;2;;;;3;4
56056;Vejano;95;0;1;0;1;;;;2;0;1;0;3;;;;4;6
56056;Vejano;96;0;0;0;0;;;;0;0;0;0;1;;;;1;1
56056;Vejano;97;0;0;0;0;;;;0;0;1;0;2;;;;3;3
56056;Vejano;98;0;1;0;0;;;;1;0;0;0;0;;;;0;1
56056;Vejano;99;0;0;0;0;;;;0;0;0;0;0;;;;0;0
56056;Vejano;100;0;0;0;0;;;;0;0;0;0;0;;;;0;0
56056;Vejano;999;505;495;44;27;;;;1071;413;492;41;139;;;;1085;2156
56057;Vetralla;0;27;0;0;0;;;;27;30;0;0;0;;;;30;57
56057;Vetralla;1;53;0;0;0;;;;53;37;0;0;0;;;;37;90
56057;Vetralla;2;38;0;0;0;;;;38;37;0;0;0;;;;37;75
56057;Vetralla;3;35;0;0;0;;;;35;44;0;0;0;;;;44;79
56057;Vetralla;4;53;0;0;0;;;;53;46;0;0;0;;;;46;99
56057;Vetralla;5;48;0;0;0;;;;48;42;0;0;0;;;;42;90
56057;Vetralla;6;63;0;0;0;;;;63;51;0;0;0;;;;51;114
56057;Vetralla;7;54;0;0;0;;;;54;38;0;0;0;;;;38;92
56057;Vetralla;8;54;0;0;0;;;;54;51;0;0;0;;;;51;105
56057;Vetralla;9;56;0;0;0;;;;56;47;0;0;0;;;;47;103
56057;Vetralla;10;52;0;0;0;;;;52;55;0;0;0;;;;55;107
56057;Vetralla;11;58;0;0;0;;;;58;52;0;0;0;;;;52;110
56057;Vetralla;12;79;0;0;0;;;;79;53;0;0;0;;;;53;132
56057;Vetralla;13;60;0;0;0;;;;60;59;0;0;0;;;;59;119
56057;Vetralla;14;74;0;0;0;;;;74;58;0;0;0;;;;58;132
56057;Vetralla;15;62;0;0;0;;;;62;71;0;0;0;;;;71;133
56057;Vetralla;16;71;0;0;0;;;;71;68;0;0;0;;;;68;139
56057;Vetralla;17;58;0;0;0;;;;58;54;0;0;0;;;;54;112
56057;Vetralla;18;61;0;0;0;;;;61;58;0;0;0;;;;58;119
56057;Vetralla;19;58;0;0;0;;;;58;57;0;0;0;;;;57;115
56057;Vetralla;20;65;0;0;0;;;;65;46;0;0;0;;;;46;111
56057;Vetralla;21;63;0;0;0;;;;63;49;1;0;0;;;;50;113
56057;Vetralla;22;56;0;0;0;;;;56;58;0;0;0;;;;58;114
56057;Vetralla;23;66;0;0;0;;;;66;62;0;0;0;;;;62;128
56057;Vetralla;24;72;0;0;0;;;;72;57;3;0;0;;;;60;132
56057;Vetralla;25;54;1;0;0;;;;55;47;0;0;0;;;;47;102
56057;Vetralla;26;71;0;0;0;;;;71;46;4;0;0;;;;50;121
56057;Vetralla;27;57;1;0;0;;;;58;73;8;0;0;;;;81;139
56057;Vetralla;28;70;1;0;0;;;;71;42;10;0;0;;;;52;123
56057;Vetralla;29;75;4;0;0;;;;79;45;6;1;0;;;;52;131
56057;Vetralla;30;54;3;0;0;;;;57;48;9;0;0;;;;57;114
56057;Vetralla;31;69;8;0;0;;;;77;48;20;1;0;;;;69;146
56057;Vetralla;32;59;14;0;0;;;;73;38;13;2;0;;;;53;126
56057;Vetralla;33;53;14;0;0;;;;67;51;28;1;0;;;;80;147
56057;Vetralla;34;54;17;0;0;;;;71;47;22;0;1;;;;70;141
56057;Vetralla;35;49;16;0;0;;;;65;35;27;2;0;;;;64;129
56057;Vetralla;36;44;25;0;0;;;;69;46;37;5;1;;;;89;158
56057;Vetralla;37;58;26;1;0;;;;85;40;32;1;0;;;;73;158
56057;Vetralla;38;47;19;1;0;;;;67;36;42;4;1;;;;83;150
56057;Vetralla;39;54;34;1;0;;;;89;40;49;4;1;;;;94;183
56057;Vetralla;40;53;25;3;0;;;;81;34;37;0;0;;;;71;152
56057;Vetralla;41;44;41;1;0;;;;86;44;41;4;0;;;;89;175
56057;Vetralla;42;44;44;3;0;;;;91;34;49;6;0;;;;89;180
56057;Vetralla;43;42;53;4;0;;;;99;26;57;6;1;;;;90;189
56057;Vetralla;44;47;42;2;1;;;;92;27;55;9;0;;;;91;183
56057;Vetralla;45;42;47;2;0;;;;91;27;52;4;0;;;;83;174
56057;Vetralla;46;37;55;8;0;;;;100;34;56;10;2;;;;102;202
56057;Vetralla;47;40;46;10;0;;;;96;31;66;8;1;;;;106;202
56057;Vetralla;48;48;66;9;0;;;;123;28;66;7;2;;;;103;226
56057;Vetralla;49;44;61;7;0;;;;112;23;62;15;2;;;;102;214
56057;Vetralla;50;29;65;6;0;;;;100;32;69;13;1;;;;115;215
56057;Vetralla;51;30;67;9;0;;;;106;17;63;12;6;;;;98;204
56057;Vetralla;52;23;65;13;2;;;;103;30;76;10;3;;;;119;222
56057;Vetralla;53;19;53;3;3;;;;78;18;74;15;5;;;;112;190
56057;Vetralla;54;23;79;18;1;;;;121;12;86;16;3;;;;117;238
56057;Vetralla;55;21;64;16;1;;;;102;19;62;23;8;;;;112;214
56057;Vetralla;56;19;79;9;1;;;;108;16;87;8;5;;;;116;224
56057;Vetralla;57;27;82;14;0;;;;123;18;84;12;5;;;;119;242
56057;Vetralla;58;22;74;16;1;;;;113;16;81;16;8;;;;121;234
56057;Vetralla;59;18;91;14;2;;;;125;10;73;15;13;;;;111;236
56057;Vetralla;60;18;97;10;2;;;;127;12;86;9;12;;;;119;246
56057;Vetralla;61;11;79;5;1;;;;96;18;78;11;5;;;;112;208
56057;Vetralla;62;18;73;14;4;;;;109;11;73;8;11;;;;103;212
56057;Vetralla;63;8;66;9;3;;;;86;3;82;3;12;;;;100;186
56057;Vetralla;64;6;74;8;2;;;;90;10;65;11;10;;;;96;186
56057;Vetralla;65;11;67;13;2;;;;93;5;74;6;12;;;;97;190
56057;Vetralla;66;11;61;5;2;;;;79;8;59;11;17;;;;95;174
56057;Vetralla;67;10;69;10;3;;;;92;6;67;11;20;;;;104;196
56057;Vetralla;68;10;72;6;2;;;;90;6;68;10;21;;;;105;195
56057;Vetralla;69;6;60;3;5;;;;74;13;54;10;19;;;;96;170
56057;Vetralla;70;9;63;9;5;;;;86;3;64;8;23;;;;98;184
56057;Vetralla;71;9;60;9;1;;;;79;3;51;4;16;;;;74;153
56057;Vetralla;72;2;65;4;7;;;;78;6;63;2;15;;;;86;164
56057;Vetralla;73;7;58;6;1;;;;72;1;56;6;19;;;;82;154
56057;Vetralla;74;3;60;2;1;;;;66;4;53;4;26;;;;87;153
56057;Vetralla;75;6;65;2;6;;;;79;5;32;5;23;;;;65;144
56057;Vetralla;76;6;57;3;9;;;;75;3;48;6;28;;;;85;160
56057;Vetralla;77;2;41;2;12;;;;57;4;39;1;31;;;;75;132
56057;Vetralla;78;3;52;1;8;;;;64;0;32;3;33;;;;68;132
56057;Vetralla;79;1;39;0;1;;;;41;1;28;3;46;;;;78;119
56057;Vetralla;80;5;36;3;10;;;;54;3;25;5;33;;;;66;120
56057;Vetralla;81;4;28;2;7;;;;41;1;28;0;31;;;;60;101
56057;Vetralla;82;2;32;1;3;;;;38;6;19;0;20;;;;45;83
56057;Vetralla;83;1;30;0;3;;;;34;3;21;3;32;;;;59;93
56057;Vetralla;84;3;30;0;11;;;;44;0;11;2;36;;;;49;93
56057;Vetralla;85;1;35;0;6;;;;42;5;11;0;31;;;;47;89
56057;Vetralla;86;2;24;0;5;;;;31;1;7;2;29;;;;39;70
56057;Vetralla;87;0;21;0;6;;;;27;1;6;1;28;;;;36;63
56057;Vetralla;88;2;16;0;1;;;;19;1;2;0;30;;;;33;52
56057;Vetralla;89;0;11;0;4;;;;15;2;5;1;33;;;;41;56
56057;Vetralla;90;2;8;0;6;;;;16;1;4;0;29;;;;34;50
56057;Vetralla;91;0;4;0;7;;;;11;1;1;0;10;;;;12;23
56057;Vetralla;92;0;2;0;2;;;;4;2;1;0;15;;;;18;22
56057;Vetralla;93;1;2;0;4;;;;7;0;0;0;15;;;;15;22
56057;Vetralla;94;0;2;0;4;;;;6;0;0;1;11;;;;12;18
56057;Vetralla;95;0;2;0;1;;;;3;0;1;0;10;;;;11;14
56057;Vetralla;96;1;1;0;2;;;;4;0;0;0;6;;;;6;10
56057;Vetralla;97;0;0;0;0;;;;0;0;1;0;5;;;;6;6
56057;Vetralla;98;0;0;0;0;;;;0;1;0;0;3;;;;4;4
56057;Vetralla;99;0;0;0;0;;;;0;0;0;0;2;;;;2;2
56057;Vetralla;100;0;0;0;1;;;;1;1;0;0;3;;;;4;5
56057;Vetralla;999;3157;2944;297;172;;;;6570;2609;2922;377;880;;;;6788;13358
56058;Vignanello;0;9;0;0;0;;;;9;12;0;0;0;;;;12;21
56058;Vignanello;1;9;0;0;0;;;;9;5;0;0;0;;;;5;14
56058;Vignanello;2;8;0;0;0;;;;8;11;0;0;0;;;;11;19
56058;Vignanello;3;12;0;0;0;;;;12;10;0;0;0;;;;10;22
56058;Vignanello;4;9;0;0;0;;;;9;9;0;0;0;;;;9;18
56058;Vignanello;5;8;0;0;0;;;;8;17;0;0;0;;;;17;25
56058;Vignanello;6;21;0;0;0;;;;21;17;0;0;0;;;;17;38
56058;Vignanello;7;18;0;0;0;;;;18;20;0;0;0;;;;20;38
56058;Vignanello;8;17;0;0;0;;;;17;24;0;0;0;;;;24;41
56058;Vignanello;9;16;0;0;0;;;;16;10;0;0;0;;;;10;26
56058;Vignanello;10;13;0;0;0;;;;13;17;0;0;0;;;;17;30
56058;Vignanello;11;20;0;0;0;;;;20;13;0;0;0;;;;13;33
56058;Vignanello;12;15;0;0;0;;;;15;17;0;0;0;;;;17;32
56058;Vignanello;13;26;0;0;0;;;;26;14;0;0;0;;;;14;40
56058;Vignanello;14;29;0;0;0;;;;29;25;0;0;0;;;;25;54
56058;Vignanello;15;20;0;0;0;;;;20;18;0;0;0;;;;18;38
56058;Vignanello;16;31;0;0;0;;;;31;19;0;0;0;;;;19;50
56058;Vignanello;17;16;0;0;0;;;;16;22;0;0;0;;;;22;38
56058;Vignanello;18;25;0;0;0;;;;25;28;0;0;0;;;;28;53
56058;Vignanello;19;18;0;0;0;;;;18;14;0;0;0;;;;14;32
56058;Vignanello;20;22;0;0;0;;;;22;14;0;0;0;;;;14;36
56058;Vignanello;21;20;0;0;0;;;;20;21;1;0;0;;;;22;42
56058;Vignanello;22;24;0;0;0;;;;24;18;0;0;0;;;;18;42
56058;Vignanello;23;17;0;0;0;;;;17;11;0;0;0;;;;11;28
56058;Vignanello;24;23;0;0;0;;;;23;15;0;0;0;;;;15;38
56058;Vignanello;25;15;0;0;0;;;;15;19;1;0;0;;;;20;35
56058;Vignanello;26;20;0;0;0;;;;20;20;0;0;0;;;;20;40
56058;Vignanello;27;30;0;0;0;;;;30;15;2;0;0;;;;17;47
56058;Vignanello;28;13;0;0;0;;;;13;16;1;0;0;;;;17;30
56058;Vignanello;29;17;0;0;0;;;;17;13;1;0;0;;;;14;31
56058;Vignanello;30;14;1;0;0;;;;15;19;1;0;0;;;;20;35
56058;Vignanello;31;17;1;0;0;;;;18;17;4;0;0;;;;21;39
56058;Vignanello;32;16;3;0;0;;;;19;10;4;0;0;;;;14;33
56058;Vignanello;33;16;2;0;0;;;;18;7;0;0;0;;;;7;25
56058;Vignanello;34;14;3;0;0;;;;17;15;6;0;0;;;;21;38
56058;Vignanello;35;18;4;0;0;;;;22;18;8;0;0;;;;26;48
56058;Vignanello;36;19;5;0;0;;;;24;7;12;0;0;;;;19;43
56058;Vignanello;37;16;9;1;0;;;;26;14;9;0;1;;;;24;50
56058;Vignanello;38;14;4;0;0;;;;18;12;9;0;0;;;;21;39
56058;Vignanello;39;18;6;0;0;;;;24;11;7;0;0;;;;18;42
56058;Vignanello;40;18;11;0;0;;;;29;14;21;0;0;;;;35;64
56058;Vignanello;41;10;5;1;0;;;;16;12;14;0;1;;;;27;43
56058;Vignanello;42;20;9;1;0;;;;30;8;15;1;1;;;;25;55
56058;Vignanello;43;11;13;1;0;;;;25;13;17;0;0;;;;30;55
56058;Vignanello;44;7;14;0;0;;;;21;10;13;0;0;;;;23;44
56058;Vignanello;45;21;16;0;0;;;;37;16;20;1;0;;;;37;74
56058;Vignanello;46;9;17;2;0;;;;28;8;37;0;0;;;;45;73
56058;Vignanello;47;8;16;1;0;;;;25;5;19;3;0;;;;27;52
56058;Vignanello;48;11;18;0;0;;;;29;3;20;4;2;;;;29;58
56058;Vignanello;49;16;25;2;0;;;;43;11;23;2;2;;;;38;81
56058;Vignanello;50;14;16;1;0;;;;31;3;30;1;2;;;;36;67
56058;Vignanello;51;10;24;2;0;;;;36;9;24;3;3;;;;39;75
56058;Vignanello;52;4;33;2;0;;;;39;5;24;4;0;;;;33;72
56058;Vignanello;53;16;33;3;0;;;;52;5;26;2;2;;;;35;87
56058;Vignanello;54;15;23;2;0;;;;40;14;29;3;2;;;;48;88
56058;Vignanello;55;6;26;1;1;;;;34;11;17;3;0;;;;31;65
56058;Vignanello;56;3;24;8;1;;;;36;4;18;5;1;;;;28;64
56058;Vignanello;57;9;18;3;0;;;;30;4;22;4;2;;;;32;62
56058;Vignanello;58;9;28;6;0;;;;43;7;28;2;0;;;;37;80
56058;Vignanello;59;10;29;1;1;;;;41;6;25;2;4;;;;37;78
56058;Vignanello;60;7;24;3;0;;;;34;8;25;3;3;;;;39;73
56058;Vignanello;61;7;21;3;1;;;;32;8;17;2;2;;;;29;61
56058;Vignanello;62;3;21;1;0;;;;25;1;21;1;3;;;;26;51
56058;Vignanello;63;7;25;4;2;;;;38;0;21;2;3;;;;26;64
56058;Vignanello;64;5;25;0;1;;;;31;1;26;0;2;;;;29;60
56058;Vignanello;65;5;22;3;0;;;;30;3;21;2;4;;;;30;60
56058;Vignanello;66;1;18;2;0;;;;21;4;22;2;3;;;;31;52
56058;Vignanello;67;3;26;2;2;;;;33;4;25;2;1;;;;32;65
56058;Vignanello;68;1;20;1;1;;;;23;4;20;6;5;;;;35;58
56058;Vignanello;69;5;25;4;2;;;;36;3;22;0;7;;;;32;68
56058;Vignanello;70;2;26;3;2;;;;33;2;18;3;4;;;;27;60
56058;Vignanello;71;5;19;5;0;;;;29;1;16;4;14;;;;35;64
56058;Vignanello;72;1;20;1;1;;;;23;3;13;1;7;;;;24;47
56058;Vignanello;73;5;24;0;3;;;;32;0;16;3;11;;;;30;62
56058;Vignanello;74;3;16;0;5;;;;24;2;14;1;13;;;;30;54
56058;Vignanello;75;4;19;3;5;;;;31;2;13;0;11;;;;26;57
56058;Vignanello;76;5;23;1;1;;;;30;1;12;1;15;;;;29;59
56058;Vignanello;77;2;17;1;1;;;;21;1;19;2;10;;;;32;53
56058;Vignanello;78;2;28;1;3;;;;34;2;11;0;13;;;;26;60
56058;Vignanello;79;2;12;0;3;;;;17;1;7;0;12;;;;20;37
56058;Vignanello;80;2;7;0;4;;;;13;0;5;0;11;;;;16;29
56058;Vignanello;81;2;12;0;4;;;;18;1;6;1;12;;;;20;38
56058;Vignanello;82;0;10;0;2;;;;12;0;9;0;9;;;;18;30
56058;Vignanello;83;0;7;0;1;;;;8;2;4;0;8;;;;14;22
56058;Vignanello;84;2;12;0;3;;;;17;0;5;1;11;;;;17;34
56058;Vignanello;85;1;12;2;3;;;;18;0;4;1;12;;;;17;35
56058;Vignanello;86;0;1;1;3;;;;5;0;2;0;13;;;;15;20
56058;Vignanello;87;0;9;0;6;;;;15;2;2;0;5;;;;9;24
56058;Vignanello;88;1;1;0;2;;;;4;1;0;0;11;;;;12;16
56058;Vignanello;89;2;2;0;4;;;;8;2;0;0;7;;;;9;17
56058;Vignanello;90;0;1;0;1;;;;2;0;1;0;5;;;;6;8
56058;Vignanello;91;1;1;0;0;;;;2;0;0;0;7;;;;7;9
56058;Vignanello;92;0;1;0;2;;;;3;1;1;0;5;;;;7;10
56058;Vignanello;93;0;1;0;2;;;;3;1;1;0;3;;;;5;8
56058;Vignanello;94;0;1;0;0;;;;1;0;0;0;7;;;;7;8
56058;Vignanello;95;0;1;0;2;;;;3;0;0;0;6;;;;6;9
56058;Vignanello;96;0;0;0;0;;;;0;0;0;0;4;;;;4;4
56058;Vignanello;97;0;1;0;1;;;;2;0;0;0;1;;;;1;3
56058;Vignanello;98;0;0;0;1;;;;1;0;0;0;1;;;;1;2
56058;Vignanello;99;0;0;0;1;;;;1;0;0;0;0;;;;0;1
56058;Vignanello;100;0;0;0;0;;;;0;0;0;0;0;;;;0;0
56058;Vignanello;999;1016;947;79;78;;;;2120;843;907;78;304;;;;2132;4252
56046;Villa San Giovanni in Tuscia;0;2;0;0;0;;;;2;1;0;0;0;;;;1;3
56046;Villa San Giovanni in Tuscia;1;6;0;0;0;;;;6;3;0;0;0;;;;3;9
56046;Villa San Giovanni in Tuscia;2;2;0;0;0;;;;2;3;0;0;0;;;;3;5
56046;Villa San Giovanni in Tuscia;3;6;0;0;0;;;;6;4;0;0;0;;;;4;10
56046;Villa San Giovanni in Tuscia;4;4;0;0;0;;;;4;0;0;0;0;;;;0;4
56046;Villa San Giovanni in Tuscia;5;6;0;0;0;;;;6;1;0;0;0;;;;1;7
56046;Villa San Giovanni in Tuscia;6;2;0;0;0;;;;2;0;0;0;0;;;;0;2
56046;Villa San Giovanni in Tuscia;7;4;0;0;0;;;;4;4;0;0;0;;;;4;8
56046;Villa San Giovanni in Tuscia;8;0;0;0;0;;;;0;7;0;0;0;;;;7;7
56046;Villa San Giovanni in Tuscia;9;5;0;0;0;;;;5;3;0;0;0;;;;3;8
56046;Villa San Giovanni in Tuscia;10;6;0;0;0;;;;6;5;0;0;0;;;;5;11
56046;Villa San Giovanni in Tuscia;11;5;0;0;0;;;;5;3;0;0;0;;;;3;8
56046;Villa San Giovanni in Tuscia;12;7;0;0;0;;;;7;5;0;0;0;;;;5;12
56046;Villa San Giovanni in Tuscia;13;3;0;0;0;;;;3;6;0;0;0;;;;6;9
56046;Villa San Giovanni in Tuscia;14;9;0;0;0;;;;9;6;0;0;0;;;;6;15
56046;Villa San Giovanni in Tuscia;15;3;0;0;0;;;;3;5;0;0;0;;;;5;8
56046;Villa San Giovanni in Tuscia;16;4;0;0;0;;;;4;7;0;0;0;;;;7;11
56046;Villa San Giovanni in Tuscia;17;6;0;0;0;;;;6;4;0;0;0;;;;4;10
56046;Villa San Giovanni in Tuscia;18;8;0;0;0;;;;8;4;0;0;0;;;;4;12
56046;Villa San Giovanni in Tuscia;19;7;0;0;0;;;;7;7;0;0;0;;;;7;14
56046;Villa San Giovanni in Tuscia;20;5;0;0;0;;;;5;5;0;0;0;;;;5;10
56046;Villa San Giovanni in Tuscia;21;5;0;0;0;;;;5;7;0;0;0;;;;7;12
56046;Villa San Giovanni in Tuscia;22;5;0;0;0;;;;5;6;0;0;0;;;;6;11
56046;Villa San Giovanni in Tuscia;23;5;0;0;0;;;;5;7;0;0;0;;;;7;12
56046;Villa San Giovanni in Tuscia;24;6;0;0;0;;;;6;5;0;0;0;;;;5;11
56046;Villa San Giovanni in Tuscia;25;5;0;0;0;;;;5;4;0;0;0;;;;4;9
56046;Villa San Giovanni in Tuscia;26;6;0;0;0;;;;6;5;0;0;0;;;;5;11
56046;Villa San Giovanni in Tuscia;27;2;0;0;0;;;;2;3;0;0;0;;;;3;5
56046;Villa San Giovanni in Tuscia;28;7;0;0;0;;;;7;1;1;0;0;;;;2;9
56046;Villa San Giovanni in Tuscia;29;5;0;0;0;;;;5;8;0;0;0;;;;8;13
56046;Villa San Giovanni in Tuscia;30;5;0;0;0;;;;5;5;0;0;0;;;;5;10
56046;Villa San Giovanni in Tuscia;31;4;0;0;0;;;;4;3;1;0;0;;;;4;8
56046;Villa San Giovanni in Tuscia;32;8;0;0;0;;;;8;4;0;0;0;;;;4;12
56046;Villa San Giovanni in Tuscia;33;10;2;0;0;;;;12;4;2;0;0;;;;6;18
56046;Villa San Giovanni in Tuscia;34;5;1;0;0;;;;6;4;3;0;0;;;;7;13
56046;Villa San Giovanni in Tuscia;35;0;0;0;0;;;;0;2;8;0;0;;;;10;10
56046;Villa San Giovanni in Tuscia;36;4;1;0;0;;;;5;4;1;1;0;;;;6;11
56046;Villa San Giovanni in Tuscia;37;2;3;0;0;;;;5;2;2;0;0;;;;4;9
56046;Villa San Giovanni in Tuscia;38;3;2;0;0;;;;5;4;3;0;0;;;;7;12
56046;Villa San Giovanni in Tuscia;39;4;2;1;0;;;;7;1;8;0;0;;;;9;16
56046;Villa San Giovanni in Tuscia;40;8;2;0;0;;;;10;1;3;0;0;;;;4;14
56046;Villa San Giovanni in Tuscia;41;1;6;0;0;;;;7;2;6;0;0;;;;8;15
56046;Villa San Giovanni in Tuscia;42;5;5;0;0;;;;10;6;1;1;0;;;;8;18
56046;Villa San Giovanni in Tuscia;43;3;4;0;0;;;;7;2;7;1;1;;;;11;18
56046;Villa San Giovanni in Tuscia;44;2;2;0;0;;;;4;3;4;1;0;;;;8;12
56046;Villa San Giovanni in Tuscia;45;1;6;2;0;;;;9;2;5;0;0;;;;7;16
56046;Villa San Giovanni in Tuscia;46;5;4;1;0;;;;10;2;8;0;0;;;;10;20
56046;Villa San Giovanni in Tuscia;47;0;3;1;0;;;;4;4;8;0;0;;;;12;16
56046;Villa San Giovanni in Tuscia;48;0;7;0;0;;;;7;0;6;0;0;;;;6;13
56046;Villa San Giovanni in Tuscia;49;3;6;1;0;;;;10;0;6;0;0;;;;6;16
56046;Villa San Giovanni in Tuscia;50;5;6;0;0;;;;11;2;5;0;0;;;;7;18
56046;Villa San Giovanni in Tuscia;51;5;8;1;0;;;;14;4;6;1;0;;;;11;25
56046;Villa San Giovanni in Tuscia;52;1;2;0;0;;;;3;2;3;2;0;;;;7;10
56046;Villa San Giovanni in Tuscia;53;4;6;1;0;;;;11;2;8;1;0;;;;11;22
56046;Villa San Giovanni in Tuscia;54;0;5;1;0;;;;6;2;10;0;0;;;;12;18
56046;Villa San Giovanni in Tuscia;55;4;8;0;0;;;;12;1;3;2;0;;;;6;18
56046;Villa San Giovanni in Tuscia;56;4;2;2;0;;;;8;2;5;1;0;;;;8;16
56046;Villa San Giovanni in Tuscia;57;1;8;1;0;;;;10;2;7;3;0;;;;12;22
56046;Villa San Giovanni in Tuscia;58;1;8;1;0;;;;10;1;6;1;1;;;;9;19
56046;Villa San Giovanni in Tuscia;59;1;10;1;0;;;;12;1;12;0;1;;;;14;26
56046;Villa San Giovanni in Tuscia;60;5;14;1;0;;;;20;1;3;1;0;;;;5;25
56046;Villa San Giovanni in Tuscia;61;1;6;3;0;;;;10;2;11;2;0;;;;15;25
56046;Villa San Giovanni in Tuscia;62;1;7;0;1;;;;9;3;5;1;1;;;;10;19
56046;Villa San Giovanni in Tuscia;63;0;10;3;0;;;;13;1;11;0;1;;;;13;26
56046;Villa San Giovanni in Tuscia;64;1;4;0;0;;;;5;3;6;0;0;;;;9;14
56046;Villa San Giovanni in Tuscia;65;3;8;0;0;;;;11;0;6;0;1;;;;7;18
56046;Villa San Giovanni in Tuscia;66;1;5;1;1;;;;8;1;7;0;3;;;;11;19
56046;Villa San Giovanni in Tuscia;67;0;5;4;1;;;;10;0;7;2;2;;;;11;21
56046;Villa San Giovanni in Tuscia;68;1;6;0;0;;;;7;0;5;2;1;;;;8;15
56046;Villa San Giovanni in Tuscia;69;0;5;0;1;;;;6;2;4;1;1;;;;8;14
56046;Villa San Giovanni in Tuscia;70;0;8;1;0;;;;9;2;8;0;2;;;;12;21
56046;Villa San Giovanni in Tuscia;71;1;10;1;0;;;;12;0;4;0;4;;;;8;20
56046;Villa San Giovanni in Tuscia;72;2;6;0;0;;;;8;0;7;0;1;;;;8;16
56046;Villa San Giovanni in Tuscia;73;0;8;1;0;;;;9;0;3;0;0;;;;3;12
56046;Villa San Giovanni in Tuscia;74;0;6;1;0;;;;7;0;5;3;1;;;;9;16
56046;Villa San Giovanni in Tuscia;75;1;6;2;0;;;;9;2;4;1;2;;;;9;18
56046;Villa San Giovanni in Tuscia;76;0;4;3;0;;;;7;0;3;0;2;;;;5;12
56046;Villa San Giovanni in Tuscia;77;0;5;0;1;;;;6;1;7;0;2;;;;10;16
56046;Villa San Giovanni in Tuscia;78;1;2;1;2;;;;6;1;9;1;3;;;;14;20
56046;Villa San Giovanni in Tuscia;79;0;5;0;0;;;;5;0;3;0;1;;;;4;9
56046;Villa San Giovanni in Tuscia;80;0;1;1;2;;;;4;0;0;0;3;;;;3;7
56046;Villa San Giovanni in Tuscia;81;1;6;0;0;;;;7;0;1;0;3;;;;4;11
56046;Villa San Giovanni in Tuscia;82;0;5;0;0;;;;5;1;2;0;1;;;;4;9
56046;Villa San Giovanni in Tuscia;83;0;4;0;2;;;;6;0;3;0;2;;;;5;11
56046;Villa San Giovanni in Tuscia;84;1;4;0;0;;;;5;0;1;0;2;;;;3;8
56046;Villa San Giovanni in Tuscia;85;0;5;1;0;;;;6;1;1;0;2;;;;4;10
56046;Villa San Giovanni in Tuscia;86;1;5;0;1;;;;7;0;1;0;4;;;;5;12
56046;Villa San Giovanni in Tuscia;87;0;1;0;0;;;;1;0;1;0;2;;;;3;4
56046;Villa San Giovanni in Tuscia;88;0;3;0;1;;;;4;0;0;0;3;;;;3;7
56046;Villa San Giovanni in Tuscia;89;0;2;0;1;;;;3;0;1;0;2;;;;3;6
56046;Villa San Giovanni in Tuscia;90;1;3;0;0;;;;4;0;1;0;2;;;;3;7
56046;Villa San Giovanni in Tuscia;91;0;1;0;1;;;;2;0;2;0;1;;;;3;5
56046;Villa San Giovanni in Tuscia;92;0;0;0;0;;;;0;0;0;0;6;;;;6;6
56046;Villa San Giovanni in Tuscia;93;0;0;0;0;;;;0;0;0;0;2;;;;2;2
56046;Villa San Giovanni in Tuscia;94;0;1;0;0;;;;1;0;0;0;2;;;;2;3
56046;Villa San Giovanni in Tuscia;95;0;0;0;0;;;;0;0;0;0;6;;;;6;6
56046;Villa San Giovanni in Tuscia;96;0;0;0;0;;;;0;0;0;0;0;;;;0;0
56046;Villa San Giovanni in Tuscia;97;0;0;0;0;;;;0;0;0;0;0;;;;0;0
56046;Villa San Giovanni in Tuscia;98;0;0;0;0;;;;0;0;0;0;0;;;;0;0
56046;Villa San Giovanni in Tuscia;99;0;0;0;0;;;;0;0;0;0;0;;;;0;0
56046;Villa San Giovanni in Tuscia;100;0;0;0;0;;;;0;0;0;0;0;;;;0;0
56046;Villa San Giovanni in Tuscia;999;267;290;38;15;;;;610;224;280;29;74;;;;607;1217
56059;Viterbo;0;180;0;0;0;0;0;0;180;185;0;0;0;0;0;0;185;365
56059;Viterbo;1;189;0;0;0;0;0;0;189;203;0;0;0;0;0;0;203;392
56059;Viterbo;2;198;0;0;0;0;0;0;198;207;0;0;0;0;0;0;207;405
56059;Viterbo;3;223;0;0;0;0;0;0;223;218;0;0;0;0;0;0;218;441
56059;Viterbo;4;195;0;0;0;0;0;0;195;230;0;0;0;0;0;0;230;425
56059;Viterbo;5;231;0;0;0;0;0;0;231;204;0;0;0;0;0;0;204;435
56059;Viterbo;6;251;0;0;0;0;0;0;251;248;0;0;0;0;0;0;248;499
56059;Viterbo;7;283;0;0;0;0;0;0;283;240;0;0;0;0;0;0;240;523
56059;Viterbo;8;270;0;0;0;0;0;0;270;274;0;0;0;0;0;0;274;544
56059;Viterbo;9;271;0;0;0;0;0;0;271;286;0;0;0;0;0;0;286;557
56059;Viterbo;10;302;0;0;0;0;0;0;302;295;0;0;0;0;0;0;295;597
56059;Viterbo;11;289;0;0;0;0;0;0;289;281;0;0;0;0;0;0;281;570
56059;Viterbo;12;295;0;0;0;0;0;0;295;297;0;0;0;0;0;0;297;592
56059;Viterbo;13;338;0;0;0;0;0;0;338;280;0;0;0;0;0;0;280;618
56059;Viterbo;14;332;0;0;0;0;0;0;332;304;0;0;0;0;0;0;304;636
56059;Viterbo;15;307;0;0;0;0;0;0;307;299;0;0;0;0;0;0;299;606
56059;Viterbo;16;319;0;0;0;0;0;0;319;300;0;0;0;0;0;0;300;619
56059;Viterbo;17;337;0;0;0;0;0;0;337;297;0;0;0;0;0;0;297;634
56059;Viterbo;18;323;0;0;0;0;0;0;323;333;0;0;0;0;0;0;333;656
56059;Viterbo;19;295;0;0;0;0;0;0;295;313;0;0;0;1;0;0;314;609
56059;Viterbo;20;335;0;0;0;0;0;0;335;286;1;0;0;0;0;0;287;622
56059;Viterbo;21;338;0;0;0;0;0;0;338;284;0;0;0;0;0;0;284;622
56059;Viterbo;22;303;2;0;0;0;0;0;305;312;3;0;0;0;0;0;315;620
56059;Viterbo;23;355;2;1;0;0;0;0;358;293;6;0;0;0;0;0;299;657
56059;Viterbo;24;360;2;0;0;0;0;0;362;292;8;0;0;0;0;0;300;662
56059;Viterbo;25;367;6;0;0;0;0;0;373;294;21;0;0;0;0;0;315;688
56059;Viterbo;26;364;6;1;0;1;0;0;372;274;8;0;0;0;0;0;282;654
56059;Viterbo;27;353;10;0;0;0;0;0;363;273;27;2;0;0;0;0;302;665
56059;Viterbo;28;366;19;1;0;0;0;0;386;268;39;0;0;0;0;0;307;693
56059;Viterbo;29;354;28;1;0;0;0;0;383;287;38;1;0;0;0;0;326;709
56059;Viterbo;30;328;40;3;0;0;0;0;371;254;65;5;0;0;0;0;324;695
56059;Viterbo;31;321;37;2;0;1;0;0;361;229;68;1;0;0;0;0;298;659
56059;Viterbo;32;319;65;1;0;0;0;0;385;231;104;6;1;0;0;0;342;727
56059;Viterbo;33;322;67;2;0;0;0;0;391;212;98;3;1;2;0;0;316;707
56059;Viterbo;34;344;94;0;0;1;0;0;439;238;136;6;0;0;0;0;380;819
56059;Viterbo;35;280;117;4;0;1;0;0;402;201;131;10;0;0;0;0;342;744
56059;Viterbo;36;269;136;7;0;1;0;0;413;208;176;10;0;2;0;0;396;809
56059;Viterbo;37;264;140;7;0;2;0;0;413;186;164;14;0;1;0;0;365;778
56059;Viterbo;38;246;143;11;0;2;0;0;402;184;187;20;3;0;0;0;394;796
56059;Viterbo;39;229;155;10;0;1;0;0;395;171;214;18;1;1;0;0;405;800
56059;Viterbo;40;218;193;11;1;1;0;0;424;180;208;17;3;0;0;0;408;832
56059;Viterbo;41;221;199;13;0;1;0;0;434;165;234;23;4;2;0;0;428;862
56059;Viterbo;42;203;210;10;0;2;0;0;425;188;271;30;4;0;1;0;494;919
56059;Viterbo;43;194;239;15;0;0;0;0;448;155;278;27;5;1;0;0;466;914
56059;Viterbo;44;189;231;12;0;1;0;0;433;155;268;20;4;0;0;0;447;880
56059;Viterbo;45;216;255;31;2;0;0;0;504;136;265;30;6;0;0;0;437;941
56059;Viterbo;46;180;300;26;0;1;0;0;507;154;288;48;7;0;0;0;497;1004
56059;Viterbo;47;171;280;28;3;1;0;0;483;125;300;40;8;3;0;0;476;959
56059;Viterbo;48;156;286;31;2;2;0;0;477;137;333;59;6;0;0;0;535;1012
56059;Viterbo;49;185;323;32;4;2;0;0;546;132;349;66;7;0;0;0;554;1100
56059;Viterbo;50;174;340;39;0;1;0;0;554;135;368;65;12;0;0;0;580;1134
56059;Viterbo;51;156;324;48;2;1;0;0;531;124;398;66;8;0;0;0;596;1127
56059;Viterbo;52;133;338;45;5;2;0;0;523;111;353;65;19;0;0;0;548;1071
56059;Viterbo;53;119;311;58;3;3;0;0;494;83;352;67;13;0;0;0;515;1009
56059;Viterbo;54;141;314;52;6;0;0;0;513;84;374;63;13;2;0;0;536;1049
56059;Viterbo;55;109;367;59;8;1;0;0;544;97;387;62;20;0;0;0;566;1110
56059;Viterbo;56;115;424;41;5;3;0;0;588;62;415;76;23;0;0;0;576;1164
56059;Viterbo;57;108;346;58;1;1;0;0;514;87;386;82;34;0;0;0;589;1103
56059;Viterbo;58;115;398;60;10;0;0;0;583;69;385;75;29;0;0;0;558;1141
56059;Viterbo;59;96;383;56;9;1;0;0;545;62;389;72;42;0;0;0;565;1110
56059;Viterbo;60;84;364;53;5;0;0;0;506;73;369;75;40;0;0;0;557;1063
56059;Viterbo;61;70;355;60;15;0;0;0;500;47;361;63;33;0;0;0;504;1004
56059;Viterbo;62;58;352;49;11;1;0;0;471;50;316;76;43;1;0;0;486;957
56059;Viterbo;63;50;310;43;11;0;0;0;414;42;322;50;35;0;0;0;449;863
56059;Viterbo;64;47;321;33;16;2;0;0;419;48;338;52;47;0;0;0;485;904
56059;Viterbo;65;44;334;30;10;1;0;0;419;44;297;54;59;1;0;0;455;874
56059;Viterbo;66;36;299;28;17;0;0;0;380;34;301;47;66;0;0;0;448;828
56059;Viterbo;67;29;295;38;13;0;0;0;375;39;284;45;60;0;0;0;428;803
56059;Viterbo;68;27;280;32;21;0;0;0;360;26;291;40;71;0;0;0;428;788
56059;Viterbo;69;33;311;39;21;0;0;0;404;30;296;42;84;0;0;0;452;856
56059;Viterbo;70;33;276;19;16;0;0;0;344;21;273;41;63;0;0;0;398;742
56059;Viterbo;71;25;291;21;20;2;0;0;359;30;269;24;93;0;0;0;416;775
56059;Viterbo;72;17;268;17;21;0;0;0;323;20;248;35;85;1;0;0;389;712
56059;Viterbo;73;19;252;34;20;0;0;0;325;19;245;29;107;0;0;0;400;725
56059;Viterbo;74;15;282;20;22;0;0;0;339;15;238;24;105;0;0;0;382;721
56059;Viterbo;75;18;285;17;24;0;0;0;344;16;237;30;147;0;0;0;430;774
56059;Viterbo;76;16;259;8;33;0;0;0;316;19;236;23;134;0;0;0;412;728
56059;Viterbo;77;22;282;12;37;0;0;0;353;18;213;18;122;0;0;0;371;724
56059;Viterbo;78;15;218;6;30;0;0;0;269;14;216;18;159;0;0;0;407;676
56059;Viterbo;79;10;190;8;17;0;0;0;225;25;135;6;149;0;0;0;315;540
56059;Viterbo;80;10;171;8;34;0;0;0;223;15;136;8;150;0;0;0;309;532
56059;Viterbo;81;14;174;7;32;0;0;0;227;14;116;19;155;0;0;0;304;531
56059;Viterbo;82;11;134;6;35;0;0;0;186;12;98;8;141;0;0;0;259;445
56059;Viterbo;83;8;143;8;27;0;0;0;186;7;101;12;154;0;0;0;274;460
56059;Viterbo;84;2;144;5;31;0;0;0;182;21;69;10;186;0;0;0;286;468
56059;Viterbo;85;3;133;2;50;0;0;0;188;12;59;3;181;0;0;0;255;443
56059;Viterbo;86;7;102;7;32;0;0;0;148;13;56;5;176;0;0;0;250;398
56059;Viterbo;87;6;88;5;32;0;0;0;131;9;48;6;153;0;0;0;216;347
56059;Viterbo;88;2;83;1;25;0;0;0;111;10;34;3;132;0;0;0;179;290
56059;Viterbo;89;1;53;0;28;0;0;0;82;6;22;3;129;0;0;0;160;242
56059;Viterbo;90;2;46;0;34;0;0;0;82;3;11;2;114;0;0;0;130;212
56059;Viterbo;91;2;39;0;22;0;0;0;63;3;8;2;98;0;0;0;111;174
56059;Viterbo;92;1;25;2;17;0;0;0;45;9;9;3;78;0;0;0;99;144
56059;Viterbo;93;2;15;0;18;0;0;0;35;3;5;2;52;0;0;0;62;97
56059;Viterbo;94;1;11;0;13;0;0;0;25;3;3;0;71;0;0;0;77;102
56059;Viterbo;95;0;8;0;12;0;0;0;20;3;2;2;36;0;0;0;43;63
56059;Viterbo;96;0;0;0;5;0;0;0;5;2;1;0;26;0;0;0;29;34
56059;Viterbo;97;0;1;0;3;0;0;0;4;0;0;0;15;0;0;0;15;19
56059;Viterbo;98;0;3;0;0;0;0;0;3;0;0;0;13;0;0;0;13;16
56059;Viterbo;99;0;0;0;0;0;0;0;0;1;0;0;8;0;0;0;9;9
56059;Viterbo;100;0;2;0;1;0;0;0;3;3;0;0;14;0;0;0;17;20
56059;Viterbo;999;15784;14329;1394;892;40;0;0;32439;13491;14358;2029;4057;18;1;0;33954;66393
56060;Vitorchiano;0;21;0;0;0;;;;21;16;0;0;0;;;;16;37
56060;Vitorchiano;1;15;0;0;0;;;;15;21;0;0;0;;;;21;36
56060;Vitorchiano;2;16;0;0;0;;;;16;18;0;0;0;;;;18;34
56060;Vitorchiano;3;18;0;0;0;;;;18;12;0;0;0;;;;12;30
56060;Vitorchiano;4;20;0;0;0;;;;20;19;0;0;0;;;;19;39
56060;Vitorchiano;5;24;0;0;0;;;;24;16;0;0;0;;;;16;40
56060;Vitorchiano;6;24;0;0;0;;;;24;22;0;0;0;;;;22;46
56060;Vitorchiano;7;25;0;0;0;;;;25;32;0;0;0;;;;32;57
56060;Vitorchiano;8;32;0;0;0;;;;32;19;0;0;0;;;;19;51
56060;Vitorchiano;9;30;0;0;0;;;;30;22;0;0;0;;;;22;52
56060;Vitorchiano;10;25;0;0;0;;;;25;25;0;0;0;;;;25;50
56060;Vitorchiano;11;29;0;0;0;;;;29;31;0;0;0;;;;31;60
56060;Vitorchiano;12;26;0;0;0;;;;26;27;0;0;0;;;;27;53
56060;Vitorchiano;13;34;0;0;0;;;;34;24;0;0;0;;;;24;58
56060;Vitorchiano;14;37;0;0;0;;;;37;32;0;0;0;;;;32;69
56060;Vitorchiano;15;33;0;0;0;;;;33;33;0;0;0;;;;33;66
56060;Vitorchiano;16;38;0;0;0;;;;38;32;0;0;0;;;;32;70
56060;Vitorchiano;17;33;0;0;0;;;;33;25;0;0;0;;;;25;58
56060;Vitorchiano;18;36;0;0;0;;;;36;36;0;0;0;;;;36;72
56060;Vitorchiano;19;24;0;0;0;;;;24;27;0;0;0;;;;27;51
56060;Vitorchiano;20;25;0;0;0;;;;25;26;0;0;0;;;;26;51
56060;Vitorchiano;21;23;0;0;0;;;;23;25;0;0;0;;;;25;48
56060;Vitorchiano;22;27;0;0;0;;;;27;33;1;0;0;;;;34;61
56060;Vitorchiano;23;27;0;0;0;;;;27;32;1;0;0;;;;33;60
56060;Vitorchiano;24;26;0;0;0;;;;26;26;1;0;0;;;;27;53
56060;Vitorchiano;25;26;1;0;0;;;;27;23;2;0;0;;;;25;52
56060;Vitorchiano;26;26;3;0;0;;;;29;24;3;0;0;;;;27;56
56060;Vitorchiano;27;14;2;0;0;;;;16;19;1;0;0;;;;20;36
56060;Vitorchiano;28;24;0;0;0;;;;24;26;4;0;0;;;;30;54
56060;Vitorchiano;29;19;3;0;0;;;;22;17;3;0;0;;;;20;42
56060;Vitorchiano;30;18;5;0;0;;;;23;9;4;0;0;;;;13;36
56060;Vitorchiano;31;18;5;0;0;;;;23;12;7;1;0;;;;20;43
56060;Vitorchiano;32;26;1;1;0;;;;28;16;7;0;0;;;;23;51
56060;Vitorchiano;33;21;5;0;0;;;;26;18;8;0;0;;;;26;52
56060;Vitorchiano;34;11;4;1;0;;;;16;20;20;1;0;;;;41;57
56060;Vitorchiano;35;15;13;1;0;;;;29;20;7;0;0;;;;27;56
56060;Vitorchiano;36;18;9;0;0;;;;27;27;16;0;1;;;;44;71
56060;Vitorchiano;37;20;13;0;0;;;;33;15;15;3;0;;;;33;66
56060;Vitorchiano;38;20;19;0;0;;;;39;13;15;3;0;;;;31;70
56060;Vitorchiano;39;22;9;0;0;;;;31;9;21;1;0;;;;31;62
56060;Vitorchiano;40;16;19;1;0;;;;36;10;22;0;0;;;;32;68
56060;Vitorchiano;41;21;13;0;0;;;;34;15;20;1;0;;;;36;70
56060;Vitorchiano;42;20;15;4;0;;;;39;13;17;1;0;;;;31;70
56060;Vitorchiano;43;11;24;1;0;;;;36;14;30;1;0;;;;45;81
56060;Vitorchiano;44;17;22;1;1;;;;41;7;28;1;1;;;;37;78
56060;Vitorchiano;45;21;25;2;0;;;;48;9;33;3;0;;;;45;93
56060;Vitorchiano;46;13;31;0;0;;;;44;6;34;4;1;;;;45;89
56060;Vitorchiano;47;5;38;3;0;;;;46;9;36;4;2;;;;51;97
56060;Vitorchiano;48;10;26;3;0;;;;39;9;34;10;2;;;;55;94
56060;Vitorchiano;49;13;38;1;0;;;;52;9;37;3;1;;;;50;102
56060;Vitorchiano;50;15;29;7;0;;;;51;4;39;1;0;;;;44;95
56060;Vitorchiano;51;6;29;2;0;;;;37;6;35;8;0;;;;49;86
56060;Vitorchiano;52;12;36;4;1;;;;53;8;38;4;0;;;;50;103
56060;Vitorchiano;53;6;41;5;0;;;;52;8;29;4;3;;;;44;96
56060;Vitorchiano;54;8;36;3;0;;;;47;3;35;3;1;;;;42;89
56060;Vitorchiano;55;11;26;0;2;;;;39;10;32;4;1;;;;47;86
56060;Vitorchiano;56;7;23;4;1;;;;35;5;38;3;2;;;;48;83
56060;Vitorchiano;57;8;38;4;1;;;;51;2;36;5;2;;;;45;96
56060;Vitorchiano;58;7;42;5;1;;;;55;3;32;2;1;;;;38;93
56060;Vitorchiano;59;6;32;4;0;;;;42;9;35;7;2;;;;53;95
56060;Vitorchiano;60;6;39;3;0;;;;48;2;33;4;3;;;;42;90
56060;Vitorchiano;61;5;33;2;0;;;;40;3;40;3;4;;;;50;90
56060;Vitorchiano;62;5;22;2;0;;;;29;1;36;4;5;;;;46;75
56060;Vitorchiano;63;2;26;5;1;;;;34;0;25;4;2;;;;31;65
56060;Vitorchiano;64;3;22;2;0;;;;27;2;33;2;2;;;;39;66
56060;Vitorchiano;65;2;43;1;2;;;;48;1;25;0;5;;;;31;79
56060;Vitorchiano;66;3;37;1;1;;;;42;3;15;1;4;;;;23;65
56060;Vitorchiano;67;3;20;4;0;;;;27;4;14;2;3;;;;23;50
56060;Vitorchiano;68;3;25;2;3;;;;33;2;26;1;6;;;;35;68
56060;Vitorchiano;69;2;26;0;1;;;;29;0;15;4;3;;;;22;51
56060;Vitorchiano;70;2;27;4;0;;;;33;2;17;1;7;;;;27;60
56060;Vitorchiano;71;1;19;1;0;;;;21;4;15;3;1;;;;23;44
56060;Vitorchiano;72;1;21;0;1;;;;23;2;16;0;4;;;;22;45
56060;Vitorchiano;73;1;17;0;1;;;;19;4;18;1;6;;;;29;48
56060;Vitorchiano;74;1;16;1;2;;;;20;0;7;0;7;;;;14;34
56060;Vitorchiano;75;3;8;0;0;;;;11;1;17;0;6;;;;24;35
56060;Vitorchiano;76;0;23;0;2;;;;25;2;9;0;13;;;;24;49
56060;Vitorchiano;77;2;18;1;0;;;;21;3;15;0;7;;;;25;46
56060;Vitorchiano;78;1;10;1;1;;;;13;1;9;1;4;;;;15;28
56060;Vitorchiano;79;1;10;0;4;;;;15;0;2;0;9;;;;11;26
56060;Vitorchiano;80;1;15;0;3;;;;19;1;9;0;7;;;;17;36
56060;Vitorchiano;81;0;7;0;1;;;;8;1;4;0;8;;;;13;21
56060;Vitorchiano;82;0;7;1;0;;;;8;0;7;1;8;;;;16;24
56060;Vitorchiano;83;0;10;0;1;;;;11;2;2;0;3;;;;7;18
56060;Vitorchiano;84;0;5;0;1;;;;6;4;2;0;10;;;;16;22
56060;Vitorchiano;85;0;6;0;2;;;;8;1;4;0;7;;;;12;20
56060;Vitorchiano;86;0;6;0;3;;;;9;2;1;0;6;;;;9;18
56060;Vitorchiano;87;0;7;0;2;;;;9;3;7;0;10;;;;20;29
56060;Vitorchiano;88;1;6;0;0;;;;7;0;2;0;5;;;;7;14
56060;Vitorchiano;89;0;2;1;1;;;;4;2;1;1;5;;;;9;13
56060;Vitorchiano;90;0;4;0;2;;;;6;0;4;0;9;;;;13;19
56060;Vitorchiano;91;0;3;0;1;;;;4;2;0;0;7;;;;9;13
56060;Vitorchiano;92;0;4;0;2;;;;6;1;0;0;1;;;;2;8
56060;Vitorchiano;93;0;0;0;0;;;;0;1;0;0;1;;;;2;2
56060;Vitorchiano;94;0;0;0;0;;;;0;1;0;0;3;;;;4;4
56060;Vitorchiano;95;0;0;0;0;;;;0;0;0;0;1;;;;1;1
56060;Vitorchiano;96;0;0;0;0;;;;0;0;0;0;1;;;;1;1
56060;Vitorchiano;97;0;0;0;1;;;;1;0;0;0;1;;;;1;2
56060;Vitorchiano;98;0;0;0;0;;;;0;0;0;0;0;;;;0;0
56060;Vitorchiano;99;0;0;0;0;;;;0;0;0;0;0;;;;0;0
56060;Vitorchiano;100;0;0;0;0;;;;0;0;0;0;1;;;;1;1
56060;Vitorchiano;999;1248;1219;89;46;;;;2602;1116;1206;111;215;;;;2648;5250
