Popolazione residente per età, sesso e stato civile al 1° gennaio 2025;;;;;;;;;;;;;;;;;;;
Codice comune;Comune;Età;Celibi;Coniugati;Divorziati;Vedovi;Uniti civilmente;Maschi già in unione civile (per scioglimento unione);Maschi già in unione civile (per decesso del partner);Totale maschi;Nubili;Coniugate;Divorziate;Vedove;Unite civilmente;Femmine già in unione civile (per scioglimento unione);Femmine già in unione civile (per decesso del partner);Totale femmine;Totale
57001;Accumoli;0;0;0;0;0;;;;0;0;0;0;0;;;;0;0
57001;Accumoli;1;0;0;0;0;;;;0;1;0;0;0;;;;1;1
57001;Accumoli;2;1;0;0;0;;;;1;1;0;0;0;;;;1;2
57001;Accumoli;3;1;0;0;0;;;;1;0;0;0;0;;;;0;1
57001;Accumoli;4;1;0;0;0;;;;1;0;0;0;0;;;;0;1
57001;Accumoli;5;1;0;0;0;;;;1;1;0;0;0;;;;1;2
57001;Accumoli;6;2;0;0;0;;;;2;1;0;0;0;;;;1;3
57001;Accumoli;7;0;0;0;0;;;;0;0;0;0;0;;;;0;0
57001;Accumoli;8;1;0;0;0;;;;1;0;0;0;0;;;;0;1
57001;Accumoli;9;1;0;0;0;;;;1;0;0;0;0;;;;0;1
57001;Accumoli;10;1;0;0;0;;;;1;1;0;0;0;;;;1;2
57001;Accumoli;11;3;0;0;0;;;;3;0;0;0;0;;;;0;3
57001;Accumoli;12;3;0;0;0;;;;3;1;0;0;0;;;;1;4
57001;Accumoli;13;3;0;0;0;;;;3;4;0;0;0;;;;4;7
57001;Accumoli;14;0;0;0;0;;;;0;1;0;0;0;;;;1;1
57001;Accumoli;15;3;0;0;0;;;;3;2;0;0;0;;;;2;5
57001;Accumoli;16;3;0;0;0;;;;3;1;0;0;0;;;;1;4
57001;Accumoli;17;3;0;0;0;;;;3;1;0;0;0;;;;1;4
57001;Accumoli;18;3;0;0;0;;;;3;1;0;0;0;;;;1;4
57001;Accumoli;19;3;0;0;0;;;;3;1;0;0;0;;;;1;4
57001;Accumoli;20;0;0;0;0;;;;0;3;0;0;0;;;;3;3
57001;Accumoli;21;5;0;0;0;;;;5;2;0;0;0;;;;2;7
57001;Accumoli;22;1;0;0;0;;;;1;3;0;0;0;;;;3;4
57001;Accumoli;23;3;0;0;0;;;;3;3;0;0;0;;;;3;6
57001;Accumoli;24;6;0;0;0;;;;6;2;0;0;0;;;;2;8
57001;Accumoli;25;1;0;0;0;;;;1;4;0;0;0;;;;4;5
57001;Accumoli;26;1;0;0;0;;;;1;2;0;0;0;;;;2;3
57001;Accumoli;27;4;0;0;0;;;;4;3;0;0;0;;;;3;7
57001;Accumoli;28;3;0;0;0;;;;3;3;0;0;0;;;;3;6
57001;Accumoli;29;3;0;0;0;;;;3;0;0;0;0;;;;0;3
57001;Accumoli;30;3;0;0;0;;;;3;1;0;0;0;;;;1;4
57001;Accumoli;31;1;0;0;0;;;;1;3;0;0;0;;;;3;4
57001;Accumoli;32;2;0;0;0;;;;2;1;0;0;0;;;;1;3
57001;Accumoli;33;3;2;0;0;;;;5;1;1;0;0;;;;2;7
57001;Accumoli;34;2;0;0;0;;;;2;1;0;0;0;;;;1;3
57001;Accumoli;35;3;1;0;0;;;;4;1;0;0;0;;;;1;5
57001;Accumoli;36;2;0;0;0;;;;2;2;0;0;0;;;;2;4
57001;Accumoli;37;2;0;0;0;;;;2;1;1;0;0;;;;2;4
57001;Accumoli;38;0;1;0;0;;;;1;4;0;0;0;;;;4;5
57001;Accumoli;39;2;0;0;0;;;;2;1;2;0;0;;;;3;5
57001;Accumoli;40;1;2;0;0;;;;3;0;1;0;0;;;;1;4
57001;Accumoli;41;3;0;0;0;;;;3;0;3;0;0;;;;3;6
57001;Accumoli;42;4;1;0;0;;;;5;2;1;0;1;;;;4;9
57001;Accumoli;43;0;1;0;0;;;;1;0;1;1;0;;;;2;3
57001;Accumoli;44;2;0;0;0;;;;2;0;0;1;0;;;;1;3
57001;Accumoli;45;1;2;0;0;;;;3;1;0;0;0;;;;1;4
57001;Accumoli;46;2;1;1;0;;;;4;1;2;0;0;;;;3;7
57001;Accumoli;47;1;2;0;0;;;;3;3;1;1;0;;;;5;8
57001;Accumoli;48;3;0;0;0;;;;3;0;3;0;0;;;;3;6
57001;Accumoli;49;1;2;0;0;;;;3;1;3;0;0;;;;4;7
57001;Accumoli;50;1;2;0;0;;;;3;0;5;1;0;;;;6;9
57001;Accumoli;51;2;2;0;0;;;;4;2;4;0;0;;;;6;10
57001;Accumoli;52;2;3;0;0;;;;5;2;1;0;0;;;;3;8
57001;Accumoli;53;1;1;0;0;;;;2;1;2;0;0;;;;3;5
57001;Accumoli;54;3;7;1;0;;;;11;0;3;1;1;;;;5;16
57001;Accumoli;55;3;1;1;0;;;;5;1;4;1;0;;;;6;11
57001;Accumoli;56;1;2;0;0;;;;3;1;3;0;0;;;;4;7
57001;Accumoli;57;1;3;2;0;;;;6;3;5;0;0;;;;8;14
57001;Accumoli;58;1;2;0;0;;;;3;1;0;0;1;;;;2;5
57001;Accumoli;59;4;3;0;0;;;;7;0;2;0;1;;;;3;10
57001;Accumoli;60;1;1;0;0;;;;2;0;0;0;0;;;;0;2
57001;Accumoli;61;1;5;0;0;;;;6;1;9;2;1;;;;13;19
57001;Accumoli;62;2;3;0;0;;;;5;0;3;0;0;;;;3;8
57001;Accumoli;63;1;5;0;0;;;;6;1;1;0;0;;;;2;8
57001;Accumoli;64;1;3;0;0;;;;4;1;4;0;1;;;;6;10
57001;Accumoli;65;3;3;1;0;;;;7;0;4;0;0;;;;4;11
57001;Accumoli;66;0;4;0;0;;;;4;0;2;0;0;;;;2;6
57001;Accumoli;67;1;1;0;0;;;;2;0;1;0;0;;;;1;3
57001;Accumoli;68;1;3;0;0;;;;4;1;1;0;0;;;;2;6
57001;Accumoli;69;0;2;0;0;;;;2;0;6;0;1;;;;7;9
57001;Accumoli;70;0;3;1;0;;;;4;1;0;0;1;;;;2;6
57001;Accumoli;71;1;1;0;0;;;;2;0;3;0;0;;;;3;5
57001;Accumoli;72;1;5;0;0;;;;6;1;2;0;2;;;;5;11
57001;Accumoli;73;0;5;0;0;;;;5;0;1;0;0;;;;1;6
57001;Accumoli;74;0;0;1;1;;;;2;1;2;0;2;;;;5;7
57001;Accumoli;75;1;3;0;2;;;;6;0;1;1;1;;;;3;9
57001;Accumoli;76;0;4;0;0;;;;4;0;2;0;0;;;;2;6
57001;Accumoli;77;0;2;0;0;;;;2;0;2;0;0;;;;2;4
57001;Accumoli;78;1;1;1;2;;;;5;0;4;0;3;;;;7;12
57001;Accumoli;79;0;3;1;0;;;;4;0;1;0;1;;;;2;6
57001;Accumoli;80;0;1;0;0;;;;1;0;0;0;2;;;;2;3
57001;Accumoli;81;0;2;0;1;;;;3;0;0;0;2;;;;2;5
57001;Accumoli;82;0;1;0;0;;;;1;0;0;0;0;;;;0;1
57001;Accumoli;83;1;1;0;1;;;;3;0;0;0;1;;;;1;4
57001;Accumoli;84;0;3;1;0;;;;4;0;1;0;2;;;;3;7
57001;Accumoli;85;0;3;0;0;;;;3;0;0;0;2;;;;2;5
57001;Accumoli;86;0;1;0;0;;;;1;0;2;0;3;;;;5;6
57001;Accumoli;87;1;0;0;0;;;;1;0;0;0;3;;;;3;4
57001;Accumoli;88;0;1;0;0;;;;1;0;0;0;3;;;;3;4
57001;Accumoli;89;0;0;0;0;;;;0;0;1;0;1;;;;2;2
57001;Accumoli;90;0;0;0;0;;;;0;0;0;0;0;;;;0;0
57001;Accumoli;91;0;0;0;0;;;;0;0;0;0;1;;;;1;1
57001;Accumoli;92;1;0;0;0;;;;1;0;0;0;2;;;;2;3
57001;Accumoli;93;0;0;0;0;;;;0;0;2;0;0;;;;2;2
57001;Accumoli;94;0;0;0;0;;;;0;0;0;0;0;;;;0;0
57001;Accumoli;95;0;0;0;0;;;;0;0;0;0;2;;;;2;2
57001;Accumoli;96;0;0;0;1;;;;1;0;0;0;0;;;;0;1
57001;Accumoli;97;0;0;0;0;;;;0;0;0;0;0;;;;0;0
57001;Accumoli;98;0;0;0;0;;;;0;0;0;0;0;;;;0;0
57001;Accumoli;99;0;0;0;0;;;;0;0;0;0;0;;;;0;0
57001;Accumoli;100;0;1;0;0;;;;1;0;0;0;0;;;;0;1
57001;Accumoli;999;135;112;11;8;;;;266;84;103;9;41;;;;237;503
57002;Amatrice;0;6;0;0;0;;;;6;5;0;0;0;;;;5;11
57002;Amatrice;1;6;0;0;0;;;;6;9;0;0;0;;;;9;15
57002;Amatrice;2;1;0;0;0;;;;1;8;0;0;0;;;;8;9
57002;Amatrice;3;11;0;0;0;;;;11;6;0;0;0;;;;6;17
57002;Amatrice;4;8;0;0;0;;;;8;7;0;0;0;;;;7;15
57002;Amatrice;5;6;0;0;0;;;;6;2;0;0;0;;;;2;8
57002;Amatrice;6;6;0;0;0;;;;6;5;0;0;0;;;;5;11
57002;Amatrice;7;9;0;0;0;;;;9;5;0;0;0;;;;5;14
57002;Amatrice;8;7;0;0;0;;;;7;4;0;0;0;;;;4;11
57002;Amatrice;9;9;0;0;0;;;;9;7;0;0;0;;;;7;16
57002;Amatrice;10;3;0;0;0;;;;3;6;0;0;0;;;;6;9
57002;Amatrice;11;7;0;0;0;;;;7;7;0;0;0;;;;7;14
57002;Amatrice;12;11;0;0;0;;;;11;7;0;0;0;;;;7;18
57002;Amatrice;13;6;0;0;0;;;;6;8;0;0;0;;;;8;14
57002;Amatrice;14;10;0;0;0;;;;10;9;0;0;0;;;;9;19
57002;Amatrice;15;9;0;0;0;;;;9;7;0;0;0;;;;7;16
57002;Amatrice;16;5;0;0;0;;;;5;19;0;0;0;;;;19;24
57002;Amatrice;17;13;0;0;0;;;;13;1;0;0;0;;;;1;14
57002;Amatrice;18;11;0;0;0;;;;11;5;0;0;0;;;;5;16
57002;Amatrice;19;10;0;0;0;;;;10;5;0;0;0;;;;5;15
57002;Amatrice;20;4;0;0;0;;;;4;5;0;0;0;;;;5;9
57002;Amatrice;21;7;0;0;0;;;;7;11;1;0;0;;;;12;19
57002;Amatrice;22;4;0;0;0;;;;4;11;0;0;0;;;;11;15
57002;Amatrice;23;15;1;0;0;;;;16;8;0;0;0;;;;8;24
57002;Amatrice;24;5;0;0;0;;;;5;10;1;0;0;;;;11;16
57002;Amatrice;25;9;0;0;0;;;;9;6;0;0;0;;;;6;15
57002;Amatrice;26;9;0;0;0;;;;9;7;0;0;0;;;;7;16
57002;Amatrice;27;11;0;0;0;;;;11;11;1;0;0;;;;12;23
57002;Amatrice;28;17;0;0;0;;;;17;8;2;1;0;;;;11;28
57002;Amatrice;29;10;1;0;0;;;;11;7;0;0;0;;;;7;18
57002;Amatrice;30;5;1;0;0;;;;6;10;4;0;0;;;;14;20
57002;Amatrice;31;6;1;0;0;;;;7;5;0;0;0;;;;5;12
57002;Amatrice;32;17;2;0;0;;;;19;6;3;0;0;;;;9;28
57002;Amatrice;33;2;1;0;0;;;;3;7;1;0;0;;;;8;11
57002;Amatrice;34;14;1;0;0;;;;15;7;3;0;0;;;;10;25
57002;Amatrice;35;7;2;0;0;;;;9;2;3;0;0;;;;5;14
57002;Amatrice;36;15;1;0;0;;;;16;5;1;0;0;;;;6;22
57002;Amatrice;37;7;1;0;1;;;;9;6;7;0;1;;;;14;23
57002;Amatrice;38;8;3;0;0;;;;11;4;6;0;0;;;;10;21
57002;Amatrice;39;7;2;1;1;;;;11;8;2;0;0;;;;10;21
57002;Amatrice;40;8;2;0;0;;;;10;1;4;3;0;;;;8;18
57002;Amatrice;41;4;4;0;0;;;;8;3;3;0;0;;;;6;14
57002;Amatrice;42;6;4;0;0;;;;10;3;6;1;0;;;;10;20
57002;Amatrice;43;5;2;0;0;;;;7;5;5;0;0;;;;10;17
57002;Amatrice;44;12;9;0;0;;;;21;4;8;0;0;;;;12;33
57002;Amatrice;45;8;9;0;0;;;;17;4;3;0;0;;;;7;24
57002;Amatrice;46;5;7;0;0;;;;12;4;8;1;0;;;;13;25
57002;Amatrice;47;10;4;0;0;;;;14;4;6;2;0;;;;12;26
57002;Amatrice;48;10;3;1;0;;;;14;7;6;0;0;;;;13;27
57002;Amatrice;49;7;8;0;0;;;;15;1;8;0;1;;;;10;25
57002;Amatrice;50;9;13;1;0;;;;23;2;14;0;1;;;;17;40
57002;Amatrice;51;8;8;2;0;;;;18;2;7;0;1;;;;10;28
57002;Amatrice;52;3;8;1;0;;;;12;0;10;0;3;;;;13;25
57002;Amatrice;53;5;7;3;0;;;;15;4;21;3;0;;;;28;43
57002;Amatrice;54;2;16;1;1;;;;20;2;8;2;0;;;;12;32
57002;Amatrice;55;11;16;0;1;;;;28;5;7;1;3;;;;16;44
57002;Amatrice;56;4;15;0;0;;;;19;2;13;0;2;;;;17;36
57002;Amatrice;57;7;6;1;0;;;;14;5;8;4;0;;;;17;31
57002;Amatrice;58;8;14;2;1;;;;25;0;13;4;3;;;;20;45
57002;Amatrice;59;7;14;1;0;;;;22;3;14;1;1;;;;19;41
57002;Amatrice;60;4;16;4;1;;;;25;3;14;1;1;;;;19;44
57002;Amatrice;61;5;11;2;0;;;;18;2;10;2;3;;;;17;35
57002;Amatrice;62;3;14;1;0;;;;18;1;9;1;3;;;;14;32
57002;Amatrice;63;3;22;3;2;;;;30;1;10;2;2;;;;15;45
57002;Amatrice;64;8;8;3;1;;;;20;3;7;1;0;;;;11;31
57002;Amatrice;65;8;18;0;0;;;;26;5;7;0;2;;;;14;40
57002;Amatrice;66;4;15;1;0;;;;20;1;12;1;3;;;;17;37
57002;Amatrice;67;1;10;0;1;;;;12;2;14;1;2;;;;19;31
57002;Amatrice;68;1;11;0;1;;;;13;1;12;1;4;;;;18;31
57002;Amatrice;69;5;11;0;0;;;;16;2;11;0;0;;;;13;29
57002;Amatrice;70;4;15;0;1;;;;20;0;9;0;1;;;;10;30
57002;Amatrice;71;2;11;1;0;;;;14;0;10;0;0;;;;10;24
57002;Amatrice;72;0;11;1;2;;;;14;0;12;1;3;;;;16;30
57002;Amatrice;73;1;12;1;1;;;;15;4;7;1;4;;;;16;31
57002;Amatrice;74;1;11;2;1;;;;15;0;9;0;5;;;;14;29
57002;Amatrice;75;1;19;1;0;;;;21;3;14;1;11;;;;29;50
57002;Amatrice;76;4;6;0;1;;;;11;0;9;1;6;;;;16;27
57002;Amatrice;77;3;17;1;2;;;;23;0;8;0;4;;;;12;35
57002;Amatrice;78;1;12;0;2;;;;15;1;8;0;10;;;;19;34
57002;Amatrice;79;2;6;0;2;;;;10;0;5;0;7;;;;12;22
57002;Amatrice;80;1;8;0;4;;;;13;2;3;1;5;;;;11;24
57002;Amatrice;81;2;11;0;3;;;;16;0;6;1;7;;;;14;30
57002;Amatrice;82;0;6;0;0;;;;6;0;7;1;3;;;;11;17
57002;Amatrice;83;2;10;0;1;;;;13;0;4;0;3;;;;7;20
57002;Amatrice;84;0;5;0;2;;;;7;0;6;0;4;;;;10;17
57002;Amatrice;85;3;5;0;0;;;;8;0;1;0;8;;;;9;17
57002;Amatrice;86;0;14;1;2;;;;17;0;2;0;5;;;;7;24
57002;Amatrice;87;1;8;0;1;;;;10;0;3;0;11;;;;14;24
57002;Amatrice;88;0;2;0;2;;;;4;2;1;0;5;;;;8;12
57002;Amatrice;89;1;2;0;1;;;;4;0;3;0;4;;;;7;11
57002;Amatrice;90;1;2;0;2;;;;5;0;2;0;10;;;;12;17
57002;Amatrice;91;0;4;0;1;;;;5;0;1;0;4;;;;5;10
57002;Amatrice;92;1;1;0;0;;;;2;0;0;0;2;;;;2;4
57002;Amatrice;93;1;1;0;0;;;;2;0;0;0;4;;;;4;6
57002;Amatrice;94;0;0;0;0;;;;0;0;3;0;3;;;;6;6
57002;Amatrice;95;0;0;0;1;;;;1;0;0;0;0;;;;0;1
57002;Amatrice;96;0;1;0;1;;;;2;0;0;0;3;;;;3;5
57002;Amatrice;97;0;0;0;0;;;;0;0;1;0;0;;;;1;1
57002;Amatrice;98;0;1;0;2;;;;3;0;0;0;2;;;;2;5
57002;Amatrice;99;0;0;0;0;;;;0;0;0;0;1;;;;1;1
57002;Amatrice;100;0;0;0;1;;;;1;0;0;0;1;;;;1;2
57002;Amatrice;999;546;523;36;47;;;;1152;370;447;40;172;;;;1029;2181
57003;Antrodoco;0;7;0;0;0;;;;7;5;0;0;0;;;;5;12
57003;Antrodoco;1;3;0;0;0;;;;3;5;0;0;0;;;;5;8
57003;Antrodoco;2;9;0;0;0;;;;9;6;0;0;0;;;;6;15
57003;Antrodoco;3;4;0;0;0;;;;4;8;0;0;0;;;;8;12
57003;Antrodoco;4;8;0;0;0;;;;8;6;0;0;0;;;;6;14
57003;Antrodoco;5;5;0;0;0;;;;5;4;0;0;0;;;;4;9
57003;Antrodoco;6;3;0;0;0;;;;3;1;0;0;0;;;;1;4
57003;Antrodoco;7;10;0;0;0;;;;10;6;0;0;0;;;;6;16
57003;Antrodoco;8;6;0;0;0;;;;6;4;0;0;0;;;;4;10
57003;Antrodoco;9;11;0;0;0;;;;11;8;0;0;0;;;;8;19
57003;Antrodoco;10;4;0;0;0;;;;4;3;0;0;0;;;;3;7
57003;Antrodoco;11;12;0;0;0;;;;12;4;0;0;0;;;;4;16
57003;Antrodoco;12;3;0;0;0;;;;3;10;0;0;0;;;;10;13
57003;Antrodoco;13;15;0;0;0;;;;15;7;0;0;0;;;;7;22
57003;Antrodoco;14;10;0;0;0;;;;10;4;0;0;0;;;;4;14
57003;Antrodoco;15;10;0;0;0;;;;10;8;0;0;0;;;;8;18
57003;Antrodoco;16;13;0;0;0;;;;13;9;0;0;0;;;;9;22
57003;Antrodoco;17;11;0;0;0;;;;11;10;0;0;0;;;;10;21
57003;Antrodoco;18;11;0;0;0;;;;11;8;0;0;0;;;;8;19
57003;Antrodoco;19;12;0;0;0;;;;12;9;0;0;0;;;;9;21
57003;Antrodoco;20;16;0;0;0;;;;16;5;0;0;0;;;;5;21
57003;Antrodoco;21;14;0;0;0;;;;14;5;0;0;0;;;;5;19
57003;Antrodoco;22;10;0;0;0;;;;10;10;0;0;0;;;;10;20
57003;Antrodoco;23;11;0;0;0;;;;11;13;0;0;0;;;;13;24
57003;Antrodoco;24;12;0;0;0;;;;12;8;1;0;0;;;;9;21
57003;Antrodoco;25;10;0;0;0;;;;10;15;0;0;0;;;;15;25
57003;Antrodoco;26;15;0;0;0;;;;15;9;0;0;0;;;;9;24
57003;Antrodoco;27;7;0;0;0;;;;7;9;1;0;0;;;;10;17
57003;Antrodoco;28;14;0;0;0;;;;14;10;0;0;0;;;;10;24
57003;Antrodoco;29;12;0;0;0;;;;12;17;2;0;0;;;;19;31
57003;Antrodoco;30;20;2;0;0;;;;22;1;2;0;0;;;;3;25
57003;Antrodoco;31;15;1;0;0;;;;16;7;1;0;0;;;;8;24
57003;Antrodoco;32;15;1;0;0;;;;16;13;0;0;0;;;;13;29
57003;Antrodoco;33;7;1;0;0;;;;8;8;5;1;0;;;;14;22
57003;Antrodoco;34;7;4;0;0;;;;11;2;1;1;0;;;;4;15
57003;Antrodoco;35;9;0;0;0;;;;9;9;3;0;0;;;;12;21
57003;Antrodoco;36;12;2;0;0;;;;14;4;3;0;0;;;;7;21
57003;Antrodoco;37;14;3;0;0;;;;17;1;6;0;0;;;;7;24
57003;Antrodoco;38;8;5;0;0;;;;13;4;3;0;0;;;;7;20
57003;Antrodoco;39;10;2;0;0;;;;12;4;8;1;0;;;;13;25
57003;Antrodoco;40;6;3;0;0;;;;9;6;9;1;0;;;;16;25
57003;Antrodoco;41;10;1;0;0;;;;11;3;11;1;0;;;;15;26
57003;Antrodoco;42;7;6;0;0;;;;13;2;7;0;0;;;;9;22
57003;Antrodoco;43;3;5;1;0;;;;9;5;1;1;0;;;;7;16
57003;Antrodoco;44;7;4;2;0;;;;13;4;4;1;0;;;;9;22
57003;Antrodoco;45;9;6;0;0;;;;15;2;11;3;0;;;;16;31
57003;Antrodoco;46;6;7;1;0;;;;14;2;7;0;1;;;;10;24
57003;Antrodoco;47;4;8;1;0;;;;13;3;6;3;0;;;;12;25
57003;Antrodoco;48;7;9;0;0;;;;16;9;10;0;0;;;;19;35
57003;Antrodoco;49;9;7;1;0;;;;17;1;11;2;0;;;;14;31
57003;Antrodoco;50;9;8;0;0;;;;17;1;9;2;2;;;;14;31
57003;Antrodoco;51;2;9;2;0;;;;13;5;14;0;1;;;;20;33
57003;Antrodoco;52;2;4;2;0;;;;8;1;12;5;1;;;;19;27
57003;Antrodoco;53;5;10;0;0;;;;15;3;8;1;1;;;;13;28
57003;Antrodoco;54;4;10;0;0;;;;14;3;19;0;0;;;;22;36
57003;Antrodoco;55;6;14;0;0;;;;20;0;13;0;0;;;;13;33
57003;Antrodoco;56;5;13;2;0;;;;20;0;9;1;4;;;;14;34
57003;Antrodoco;57;5;11;2;0;;;;18;1;20;0;0;;;;21;39
57003;Antrodoco;58;2;16;2;0;;;;20;0;11;0;2;;;;13;33
57003;Antrodoco;59;3;16;0;0;;;;19;3;16;1;2;;;;22;41
57003;Antrodoco;60;2;16;1;0;;;;19;1;10;0;2;;;;13;32
57003;Antrodoco;61;5;15;2;1;;;;23;1;20;0;3;;;;24;47
57003;Antrodoco;62;4;20;0;0;;;;24;3;13;2;5;;;;23;47
57003;Antrodoco;63;7;11;1;0;;;;19;3;16;1;4;;;;24;43
57003;Antrodoco;64;5;11;1;1;;;;18;0;16;0;0;;;;16;34
57003;Antrodoco;65;2;13;1;1;;;;17;0;13;1;3;;;;17;34
57003;Antrodoco;66;3;13;1;1;;;;18;1;15;1;1;;;;18;36
57003;Antrodoco;67;1;15;1;1;;;;18;0;13;0;5;;;;18;36
57003;Antrodoco;68;4;12;2;1;;;;19;1;19;0;5;;;;25;44
57003;Antrodoco;69;3;15;0;1;;;;19;2;18;0;1;;;;21;40
57003;Antrodoco;70;3;15;0;2;;;;20;1;16;0;3;;;;20;40
57003;Antrodoco;71;4;15;1;1;;;;21;1;10;0;1;;;;12;33
57003;Antrodoco;72;0;21;1;0;;;;22;0;12;1;4;;;;17;39
57003;Antrodoco;73;0;14;0;1;;;;15;0;17;1;5;;;;23;38
57003;Antrodoco;74;1;20;1;4;;;;26;1;7;1;3;;;;12;38
57003;Antrodoco;75;1;17;0;3;;;;21;0;14;0;3;;;;17;38
57003;Antrodoco;76;2;12;0;4;;;;18;2;14;0;7;;;;23;41
57003;Antrodoco;77;0;11;0;2;;;;13;1;8;0;7;;;;16;29
57003;Antrodoco;78;1;18;0;1;;;;20;1;4;0;3;;;;8;28
57003;Antrodoco;79;0;7;0;0;;;;7;0;5;1;1;;;;7;14
57003;Antrodoco;80;0;8;0;1;;;;9;1;3;0;3;;;;7;16
57003;Antrodoco;81;0;6;0;1;;;;7;0;2;0;6;;;;8;15
57003;Antrodoco;82;0;4;0;3;;;;7;0;1;0;5;;;;6;13
57003;Antrodoco;83;2;4;1;0;;;;7;0;4;0;4;;;;8;15
57003;Antrodoco;84;0;4;0;1;;;;5;1;5;0;14;;;;20;25
57003;Antrodoco;85;0;5;0;1;;;;6;0;5;0;10;;;;15;21
57003;Antrodoco;86;0;4;0;0;;;;4;0;2;0;5;;;;7;11
57003;Antrodoco;87;0;4;0;1;;;;5;0;3;0;6;;;;9;14
57003;Antrodoco;88;0;2;0;1;;;;3;0;2;0;3;;;;5;8
57003;Antrodoco;89;0;1;0;0;;;;1;0;0;0;5;;;;5;6
57003;Antrodoco;90;0;2;0;2;;;;4;0;1;0;4;;;;5;9
57003;Antrodoco;91;0;0;0;1;;;;1;0;1;0;7;;;;8;9
57003;Antrodoco;92;0;1;0;1;;;;2;0;0;0;3;;;;3;5
57003;Antrodoco;93;0;1;0;1;;;;2;1;0;0;4;;;;5;7
57003;Antrodoco;94;0;1;0;0;;;;1;0;0;0;3;;;;3;4
57003;Antrodoco;95;0;1;0;0;;;;1;0;0;0;2;;;;2;3
57003;Antrodoco;96;0;0;0;2;;;;2;0;0;0;1;;;;1;3
57003;Antrodoco;97;0;0;0;0;;;;0;0;0;0;5;;;;5;5
57003;Antrodoco;98;0;0;0;0;;;;0;0;0;0;2;;;;2;2
57003;Antrodoco;99;0;0;0;0;;;;0;0;0;0;0;;;;0;0
57003;Antrodoco;100;0;0;0;0;;;;0;0;0;0;0;;;;0;0
57003;Antrodoco;999;566;527;30;41;;;;1164;355;533;34;172;;;;1094;2258
57004;Ascrea;0;0;0;0;0;;;;0;0;0;0;0;;;;0;0
57004;Ascrea;1;1;0;0;0;;;;1;0;0;0;0;;;;0;1
57004;Ascrea;2;1;0;0;0;;;;1;0;0;0;0;;;;0;1
57004;Ascrea;3;0;0;0;0;;;;0;0;0;0;0;;;;0;0
57004;Ascrea;4;0;0;0;0;;;;0;0;0;0;0;;;;0;0
57004;Ascrea;5;1;0;0;0;;;;1;0;0;0;0;;;;0;1
57004;Ascrea;6;2;0;0;0;;;;2;2;0;0;0;;;;2;4
57004;Ascrea;7;0;0;0;0;;;;0;0;0;0;0;;;;0;0
57004;Ascrea;8;1;0;0;0;;;;1;0;0;0;0;;;;0;1
57004;Ascrea;9;2;0;0;0;;;;2;1;0;0;0;;;;1;3
57004;Ascrea;10;0;0;0;0;;;;0;0;0;0;0;;;;0;0
57004;Ascrea;11;0;0;0;0;;;;0;0;0;0;0;;;;0;0
57004;Ascrea;12;1;0;0;0;;;;1;0;0;0;0;;;;0;1
57004;Ascrea;13;2;0;0;0;;;;2;0;0;0;0;;;;0;2
57004;Ascrea;14;0;0;0;0;;;;0;1;0;0;0;;;;1;1
57004;Ascrea;15;0;0;0;0;;;;0;1;0;0;0;;;;1;1
57004;Ascrea;16;0;0;0;0;;;;0;2;0;0;0;;;;2;2
57004;Ascrea;17;1;0;0;0;;;;1;0;0;0;0;;;;0;1
57004;Ascrea;18;2;0;0;0;;;;2;0;0;0;0;;;;0;2
57004;Ascrea;19;0;0;0;0;;;;0;0;0;0;0;;;;0;0
57004;Ascrea;20;0;0;0;0;;;;0;0;0;0;0;;;;0;0
57004;Ascrea;21;0;0;0;0;;;;0;0;0;0;0;;;;0;0
57004;Ascrea;22;1;0;0;0;;;;1;0;0;0;0;;;;0;1
57004;Ascrea;23;0;0;0;0;;;;0;2;0;0;0;;;;2;2
57004;Ascrea;24;0;0;0;0;;;;0;0;0;0;0;;;;0;0
57004;Ascrea;25;0;0;0;0;;;;0;0;0;0;0;;;;0;0
57004;Ascrea;26;0;0;0;0;;;;0;0;0;0;0;;;;0;0
57004;Ascrea;27;2;0;0;0;;;;2;0;0;0;0;;;;0;2
57004;Ascrea;28;3;0;0;0;;;;3;1;1;0;0;;;;2;5
57004;Ascrea;29;0;0;0;0;;;;0;2;1;0;0;;;;3;3
57004;Ascrea;30;1;0;0;0;;;;1;0;0;0;0;;;;0;1
57004;Ascrea;31;1;1;0;0;;;;2;0;0;0;0;;;;0;2
57004;Ascrea;32;1;0;0;0;;;;1;0;0;0;0;;;;0;1
57004;Ascrea;33;0;0;0;0;;;;0;1;0;0;0;;;;1;1
57004;Ascrea;34;1;0;0;0;;;;1;0;0;0;0;;;;0;1
57004;Ascrea;35;1;1;0;0;;;;2;0;0;0;0;;;;0;2
57004;Ascrea;36;0;0;0;0;;;;0;0;1;0;0;;;;1;1
57004;Ascrea;37;0;0;0;0;;;;0;2;1;0;0;;;;3;3
57004;Ascrea;38;0;0;0;0;;;;0;0;0;0;0;;;;0;0
57004;Ascrea;39;0;0;0;0;;;;0;0;0;0;0;;;;0;0
57004;Ascrea;40;1;0;0;0;;;;1;1;0;0;0;;;;1;2
57004;Ascrea;41;1;0;0;0;;;;1;1;0;0;0;;;;1;2
57004;Ascrea;42;2;0;0;0;;;;2;0;1;1;0;;;;2;4
57004;Ascrea;43;1;0;0;0;;;;1;0;1;0;0;;;;1;2
57004;Ascrea;44;0;0;0;0;;;;0;0;0;0;0;;;;0;0
57004;Ascrea;45;0;1;0;0;;;;1;0;0;0;0;;;;0;1
57004;Ascrea;46;3;2;0;0;;;;5;0;0;0;0;;;;0;5
57004;Ascrea;47;1;0;0;0;;;;1;0;0;0;0;;;;0;1
57004;Ascrea;48;0;2;0;0;;;;2;0;1;0;0;;;;1;3
57004;Ascrea;49;1;0;0;0;;;;1;3;0;0;0;;;;3;4
57004;Ascrea;50;0;1;0;0;;;;1;0;0;0;0;;;;0;1
57004;Ascrea;51;0;0;0;0;;;;0;0;0;0;0;;;;0;0
57004;Ascrea;52;0;2;0;0;;;;2;0;0;0;0;;;;0;2
57004;Ascrea;53;0;0;0;0;;;;0;0;1;0;0;;;;1;1
57004;Ascrea;54;0;0;0;0;;;;0;0;0;0;0;;;;0;0
57004;Ascrea;55;0;2;0;0;;;;2;0;1;1;0;;;;2;4
57004;Ascrea;56;1;0;0;0;;;;1;1;0;0;0;;;;1;2
57004;Ascrea;57;1;1;1;0;;;;3;1;0;0;0;;;;1;4
57004;Ascrea;58;1;1;1;0;;;;3;1;0;0;0;;;;1;4
57004;Ascrea;59;1;4;1;1;;;;7;1;2;0;0;;;;3;10
57004;Ascrea;60;1;0;0;0;;;;1;0;4;0;0;;;;4;5
57004;Ascrea;61;0;0;0;0;;;;0;0;1;0;0;;;;1;1
57004;Ascrea;62;1;0;0;0;;;;1;1;1;0;1;;;;3;4
57004;Ascrea;63;1;2;1;0;;;;4;0;2;0;0;;;;2;6
57004;Ascrea;64;1;2;1;0;;;;4;0;0;0;0;;;;0;4
57004;Ascrea;65;1;2;0;0;;;;3;0;1;0;0;;;;1;4
57004;Ascrea;66;1;0;0;0;;;;1;0;2;0;0;;;;2;3
57004;Ascrea;67;0;4;0;0;;;;4;1;1;0;0;;;;2;6
57004;Ascrea;68;0;1;0;0;;;;1;0;0;1;1;;;;2;3
57004;Ascrea;69;0;0;0;0;;;;0;0;1;0;1;;;;2;2
57004;Ascrea;70;0;0;0;0;;;;0;0;0;1;0;;;;1;1
57004;Ascrea;71;0;1;1;0;;;;2;0;0;0;0;;;;0;2
57004;Ascrea;72;0;2;1;0;;;;3;0;3;1;0;;;;4;7
57004;Ascrea;73;0;4;0;0;;;;4;0;1;0;0;;;;1;5
57004;Ascrea;74;0;1;0;0;;;;1;1;0;0;0;;;;1;2
57004;Ascrea;75;0;0;0;0;;;;0;0;1;0;0;;;;1;1
57004;Ascrea;76;0;2;0;0;;;;2;0;1;0;0;;;;1;3
57004;Ascrea;77;1;0;0;0;;;;1;0;1;0;0;;;;1;2
57004;Ascrea;78;0;4;0;1;;;;5;1;1;0;1;;;;3;8
57004;Ascrea;79;0;3;0;0;;;;3;0;3;0;0;;;;3;6
57004;Ascrea;80;1;2;0;0;;;;3;0;0;0;0;;;;0;3
57004;Ascrea;81;0;1;0;0;;;;1;0;1;1;1;;;;3;4
57004;Ascrea;82;0;0;0;0;;;;0;0;0;0;0;;;;0;0
57004;Ascrea;83;0;0;0;0;;;;0;0;3;0;1;;;;4;4
57004;Ascrea;84;0;1;0;0;;;;1;0;0;0;2;;;;2;3
57004;Ascrea;85;1;1;0;0;;;;2;0;0;0;0;;;;0;2
57004;Ascrea;86;0;1;0;0;;;;1;0;2;0;0;;;;2;3
57004;Ascrea;87;0;1;0;0;;;;1;0;0;0;0;;;;0;1
57004;Ascrea;88;0;1;0;0;;;;1;0;0;0;0;;;;0;1
57004;Ascrea;89;0;1;0;0;;;;1;1;0;0;2;;;;3;4
57004;Ascrea;90;0;0;0;0;;;;0;0;0;0;0;;;;0;0
57004;Ascrea;91;0;1;0;0;;;;1;0;1;0;0;;;;1;2
57004;Ascrea;92;0;0;0;0;;;;0;0;0;0;0;;;;0;0
57004;Ascrea;93;0;0;0;0;;;;0;0;0;0;0;;;;0;0
57004;Ascrea;94;0;0;0;0;;;;0;0;0;0;2;;;;2;2
57004;Ascrea;95;0;0;0;0;;;;0;0;0;0;0;;;;0;0
57004;Ascrea;96;0;0;0;0;;;;0;0;0;0;0;;;;0;0
57004;Ascrea;97;0;0;0;0;;;;0;0;0;0;0;;;;0;0
57004;Ascrea;98;0;0;0;0;;;;0;0;0;0;0;;;;0;0
57004;Ascrea;99;0;0;0;0;;;;0;0;0;0;1;;;;1;1
57004;Ascrea;100;0;0;0;0;;;;0;0;0;0;0;;;;0;0
57004;Ascrea;999;48;56;7;2;;;;113;29;42;6;13;;;;90;203
57005;Belmonte in Sabina;0;1;0;0;0;;;;1;1;0;0;0;;;;1;2
57005;Belmonte in Sabina;1;1;0;0;0;;;;1;0;0;0;0;;;;0;1
57005;Belmonte in Sabina;2;0;0;0;0;;;;0;2;0;0;0;;;;2;2
57005;Belmonte in Sabina;3;1;0;0;0;;;;1;3;0;0;0;;;;3;4
57005;Belmonte in Sabina;4;0;0;0;0;;;;0;3;0;0;0;;;;3;3
57005;Belmonte in Sabina;5;2;0;0;0;;;;2;2;0;0;0;;;;2;4
57005;Belmonte in Sabina;6;4;0;0;0;;;;4;2;0;0;0;;;;2;6
57005;Belmonte in Sabina;7;1;0;0;0;;;;1;3;0;0;0;;;;3;4
57005;Belmonte in Sabina;8;2;0;0;0;;;;2;0;0;0;0;;;;0;2
57005;Belmonte in Sabina;9;1;0;0;0;;;;1;4;0;0;0;;;;4;5
57005;Belmonte in Sabina;10;2;0;0;0;;;;2;1;0;0;0;;;;1;3
57005;Belmonte in Sabina;11;4;0;0;0;;;;4;4;0;0;0;;;;4;8
57005;Belmonte in Sabina;12;4;0;0;0;;;;4;2;0;0;0;;;;2;6
57005;Belmonte in Sabina;13;4;0;0;0;;;;4;1;0;0;0;;;;1;5
57005;Belmonte in Sabina;14;0;0;0;0;;;;0;4;0;0;0;;;;4;4
57005;Belmonte in Sabina;15;2;0;0;0;;;;2;2;0;0;0;;;;2;4
57005;Belmonte in Sabina;16;3;0;0;0;;;;3;5;0;0;0;;;;5;8
57005;Belmonte in Sabina;17;3;0;0;0;;;;3;3;0;0;0;;;;3;6
57005;Belmonte in Sabina;18;4;0;0;0;;;;4;4;0;0;0;;;;4;8
57005;Belmonte in Sabina;19;3;0;0;0;;;;3;3;0;0;0;;;;3;6
57005;Belmonte in Sabina;20;6;0;0;0;;;;6;2;0;0;0;;;;2;8
57005;Belmonte in Sabina;21;1;0;0;0;;;;1;6;0;0;0;;;;6;7
57005;Belmonte in Sabina;22;4;0;0;0;;;;4;4;0;0;0;;;;4;8
57005;Belmonte in Sabina;23;2;0;0;0;;;;2;2;0;0;0;;;;2;4
57005;Belmonte in Sabina;24;5;0;0;0;;;;5;3;0;0;0;;;;3;8
57005;Belmonte in Sabina;25;2;0;0;0;;;;2;1;0;0;0;;;;1;3
57005;Belmonte in Sabina;26;3;0;0;0;;;;3;3;0;0;0;;;;3;6
57005;Belmonte in Sabina;27;2;0;0;0;;;;2;3;0;0;0;;;;3;5
57005;Belmonte in Sabina;28;2;0;0;0;;;;2;2;1;0;0;;;;3;5
57005;Belmonte in Sabina;29;4;0;0;0;;;;4;0;0;0;0;;;;0;4
57005;Belmonte in Sabina;30;3;0;0;0;;;;3;1;1;0;0;;;;2;5
57005;Belmonte in Sabina;31;2;0;0;0;;;;2;3;0;0;0;;;;3;5
57005;Belmonte in Sabina;32;1;0;0;0;;;;1;3;1;0;0;;;;4;5
57005;Belmonte in Sabina;33;5;0;0;0;;;;5;6;1;0;0;;;;7;12
57005;Belmonte in Sabina;34;3;0;0;0;;;;3;0;1;0;0;;;;1;4
57005;Belmonte in Sabina;35;1;1;0;0;;;;2;0;0;0;0;;;;0;2
57005;Belmonte in Sabina;36;2;0;0;0;;;;2;2;0;0;0;;;;2;4
57005;Belmonte in Sabina;37;2;0;0;0;;;;2;2;0;0;0;;;;2;4
57005;Belmonte in Sabina;38;2;1;0;0;;;;3;1;1;0;0;;;;2;5
57005;Belmonte in Sabina;39;3;2;0;0;;;;5;1;3;0;0;;;;4;9
57005;Belmonte in Sabina;40;1;1;0;0;;;;2;0;1;0;0;;;;1;3
57005;Belmonte in Sabina;41;3;2;0;0;;;;5;0;1;0;0;;;;1;6
57005;Belmonte in Sabina;42;2;0;0;0;;;;2;2;3;0;0;;;;5;7
57005;Belmonte in Sabina;43;2;1;0;0;;;;3;2;1;2;0;;;;5;8
57005;Belmonte in Sabina;44;0;0;0;0;;;;0;3;3;0;0;;;;6;6
57005;Belmonte in Sabina;45;1;1;0;0;;;;2;0;3;1;0;;;;4;6
57005;Belmonte in Sabina;46;4;1;0;0;;;;5;1;5;0;0;;;;6;11
57005;Belmonte in Sabina;47;1;4;0;0;;;;5;3;1;0;0;;;;4;9
57005;Belmonte in Sabina;48;0;5;0;0;;;;5;1;5;1;0;;;;7;12
57005;Belmonte in Sabina;49;1;9;0;0;;;;10;3;3;0;0;;;;6;16
57005;Belmonte in Sabina;50;1;3;0;0;;;;4;2;3;0;0;;;;5;9
57005;Belmonte in Sabina;51;1;6;0;0;;;;7;0;3;2;1;;;;6;13
57005;Belmonte in Sabina;52;0;4;0;1;;;;5;0;3;1;0;;;;4;9
57005;Belmonte in Sabina;53;3;2;0;0;;;;5;0;2;2;0;;;;4;9
57005;Belmonte in Sabina;54;0;2;0;0;;;;2;1;3;1;0;;;;5;7
57005;Belmonte in Sabina;55;2;4;0;0;;;;6;2;6;1;0;;;;9;15
57005;Belmonte in Sabina;56;1;4;0;0;;;;5;1;3;1;2;;;;7;12
57005;Belmonte in Sabina;57;1;8;1;0;;;;10;0;11;0;0;;;;11;21
57005;Belmonte in Sabina;58;0;3;0;0;;;;3;1;5;2;0;;;;8;11
57005;Belmonte in Sabina;59;4;5;0;0;;;;9;0;4;0;0;;;;4;13
57005;Belmonte in Sabina;60;3;5;0;0;;;;8;1;4;0;0;;;;5;13
57005;Belmonte in Sabina;61;1;3;0;0;;;;4;0;2;1;0;;;;3;7
57005;Belmonte in Sabina;62;1;2;0;0;;;;3;0;2;1;1;;;;4;7
57005;Belmonte in Sabina;63;0;3;0;0;;;;3;0;2;0;0;;;;2;5
57005;Belmonte in Sabina;64;2;3;0;0;;;;5;0;1;0;0;;;;1;6
57005;Belmonte in Sabina;65;1;4;0;0;;;;5;1;1;0;0;;;;2;7
57005;Belmonte in Sabina;66;0;1;0;0;;;;1;0;1;0;0;;;;1;2
57005;Belmonte in Sabina;67;0;3;1;1;;;;5;1;3;1;0;;;;5;10
57005;Belmonte in Sabina;68;0;1;0;0;;;;1;0;1;0;2;;;;3;4
57005;Belmonte in Sabina;69;0;2;0;0;;;;2;0;1;0;1;;;;2;4
57005;Belmonte in Sabina;70;0;4;0;0;;;;4;1;1;0;1;;;;3;7
57005;Belmonte in Sabina;71;1;1;0;0;;;;2;1;4;0;1;;;;6;8
57005;Belmonte in Sabina;72;1;1;0;1;;;;3;0;1;0;1;;;;2;5
57005;Belmonte in Sabina;73;0;4;0;0;;;;4;0;5;0;1;;;;6;10
57005;Belmonte in Sabina;74;1;5;0;2;;;;8;0;7;0;3;;;;10;18
57005;Belmonte in Sabina;75;2;3;0;1;;;;6;0;0;0;3;;;;3;9
57005;Belmonte in Sabina;76;0;3;0;0;;;;3;0;3;1;2;;;;6;9
57005;Belmonte in Sabina;77;0;6;0;0;;;;6;0;6;0;3;;;;9;15
57005;Belmonte in Sabina;78;0;6;0;0;;;;6;0;3;0;3;;;;6;12
57005;Belmonte in Sabina;79;0;4;1;0;;;;5;1;2;0;0;;;;3;8
57005;Belmonte in Sabina;80;0;4;0;1;;;;5;0;2;0;0;;;;2;7
57005;Belmonte in Sabina;81;1;2;0;0;;;;3;0;2;0;3;;;;5;8
57005;Belmonte in Sabina;82;0;1;0;1;;;;2;0;2;0;1;;;;3;5
57005;Belmonte in Sabina;83;0;2;0;0;;;;2;0;3;0;1;;;;4;6
57005;Belmonte in Sabina;84;0;2;0;0;;;;2;0;1;0;2;;;;3;5
57005;Belmonte in Sabina;85;0;0;0;0;;;;0;0;1;0;2;;;;3;3
57005;Belmonte in Sabina;86;0;2;0;1;;;;3;0;0;0;1;;;;1;4
57005;Belmonte in Sabina;87;0;4;0;0;;;;4;0;0;0;1;;;;1;5
57005;Belmonte in Sabina;88;0;2;0;1;;;;3;0;0;0;0;;;;0;3
57005;Belmonte in Sabina;89;0;2;0;1;;;;3;0;0;0;2;;;;2;5
57005;Belmonte in Sabina;90;0;0;0;1;;;;1;0;0;0;1;;;;1;2
57005;Belmonte in Sabina;91;0;0;0;0;;;;0;0;1;0;2;;;;3;3
57005;Belmonte in Sabina;92;0;0;0;0;;;;0;0;0;0;0;;;;0;0
57005;Belmonte in Sabina;93;0;0;0;0;;;;0;0;0;0;0;;;;0;0
57005;Belmonte in Sabina;94;0;1;0;0;;;;1;0;0;0;0;;;;0;1
57005;Belmonte in Sabina;95;0;1;0;0;;;;1;0;0;0;0;;;;0;1
57005;Belmonte in Sabina;96;0;0;0;0;;;;0;0;0;0;0;;;;0;0
57005;Belmonte in Sabina;97;0;0;0;0;;;;0;0;0;0;1;;;;1;1
57005;Belmonte in Sabina;98;0;0;0;0;;;;0;0;0;0;1;;;;1;1
57005;Belmonte in Sabina;99;0;0;0;0;;;;0;0;0;0;0;;;;0;0
57005;Belmonte in Sabina;100;0;0;0;0;;;;0;0;0;0;0;;;;0;0
57005;Belmonte in Sabina;999;139;156;3;12;;;;310;122;140;18;43;;;;323;633
57006;Borbona;0;4;0;0;0;;;;4;1;0;0;0;;;;1;5
57006;Borbona;1;0;0;0;0;;;;0;2;0;0;0;;;;2;2
57006;Borbona;2;1;0;0;0;;;;1;1;0;0;0;;;;1;2
57006;Borbona;3;2;0;0;0;;;;2;0;0;0;0;;;;0;2
57006;Borbona;4;3;0;0;0;;;;3;1;0;0;0;;;;1;4
57006;Borbona;5;4;0;0;0;;;;4;1;0;0;0;;;;1;5
57006;Borbona;6;3;0;0;0;;;;3;2;0;0;0;;;;2;5
57006;Borbona;7;1;0;0;0;;;;1;0;0;0;0;;;;0;1
57006;Borbona;8;2;0;0;0;;;;2;1;0;0;0;;;;1;3
57006;Borbona;9;4;0;0;0;;;;4;4;0;0;0;;;;4;8
57006;Borbona;10;0;0;0;0;;;;0;2;0;0;0;;;;2;2
57006;Borbona;11;3;0;0;0;;;;3;0;0;0;0;;;;0;3
57006;Borbona;12;2;0;0;0;;;;2;2;0;0;0;;;;2;4
57006;Borbona;13;2;0;0;0;;;;2;0;0;0;0;;;;0;2
57006;Borbona;14;1;0;0;0;;;;1;2;0;0;0;;;;2;3
57006;Borbona;15;2;0;0;0;;;;2;2;0;0;0;;;;2;4
57006;Borbona;16;3;0;0;0;;;;3;1;0;0;0;;;;1;4
57006;Borbona;17;0;0;0;0;;;;0;2;0;0;0;;;;2;2
57006;Borbona;18;1;0;0;0;;;;1;1;0;0;0;;;;1;2
57006;Borbona;19;4;0;0;0;;;;4;1;0;0;0;;;;1;5
57006;Borbona;20;0;0;0;0;;;;0;3;0;0;0;;;;3;3
57006;Borbona;21;2;0;0;0;;;;2;1;0;0;0;;;;1;3
57006;Borbona;22;1;0;0;0;;;;1;3;0;0;0;;;;3;4
57006;Borbona;23;1;0;0;0;;;;1;0;0;0;0;;;;0;1
57006;Borbona;24;2;0;0;0;;;;2;2;0;0;0;;;;2;4
57006;Borbona;25;2;0;0;0;;;;2;1;0;0;0;;;;1;3
57006;Borbona;26;4;0;0;0;;;;4;0;0;0;0;;;;0;4
57006;Borbona;27;0;0;0;0;;;;0;1;0;0;0;;;;1;1
57006;Borbona;28;1;0;0;0;;;;1;1;1;0;0;;;;2;3
57006;Borbona;29;6;0;0;0;;;;6;1;1;0;0;;;;2;8
57006;Borbona;30;2;1;0;0;;;;3;2;0;0;0;;;;2;5
57006;Borbona;31;5;0;0;0;;;;5;1;1;0;0;;;;2;7
57006;Borbona;32;2;0;0;0;;;;2;2;2;0;0;;;;4;6
57006;Borbona;33;0;0;0;0;;;;0;3;0;0;0;;;;3;3
57006;Borbona;34;5;0;0;0;;;;5;1;0;0;0;;;;1;6
57006;Borbona;35;1;1;0;0;;;;2;0;1;0;0;;;;1;3
57006;Borbona;36;5;0;0;0;;;;5;2;0;0;0;;;;2;7
57006;Borbona;37;4;0;0;0;;;;4;1;2;0;0;;;;3;7
57006;Borbona;38;1;0;0;0;;;;1;0;3;1;0;;;;4;5
57006;Borbona;39;1;2;0;0;;;;3;0;1;2;0;;;;3;6
57006;Borbona;40;2;0;0;0;;;;2;1;2;0;0;;;;3;5
57006;Borbona;41;1;3;0;0;;;;4;2;1;0;0;;;;3;7
57006;Borbona;42;3;3;0;0;;;;6;5;3;0;0;;;;8;14
57006;Borbona;43;0;0;0;0;;;;0;1;2;0;0;;;;3;3
57006;Borbona;44;2;0;0;0;;;;2;0;0;0;0;;;;0;2
57006;Borbona;45;1;1;0;0;;;;2;1;0;1;0;;;;2;4
57006;Borbona;46;3;2;0;0;;;;5;2;2;0;0;;;;4;9
57006;Borbona;47;0;1;0;0;;;;1;0;3;0;0;;;;3;4
57006;Borbona;48;0;3;1;0;;;;4;1;1;0;0;;;;2;6
57006;Borbona;49;3;2;0;0;;;;5;2;1;0;0;;;;3;8
57006;Borbona;50;2;6;0;0;;;;8;2;0;0;0;;;;2;10
57006;Borbona;51;3;1;1;0;;;;5;0;1;0;0;;;;1;6
57006;Borbona;52;1;4;0;0;;;;5;0;2;0;0;;;;2;7
57006;Borbona;53;2;0;0;0;;;;2;1;4;0;0;;;;5;7
57006;Borbona;54;1;2;0;0;;;;3;1;5;0;0;;;;6;9
57006;Borbona;55;3;2;0;0;;;;5;0;3;0;0;;;;3;8
57006;Borbona;56;1;1;0;0;;;;2;2;6;0;0;;;;8;10
57006;Borbona;57;4;2;0;0;;;;6;0;3;1;0;;;;4;10
57006;Borbona;58;5;1;0;0;;;;6;2;1;0;0;;;;3;9
57006;Borbona;59;2;6;0;0;;;;8;2;4;0;0;;;;6;14
57006;Borbona;60;0;4;0;0;;;;4;1;4;1;0;;;;6;10
57006;Borbona;61;3;5;0;0;;;;8;1;5;0;1;;;;7;15
57006;Borbona;62;1;3;2;0;;;;6;2;6;0;1;;;;9;15
57006;Borbona;63;3;3;0;0;;;;6;0;1;1;0;;;;2;8
57006;Borbona;64;0;5;1;0;;;;6;0;2;0;1;;;;3;9
57006;Borbona;65;2;6;1;0;;;;9;1;3;0;0;;;;4;13
57006;Borbona;66;2;1;0;0;;;;3;0;1;1;0;;;;2;5
57006;Borbona;67;0;2;0;0;;;;2;1;5;0;1;;;;7;9
57006;Borbona;68;1;3;0;1;;;;5;0;5;0;1;;;;6;11
57006;Borbona;69;1;5;0;0;;;;6;0;2;0;2;;;;4;10
57006;Borbona;70;2;5;0;0;;;;7;0;5;0;1;;;;6;13
57006;Borbona;71;0;5;0;0;;;;5;0;5;0;0;;;;5;10
57006;Borbona;72;1;3;0;0;;;;4;1;4;1;3;;;;9;13
57006;Borbona;73;0;4;0;0;;;;4;1;2;0;1;;;;4;8
57006;Borbona;74;1;7;0;1;;;;9;0;4;0;1;;;;5;14
57006;Borbona;75;0;3;0;0;;;;3;2;1;0;2;;;;5;8
57006;Borbona;76;1;4;0;0;;;;5;0;0;0;2;;;;2;7
57006;Borbona;77;2;4;0;0;;;;6;1;1;0;0;;;;2;8
57006;Borbona;78;0;0;0;0;;;;0;0;2;0;3;;;;5;5
57006;Borbona;79;0;3;0;0;;;;3;0;1;0;1;;;;2;5
57006;Borbona;80;0;3;0;0;;;;3;0;0;1;1;;;;2;5
57006;Borbona;81;0;3;0;0;;;;3;0;1;0;1;;;;2;5
57006;Borbona;82;0;2;1;0;;;;3;0;5;0;1;;;;6;9
57006;Borbona;83;0;2;0;0;;;;2;0;1;0;4;;;;5;7
57006;Borbona;84;0;0;0;1;;;;1;0;0;0;1;;;;1;2
57006;Borbona;85;0;0;0;0;;;;0;2;0;0;5;;;;7;7
57006;Borbona;86;0;1;0;0;;;;1;0;1;1;1;;;;3;4
57006;Borbona;87;1;1;0;1;;;;3;0;0;0;1;;;;1;4
57006;Borbona;88;0;2;0;0;;;;2;0;1;0;1;;;;2;4
57006;Borbona;89;0;1;0;0;;;;1;0;0;0;6;;;;6;7
57006;Borbona;90;0;0;0;1;;;;1;1;1;0;3;;;;5;6
57006;Borbona;91;0;1;0;0;;;;1;0;0;0;0;;;;0;1
57006;Borbona;92;0;0;0;0;;;;0;0;0;0;1;;;;1;1
57006;Borbona;93;1;0;0;0;;;;1;0;0;0;1;;;;1;2
57006;Borbona;94;0;2;0;0;;;;2;0;0;0;1;;;;1;3
57006;Borbona;95;0;1;0;0;;;;1;0;0;0;1;;;;1;2
57006;Borbona;96;0;0;0;0;;;;0;0;0;0;1;;;;1;1
57006;Borbona;97;0;0;0;0;;;;0;0;0;0;1;;;;1;1
57006;Borbona;98;0;0;0;0;;;;0;0;0;0;1;;;;1;1
57006;Borbona;99;0;0;0;0;;;;0;0;0;0;0;;;;0;0
57006;Borbona;100;0;0;0;0;;;;0;0;0;0;0;;;;0;0
57006;Borbona;999;148;138;7;5;;;;298;90;125;11;53;;;;279;577
57007;Borgorose;0;8;0;0;0;;;;8;22;0;0;0;;;;22;30
57007;Borgorose;1;16;0;0;0;;;;16;12;0;0;0;;;;12;28
57007;Borgorose;2;19;0;0;0;;;;19;10;0;0;0;;;;10;29
57007;Borgorose;3;17;0;0;0;;;;17;13;0;0;0;;;;13;30
57007;Borgorose;4;13;0;0;0;;;;13;11;0;0;0;;;;11;24
57007;Borgorose;5;12;0;0;0;;;;12;11;0;0;0;;;;11;23
57007;Borgorose;6;15;0;0;0;;;;15;10;0;0;0;;;;10;25
57007;Borgorose;7;18;0;0;0;;;;18;15;0;0;0;;;;15;33
57007;Borgorose;8;13;0;0;0;;;;13;15;0;0;0;;;;15;28
57007;Borgorose;9;23;0;0;0;;;;23;12;0;0;0;;;;12;35
57007;Borgorose;10;19;0;0;0;;;;19;19;0;0;0;;;;19;38
57007;Borgorose;11;18;0;0;0;;;;18;19;0;0;0;;;;19;37
57007;Borgorose;12;15;0;0;0;;;;15;19;0;0;0;;;;19;34
57007;Borgorose;13;14;0;0;0;;;;14;18;0;0;0;;;;18;32
57007;Borgorose;14;15;0;0;0;;;;15;25;0;0;0;;;;25;40
57007;Borgorose;15;15;0;0;0;;;;15;24;0;0;0;;;;24;39
57007;Borgorose;16;25;0;0;0;;;;25;13;0;0;0;;;;13;38
57007;Borgorose;17;16;0;0;0;;;;16;20;0;0;0;;;;20;36
57007;Borgorose;18;23;0;0;0;;;;23;11;0;0;0;;;;11;34
57007;Borgorose;19;17;0;0;0;;;;17;10;0;0;0;;;;10;27
57007;Borgorose;20;15;0;0;0;;;;15;16;0;0;0;;;;16;31
57007;Borgorose;21;26;0;0;0;;;;26;17;0;0;0;;;;17;43
57007;Borgorose;22;20;1;0;0;;;;21;22;1;0;0;;;;23;44
57007;Borgorose;23;9;0;0;0;;;;9;22;0;0;0;;;;22;31
57007;Borgorose;24;15;0;0;0;;;;15;17;0;0;0;;;;17;32
57007;Borgorose;25;21;1;0;0;;;;22;18;0;0;0;;;;18;40
57007;Borgorose;26;15;1;0;0;;;;16;18;1;0;0;;;;19;35
57007;Borgorose;27;24;1;0;0;;;;25;13;2;0;0;;;;15;40
57007;Borgorose;28;17;0;0;0;;;;17;19;1;0;0;;;;20;37
57007;Borgorose;29;27;2;0;0;;;;29;11;4;0;0;;;;15;44
57007;Borgorose;30;22;2;0;0;;;;24;14;4;0;0;;;;18;42
57007;Borgorose;31;26;3;0;0;;;;29;12;10;0;0;;;;22;51
57007;Borgorose;32;28;0;0;0;;;;28;22;6;0;0;;;;28;56
57007;Borgorose;33;28;1;0;0;;;;29;17;5;0;0;;;;22;51
57007;Borgorose;34;18;5;0;0;;;;23;15;6;0;0;;;;21;44
57007;Borgorose;35;22;7;0;0;;;;29;15;4;0;0;;;;19;48
57007;Borgorose;36;20;3;0;0;;;;23;11;12;0;0;;;;23;46
57007;Borgorose;37;19;7;1;0;;;;27;16;8;0;0;;;;24;51
57007;Borgorose;38;20;7;0;0;;;;27;13;11;1;0;;;;25;52
57007;Borgorose;39;19;9;0;0;;;;28;11;11;1;0;;;;23;51
57007;Borgorose;40;15;11;1;0;;;;27;5;8;0;0;;;;13;40
57007;Borgorose;41;13;10;0;0;;;;23;13;17;0;0;;;;30;53
57007;Borgorose;42;13;11;1;0;;;;25;13;17;0;0;;;;30;55
57007;Borgorose;43;6;15;2;0;;;;23;10;17;3;0;;;;30;53
57007;Borgorose;44;8;14;1;0;;;;23;14;17;1;0;;;;32;55
57007;Borgorose;45;13;12;0;0;;;;25;5;19;0;0;;;;24;49
57007;Borgorose;46;21;16;2;0;;;;39;5;18;2;0;;;;25;64
57007;Borgorose;47;14;14;0;0;;;;28;5;13;0;0;;;;18;46
57007;Borgorose;48;7;17;0;0;;;;24;6;17;1;2;;;;26;50
57007;Borgorose;49;14;16;2;0;;;;32;1;22;1;1;;;;25;57
57007;Borgorose;50;6;16;1;0;;;;23;4;18;2;0;;;;24;47
57007;Borgorose;51;7;23;0;0;;;;30;4;27;1;0;;;;32;62
57007;Borgorose;52;13;22;1;0;;;;36;8;27;3;1;;;;39;75
57007;Borgorose;53;3;25;2;0;;;;30;1;17;1;2;;;;21;51
57007;Borgorose;54;12;20;1;0;;;;33;7;25;0;2;;;;34;67
57007;Borgorose;55;6;30;2;0;;;;38;4;22;4;2;;;;32;70
57007;Borgorose;56;4;25;2;0;;;;31;5;21;2;3;;;;31;62
57007;Borgorose;57;6;23;1;0;;;;30;2;35;1;1;;;;39;69
57007;Borgorose;58;5;26;1;0;;;;32;2;27;1;3;;;;33;65
57007;Borgorose;59;11;36;0;0;;;;47;4;26;0;3;;;;33;80
57007;Borgorose;60;8;24;0;0;;;;32;5;35;0;2;;;;42;74
57007;Borgorose;61;7;41;1;0;;;;49;1;32;3;4;;;;40;89
57007;Borgorose;62;7;22;3;0;;;;32;6;21;1;2;;;;30;62
57007;Borgorose;63;6;28;2;1;;;;37;7;33;0;4;;;;44;81
57007;Borgorose;64;6;33;1;0;;;;40;1;43;1;5;;;;50;90
57007;Borgorose;65;4;20;0;0;;;;24;1;20;0;6;;;;27;51
57007;Borgorose;66;8;30;1;1;;;;40;3;22;1;3;;;;29;69
57007;Borgorose;67;9;25;0;0;;;;34;2;18;0;4;;;;24;58
57007;Borgorose;68;4;38;4;1;;;;47;5;18;0;7;;;;30;77
57007;Borgorose;69;3;25;3;1;;;;32;2;24;1;6;;;;33;65
57007;Borgorose;70;1;26;0;3;;;;30;2;18;0;5;;;;25;55
57007;Borgorose;71;4;24;3;2;;;;33;3;17;0;9;;;;29;62
57007;Borgorose;72;2;25;2;0;;;;29;2;23;0;1;;;;26;55
57007;Borgorose;73;2;25;2;1;;;;30;1;17;1;6;;;;25;55
57007;Borgorose;74;1;21;1;3;;;;26;2;11;1;4;;;;18;44
57007;Borgorose;75;0;20;1;0;;;;21;2;10;1;13;;;;26;47
57007;Borgorose;76;3;15;1;3;;;;22;2;14;1;8;;;;25;47
57007;Borgorose;77;1;20;1;1;;;;23;1;6;1;13;;;;21;44
57007;Borgorose;78;1;22;1;0;;;;24;1;7;0;12;;;;20;44
57007;Borgorose;79;0;12;0;0;;;;12;3;9;0;8;;;;20;32
57007;Borgorose;80;0;9;0;3;;;;12;2;11;0;6;;;;19;31
57007;Borgorose;81;1;11;0;1;;;;13;1;7;0;9;;;;17;30
57007;Borgorose;82;1;11;3;2;;;;17;1;7;0;6;;;;14;31
57007;Borgorose;83;3;7;0;4;;;;14;0;3;0;7;;;;10;24
57007;Borgorose;84;1;15;0;3;;;;19;0;10;0;8;;;;18;37
57007;Borgorose;85;1;5;0;3;;;;9;2;6;0;9;;;;17;26
57007;Borgorose;86;0;7;2;2;;;;11;0;6;0;9;;;;15;26
57007;Borgorose;87;2;8;0;3;;;;13;2;3;0;4;;;;9;22
57007;Borgorose;88;0;4;0;6;;;;10;0;3;0;6;;;;9;19
57007;Borgorose;89;0;6;0;3;;;;9;0;2;0;11;;;;13;22
57007;Borgorose;90;0;3;0;4;;;;7;1;3;0;4;;;;8;15
57007;Borgorose;91;1;3;0;2;;;;6;0;2;0;3;;;;5;11
57007;Borgorose;92;0;3;0;3;;;;6;0;3;0;6;;;;9;15
57007;Borgorose;93;0;1;0;1;;;;2;1;3;0;4;;;;8;10
57007;Borgorose;94;0;1;0;1;;;;2;0;1;0;3;;;;4;6
57007;Borgorose;95;0;0;0;1;;;;1;0;0;0;2;;;;2;3
57007;Borgorose;96;0;0;0;0;;;;0;1;0;0;0;;;;1;1
57007;Borgorose;97;0;1;0;1;;;;2;0;0;0;0;;;;0;2
57007;Borgorose;98;0;1;0;0;;;;1;0;0;0;0;;;;0;1
57007;Borgorose;99;0;0;0;0;;;;0;0;0;0;0;;;;0;0
57007;Borgorose;100;0;0;0;0;;;;0;0;0;0;1;;;;1;1
57007;Borgorose;999;1026;1024;53;60;;;;2163;809;964;37;240;;;;2050;4213
57008;Borgo Velino;0;0;0;0;0;;;;0;4;0;0;0;;;;4;4
57008;Borgo Velino;1;1;0;0;0;;;;1;2;0;0;0;;;;2;3
57008;Borgo Velino;2;5;0;0;0;;;;5;1;0;0;0;;;;1;6
57008;Borgo Velino;3;3;0;0;0;;;;3;2;0;0;0;;;;2;5
57008;Borgo Velino;4;1;0;0;0;;;;1;4;0;0;0;;;;4;5
57008;Borgo Velino;5;2;0;0;0;;;;2;3;0;0;0;;;;3;5
57008;Borgo Velino;6;1;0;0;0;;;;1;2;0;0;0;;;;2;3
57008;Borgo Velino;7;2;0;0;0;;;;2;0;0;0;0;;;;0;2
57008;Borgo Velino;8;3;0;0;0;;;;3;4;0;0;0;;;;4;7
57008;Borgo Velino;9;0;0;0;0;;;;0;4;0;0;0;;;;4;4
57008;Borgo Velino;10;2;0;0;0;;;;2;4;0;0;0;;;;4;6
57008;Borgo Velino;11;2;0;0;0;;;;2;6;0;0;0;;;;6;8
57008;Borgo Velino;12;5;0;0;0;;;;5;3;0;0;0;;;;3;8
57008;Borgo Velino;13;1;0;0;0;;;;1;4;0;0;0;;;;4;5
57008;Borgo Velino;14;1;0;0;0;;;;1;4;0;0;0;;;;4;5
57008;Borgo Velino;15;2;0;0;0;;;;2;4;0;0;0;;;;4;6
57008;Borgo Velino;16;5;0;0;0;;;;5;4;0;0;0;;;;4;9
57008;Borgo Velino;17;4;0;0;0;;;;4;5;0;0;0;;;;5;9
57008;Borgo Velino;18;7;0;0;0;;;;7;4;0;0;0;;;;4;11
57008;Borgo Velino;19;4;0;0;0;;;;4;6;0;0;0;;;;6;10
57008;Borgo Velino;20;4;0;0;0;;;;4;2;0;0;0;;;;2;6
57008;Borgo Velino;21;7;0;0;0;;;;7;2;0;0;0;;;;2;9
57008;Borgo Velino;22;5;0;0;0;;;;5;1;0;0;0;;;;1;6
57008;Borgo Velino;23;5;0;0;0;;;;5;7;0;0;0;;;;7;12
57008;Borgo Velino;24;5;0;0;0;;;;5;5;0;0;0;;;;5;10
57008;Borgo Velino;25;1;0;0;0;;;;1;7;0;0;0;;;;7;8
57008;Borgo Velino;26;6;0;0;0;;;;6;3;1;0;0;;;;4;10
57008;Borgo Velino;27;3;0;0;0;;;;3;5;0;0;0;;;;5;8
57008;Borgo Velino;28;9;1;0;0;;;;10;1;1;0;0;;;;2;12
57008;Borgo Velino;29;7;0;0;0;;;;7;3;1;0;0;;;;4;11
57008;Borgo Velino;30;3;1;0;0;;;;4;6;1;0;0;;;;7;11
57008;Borgo Velino;31;3;0;0;0;;;;3;3;4;0;0;;;;7;10
57008;Borgo Velino;32;5;0;0;0;;;;5;1;1;1;0;;;;3;8
57008;Borgo Velino;33;7;0;0;0;;;;7;2;0;0;0;;;;2;9
57008;Borgo Velino;34;2;1;0;0;;;;3;4;0;0;0;;;;4;7
57008;Borgo Velino;35;4;5;0;0;;;;9;1;0;0;0;;;;1;10
57008;Borgo Velino;36;3;1;0;0;;;;4;1;2;0;0;;;;3;7
57008;Borgo Velino;37;1;1;0;0;;;;2;2;1;0;0;;;;3;5
57008;Borgo Velino;38;5;2;0;0;;;;7;5;1;0;0;;;;6;13
57008;Borgo Velino;39;4;3;0;0;;;;7;2;1;0;0;;;;3;10
57008;Borgo Velino;40;3;2;0;0;;;;5;4;5;0;0;;;;9;14
57008;Borgo Velino;41;5;2;0;0;;;;7;1;2;0;0;;;;3;10
57008;Borgo Velino;42;3;1;0;0;;;;4;0;4;0;0;;;;4;8
57008;Borgo Velino;43;4;5;0;0;;;;9;1;4;0;0;;;;5;14
57008;Borgo Velino;44;2;2;0;0;;;;4;1;4;0;0;;;;5;9
57008;Borgo Velino;45;1;0;0;0;;;;1;3;2;0;0;;;;5;6
57008;Borgo Velino;46;2;4;0;0;;;;6;1;4;0;0;;;;5;11
57008;Borgo Velino;47;2;1;0;0;;;;3;4;3;0;0;;;;7;10
57008;Borgo Velino;48;4;5;0;0;;;;9;0;3;0;0;;;;3;12
57008;Borgo Velino;49;2;4;0;0;;;;6;1;3;0;0;;;;4;10
57008;Borgo Velino;50;2;1;1;0;;;;4;2;6;1;0;;;;9;13
57008;Borgo Velino;51;1;5;0;0;;;;6;3;7;0;1;;;;11;17
57008;Borgo Velino;52;1;7;0;0;;;;8;2;9;0;0;;;;11;19
57008;Borgo Velino;53;3;5;0;0;;;;8;1;5;0;0;;;;6;14
57008;Borgo Velino;54;1;13;0;0;;;;14;3;7;2;0;;;;12;26
57008;Borgo Velino;55;0;4;0;0;;;;4;2;2;2;0;;;;6;10
57008;Borgo Velino;56;2;3;0;0;;;;5;1;7;1;1;;;;10;15
57008;Borgo Velino;57;2;2;0;0;;;;4;1;8;0;1;;;;10;14
57008;Borgo Velino;58;2;3;1;1;;;;7;2;7;2;0;;;;11;18
57008;Borgo Velino;59;0;4;0;0;;;;4;0;7;0;0;;;;7;11
57008;Borgo Velino;60;1;5;0;0;;;;6;0;6;0;1;;;;7;13
57008;Borgo Velino;61;2;5;0;1;;;;8;2;6;0;0;;;;8;16
57008;Borgo Velino;62;0;3;0;0;;;;3;0;4;0;0;;;;4;7
57008;Borgo Velino;63;0;11;0;0;;;;11;0;4;2;1;;;;7;18
57008;Borgo Velino;64;0;8;0;0;;;;8;0;7;1;1;;;;9;17
57008;Borgo Velino;65;1;8;0;0;;;;9;0;4;0;0;;;;4;13
57008;Borgo Velino;66;1;1;1;0;;;;3;1;6;0;1;;;;8;11
57008;Borgo Velino;67;1;2;0;0;;;;3;0;9;1;1;;;;11;14
57008;Borgo Velino;68;0;6;1;0;;;;7;0;4;0;0;;;;4;11
57008;Borgo Velino;69;0;6;0;0;;;;6;0;7;0;2;;;;9;15
57008;Borgo Velino;70;0;9;1;0;;;;10;0;4;0;2;;;;6;16
57008;Borgo Velino;71;0;5;0;1;;;;6;0;1;0;2;;;;3;9
57008;Borgo Velino;72;0;7;0;1;;;;8;1;6;0;2;;;;9;17
57008;Borgo Velino;73;0;3;0;1;;;;4;0;4;0;1;;;;5;9
57008;Borgo Velino;74;0;4;0;3;;;;7;1;2;0;4;;;;7;14
57008;Borgo Velino;75;0;9;0;0;;;;9;0;5;0;1;;;;6;15
57008;Borgo Velino;76;0;7;1;0;;;;8;0;5;0;0;;;;5;13
57008;Borgo Velino;77;1;6;0;1;;;;8;2;3;0;2;;;;7;15
57008;Borgo Velino;78;1;4;0;0;;;;5;1;4;0;2;;;;7;12
57008;Borgo Velino;79;0;2;0;0;;;;2;1;2;0;1;;;;4;6
57008;Borgo Velino;80;0;0;0;0;;;;0;0;3;0;2;;;;5;5
57008;Borgo Velino;81;0;4;0;0;;;;4;0;2;0;2;;;;4;8
57008;Borgo Velino;82;0;1;0;1;;;;2;0;2;0;1;;;;3;5
57008;Borgo Velino;83;0;2;0;0;;;;2;0;0;0;1;;;;1;3
57008;Borgo Velino;84;0;2;0;1;;;;3;0;1;0;2;;;;3;6
57008;Borgo Velino;85;0;3;0;1;;;;4;0;1;0;4;;;;5;9
57008;Borgo Velino;86;0;4;0;1;;;;5;0;0;0;5;;;;5;10
57008;Borgo Velino;87;0;2;0;2;;;;4;0;0;0;4;;;;4;8
57008;Borgo Velino;88;0;2;0;0;;;;2;0;0;0;3;;;;3;5
57008;Borgo Velino;89;0;1;0;1;;;;2;0;1;0;2;;;;3;5
57008;Borgo Velino;90;0;1;0;0;;;;1;0;1;0;2;;;;3;4
57008;Borgo Velino;91;0;1;0;0;;;;1;0;0;0;3;;;;3;4
57008;Borgo Velino;92;0;0;0;1;;;;1;0;0;0;4;;;;4;5
57008;Borgo Velino;93;0;0;0;0;;;;0;0;0;0;0;;;;0;0
57008;Borgo Velino;94;0;0;0;0;;;;0;0;0;0;0;;;;0;0
57008;Borgo Velino;95;0;0;0;0;;;;0;0;0;0;0;;;;0;0
57008;Borgo Velino;96;0;0;0;0;;;;0;0;0;0;1;;;;1;1
57008;Borgo Velino;97;0;0;0;0;;;;0;0;0;0;0;;;;0;0
57008;Borgo Velino;98;0;0;0;0;;;;0;0;0;0;0;;;;0;0
57008;Borgo Velino;99;0;0;0;0;;;;0;0;0;0;0;;;;0;0
57008;Borgo Velino;100;0;0;0;0;;;;0;0;0;0;0;;;;0;0
57008;Borgo Velino;999;190;222;6;17;;;;435;175;217;13;63;;;;468;903
57009;Cantalice;0;7;0;0;0;;;;7;6;0;0;0;;;;6;13
57009;Cantalice;1;13;0;0;0;;;;13;6;0;0;0;;;;6;19
57009;Cantalice;2;4;0;0;0;;;;4;6;0;0;0;;;;6;10
57009;Cantalice;3;9;0;0;0;;;;9;6;0;0;0;;;;6;15
57009;Cantalice;4;13;0;0;0;;;;13;11;0;0;0;;;;11;24
57009;Cantalice;5;9;0;0;0;;;;9;10;0;0;0;;;;10;19
57009;Cantalice;6;7;0;0;0;;;;7;6;0;0;0;;;;6;13
57009;Cantalice;7;4;0;0;0;;;;4;9;0;0;0;;;;9;13
57009;Cantalice;8;8;0;0;0;;;;8;8;0;0;0;;;;8;16
57009;Cantalice;9;6;0;0;0;;;;6;9;0;0;0;;;;9;15
57009;Cantalice;10;12;0;0;0;;;;12;14;0;0;0;;;;14;26
57009;Cantalice;11;15;0;0;0;;;;15;7;0;0;0;;;;7;22
57009;Cantalice;12;15;0;0;0;;;;15;12;0;0;0;;;;12;27
57009;Cantalice;13;9;0;0;0;;;;9;10;0;0;0;;;;10;19
57009;Cantalice;14;12;0;0;0;;;;12;9;0;0;0;;;;9;21
57009;Cantalice;15;9;0;0;0;;;;9;10;0;0;0;;;;10;19
57009;Cantalice;16;7;0;0;0;;;;7;11;0;0;0;;;;11;18
57009;Cantalice;17;7;0;0;0;;;;7;11;0;0;0;;;;11;18
57009;Cantalice;18;7;0;0;0;;;;7;3;0;0;0;;;;3;10
57009;Cantalice;19;7;0;0;0;;;;7;12;0;0;0;;;;12;19
57009;Cantalice;20;11;0;0;0;;;;11;11;0;0;0;;;;11;22
57009;Cantalice;21;8;0;0;0;;;;8;12;1;0;0;;;;13;21
57009;Cantalice;22;10;0;0;0;;;;10;16;0;0;0;;;;16;26
57009;Cantalice;23;14;0;0;0;;;;14;11;0;0;0;;;;11;25
57009;Cantalice;24;14;0;0;0;;;;14;10;0;0;0;;;;10;24
57009;Cantalice;25;14;0;0;0;;;;14;11;1;0;0;;;;12;26
57009;Cantalice;26;11;1;0;0;;;;12;13;1;0;0;;;;14;26
57009;Cantalice;27;8;0;0;0;;;;8;11;2;0;0;;;;13;21
57009;Cantalice;28;9;1;0;0;;;;10;7;1;0;0;;;;8;18
57009;Cantalice;29;9;2;0;0;;;;11;8;0;0;0;;;;8;19
57009;Cantalice;30;9;0;0;0;;;;9;16;3;0;0;;;;19;28
57009;Cantalice;31;11;1;0;0;;;;12;5;3;0;0;;;;8;20
57009;Cantalice;32;9;1;0;0;;;;10;7;4;0;0;;;;11;21
57009;Cantalice;33;6;7;0;0;;;;13;12;4;0;0;;;;16;29
57009;Cantalice;34;13;3;0;0;;;;16;5;6;0;0;;;;11;27
57009;Cantalice;35;17;3;0;0;;;;20;4;3;1;0;;;;8;28
57009;Cantalice;36;12;3;0;0;;;;15;5;5;0;0;;;;10;25
57009;Cantalice;37;11;3;2;0;;;;16;8;8;0;0;;;;16;32
57009;Cantalice;38;11;5;0;0;;;;16;6;8;0;0;;;;14;30
57009;Cantalice;39;4;5;0;0;;;;9;7;9;0;0;;;;16;25
57009;Cantalice;40;12;7;0;0;;;;19;3;9;0;1;;;;13;32
57009;Cantalice;41;5;2;0;0;;;;7;11;7;1;0;;;;19;26
57009;Cantalice;42;7;5;0;0;;;;12;3;9;1;0;;;;13;25
57009;Cantalice;43;8;8;0;0;;;;16;7;7;1;0;;;;15;31
57009;Cantalice;44;11;8;1;0;;;;20;7;14;0;0;;;;21;41
57009;Cantalice;45;9;12;1;0;;;;22;8;3;0;0;;;;11;33
57009;Cantalice;46;3;10;1;0;;;;14;5;6;1;0;;;;12;26
57009;Cantalice;47;7;9;0;0;;;;16;3;12;0;0;;;;15;31
57009;Cantalice;48;5;9;0;0;;;;14;6;15;2;1;;;;24;38
57009;Cantalice;49;6;8;1;1;;;;16;4;9;0;0;;;;13;29
57009;Cantalice;50;6;11;1;0;;;;18;4;9;2;0;;;;15;33
57009;Cantalice;51;4;11;2;0;;;;17;3;8;0;0;;;;11;28
57009;Cantalice;52;3;13;0;0;;;;16;1;11;1;0;;;;13;29
57009;Cantalice;53;6;11;2;1;;;;20;1;15;3;0;;;;19;39
57009;Cantalice;54;4;18;1;0;;;;23;1;18;2;1;;;;22;45
57009;Cantalice;55;5;11;1;0;;;;17;1;23;1;1;;;;26;43
57009;Cantalice;56;8;14;2;0;;;;24;4;11;1;0;;;;16;40
57009;Cantalice;57;6;20;2;0;;;;28;1;10;0;1;;;;12;40
57009;Cantalice;58;4;9;1;1;;;;15;1;14;1;1;;;;17;32
57009;Cantalice;59;2;19;0;0;;;;21;2;18;0;1;;;;21;42
57009;Cantalice;60;2;22;2;0;;;;26;1;13;1;3;;;;18;44
57009;Cantalice;61;5;14;1;0;;;;20;2;13;0;0;;;;15;35
57009;Cantalice;62;4;20;4;0;;;;28;3;10;1;4;;;;18;46
57009;Cantalice;63;1;14;1;3;;;;19;5;16;1;1;;;;23;42
57009;Cantalice;64;1;18;1;0;;;;20;3;18;1;3;;;;25;45
57009;Cantalice;65;2;20;0;1;;;;23;1;12;0;1;;;;14;37
57009;Cantalice;66;2;8;2;1;;;;13;1;16;4;3;;;;24;37
57009;Cantalice;67;1;12;0;0;;;;13;1;12;0;2;;;;15;28
57009;Cantalice;68;2;15;2;1;;;;20;0;10;0;3;;;;13;33
57009;Cantalice;69;1;12;0;1;;;;14;0;10;0;3;;;;13;27
57009;Cantalice;70;0;15;0;2;;;;17;2;7;1;10;;;;20;37
57009;Cantalice;71;1;13;0;3;;;;17;1;15;1;5;;;;22;39
57009;Cantalice;72;2;13;0;0;;;;15;0;10;0;5;;;;15;30
57009;Cantalice;73;0;11;1;0;;;;12;1;9;0;3;;;;13;25
57009;Cantalice;74;0;12;0;1;;;;13;1;8;0;4;;;;13;26
57009;Cantalice;75;0;9;0;1;;;;10;0;10;0;4;;;;14;24
57009;Cantalice;76;0;13;1;0;;;;14;1;6;0;3;;;;10;24
57009;Cantalice;77;2;11;1;2;;;;16;1;12;0;9;;;;22;38
57009;Cantalice;78;0;13;1;1;;;;15;1;6;0;6;;;;13;28
57009;Cantalice;79;0;9;0;1;;;;10;0;7;0;4;;;;11;21
57009;Cantalice;80;0;10;0;2;;;;12;0;4;1;2;;;;7;19
57009;Cantalice;81;0;8;0;0;;;;8;0;4;0;4;;;;8;16
57009;Cantalice;82;0;3;0;2;;;;5;0;9;0;3;;;;12;17
57009;Cantalice;83;0;8;1;0;;;;9;0;9;0;3;;;;12;21
57009;Cantalice;84;0;6;0;0;;;;6;0;4;0;9;;;;13;19
57009;Cantalice;85;2;6;0;1;;;;9;1;1;0;7;;;;9;18
57009;Cantalice;86;0;13;0;1;;;;14;1;2;0;7;;;;10;24
57009;Cantalice;87;0;9;0;1;;;;10;0;1;0;8;;;;9;19
57009;Cantalice;88;0;3;0;1;;;;4;0;1;0;5;;;;6;10
57009;Cantalice;89;0;0;0;0;;;;0;0;1;0;12;;;;13;13
57009;Cantalice;90;0;1;0;0;;;;1;0;1;0;4;;;;5;6
57009;Cantalice;91;0;3;0;1;;;;4;0;0;0;14;;;;14;18
57009;Cantalice;92;1;1;0;1;;;;3;0;1;0;2;;;;3;6
57009;Cantalice;93;0;0;0;0;;;;0;0;0;0;2;;;;2;2
57009;Cantalice;94;0;0;0;0;;;;0;0;0;0;4;;;;4;4
57009;Cantalice;95;0;0;0;1;;;;1;0;0;0;0;;;;0;1
57009;Cantalice;96;0;0;0;0;;;;0;0;0;0;1;;;;1;1
57009;Cantalice;97;0;0;0;0;;;;0;0;0;0;0;;;;0;0
57009;Cantalice;98;0;0;0;0;;;;0;0;0;0;0;;;;0;0
57009;Cantalice;99;0;0;0;0;;;;0;0;0;0;2;;;;2;2
57009;Cantalice;100;0;0;0;0;;;;0;0;0;0;0;;;;0;0
57009;Cantalice;999;541;595;36;32;;;;1204;464;545;29;172;;;;1210;2414
57010;Cantalupo in Sabina;0;4;0;0;0;;;;4;7;0;0;0;;;;7;11
57010;Cantalupo in Sabina;1;10;0;0;0;;;;10;5;0;0;0;;;;5;15
57010;Cantalupo in Sabina;2;5;0;0;0;;;;5;7;0;0;0;;;;7;12
57010;Cantalupo in Sabina;3;6;0;0;0;;;;6;3;0;0;0;;;;3;9
57010;Cantalupo in Sabina;4;2;0;0;0;;;;2;9;0;0;0;;;;9;11
57010;Cantalupo in Sabina;5;5;0;0;0;;;;5;3;0;0;0;;;;3;8
57010;Cantalupo in Sabina;6;7;0;0;0;;;;7;5;0;0;0;;;;5;12
57010;Cantalupo in Sabina;7;7;0;0;0;;;;7;4;0;0;0;;;;4;11
57010;Cantalupo in Sabina;8;3;0;0;0;;;;3;6;0;0;0;;;;6;9
57010;Cantalupo in Sabina;9;7;0;0;0;;;;7;2;0;0;0;;;;2;9
57010;Cantalupo in Sabina;10;1;0;0;0;;;;1;11;0;0;0;;;;11;12
57010;Cantalupo in Sabina;11;7;0;0;0;;;;7;5;0;0;0;;;;5;12
57010;Cantalupo in Sabina;12;3;0;0;0;;;;3;9;0;0;0;;;;9;12
57010;Cantalupo in Sabina;13;7;0;0;0;;;;7;6;0;0;0;;;;6;13
57010;Cantalupo in Sabina;14;8;0;0;0;;;;8;8;0;0;0;;;;8;16
57010;Cantalupo in Sabina;15;8;0;0;0;;;;8;4;0;0;0;;;;4;12
57010;Cantalupo in Sabina;16;4;0;0;0;;;;4;7;0;0;0;;;;7;11
57010;Cantalupo in Sabina;17;9;0;0;0;;;;9;12;0;0;0;;;;12;21
57010;Cantalupo in Sabina;18;5;0;0;0;;;;5;4;0;0;0;;;;4;9
57010;Cantalupo in Sabina;19;10;0;0;0;;;;10;4;0;0;0;;;;4;14
57010;Cantalupo in Sabina;20;7;0;0;0;;;;7;4;0;0;0;;;;4;11
57010;Cantalupo in Sabina;21;10;0;0;0;;;;10;3;0;0;0;;;;3;13
57010;Cantalupo in Sabina;22;7;0;0;0;;;;7;8;0;0;0;;;;8;15
57010;Cantalupo in Sabina;23;4;0;0;0;;;;4;8;0;0;0;;;;8;12
57010;Cantalupo in Sabina;24;9;0;0;0;;;;9;6;1;0;0;;;;7;16
57010;Cantalupo in Sabina;25;8;0;0;0;;;;8;2;0;0;0;;;;2;10
57010;Cantalupo in Sabina;26;9;0;0;0;;;;9;9;0;0;0;;;;9;18
57010;Cantalupo in Sabina;27;14;1;0;0;;;;15;5;1;0;0;;;;6;21
57010;Cantalupo in Sabina;28;4;0;0;0;;;;4;7;1;0;0;;;;8;12
57010;Cantalupo in Sabina;29;2;1;0;0;;;;3;5;0;0;0;;;;5;8
57010;Cantalupo in Sabina;30;9;2;0;0;;;;11;7;5;0;0;;;;12;23
57010;Cantalupo in Sabina;31;11;0;0;0;;;;11;12;0;0;0;;;;12;23
57010;Cantalupo in Sabina;32;8;2;0;0;;;;10;8;2;0;0;;;;10;20
57010;Cantalupo in Sabina;33;10;0;0;0;;;;10;6;3;0;0;;;;9;19
57010;Cantalupo in Sabina;34;7;2;0;0;;;;9;6;0;0;0;;;;6;15
57010;Cantalupo in Sabina;35;6;2;0;0;;;;8;6;8;1;0;;;;15;23
57010;Cantalupo in Sabina;36;9;1;0;0;;;;10;5;4;0;0;;;;9;19
57010;Cantalupo in Sabina;37;5;5;0;0;;;;10;5;5;0;0;;;;10;20
57010;Cantalupo in Sabina;38;5;2;1;0;;;;8;4;2;0;0;;;;6;14
57010;Cantalupo in Sabina;39;8;5;0;0;;;;13;2;5;0;0;;;;7;20
57010;Cantalupo in Sabina;40;12;5;0;0;;;;17;5;7;0;0;;;;12;29
57010;Cantalupo in Sabina;41;11;6;1;0;;;;18;3;5;0;0;;;;8;26
57010;Cantalupo in Sabina;42;3;4;0;0;;;;7;7;4;0;0;;;;11;18
57010;Cantalupo in Sabina;43;2;2;0;1;;;;5;6;2;0;0;;;;8;13
57010;Cantalupo in Sabina;44;3;4;0;0;;;;7;3;3;0;0;;;;6;13
57010;Cantalupo in Sabina;45;7;5;0;0;;;;12;4;11;0;0;;;;15;27
57010;Cantalupo in Sabina;46;3;6;1;0;;;;10;4;8;0;1;;;;13;23
57010;Cantalupo in Sabina;47;8;6;0;0;;;;14;5;7;0;0;;;;12;26
57010;Cantalupo in Sabina;48;6;7;1;0;;;;14;3;13;2;0;;;;18;32
57010;Cantalupo in Sabina;49;13;5;0;0;;;;18;3;12;1;0;;;;16;34
57010;Cantalupo in Sabina;50;4;4;0;0;;;;8;4;5;0;0;;;;9;17
57010;Cantalupo in Sabina;51;7;10;0;0;;;;17;7;6;1;1;;;;15;32
57010;Cantalupo in Sabina;52;4;6;2;0;;;;12;2;8;0;0;;;;10;22
57010;Cantalupo in Sabina;53;4;11;0;1;;;;16;4;12;1;0;;;;17;33
57010;Cantalupo in Sabina;54;4;4;0;1;;;;9;2;10;0;1;;;;13;22
57010;Cantalupo in Sabina;55;1;9;0;0;;;;10;2;11;1;3;;;;17;27
57010;Cantalupo in Sabina;56;3;12;2;0;;;;17;1;11;2;0;;;;14;31
57010;Cantalupo in Sabina;57;4;10;0;0;;;;14;4;7;1;0;;;;12;26
57010;Cantalupo in Sabina;58;2;7;3;0;;;;12;0;13;0;0;;;;13;25
57010;Cantalupo in Sabina;59;1;11;1;0;;;;13;1;14;1;1;;;;17;30
57010;Cantalupo in Sabina;60;0;10;2;0;;;;12;1;4;0;0;;;;5;17
57010;Cantalupo in Sabina;61;3;9;3;1;;;;16;1;11;2;1;;;;15;31
57010;Cantalupo in Sabina;62;1;9;3;0;;;;13;1;9;3;2;;;;15;28
57010;Cantalupo in Sabina;63;1;14;2;0;;;;17;0;2;2;1;;;;5;22
57010;Cantalupo in Sabina;64;2;12;2;0;;;;16;0;13;1;2;;;;16;32
57010;Cantalupo in Sabina;65;1;5;0;0;;;;6;1;13;1;3;;;;18;24
57010;Cantalupo in Sabina;66;1;11;1;0;;;;13;1;7;3;3;;;;14;27
57010;Cantalupo in Sabina;67;0;3;1;0;;;;4;0;10;0;0;;;;10;14
57010;Cantalupo in Sabina;68;3;10;2;1;;;;16;0;8;1;3;;;;12;28
57010;Cantalupo in Sabina;69;2;9;1;0;;;;12;3;7;0;0;;;;10;22
57010;Cantalupo in Sabina;70;1;6;0;0;;;;7;0;6;0;1;;;;7;14
57010;Cantalupo in Sabina;71;0;10;1;2;;;;13;4;13;1;1;;;;19;32
57010;Cantalupo in Sabina;72;0;3;0;0;;;;3;0;7;2;5;;;;14;17
57010;Cantalupo in Sabina;73;1;11;1;2;;;;15;1;3;0;3;;;;7;22
57010;Cantalupo in Sabina;74;0;8;0;4;;;;12;0;10;0;4;;;;14;26
57010;Cantalupo in Sabina;75;0;5;0;0;;;;5;1;4;1;5;;;;11;16
57010;Cantalupo in Sabina;76;0;10;2;1;;;;13;0;6;1;7;;;;14;27
57010;Cantalupo in Sabina;77;0;8;0;2;;;;10;0;3;0;3;;;;6;16
57010;Cantalupo in Sabina;78;0;9;0;1;;;;10;0;8;0;4;;;;12;22
57010;Cantalupo in Sabina;79;1;5;1;2;;;;9;0;4;0;3;;;;7;16
57010;Cantalupo in Sabina;80;0;5;0;1;;;;6;0;2;0;2;;;;4;10
57010;Cantalupo in Sabina;81;1;6;0;1;;;;8;0;4;0;8;;;;12;20
57010;Cantalupo in Sabina;82;0;3;0;0;;;;3;0;4;0;0;;;;4;7
57010;Cantalupo in Sabina;83;0;5;0;1;;;;6;1;4;0;1;;;;6;12
57010;Cantalupo in Sabina;84;0;5;0;0;;;;5;1;1;0;6;;;;8;13
57010;Cantalupo in Sabina;85;0;3;0;0;;;;3;0;0;0;6;;;;6;9
57010;Cantalupo in Sabina;86;0;2;0;0;;;;2;0;1;1;7;;;;9;11
57010;Cantalupo in Sabina;87;0;1;0;1;;;;2;0;1;0;2;;;;3;5
57010;Cantalupo in Sabina;88;0;1;0;1;;;;2;0;3;0;3;;;;6;8
57010;Cantalupo in Sabina;89;0;3;0;2;;;;5;0;0;0;4;;;;4;9
57010;Cantalupo in Sabina;90;0;2;1;0;;;;3;0;0;0;5;;;;5;8
57010;Cantalupo in Sabina;91;0;0;0;0;;;;0;0;0;0;2;;;;2;2
57010;Cantalupo in Sabina;92;0;3;1;0;;;;4;0;0;0;1;;;;1;5
57010;Cantalupo in Sabina;93;0;1;0;0;;;;1;0;0;0;0;;;;0;1
57010;Cantalupo in Sabina;94;0;0;0;0;;;;0;1;0;0;0;;;;1;1
57010;Cantalupo in Sabina;95;0;0;0;0;;;;0;0;0;0;1;;;;1;1
57010;Cantalupo in Sabina;96;0;0;0;1;;;;1;0;0;0;2;;;;2;3
57010;Cantalupo in Sabina;97;0;0;0;0;;;;0;0;0;0;0;;;;0;0
57010;Cantalupo in Sabina;98;0;0;0;0;;;;0;0;0;0;1;;;;1;1
57010;Cantalupo in Sabina;99;0;0;0;0;;;;0;0;0;0;0;;;;0;0
57010;Cantalupo in Sabina;100;0;0;0;0;;;;0;0;0;0;1;;;;1;1
57010;Cantalupo in Sabina;999;390;364;36;27;;;;817;326;374;30;110;;;;840;1657
57011;Casaprota;0;1;0;0;0;;;;1;0;0;0;0;;;;0;1
57011;Casaprota;1;0;0;0;0;;;;0;1;0;0;0;;;;1;1
57011;Casaprota;2;0;0;0;0;;;;0;1;0;0;0;;;;1;1
57011;Casaprota;3;3;0;0;0;;;;3;1;0;0;0;;;;1;4
57011;Casaprota;4;1;0;0;0;;;;1;1;0;0;0;;;;1;2
57011;Casaprota;5;1;0;0;0;;;;1;0;0;0;0;;;;0;1
57011;Casaprota;6;2;0;0;0;;;;2;2;0;0;0;;;;2;4
57011;Casaprota;7;3;0;0;0;;;;3;1;0;0;0;;;;1;4
57011;Casaprota;8;1;0;0;0;;;;1;1;0;0;0;;;;1;2
57011;Casaprota;9;2;0;0;0;;;;2;2;0;0;0;;;;2;4
57011;Casaprota;10;2;0;0;0;;;;2;2;0;0;0;;;;2;4
57011;Casaprota;11;1;0;0;0;;;;1;0;0;0;0;;;;0;1
57011;Casaprota;12;3;0;0;0;;;;3;1;0;0;0;;;;1;4
57011;Casaprota;13;1;0;0;0;;;;1;3;0;0;0;;;;3;4
57011;Casaprota;14;4;0;0;0;;;;4;4;0;0;0;;;;4;8
57011;Casaprota;15;1;0;0;0;;;;1;2;0;0;0;;;;2;3
57011;Casaprota;16;4;0;0;0;;;;4;3;0;0;0;;;;3;7
57011;Casaprota;17;4;0;0;0;;;;4;8;0;0;0;;;;8;12
57011;Casaprota;18;3;0;0;0;;;;3;6;0;0;0;;;;6;9
57011;Casaprota;19;2;0;0;0;;;;2;4;0;0;0;;;;4;6
57011;Casaprota;20;2;0;0;0;;;;2;4;0;0;0;;;;4;6
57011;Casaprota;21;3;0;0;0;;;;3;2;0;0;0;;;;2;5
57011;Casaprota;22;5;0;0;0;;;;5;1;0;0;0;;;;1;6
57011;Casaprota;23;4;0;0;0;;;;4;2;0;0;0;;;;2;6
57011;Casaprota;24;1;0;0;0;;;;1;2;0;0;0;;;;2;3
57011;Casaprota;25;1;0;0;0;;;;1;1;0;0;0;;;;1;2
57011;Casaprota;26;1;0;0;0;;;;1;4;0;0;0;;;;4;5
57011;Casaprota;27;1;0;0;0;;;;1;5;0;0;0;;;;5;6
57011;Casaprota;28;1;0;0;0;;;;1;6;0;0;0;;;;6;7
57011;Casaprota;29;3;0;0;0;;;;3;1;0;0;0;;;;1;4
57011;Casaprota;30;5;0;0;0;;;;5;2;0;0;0;;;;2;7
57011;Casaprota;31;2;0;0;0;;;;2;2;1;0;0;;;;3;5
57011;Casaprota;32;2;0;0;0;;;;2;3;0;0;0;;;;3;5
57011;Casaprota;33;4;0;0;0;;;;4;3;1;0;0;;;;4;8
57011;Casaprota;34;2;0;0;0;;;;2;2;0;0;0;;;;2;4
57011;Casaprota;35;1;1;0;0;;;;2;1;1;0;0;;;;2;4
57011;Casaprota;36;4;0;0;0;;;;4;1;1;0;0;;;;2;6
57011;Casaprota;37;2;0;0;0;;;;2;1;0;0;0;;;;1;3
57011;Casaprota;38;1;0;0;0;;;;1;0;1;0;0;;;;1;2
57011;Casaprota;39;2;1;0;0;;;;3;2;0;0;0;;;;2;5
57011;Casaprota;40;5;0;0;0;;;;5;2;1;0;0;;;;3;8
57011;Casaprota;41;2;0;0;0;;;;2;3;1;0;0;;;;4;6
57011;Casaprota;42;1;1;0;0;;;;2;1;2;0;0;;;;3;5
57011;Casaprota;43;2;2;0;0;;;;4;3;2;0;0;;;;5;9
57011;Casaprota;44;5;1;0;0;;;;6;0;0;0;0;;;;0;6
57011;Casaprota;45;3;2;1;0;;;;6;2;0;0;0;;;;2;8
57011;Casaprota;46;1;2;0;0;;;;3;1;5;0;0;;;;6;9
57011;Casaprota;47;3;2;0;0;;;;5;1;2;0;0;;;;3;8
57011;Casaprota;48;6;2;0;0;;;;8;2;2;0;0;;;;4;12
57011;Casaprota;49;3;2;0;0;;;;5;1;3;0;0;;;;4;9
57011;Casaprota;50;3;6;0;0;;;;9;1;8;0;0;;;;9;18
57011;Casaprota;51;4;3;0;0;;;;7;3;4;2;0;;;;9;16
57011;Casaprota;52;1;4;0;0;;;;5;1;7;1;0;;;;9;14
57011;Casaprota;53;2;3;0;0;;;;5;1;7;1;0;;;;9;14
57011;Casaprota;54;3;0;0;0;;;;3;1;7;0;0;;;;8;11
57011;Casaprota;55;3;9;0;1;;;;13;2;5;0;0;;;;7;20
57011;Casaprota;56;0;8;1;0;;;;9;2;3;0;0;;;;5;14
57011;Casaprota;57;2;3;1;0;;;;6;1;2;0;0;;;;3;9
57011;Casaprota;58;0;2;2;0;;;;4;0;6;1;0;;;;7;11
57011;Casaprota;59;5;3;0;0;;;;8;2;8;1;0;;;;11;19
57011;Casaprota;60;4;8;0;0;;;;12;1;3;0;1;;;;5;17
57011;Casaprota;61;4;7;1;0;;;;12;0;4;0;0;;;;4;16
57011;Casaprota;62;4;6;0;0;;;;10;1;6;1;0;;;;8;18
57011;Casaprota;63;1;2;0;0;;;;3;0;1;0;0;;;;1;4
57011;Casaprota;64;1;3;0;0;;;;4;0;6;0;0;;;;6;10
57011;Casaprota;65;2;2;0;0;;;;4;1;3;1;2;;;;7;11
57011;Casaprota;66;2;3;1;0;;;;6;0;1;0;0;;;;1;7
57011;Casaprota;67;2;5;0;0;;;;7;0;4;1;1;;;;6;13
57011;Casaprota;68;0;2;0;2;;;;4;1;7;0;1;;;;9;13
57011;Casaprota;69;0;4;1;0;;;;5;1;3;0;1;;;;5;10
57011;Casaprota;70;0;5;0;0;;;;5;1;2;0;0;;;;3;8
57011;Casaprota;71;3;3;0;0;;;;6;0;5;0;1;;;;6;12
57011;Casaprota;72;1;1;1;0;;;;3;0;2;0;0;;;;2;5
57011;Casaprota;73;2;3;0;0;;;;5;0;3;0;1;;;;4;9
57011;Casaprota;74;1;2;1;1;;;;5;0;5;0;0;;;;5;10
57011;Casaprota;75;0;4;0;0;;;;4;0;1;1;0;;;;2;6
57011;Casaprota;76;0;7;0;0;;;;7;2;2;0;1;;;;5;12
57011;Casaprota;77;0;3;0;1;;;;4;0;6;1;0;;;;7;11
57011;Casaprota;78;0;4;0;0;;;;4;1;2;0;0;;;;3;7
57011;Casaprota;79;1;4;0;0;;;;5;0;1;0;0;;;;1;6
57011;Casaprota;80;0;1;0;1;;;;2;0;0;0;1;;;;1;3
57011;Casaprota;81;0;1;0;0;;;;1;0;3;0;2;;;;5;6
57011;Casaprota;82;0;4;0;0;;;;4;1;2;0;4;;;;7;11
57011;Casaprota;83;0;1;0;0;;;;1;0;4;0;1;;;;5;6
57011;Casaprota;84;0;0;0;0;;;;0;0;0;0;3;;;;3;3
57011;Casaprota;85;0;2;0;2;;;;4;1;2;0;1;;;;4;8
57011;Casaprota;86;0;3;0;0;;;;3;0;1;0;1;;;;2;5
57011;Casaprota;87;0;1;0;0;;;;1;0;0;0;0;;;;0;1
57011;Casaprota;88;0;1;0;0;;;;1;0;1;0;0;;;;1;2
57011;Casaprota;89;0;2;0;1;;;;3;0;2;0;2;;;;4;7
57011;Casaprota;90;0;0;0;0;;;;0;0;1;0;1;;;;2;2
57011;Casaprota;91;0;1;0;0;;;;1;1;0;0;0;;;;1;2
57011;Casaprota;92;0;0;0;0;;;;0;0;1;0;0;;;;1;1
57011;Casaprota;93;0;0;0;0;;;;0;0;0;0;1;;;;1;1
57011;Casaprota;94;0;0;0;0;;;;0;0;2;0;2;;;;4;4
57011;Casaprota;95;0;0;0;0;;;;0;0;0;0;1;;;;1;1
57011;Casaprota;96;0;0;0;0;;;;0;0;0;0;0;;;;0;0
57011;Casaprota;97;0;0;0;0;;;;0;0;0;0;0;;;;0;0
57011;Casaprota;98;0;0;0;0;;;;0;0;0;0;0;;;;0;0
57011;Casaprota;99;0;0;0;0;;;;0;0;0;0;0;;;;0;0
57011;Casaprota;100;0;0;0;0;;;;0;0;0;0;0;;;;0;0
57011;Casaprota;999;168;152;10;9;;;;339;130;166;11;29;;;;336;675
57012;Casperia;0;3;0;0;0;;;;3;8;0;0;0;;;;8;11
57012;Casperia;1;5;0;0;0;;;;5;1;0;0;0;;;;1;6
57012;Casperia;2;0;0;0;0;;;;0;4;0;0;0;;;;4;4
57012;Casperia;3;4;0;0;0;;;;4;8;0;0;0;;;;8;12
57012;Casperia;4;5;0;0;0;;;;5;5;0;0;0;;;;5;10
57012;Casperia;5;1;0;0;0;;;;1;2;0;0;0;;;;2;3
57012;Casperia;6;3;0;0;0;;;;3;2;0;0;0;;;;2;5
57012;Casperia;7;2;0;0;0;;;;2;4;0;0;0;;;;4;6
57012;Casperia;8;8;0;0;0;;;;8;6;0;0;0;;;;6;14
57012;Casperia;9;1;0;0;0;;;;1;6;0;0;0;;;;6;7
57012;Casperia;10;5;0;0;0;;;;5;5;0;0;0;;;;5;10
57012;Casperia;11;3;0;0;0;;;;3;2;0;0;0;;;;2;5
57012;Casperia;12;5;0;0;0;;;;5;3;0;0;0;;;;3;8
57012;Casperia;13;6;0;0;0;;;;6;9;0;0;0;;;;9;15
57012;Casperia;14;5;0;0;0;;;;5;7;0;0;0;;;;7;12
57012;Casperia;15;5;0;0;0;;;;5;7;0;0;0;;;;7;12
57012;Casperia;16;6;0;0;0;;;;6;7;0;0;0;;;;7;13
57012;Casperia;17;3;0;0;0;;;;3;5;0;0;0;;;;5;8
57012;Casperia;18;9;0;0;0;;;;9;6;0;0;0;;;;6;15
57012;Casperia;19;3;0;0;0;;;;3;4;0;0;0;;;;4;7
57012;Casperia;20;5;0;0;0;;;;5;2;0;0;0;;;;2;7
57012;Casperia;21;11;0;0;0;;;;11;8;0;0;0;;;;8;19
57012;Casperia;22;6;0;0;0;;;;6;3;0;0;0;;;;3;9
57012;Casperia;23;7;0;0;0;;;;7;5;0;0;0;;;;5;12
57012;Casperia;24;4;0;0;0;;;;4;9;0;0;0;;;;9;13
57012;Casperia;25;6;0;0;0;;;;6;6;0;0;0;;;;6;12
57012;Casperia;26;4;0;0;0;;;;4;4;0;0;0;;;;4;8
57012;Casperia;27;4;0;0;0;;;;4;1;0;0;0;;;;1;5
57012;Casperia;28;6;0;0;0;;;;6;6;0;0;0;;;;6;12
57012;Casperia;29;2;0;0;0;;;;2;3;0;0;0;;;;3;5
57012;Casperia;30;2;0;0;0;;;;2;2;0;0;0;;;;2;4
57012;Casperia;31;3;1;0;0;;;;4;5;0;0;0;;;;5;9
57012;Casperia;32;1;0;0;0;;;;1;3;0;0;0;;;;3;4
57012;Casperia;33;4;0;0;0;;;;4;5;3;0;0;;;;8;12
57012;Casperia;34;3;4;0;0;;;;7;2;0;0;0;;;;2;9
57012;Casperia;35;1;0;0;0;;;;1;7;2;0;0;;;;9;10
57012;Casperia;36;5;0;0;0;;;;5;4;5;0;0;;;;9;14
57012;Casperia;37;6;3;0;0;;;;9;2;2;1;0;;;;5;14
57012;Casperia;38;4;2;0;0;;;;6;3;2;0;1;;;;6;12
57012;Casperia;39;4;2;0;0;;;;6;3;3;0;0;;;;6;12
57012;Casperia;40;4;0;0;0;;;;4;5;5;0;0;;;;10;14
57012;Casperia;41;3;5;0;0;;;;8;2;0;0;0;;;;2;10
57012;Casperia;42;3;1;0;0;;;;4;3;4;0;0;;;;7;11
57012;Casperia;43;3;1;0;0;;;;4;2;2;0;0;;;;4;8
57012;Casperia;44;5;2;0;0;;;;7;3;3;0;0;;;;6;13
57012;Casperia;45;8;3;0;0;;;;11;2;7;0;0;;;;9;20
57012;Casperia;46;2;4;0;0;;;;6;1;6;0;0;;;;7;13
57012;Casperia;47;4;6;0;0;;;;10;2;5;0;0;;;;7;17
57012;Casperia;48;5;4;2;0;;;;11;2;12;0;0;;;;14;25
57012;Casperia;49;3;5;1;0;;;;9;2;7;2;0;;;;11;20
57012;Casperia;50;2;9;0;0;;;;11;2;4;2;0;;;;8;19
57012;Casperia;51;1;4;2;0;;;;7;2;8;1;0;;;;11;18
57012;Casperia;52;4;5;0;0;;;;9;0;6;2;0;;;;8;17
57012;Casperia;53;5;11;2;0;;;;18;7;7;2;0;;;;16;34
57012;Casperia;54;3;6;0;0;;;;9;1;14;2;0;;;;17;26
57012;Casperia;55;3;6;2;0;;;;11;1;7;0;1;;;;9;20
57012;Casperia;56;3;6;2;0;;;;11;1;7;1;2;;;;11;22
57012;Casperia;57;2;1;0;0;;;;3;1;8;1;0;;;;10;13
57012;Casperia;58;1;9;2;0;;;;12;1;6;2;2;;;;11;23
57012;Casperia;59;6;6;2;0;;;;14;2;6;1;0;;;;9;23
57012;Casperia;60;2;5;2;0;;;;9;4;5;1;1;;;;11;20
57012;Casperia;61;2;9;4;1;;;;16;1;6;1;1;;;;9;25
57012;Casperia;62;2;8;0;0;;;;10;0;3;0;0;;;;3;13
57012;Casperia;63;0;7;0;0;;;;7;4;6;2;1;;;;13;20
57012;Casperia;64;1;5;2;0;;;;8;1;5;1;0;;;;7;15
57012;Casperia;65;3;11;3;0;;;;17;2;5;1;0;;;;8;25
57012;Casperia;66;1;4;2;0;;;;7;0;3;2;1;;;;6;13
57012;Casperia;67;0;5;2;0;;;;7;2;7;1;1;;;;11;18
57012;Casperia;68;1;5;0;0;;;;6;0;6;0;1;;;;7;13
57012;Casperia;69;0;6;1;0;;;;7;2;5;2;1;;;;10;17
57012;Casperia;70;0;2;1;0;;;;3;0;10;1;1;;;;12;15
57012;Casperia;71;2;3;1;0;;;;6;0;2;1;1;;;;4;10
57012;Casperia;72;0;5;0;1;;;;6;0;4;1;1;;;;6;12
57012;Casperia;73;0;7;1;1;;;;9;0;3;1;3;;;;7;16
57012;Casperia;74;0;9;0;1;;;;10;0;6;0;1;;;;7;17
57012;Casperia;75;1;12;0;1;;;;14;0;4;1;5;;;;10;24
57012;Casperia;76;0;7;0;0;;;;7;0;5;0;5;;;;10;17
57012;Casperia;77;0;11;1;0;;;;12;0;9;1;2;;;;12;24
57012;Casperia;78;0;5;0;1;;;;6;0;4;1;1;;;;6;12
57012;Casperia;79;0;6;0;0;;;;6;1;2;0;3;;;;6;12
57012;Casperia;80;1;3;0;2;;;;6;1;1;0;0;;;;2;8
57012;Casperia;81;0;7;0;1;;;;8;0;3;0;1;;;;4;12
57012;Casperia;82;1;4;0;0;;;;5;0;3;0;1;;;;4;9
57012;Casperia;83;0;2;0;0;;;;2;0;3;0;4;;;;7;9
57012;Casperia;84;0;1;0;1;;;;2;0;3;0;3;;;;6;8
57012;Casperia;85;1;8;0;1;;;;10;0;2;0;1;;;;3;13
57012;Casperia;86;0;2;0;0;;;;2;0;1;0;3;;;;4;6
57012;Casperia;87;0;1;0;0;;;;1;0;1;0;4;;;;5;6
57012;Casperia;88;0;3;0;0;;;;3;0;0;2;2;;;;4;7
57012;Casperia;89;0;1;0;1;;;;2;1;0;0;1;;;;2;4
57012;Casperia;90;1;0;0;1;;;;2;1;1;0;3;;;;5;7
57012;Casperia;91;0;1;0;0;;;;1;0;1;0;1;;;;2;3
57012;Casperia;92;0;0;0;0;;;;0;0;1;0;3;;;;4;4
57012;Casperia;93;0;0;0;0;;;;0;1;0;0;3;;;;4;4
57012;Casperia;94;0;0;0;1;;;;1;1;0;0;2;;;;3;4
57012;Casperia;95;0;1;0;0;;;;1;0;0;0;1;;;;1;2
57012;Casperia;96;0;0;0;0;;;;0;0;0;0;0;;;;0;0
57012;Casperia;97;0;0;0;0;;;;0;0;0;0;1;;;;1;1
57012;Casperia;98;0;0;0;0;;;;0;0;0;0;0;;;;0;0
57012;Casperia;99;0;0;0;0;;;;0;0;0;0;1;;;;1;1
57012;Casperia;100;0;0;0;0;;;;0;0;0;0;0;;;;0;0
57012;Casperia;999;259;272;35;14;;;;580;248;261;37;71;;;;617;1197
57013;Castel di Tora;0;1;0;0;0;;;;1;1;0;0;0;;;;1;2
57013;Castel di Tora;1;3;0;0;0;;;;3;2;0;0;0;;;;2;5
57013;Castel di Tora;2;1;0;0;0;;;;1;1;0;0;0;;;;1;2
57013;Castel di Tora;3;2;0;0;0;;;;2;1;0;0;0;;;;1;3
57013;Castel di Tora;4;1;0;0;0;;;;1;1;0;0;0;;;;1;2
57013;Castel di Tora;5;1;0;0;0;;;;1;0;0;0;0;;;;0;1
57013;Castel di Tora;6;0;0;0;0;;;;0;3;0;0;0;;;;3;3
57013;Castel di Tora;7;0;0;0;0;;;;0;2;0;0;0;;;;2;2
57013;Castel di Tora;8;0;0;0;0;;;;0;0;0;0;0;;;;0;0
57013;Castel di Tora;9;0;0;0;0;;;;0;0;0;0;0;;;;0;0
57013;Castel di Tora;10;0;0;0;0;;;;0;0;0;0;0;;;;0;0
57013;Castel di Tora;11;0;0;0;0;;;;0;1;0;0;0;;;;1;1
57013;Castel di Tora;12;2;0;0;0;;;;2;0;0;0;0;;;;0;2
57013;Castel di Tora;13;0;0;0;0;;;;0;0;0;0;0;;;;0;0
57013;Castel di Tora;14;0;0;0;0;;;;0;2;0;0;0;;;;2;2
57013;Castel di Tora;15;0;0;0;0;;;;0;0;0;0;0;;;;0;0
57013;Castel di Tora;16;0;0;0;0;;;;0;1;0;0;0;;;;1;1
57013;Castel di Tora;17;0;0;0;0;;;;0;1;0;0;0;;;;1;1
57013;Castel di Tora;18;0;0;0;0;;;;0;0;0;0;0;;;;0;0
57013;Castel di Tora;19;0;0;0;0;;;;0;0;0;0;0;;;;0;0
57013;Castel di Tora;20;0;0;0;0;;;;0;0;0;0;0;;;;0;0
57013;Castel di Tora;21;3;0;0;0;;;;3;0;0;0;0;;;;0;3
57013;Castel di Tora;22;1;0;0;0;;;;1;1;0;0;0;;;;1;2
57013;Castel di Tora;23;0;0;0;0;;;;0;2;1;0;0;;;;3;3
57013;Castel di Tora;24;4;0;0;0;;;;4;4;0;0;0;;;;4;8
57013;Castel di Tora;25;2;0;0;0;;;;2;2;1;0;0;;;;3;5
57013;Castel di Tora;26;1;0;0;0;;;;1;2;0;0;0;;;;2;3
57013;Castel di Tora;27;3;1;0;0;;;;4;1;1;0;0;;;;2;6
57013;Castel di Tora;28;2;0;0;0;;;;2;1;0;0;0;;;;1;3
57013;Castel di Tora;29;1;0;0;0;;;;1;2;1;0;0;;;;3;4
57013;Castel di Tora;30;2;0;0;0;;;;2;0;0;0;0;;;;0;2
57013;Castel di Tora;31;0;0;0;0;;;;0;0;0;0;0;;;;0;0
57013;Castel di Tora;32;1;1;0;0;;;;2;1;1;0;0;;;;2;4
57013;Castel di Tora;33;0;0;0;0;;;;0;1;1;0;0;;;;2;2
57013;Castel di Tora;34;2;0;0;0;;;;2;0;0;0;0;;;;0;2
57013;Castel di Tora;35;0;2;0;0;;;;2;2;2;0;0;;;;4;6
57013;Castel di Tora;36;0;3;0;0;;;;3;0;1;0;0;;;;1;4
57013;Castel di Tora;37;0;1;0;0;;;;1;0;1;0;0;;;;1;2
57013;Castel di Tora;38;0;1;1;0;;;;2;0;1;0;0;;;;1;3
57013;Castel di Tora;39;2;1;0;0;;;;3;2;1;0;0;;;;3;6
57013;Castel di Tora;40;0;1;0;0;;;;1;0;1;0;0;;;;1;2
57013;Castel di Tora;41;0;0;0;0;;;;0;0;1;0;0;;;;1;1
57013;Castel di Tora;42;1;1;0;0;;;;2;1;0;0;0;;;;1;3
57013;Castel di Tora;43;1;0;0;0;;;;1;0;0;0;0;;;;0;1
57013;Castel di Tora;44;3;0;0;0;;;;3;0;0;0;0;;;;0;3
57013;Castel di Tora;45;2;0;0;0;;;;2;0;0;0;0;;;;0;2
57013;Castel di Tora;46;2;0;0;0;;;;2;1;0;0;0;;;;1;3
57013;Castel di Tora;47;0;2;0;0;;;;2;0;0;0;0;;;;0;2
57013;Castel di Tora;48;0;1;0;0;;;;1;1;0;0;0;;;;1;2
57013;Castel di Tora;49;0;1;0;0;;;;1;0;1;0;0;;;;1;2
57013;Castel di Tora;50;1;5;0;0;;;;6;1;2;0;0;;;;3;9
57013;Castel di Tora;51;1;1;0;0;;;;2;0;0;0;0;;;;0;2
57013;Castel di Tora;52;0;0;0;0;;;;0;2;0;0;0;;;;2;2
57013;Castel di Tora;53;2;0;0;0;;;;2;0;2;0;0;;;;2;4
57013;Castel di Tora;54;2;4;0;0;;;;6;2;3;0;0;;;;5;11
57013;Castel di Tora;55;1;2;0;0;;;;3;0;0;0;0;;;;0;3
57013;Castel di Tora;56;1;4;0;0;;;;5;0;2;0;0;;;;2;7
57013;Castel di Tora;57;2;0;0;0;;;;2;0;4;0;0;;;;4;6
57013;Castel di Tora;58;3;2;1;0;;;;6;0;2;0;0;;;;2;8
57013;Castel di Tora;59;2;0;0;0;;;;2;1;4;0;0;;;;5;7
57013;Castel di Tora;60;0;1;0;0;;;;1;0;3;0;0;;;;3;4
57013;Castel di Tora;61;0;1;0;0;;;;1;0;1;0;0;;;;1;2
57013;Castel di Tora;62;0;3;0;0;;;;3;0;2;0;0;;;;2;5
57013;Castel di Tora;63;0;2;0;0;;;;2;0;0;0;1;;;;1;3
57013;Castel di Tora;64;0;0;1;0;;;;1;0;1;0;1;;;;2;3
57013;Castel di Tora;65;0;4;0;0;;;;4;0;1;0;0;;;;1;5
57013;Castel di Tora;66;0;0;0;0;;;;0;0;1;0;0;;;;1;1
57013;Castel di Tora;67;0;3;0;0;;;;3;0;0;0;0;;;;0;3
57013;Castel di Tora;68;1;0;1;0;;;;2;0;0;0;1;;;;1;3
57013;Castel di Tora;69;1;1;0;0;;;;2;0;0;0;1;;;;1;3
57013;Castel di Tora;70;0;1;0;0;;;;1;0;0;0;0;;;;0;1
57013;Castel di Tora;71;0;1;0;0;;;;1;0;3;0;0;;;;3;4
57013;Castel di Tora;72;0;3;0;0;;;;3;0;1;0;0;;;;1;4
57013;Castel di Tora;73;0;2;0;0;;;;2;0;2;0;0;;;;2;4
57013;Castel di Tora;74;0;0;0;0;;;;0;0;1;0;1;;;;2;2
57013;Castel di Tora;75;0;2;0;0;;;;2;0;0;0;0;;;;0;2
57013;Castel di Tora;76;1;0;0;0;;;;1;0;1;0;0;;;;1;2
57013;Castel di Tora;77;0;0;0;1;;;;1;0;3;0;2;;;;5;6
57013;Castel di Tora;78;0;1;0;0;;;;1;0;2;0;0;;;;2;3
57013;Castel di Tora;79;0;3;0;0;;;;3;0;1;0;0;;;;1;4
57013;Castel di Tora;80;0;3;0;0;;;;3;0;0;0;1;;;;1;4
57013;Castel di Tora;81;1;0;0;0;;;;1;0;1;0;1;;;;2;3
57013;Castel di Tora;82;0;0;0;0;;;;0;0;1;0;0;;;;1;1
57013;Castel di Tora;83;1;0;0;0;;;;1;0;0;0;0;;;;0;1
57013;Castel di Tora;84;0;3;0;2;;;;5;0;2;0;2;;;;4;9
57013;Castel di Tora;85;0;1;0;0;;;;1;0;0;0;1;;;;1;2
57013;Castel di Tora;86;0;0;0;2;;;;2;0;0;0;2;;;;2;4
57013;Castel di Tora;87;0;2;0;0;;;;2;1;0;0;0;;;;1;3
57013;Castel di Tora;88;0;0;0;0;;;;0;0;0;0;0;;;;0;0
57013;Castel di Tora;89;0;1;0;0;;;;1;0;0;0;2;;;;2;3
57013;Castel di Tora;90;0;0;0;0;;;;0;0;0;0;3;;;;3;3
57013;Castel di Tora;91;0;1;0;0;;;;1;0;0;0;0;;;;0;1
57013;Castel di Tora;92;0;0;0;0;;;;0;0;0;0;0;;;;0;0
57013;Castel di Tora;93;0;0;0;0;;;;0;0;0;0;0;;;;0;0
57013;Castel di Tora;94;0;0;0;0;;;;0;0;0;0;0;;;;0;0
57013;Castel di Tora;95;0;0;0;0;;;;0;0;0;0;0;;;;0;0
57013;Castel di Tora;96;0;0;0;0;;;;0;0;0;0;0;;;;0;0
57013;Castel di Tora;97;0;0;0;0;;;;0;0;0;0;0;;;;0;0
57013;Castel di Tora;98;0;0;0;0;;;;0;0;0;0;0;;;;0;0
57013;Castel di Tora;99;0;0;0;0;;;;0;0;0;0;0;;;;0;0
57013;Castel di Tora;100;0;0;0;0;;;;0;0;0;0;0;;;;0;0
57013;Castel di Tora;999;64;73;4;5;;;;146;47;61;0;19;;;;127;273
57014;Castelnuovo di Farfa;0;3;0;0;0;;;;3;3;0;0;0;;;;3;6
57014;Castelnuovo di Farfa;1;3;0;0;0;;;;3;2;0;0;0;;;;2;5
57014;Castelnuovo di Farfa;2;4;0;0;0;;;;4;5;0;0;0;;;;5;9
57014;Castelnuovo di Farfa;3;2;0;0;0;;;;2;5;0;0;0;;;;5;7
57014;Castelnuovo di Farfa;4;3;0;0;0;;;;3;2;0;0;0;;;;2;5
57014;Castelnuovo di Farfa;5;3;0;0;0;;;;3;3;0;0;0;;;;3;6
57014;Castelnuovo di Farfa;6;2;0;0;0;;;;2;3;0;0;0;;;;3;5
57014;Castelnuovo di Farfa;7;3;0;0;0;;;;3;3;0;0;0;;;;3;6
57014;Castelnuovo di Farfa;8;0;0;0;0;;;;0;3;0;0;0;;;;3;3
57014;Castelnuovo di Farfa;9;2;0;0;0;;;;2;3;0;0;0;;;;3;5
57014;Castelnuovo di Farfa;10;4;0;0;0;;;;4;2;0;0;0;;;;2;6
57014;Castelnuovo di Farfa;11;7;0;0;0;;;;7;5;0;0;0;;;;5;12
57014;Castelnuovo di Farfa;12;3;0;0;0;;;;3;4;0;0;0;;;;4;7
57014;Castelnuovo di Farfa;13;4;0;0;0;;;;4;3;0;0;0;;;;3;7
57014;Castelnuovo di Farfa;14;4;0;0;0;;;;4;6;0;0;0;;;;6;10
57014;Castelnuovo di Farfa;15;5;0;0;0;;;;5;6;0;0;0;;;;6;11
57014;Castelnuovo di Farfa;16;6;0;0;0;;;;6;4;0;0;0;;;;4;10
57014;Castelnuovo di Farfa;17;2;0;0;0;;;;2;2;0;0;0;;;;2;4
57014;Castelnuovo di Farfa;18;4;0;0;0;;;;4;4;0;0;0;;;;4;8
57014;Castelnuovo di Farfa;19;3;0;0;0;;;;3;7;0;0;0;;;;7;10
57014;Castelnuovo di Farfa;20;3;0;0;0;;;;3;6;0;0;0;;;;6;9
57014;Castelnuovo di Farfa;21;5;0;0;0;;;;5;3;0;0;0;;;;3;8
57014;Castelnuovo di Farfa;22;4;0;0;0;;;;4;8;0;0;0;;;;8;12
57014;Castelnuovo di Farfa;23;0;0;0;0;;;;0;3;1;0;0;;;;4;4
57014;Castelnuovo di Farfa;24;1;0;0;0;;;;1;5;0;0;0;;;;5;6
57014;Castelnuovo di Farfa;25;3;0;0;0;;;;3;1;0;0;0;;;;1;4
57014;Castelnuovo di Farfa;26;3;0;0;0;;;;3;1;0;0;0;;;;1;4
57014;Castelnuovo di Farfa;27;6;0;0;0;;;;6;4;1;0;0;;;;5;11
57014;Castelnuovo di Farfa;28;7;0;0;0;;;;7;3;0;0;0;;;;3;10
57014;Castelnuovo di Farfa;29;10;0;0;0;;;;10;5;0;0;0;;;;5;15
57014;Castelnuovo di Farfa;30;9;0;0;0;;;;9;0;3;0;0;;;;3;12
57014;Castelnuovo di Farfa;31;2;2;0;0;;;;4;3;0;1;0;;;;4;8
57014;Castelnuovo di Farfa;32;4;0;0;0;;;;4;1;2;0;0;;;;3;7
57014;Castelnuovo di Farfa;33;4;5;0;0;;;;9;0;0;0;0;;;;0;9
57014;Castelnuovo di Farfa;34;3;1;0;0;;;;4;5;1;0;0;;;;6;10
57014;Castelnuovo di Farfa;35;6;4;0;0;;;;10;3;1;1;0;;;;5;15
57014;Castelnuovo di Farfa;36;5;2;0;0;;;;7;5;0;0;0;;;;5;12
57014;Castelnuovo di Farfa;37;5;0;0;0;;;;5;4;5;0;0;;;;9;14
57014;Castelnuovo di Farfa;38;1;1;0;0;;;;2;1;4;0;0;;;;5;7
57014;Castelnuovo di Farfa;39;3;2;0;0;;;;5;3;5;0;0;;;;8;13
57014;Castelnuovo di Farfa;40;1;3;0;0;;;;4;5;1;0;0;;;;6;10
57014;Castelnuovo di Farfa;41;3;1;0;0;;;;4;2;4;0;0;;;;6;10
57014;Castelnuovo di Farfa;42;0;1;0;0;;;;1;0;1;0;0;;;;1;2
57014;Castelnuovo di Farfa;43;1;5;1;0;;;;7;0;3;0;0;;;;3;10
57014;Castelnuovo di Farfa;44;1;1;0;0;;;;2;2;3;0;0;;;;5;7
57014;Castelnuovo di Farfa;45;4;6;0;0;;;;10;5;1;0;0;;;;6;16
57014;Castelnuovo di Farfa;46;2;3;0;0;;;;5;3;2;0;0;;;;5;10
57014;Castelnuovo di Farfa;47;2;7;0;0;;;;9;2;4;0;0;;;;6;15
57014;Castelnuovo di Farfa;48;5;6;0;0;;;;11;3;2;0;0;;;;5;16
57014;Castelnuovo di Farfa;49;3;2;0;0;;;;5;2;5;0;0;;;;7;12
57014;Castelnuovo di Farfa;50;2;4;0;0;;;;6;0;3;1;0;;;;4;10
57014;Castelnuovo di Farfa;51;4;2;0;0;;;;6;2;2;0;0;;;;4;10
57014;Castelnuovo di Farfa;52;2;4;0;0;;;;6;2;4;0;0;;;;6;12
57014;Castelnuovo di Farfa;53;3;2;1;0;;;;6;2;7;2;0;;;;11;17
57014;Castelnuovo di Farfa;54;0;3;1;0;;;;4;4;4;0;0;;;;8;12
57014;Castelnuovo di Farfa;55;0;5;1;0;;;;6;5;3;1;0;;;;9;15
57014;Castelnuovo di Farfa;56;1;3;3;0;;;;7;2;7;0;1;;;;10;17
57014;Castelnuovo di Farfa;57;1;6;3;1;;;;11;1;3;0;1;;;;5;16
57014;Castelnuovo di Farfa;58;1;7;2;0;;;;10;1;9;0;0;;;;10;20
57014;Castelnuovo di Farfa;59;4;2;1;0;;;;7;0;7;1;0;;;;8;15
57014;Castelnuovo di Farfa;60;3;7;2;1;;;;13;1;10;0;1;;;;12;25
57014;Castelnuovo di Farfa;61;1;6;0;0;;;;7;3;9;0;1;;;;13;20
57014;Castelnuovo di Farfa;62;2;3;0;1;;;;6;0;4;1;2;;;;7;13
57014;Castelnuovo di Farfa;63;1;11;1;1;;;;14;0;4;1;1;;;;6;20
57014;Castelnuovo di Farfa;64;0;6;1;0;;;;7;1;8;0;1;;;;10;17
57014;Castelnuovo di Farfa;65;1;6;1;0;;;;8;2;3;0;0;;;;5;13
57014;Castelnuovo di Farfa;66;3;7;0;1;;;;11;0;8;1;0;;;;9;20
57014;Castelnuovo di Farfa;67;1;8;2;0;;;;11;0;5;0;3;;;;8;19
57014;Castelnuovo di Farfa;68;0;5;0;0;;;;5;0;7;1;3;;;;11;16
57014;Castelnuovo di Farfa;69;1;9;2;1;;;;13;1;1;0;3;;;;5;18
57014;Castelnuovo di Farfa;70;2;5;1;0;;;;8;0;3;1;0;;;;4;12
57014;Castelnuovo di Farfa;71;2;6;0;0;;;;8;3;7;1;1;;;;12;20
57014;Castelnuovo di Farfa;72;1;7;0;1;;;;9;0;4;0;2;;;;6;15
57014;Castelnuovo di Farfa;73;1;6;1;0;;;;8;1;5;1;2;;;;9;17
57014;Castelnuovo di Farfa;74;1;6;0;1;;;;8;0;5;0;1;;;;6;14
57014;Castelnuovo di Farfa;75;1;10;2;0;;;;13;3;6;0;3;;;;12;25
57014;Castelnuovo di Farfa;76;1;3;0;0;;;;4;0;7;2;0;;;;9;13
57014;Castelnuovo di Farfa;77;0;6;1;1;;;;8;1;4;0;2;;;;7;15
57014;Castelnuovo di Farfa;78;1;4;1;1;;;;7;0;0;0;1;;;;1;8
57014;Castelnuovo di Farfa;79;0;3;0;1;;;;4;0;0;1;1;;;;2;6
57014;Castelnuovo di Farfa;80;0;4;1;1;;;;6;0;0;0;3;;;;3;9
57014;Castelnuovo di Farfa;81;0;1;0;1;;;;2;0;3;0;2;;;;5;7
57014;Castelnuovo di Farfa;82;0;2;0;2;;;;4;0;1;0;0;;;;1;5
57014;Castelnuovo di Farfa;83;0;7;0;0;;;;7;0;1;0;0;;;;1;8
57014;Castelnuovo di Farfa;84;0;1;0;0;;;;1;0;1;0;5;;;;6;7
57014;Castelnuovo di Farfa;85;0;0;0;0;;;;0;1;0;0;4;;;;5;5
57014;Castelnuovo di Farfa;86;1;0;1;0;;;;2;0;0;0;5;;;;5;7
57014;Castelnuovo di Farfa;87;0;1;0;0;;;;1;0;1;0;2;;;;3;4
57014;Castelnuovo di Farfa;88;0;0;1;0;;;;1;0;1;0;1;;;;2;3
57014;Castelnuovo di Farfa;89;0;2;0;1;;;;3;1;0;0;3;;;;4;7
57014;Castelnuovo di Farfa;90;0;0;0;0;;;;0;0;1;0;1;;;;2;2
57014;Castelnuovo di Farfa;91;0;0;0;0;;;;0;0;0;0;0;;;;0;0
57014;Castelnuovo di Farfa;92;0;1;0;0;;;;1;0;1;0;1;;;;2;3
57014;Castelnuovo di Farfa;93;0;0;0;0;;;;0;0;0;0;0;;;;0;0
57014;Castelnuovo di Farfa;94;0;0;0;0;;;;0;0;0;0;2;;;;2;2
57014;Castelnuovo di Farfa;95;0;0;0;0;;;;0;0;0;0;1;;;;1;1
57014;Castelnuovo di Farfa;96;0;0;0;0;;;;0;0;0;0;1;;;;1;1
57014;Castelnuovo di Farfa;97;0;0;0;0;;;;0;0;0;0;0;;;;0;0
57014;Castelnuovo di Farfa;98;0;1;0;0;;;;1;0;0;0;1;;;;1;2
57014;Castelnuovo di Farfa;99;0;0;0;0;;;;0;0;0;0;0;;;;0;0
57014;Castelnuovo di Farfa;100;0;0;0;0;;;;0;0;0;0;0;;;;0;0
57014;Castelnuovo di Farfa;999;215;234;31;16;;;;496;200;208;17;62;;;;487;983
57015;Castel Sant'Angelo;0;3;0;0;0;;;;3;2;0;0;0;;;;2;5
57015;Castel Sant'Angelo;1;7;0;0;0;;;;7;2;0;0;0;;;;2;9
57015;Castel Sant'Angelo;2;2;0;0;0;;;;2;3;0;0;0;;;;3;5
57015;Castel Sant'Angelo;3;6;0;0;0;;;;6;1;0;0;0;;;;1;7
57015;Castel Sant'Angelo;4;4;0;0;0;;;;4;6;0;0;0;;;;6;10
57015;Castel Sant'Angelo;5;5;0;0;0;;;;5;2;0;0;0;;;;2;7
57015;Castel Sant'Angelo;6;5;0;0;0;;;;5;1;0;0;0;;;;1;6
57015;Castel Sant'Angelo;7;4;0;0;0;;;;4;1;0;0;0;;;;1;5
57015;Castel Sant'Angelo;8;5;0;0;0;;;;5;3;0;0;0;;;;3;8
57015;Castel Sant'Angelo;9;2;0;0;0;;;;2;1;0;0;0;;;;1;3
57015;Castel Sant'Angelo;10;4;0;0;0;;;;4;4;0;0;0;;;;4;8
57015;Castel Sant'Angelo;11;5;0;0;0;;;;5;3;0;0;0;;;;3;8
57015;Castel Sant'Angelo;12;5;0;0;0;;;;5;3;0;0;0;;;;3;8
57015;Castel Sant'Angelo;13;2;0;0;0;;;;2;7;0;0;0;;;;7;9
57015;Castel Sant'Angelo;14;3;0;0;0;;;;3;4;0;0;0;;;;4;7
57015;Castel Sant'Angelo;15;2;0;0;0;;;;2;3;0;0;0;;;;3;5
57015;Castel Sant'Angelo;16;8;0;0;0;;;;8;5;0;0;0;;;;5;13
57015;Castel Sant'Angelo;17;1;0;0;0;;;;1;2;0;0;0;;;;2;3
57015;Castel Sant'Angelo;18;2;0;0;0;;;;2;4;0;0;0;;;;4;6
57015;Castel Sant'Angelo;19;14;0;0;0;;;;14;3;0;0;0;;;;3;17
57015;Castel Sant'Angelo;20;4;0;0;0;;;;4;6;0;0;0;;;;6;10
57015;Castel Sant'Angelo;21;10;0;0;0;;;;10;7;0;0;0;;;;7;17
57015;Castel Sant'Angelo;22;7;0;0;0;;;;7;5;0;0;0;;;;5;12
57015;Castel Sant'Angelo;23;4;0;0;0;;;;4;3;0;0;0;;;;3;7
57015;Castel Sant'Angelo;24;5;0;0;0;;;;5;3;0;0;0;;;;3;8
57015;Castel Sant'Angelo;25;6;0;0;0;;;;6;5;0;0;0;;;;5;11
57015;Castel Sant'Angelo;26;4;0;0;0;;;;4;7;0;0;0;;;;7;11
57015;Castel Sant'Angelo;27;5;0;0;0;;;;5;5;0;0;0;;;;5;10
57015;Castel Sant'Angelo;28;5;0;0;0;;;;5;5;1;1;0;;;;7;12
57015;Castel Sant'Angelo;29;8;2;0;0;;;;10;9;1;0;0;;;;10;20
57015;Castel Sant'Angelo;30;6;2;0;0;;;;8;5;0;0;0;;;;5;13
57015;Castel Sant'Angelo;31;6;1;0;0;;;;7;4;0;0;0;;;;4;11
57015;Castel Sant'Angelo;32;13;1;0;0;;;;14;4;4;0;0;;;;8;22
57015;Castel Sant'Angelo;33;8;3;0;0;;;;11;4;1;0;0;;;;5;16
57015;Castel Sant'Angelo;34;5;2;0;0;;;;7;3;4;0;0;;;;7;14
57015;Castel Sant'Angelo;35;2;1;0;0;;;;3;4;1;0;0;;;;5;8
57015;Castel Sant'Angelo;36;5;3;0;0;;;;8;3;2;0;0;;;;5;13
57015;Castel Sant'Angelo;37;0;2;0;0;;;;2;0;4;0;0;;;;4;6
57015;Castel Sant'Angelo;38;5;2;0;0;;;;7;5;3;2;0;;;;10;17
57015;Castel Sant'Angelo;39;4;2;0;0;;;;6;3;2;1;0;;;;6;12
57015;Castel Sant'Angelo;40;7;1;1;0;;;;9;2;0;0;0;;;;2;11
57015;Castel Sant'Angelo;41;4;2;0;0;;;;6;3;4;0;0;;;;7;13
57015;Castel Sant'Angelo;42;2;2;0;0;;;;4;3;1;0;0;;;;4;8
57015;Castel Sant'Angelo;43;5;4;0;0;;;;9;3;3;0;0;;;;6;15
57015;Castel Sant'Angelo;44;2;5;0;0;;;;7;2;5;1;0;;;;8;15
57015;Castel Sant'Angelo;45;6;2;0;0;;;;8;6;2;0;0;;;;8;16
57015;Castel Sant'Angelo;46;5;6;2;0;;;;13;0;6;1;0;;;;7;20
57015;Castel Sant'Angelo;47;3;4;1;0;;;;8;2;4;0;0;;;;6;14
57015;Castel Sant'Angelo;48;2;5;1;0;;;;8;3;8;0;0;;;;11;19
57015;Castel Sant'Angelo;49;4;2;0;0;;;;6;7;4;0;0;;;;11;17
57015;Castel Sant'Angelo;50;6;3;1;0;;;;10;3;5;0;0;;;;8;18
57015;Castel Sant'Angelo;51;5;7;1;0;;;;13;4;3;0;0;;;;7;20
57015;Castel Sant'Angelo;52;5;4;1;0;;;;10;0;5;2;0;;;;7;17
57015;Castel Sant'Angelo;53;4;4;1;0;;;;9;1;4;0;1;;;;6;15
57015;Castel Sant'Angelo;54;1;7;1;0;;;;9;0;7;2;0;;;;9;18
57015;Castel Sant'Angelo;55;4;2;3;0;;;;9;1;3;0;3;;;;7;16
57015;Castel Sant'Angelo;56;3;7;0;0;;;;10;2;4;1;0;;;;7;17
57015;Castel Sant'Angelo;57;1;4;0;0;;;;5;1;7;0;0;;;;8;13
57015;Castel Sant'Angelo;58;5;9;2;0;;;;16;1;6;2;1;;;;10;26
57015;Castel Sant'Angelo;59;0;6;2;0;;;;8;0;10;0;1;;;;11;19
57015;Castel Sant'Angelo;60;3;6;1;0;;;;10;1;6;1;3;;;;11;21
57015;Castel Sant'Angelo;61;0;6;1;0;;;;7;0;4;1;0;;;;5;12
57015;Castel Sant'Angelo;62;3;8;0;0;;;;11;2;5;1;1;;;;9;20
57015;Castel Sant'Angelo;63;2;9;2;0;;;;13;2;7;0;0;;;;9;22
57015;Castel Sant'Angelo;64;1;4;1;0;;;;6;0;10;1;1;;;;12;18
57015;Castel Sant'Angelo;65;1;8;0;0;;;;9;1;9;0;1;;;;11;20
57015;Castel Sant'Angelo;66;0;5;0;0;;;;5;0;4;0;4;;;;8;13
57015;Castel Sant'Angelo;67;0;5;0;0;;;;5;0;6;0;0;;;;6;11
57015;Castel Sant'Angelo;68;0;12;0;0;;;;12;1;7;0;1;;;;9;21
57015;Castel Sant'Angelo;69;0;2;0;0;;;;2;1;7;0;0;;;;8;10
57015;Castel Sant'Angelo;70;0;4;1;0;;;;5;1;9;1;0;;;;11;16
57015;Castel Sant'Angelo;71;0;7;0;1;;;;8;3;4;0;1;;;;8;16
57015;Castel Sant'Angelo;72;0;4;1;1;;;;6;0;9;0;4;;;;13;19
57015;Castel Sant'Angelo;73;0;9;1;0;;;;10;0;7;0;4;;;;11;21
57015;Castel Sant'Angelo;74;1;13;0;0;;;;14;0;5;1;1;;;;7;21
57015;Castel Sant'Angelo;75;0;10;1;1;;;;12;0;5;1;0;;;;6;18
57015;Castel Sant'Angelo;76;0;8;1;0;;;;9;3;11;0;4;;;;18;27
57015;Castel Sant'Angelo;77;1;5;0;1;;;;7;1;1;0;5;;;;7;14
57015;Castel Sant'Angelo;78;1;7;0;2;;;;10;0;1;0;1;;;;2;12
57015;Castel Sant'Angelo;79;0;7;1;1;;;;9;0;5;0;2;;;;7;16
57015;Castel Sant'Angelo;80;1;3;0;0;;;;4;0;0;0;2;;;;2;6
57015;Castel Sant'Angelo;81;0;7;0;0;;;;7;0;2;0;0;;;;2;9
57015;Castel Sant'Angelo;82;1;4;0;0;;;;5;0;1;0;6;;;;7;12
57015;Castel Sant'Angelo;83;0;1;0;1;;;;2;0;3;0;4;;;;7;9
57015;Castel Sant'Angelo;84;0;3;0;0;;;;3;0;4;0;2;;;;6;9
57015;Castel Sant'Angelo;85;0;4;0;0;;;;4;0;2;0;2;;;;4;8
57015;Castel Sant'Angelo;86;0;2;0;1;;;;3;0;4;0;6;;;;10;13
57015;Castel Sant'Angelo;87;0;2;0;1;;;;3;0;1;0;3;;;;4;7
57015;Castel Sant'Angelo;88;0;0;0;0;;;;0;0;0;0;1;;;;1;1
57015;Castel Sant'Angelo;89;0;2;0;2;;;;4;0;1;0;0;;;;1;5
57015;Castel Sant'Angelo;90;1;0;0;0;;;;1;0;0;0;2;;;;2;3
57015;Castel Sant'Angelo;91;0;1;0;0;;;;1;0;1;0;2;;;;3;4
57015;Castel Sant'Angelo;92;0;2;0;0;;;;2;0;1;1;1;;;;3;5
57015;Castel Sant'Angelo;93;0;0;0;0;;;;0;0;1;0;1;;;;2;2
57015;Castel Sant'Angelo;94;0;2;0;0;;;;2;0;0;0;4;;;;4;6
57015;Castel Sant'Angelo;95;0;0;0;0;;;;0;0;1;0;0;;;;1;1
57015;Castel Sant'Angelo;96;0;0;0;0;;;;0;0;0;0;2;;;;2;2
57015;Castel Sant'Angelo;97;0;1;0;0;;;;1;1;0;0;0;;;;1;2
57015;Castel Sant'Angelo;98;0;0;0;0;;;;0;0;1;0;1;;;;2;2
57015;Castel Sant'Angelo;99;0;0;0;1;;;;1;0;0;0;0;;;;0;1
57015;Castel Sant'Angelo;100;0;0;0;0;;;;0;0;0;0;1;;;;1;1
57015;Castel Sant'Angelo;999;291;280;28;13;;;;612;211;259;21;79;;;;570;1182
57016;Cittaducale;0;16;0;0;0;;;;16;21;0;0;0;;;;21;37
57016;Cittaducale;1;20;0;0;0;;;;20;15;0;0;0;;;;15;35
57016;Cittaducale;2;22;0;0;0;;;;22;21;0;0;0;;;;21;43
57016;Cittaducale;3;14;0;0;0;;;;14;18;0;0;0;;;;18;32
57016;Cittaducale;4;20;0;0;0;;;;20;24;0;0;0;;;;24;44
57016;Cittaducale;5;27;0;0;0;;;;27;16;0;0;0;;;;16;43
57016;Cittaducale;6;23;0;0;0;;;;23;20;0;0;0;;;;20;43
57016;Cittaducale;7;20;0;0;0;;;;20;24;0;0;0;;;;24;44
57016;Cittaducale;8;25;0;0;0;;;;25;19;0;0;0;;;;19;44
57016;Cittaducale;9;27;0;0;0;;;;27;20;0;0;0;;;;20;47
57016;Cittaducale;10;20;0;0;0;;;;20;25;0;0;0;;;;25;45
57016;Cittaducale;11;28;0;0;0;;;;28;14;0;0;0;;;;14;42
57016;Cittaducale;12;24;0;0;0;;;;24;25;0;0;0;;;;25;49
57016;Cittaducale;13;34;0;0;0;;;;34;31;0;0;0;;;;31;65
57016;Cittaducale;14;22;0;0;0;;;;22;26;0;0;0;;;;26;48
57016;Cittaducale;15;35;0;0;0;;;;35;35;0;0;0;;;;35;70
57016;Cittaducale;16;33;0;0;0;;;;33;26;0;0;0;;;;26;59
57016;Cittaducale;17;36;0;0;0;;;;36;28;0;0;0;;;;28;64
57016;Cittaducale;18;42;0;0;0;;;;42;19;0;0;0;;;;19;61
57016;Cittaducale;19;32;0;0;0;;;;32;39;0;0;0;;;;39;71
57016;Cittaducale;20;32;0;0;0;;;;32;32;0;0;0;;;;32;64
57016;Cittaducale;21;39;0;0;0;;;;39;21;0;0;0;;;;21;60
57016;Cittaducale;22;36;0;0;0;;;;36;29;1;0;0;;;;30;66
57016;Cittaducale;23;29;0;0;0;;;;29;27;0;0;0;;;;27;56
57016;Cittaducale;24;18;0;0;0;;;;18;31;1;0;0;;;;32;50
57016;Cittaducale;25;31;0;0;0;;;;31;24;0;0;0;;;;24;55
57016;Cittaducale;26;34;0;0;0;;;;34;22;2;1;0;;;;25;59
57016;Cittaducale;27;18;1;0;0;;;;19;25;3;0;0;;;;28;47
57016;Cittaducale;28;33;2;0;0;;;;35;32;3;0;0;;;;35;70
57016;Cittaducale;29;45;0;1;0;;;;46;31;4;0;0;;;;35;81
57016;Cittaducale;30;33;2;0;0;;;;35;24;6;0;0;;;;30;65
57016;Cittaducale;31;30;4;0;0;;;;34;26;5;1;0;;;;32;66
57016;Cittaducale;32;31;3;0;0;;;;34;28;8;0;0;;;;36;70
57016;Cittaducale;33;26;8;0;0;;;;34;27;15;1;0;;;;43;77
57016;Cittaducale;34;27;10;2;0;;;;39;15;6;0;0;;;;21;60
57016;Cittaducale;35;22;5;0;0;;;;27;18;9;0;0;;;;27;54
57016;Cittaducale;36;22;6;0;0;;;;28;16;7;1;0;;;;24;52
57016;Cittaducale;37;29;6;1;0;;;;36;25;10;1;0;;;;36;72
57016;Cittaducale;38;21;9;0;0;;;;30;18;13;1;0;;;;32;62
57016;Cittaducale;39;21;12;0;1;;;;34;14;18;0;1;;;;33;67
57016;Cittaducale;40;25;13;1;0;;;;39;21;21;0;0;;;;42;81
57016;Cittaducale;41;13;20;0;0;;;;33;12;12;0;0;;;;24;57
57016;Cittaducale;42;22;22;1;0;;;;45;11;10;1;0;;;;22;67
57016;Cittaducale;43;20;13;0;0;;;;33;22;23;1;0;;;;46;79
57016;Cittaducale;44;21;22;0;1;;;;44;17;20;2;0;;;;39;83
57016;Cittaducale;45;30;23;0;0;;;;53;16;24;1;0;;;;41;94
57016;Cittaducale;46;30;23;4;0;;;;57;18;30;1;1;;;;50;107
57016;Cittaducale;47;19;19;3;0;;;;41;11;33;3;0;;;;47;88
57016;Cittaducale;48;16;29;0;0;;;;45;16;35;0;1;;;;52;97
57016;Cittaducale;49;13;40;1;0;;;;54;15;23;2;0;;;;40;94
57016;Cittaducale;50;24;21;3;0;;;;48;11;28;4;2;;;;45;93
57016;Cittaducale;51;20;20;1;0;;;;41;22;42;6;2;;;;72;113
57016;Cittaducale;52;12;33;5;0;;;;50;6;26;4;4;;;;40;90
57016;Cittaducale;53;11;32;3;1;;;;47;14;26;1;1;;;;42;89
57016;Cittaducale;54;7;25;4;0;;;;36;9;44;2;2;;;;57;93
57016;Cittaducale;55;24;25;3;1;;;;53;8;39;4;2;;;;53;106
57016;Cittaducale;56;7;34;4;0;;;;45;11;38;4;4;;;;57;102
57016;Cittaducale;57;10;48;3;1;;;;62;10;50;1;4;;;;65;127
57016;Cittaducale;58;8;40;4;2;;;;54;6;50;5;1;;;;62;116
57016;Cittaducale;59;8;45;1;2;;;;56;8;48;4;10;;;;70;126
57016;Cittaducale;60;4;55;4;0;;;;63;5;50;5;1;;;;61;124
57016;Cittaducale;61;3;43;8;1;;;;55;1;35;1;2;;;;39;94
57016;Cittaducale;62;11;39;4;1;;;;55;8;32;2;10;;;;52;107
57016;Cittaducale;63;4;37;2;1;;;;44;1;31;1;9;;;;42;86
57016;Cittaducale;64;4;32;2;0;;;;38;3;44;0;4;;;;51;89
57016;Cittaducale;65;3;36;2;1;;;;42;8;29;2;5;;;;44;86
57016;Cittaducale;66;4;25;0;0;;;;29;4;28;4;8;;;;44;73
57016;Cittaducale;67;4;37;2;4;;;;47;2;32;1;3;;;;38;85
57016;Cittaducale;68;5;28;2;0;;;;35;1;26;5;1;;;;33;68
57016;Cittaducale;69;3;41;1;1;;;;46;0;37;1;4;;;;42;88
57016;Cittaducale;70;5;34;1;4;;;;44;1;34;1;8;;;;44;88
57016;Cittaducale;71;5;24;2;3;;;;34;2;36;1;8;;;;47;81
57016;Cittaducale;72;1;40;2;2;;;;45;3;30;1;7;;;;41;86
57016;Cittaducale;73;2;25;0;3;;;;30;4;32;1;15;;;;52;82
57016;Cittaducale;74;4;35;0;3;;;;42;1;34;3;13;;;;51;93
57016;Cittaducale;75;1;32;0;1;;;;34;2;28;0;11;;;;41;75
57016;Cittaducale;76;1;38;0;4;;;;43;1;30;0;19;;;;50;93
57016;Cittaducale;77;3;30;1;6;;;;40;2;17;0;13;;;;32;72
57016;Cittaducale;78;0;31;0;4;;;;35;1;29;0;14;;;;44;79
57016;Cittaducale;79;2;24;3;3;;;;32;0;18;1;16;;;;35;67
57016;Cittaducale;80;2;17;0;2;;;;21;2;10;1;19;;;;32;53
57016;Cittaducale;81;1;29;1;7;;;;38;4;11;1;16;;;;32;70
57016;Cittaducale;82;1;30;0;1;;;;32;0;14;0;12;;;;26;58
57016;Cittaducale;83;0;19;0;2;;;;21;1;9;0;18;;;;28;49
57016;Cittaducale;84;1;19;0;2;;;;22;1;7;0;14;;;;22;44
57016;Cittaducale;85;0;11;0;4;;;;15;1;3;1;15;;;;20;35
57016;Cittaducale;86;2;10;0;7;;;;19;0;11;0;19;;;;30;49
57016;Cittaducale;87;0;15;0;5;;;;20;3;4;0;18;;;;25;45
57016;Cittaducale;88;0;7;0;4;;;;11;1;1;0;11;;;;13;24
57016;Cittaducale;89;1;6;0;4;;;;11;1;2;0;13;;;;16;27
57016;Cittaducale;90;0;6;0;2;;;;8;0;4;0;12;;;;16;24
57016;Cittaducale;91;0;4;0;2;;;;6;0;2;0;8;;;;10;16
57016;Cittaducale;92;0;1;0;3;;;;4;0;0;0;9;;;;9;13
57016;Cittaducale;93;0;1;0;3;;;;4;0;0;0;8;;;;8;12
57016;Cittaducale;94;0;1;0;2;;;;3;0;0;0;3;;;;3;6
57016;Cittaducale;95;0;0;0;0;;;;0;0;0;0;2;;;;2;2
57016;Cittaducale;96;0;1;0;1;;;;2;0;0;0;1;;;;1;3
57016;Cittaducale;97;0;0;0;3;;;;3;1;0;0;1;;;;2;5
57016;Cittaducale;98;0;0;0;0;;;;0;0;0;0;1;;;;1;1
57016;Cittaducale;99;0;0;0;0;;;;0;1;0;0;0;;;;1;1
57016;Cittaducale;100;0;0;0;0;;;;0;0;0;0;3;;;;3;3
57016;Cittaducale;999;1514;1478;82;105;;;;3179;1281;1443;85;409;;;;3218;6397
57017;Cittareale;0;0;0;0;0;;;;0;0;0;0;0;;;;0;0
57017;Cittareale;1;1;0;0;0;;;;1;0;0;0;0;;;;0;1
57017;Cittareale;2;0;0;0;0;;;;0;2;0;0;0;;;;2;2
57017;Cittareale;3;2;0;0;0;;;;2;0;0;0;0;;;;0;2
57017;Cittareale;4;1;0;0;0;;;;1;0;0;0;0;;;;0;1
57017;Cittareale;5;0;0;0;0;;;;0;2;0;0;0;;;;2;2
57017;Cittareale;6;2;0;0;0;;;;2;0;0;0;0;;;;0;2
57017;Cittareale;7;1;0;0;0;;;;1;1;0;0;0;;;;1;2
57017;Cittareale;8;1;0;0;0;;;;1;0;0;0;0;;;;0;1
57017;Cittareale;9;3;0;0;0;;;;3;0;0;0;0;;;;0;3
57017;Cittareale;10;2;0;0;0;;;;2;0;0;0;0;;;;0;2
57017;Cittareale;11;0;0;0;0;;;;0;0;0;0;0;;;;0;0
57017;Cittareale;12;1;0;0;0;;;;1;1;0;0;0;;;;1;2
57017;Cittareale;13;0;0;0;0;;;;0;0;0;0;0;;;;0;0
57017;Cittareale;14;1;0;0;0;;;;1;1;0;0;0;;;;1;2
57017;Cittareale;15;2;0;0;0;;;;2;1;0;0;0;;;;1;3
57017;Cittareale;16;0;0;0;0;;;;0;1;0;0;0;;;;1;1
57017;Cittareale;17;1;0;0;0;;;;1;0;0;0;0;;;;0;1
57017;Cittareale;18;0;0;0;0;;;;0;2;0;0;0;;;;2;2
57017;Cittareale;19;1;0;0;0;;;;1;1;0;0;0;;;;1;2
57017;Cittareale;20;1;0;0;0;;;;1;1;0;0;0;;;;1;2
57017;Cittareale;21;0;0;0;0;;;;0;0;0;0;0;;;;0;0
57017;Cittareale;22;0;0;0;0;;;;0;1;0;0;0;;;;1;1
57017;Cittareale;23;1;0;0;0;;;;1;2;0;0;0;;;;2;3
57017;Cittareale;24;1;0;0;0;;;;1;1;0;0;0;;;;1;2
57017;Cittareale;25;1;0;0;0;;;;1;0;0;0;0;;;;0;1
57017;Cittareale;26;5;0;0;0;;;;5;2;0;0;0;;;;2;7
57017;Cittareale;27;1;0;0;0;;;;1;0;0;0;0;;;;0;1
57017;Cittareale;28;2;0;0;0;;;;2;2;0;0;0;;;;2;4
57017;Cittareale;29;0;0;0;0;;;;0;0;0;1;0;;;;1;1
57017;Cittareale;30;2;0;0;0;;;;2;2;0;0;0;;;;2;4
57017;Cittareale;31;4;0;0;0;;;;4;1;1;0;0;;;;2;6
57017;Cittareale;32;1;0;0;0;;;;1;1;0;0;0;;;;1;2
57017;Cittareale;33;2;0;0;0;;;;2;1;1;0;0;;;;2;4
57017;Cittareale;34;3;1;0;0;;;;4;0;1;0;0;;;;1;5
57017;Cittareale;35;1;1;0;0;;;;2;0;0;0;0;;;;0;2
57017;Cittareale;36;0;1;0;0;;;;1;0;1;0;0;;;;1;2
57017;Cittareale;37;0;0;0;0;;;;0;0;1;0;0;;;;1;1
57017;Cittareale;38;1;1;0;0;;;;2;1;2;0;0;;;;3;5
57017;Cittareale;39;3;1;0;0;;;;4;2;0;1;0;;;;3;7
57017;Cittareale;40;2;0;0;0;;;;2;1;0;0;0;;;;1;3
57017;Cittareale;41;1;0;0;0;;;;1;3;0;0;0;;;;3;4
57017;Cittareale;42;1;0;0;0;;;;1;1;0;0;0;;;;1;2
57017;Cittareale;43;3;0;0;0;;;;3;1;0;0;0;;;;1;4
57017;Cittareale;44;4;0;1;0;;;;5;0;0;0;0;;;;0;5
57017;Cittareale;45;0;0;0;0;;;;0;1;1;0;0;;;;2;2
57017;Cittareale;46;0;1;0;0;;;;1;0;1;0;0;;;;1;2
57017;Cittareale;47;1;1;0;0;;;;2;1;0;0;0;;;;1;3
57017;Cittareale;48;0;1;0;0;;;;1;1;1;0;0;;;;2;3
57017;Cittareale;49;2;2;0;0;;;;4;0;0;0;1;;;;1;5
57017;Cittareale;50;1;2;0;0;;;;3;2;1;0;0;;;;3;6
57017;Cittareale;51;2;0;0;0;;;;2;3;1;0;0;;;;4;6
57017;Cittareale;52;1;1;0;0;;;;2;0;2;0;0;;;;2;4
57017;Cittareale;53;0;0;0;0;;;;0;0;3;0;0;;;;3;3
57017;Cittareale;54;0;1;0;0;;;;1;1;2;0;0;;;;3;4
57017;Cittareale;55;1;3;0;0;;;;4;0;1;0;0;;;;1;5
57017;Cittareale;56;0;0;0;0;;;;0;1;2;0;0;;;;3;3
57017;Cittareale;57;1;0;0;0;;;;1;1;2;0;0;;;;3;4
57017;Cittareale;58;2;1;0;0;;;;3;0;2;0;0;;;;2;5
57017;Cittareale;59;0;1;0;0;;;;1;0;2;0;1;;;;3;4
57017;Cittareale;60;1;4;0;0;;;;5;1;2;0;0;;;;3;8
57017;Cittareale;61;1;4;2;0;;;;7;0;0;0;0;;;;0;7
57017;Cittareale;62;1;6;0;0;;;;7;0;3;0;1;;;;4;11
57017;Cittareale;63;3;3;0;1;;;;7;0;4;0;0;;;;4;11
57017;Cittareale;64;2;2;0;0;;;;4;0;3;0;0;;;;3;7
57017;Cittareale;65;0;2;1;0;;;;3;0;2;0;0;;;;2;5
57017;Cittareale;66;0;5;0;0;;;;5;1;1;0;2;;;;4;9
57017;Cittareale;67;1;5;0;0;;;;6;0;2;1;0;;;;3;9
57017;Cittareale;68;1;5;0;0;;;;6;0;2;0;1;;;;3;9
57017;Cittareale;69;4;5;0;0;;;;9;0;2;0;0;;;;2;11
57017;Cittareale;70;1;2;0;0;;;;3;0;4;0;0;;;;4;7
57017;Cittareale;71;1;3;1;0;;;;5;1;1;0;1;;;;3;8
57017;Cittareale;72;0;2;0;0;;;;2;1;4;0;1;;;;6;8
57017;Cittareale;73;2;4;0;0;;;;6;0;3;0;0;;;;3;9
57017;Cittareale;74;1;1;1;0;;;;3;1;2;0;1;;;;4;7
57017;Cittareale;75;0;3;1;0;;;;4;0;3;0;0;;;;3;7
57017;Cittareale;76;1;0;0;0;;;;1;1;3;0;0;;;;4;5
57017;Cittareale;77;1;3;0;0;;;;4;1;2;0;0;;;;3;7
57017;Cittareale;78;0;0;0;2;;;;2;0;2;0;0;;;;2;4
57017;Cittareale;79;0;2;0;0;;;;2;0;1;0;0;;;;1;3
57017;Cittareale;80;0;1;0;0;;;;1;0;0;0;1;;;;1;2
57017;Cittareale;81;0;0;0;0;;;;0;0;0;0;0;;;;0;0
57017;Cittareale;82;0;1;0;1;;;;2;0;1;0;2;;;;3;5
57017;Cittareale;83;0;3;0;0;;;;3;0;0;0;4;;;;4;7
57017;Cittareale;84;0;2;0;1;;;;3;0;0;0;2;;;;2;5
57017;Cittareale;85;0;1;0;1;;;;2;0;1;0;2;;;;3;5
57017;Cittareale;86;0;0;0;0;;;;0;1;0;0;0;;;;1;1
57017;Cittareale;87;0;2;0;1;;;;3;0;2;0;2;;;;4;7
57017;Cittareale;88;0;1;0;0;;;;1;0;2;0;2;;;;4;5
57017;Cittareale;89;0;2;0;0;;;;2;1;0;0;1;;;;2;4
57017;Cittareale;90;0;0;0;0;;;;0;0;0;0;0;;;;0;0
57017;Cittareale;91;0;0;0;0;;;;0;0;0;0;0;;;;0;0
57017;Cittareale;92;0;1;0;1;;;;2;0;0;0;2;;;;2;4
57017;Cittareale;93;0;1;0;0;;;;1;0;0;0;3;;;;3;4
57017;Cittareale;94;0;0;0;0;;;;0;0;0;0;0;;;;0;0
57017;Cittareale;95;0;0;0;0;;;;0;0;0;0;0;;;;0;0
57017;Cittareale;96;0;0;0;1;;;;1;0;0;0;1;;;;1;2
57017;Cittareale;97;0;1;0;0;;;;1;0;1;0;1;;;;2;3
57017;Cittareale;98;0;0;0;0;;;;0;0;0;0;0;;;;0;0
57017;Cittareale;99;0;0;0;0;;;;0;0;0;0;0;;;;0;0
57017;Cittareale;100;0;0;0;0;;;;0;0;0;0;0;;;;0;0
57017;Cittareale;999;91;96;7;9;;;;203;55;81;3;32;;;;171;374
57018;Collalto Sabino;0;1;0;0;0;;;;1;1;0;0;0;;;;1;2
57018;Collalto Sabino;1;0;0;0;0;;;;0;0;0;0;0;;;;0;0
57018;Collalto Sabino;2;0;0;0;0;;;;0;1;0;0;0;;;;1;1
57018;Collalto Sabino;3;0;0;0;0;;;;0;1;0;0;0;;;;1;1
57018;Collalto Sabino;4;0;0;0;0;;;;0;0;0;0;0;;;;0;0
57018;Collalto Sabino;5;0;0;0;0;;;;0;0;0;0;0;;;;0;0
57018;Collalto Sabino;6;0;0;0;0;;;;0;0;0;0;0;;;;0;0
57018;Collalto Sabino;7;1;0;0;0;;;;1;2;0;0;0;;;;2;3
57018;Collalto Sabino;8;1;0;0;0;;;;1;1;0;0;0;;;;1;2
57018;Collalto Sabino;9;0;0;0;0;;;;0;0;0;0;0;;;;0;0
57018;Collalto Sabino;10;0;0;0;0;;;;0;0;0;0;0;;;;0;0
57018;Collalto Sabino;11;0;0;0;0;;;;0;1;0;0;0;;;;1;1
57018;Collalto Sabino;12;1;0;0;0;;;;1;0;0;0;0;;;;0;1
57018;Collalto Sabino;13;1;0;0;0;;;;1;2;0;0;0;;;;2;3
57018;Collalto Sabino;14;0;0;0;0;;;;0;1;0;0;0;;;;1;1
57018;Collalto Sabino;15;1;0;0;0;;;;1;1;0;0;0;;;;1;2
57018;Collalto Sabino;16;2;0;0;0;;;;2;0;0;0;0;;;;0;2
57018;Collalto Sabino;17;0;0;0;0;;;;0;1;0;0;0;;;;1;1
57018;Collalto Sabino;18;0;0;0;0;;;;0;2;0;0;0;;;;2;2
57018;Collalto Sabino;19;1;0;0;0;;;;1;1;0;0;0;;;;1;2
57018;Collalto Sabino;20;0;0;0;0;;;;0;0;0;0;0;;;;0;0
57018;Collalto Sabino;21;2;0;0;0;;;;2;0;0;0;0;;;;0;2
57018;Collalto Sabino;22;1;0;0;0;;;;1;3;0;0;0;;;;3;4
57018;Collalto Sabino;23;2;0;0;0;;;;2;1;0;0;0;;;;1;3
57018;Collalto Sabino;24;1;0;0;0;;;;1;2;0;0;0;;;;2;3
57018;Collalto Sabino;25;1;0;0;0;;;;1;2;0;0;0;;;;2;3
57018;Collalto Sabino;26;1;0;0;0;;;;1;1;0;0;0;;;;1;2
57018;Collalto Sabino;27;0;0;0;0;;;;0;1;0;0;0;;;;1;1
57018;Collalto Sabino;28;0;0;0;0;;;;0;0;0;0;0;;;;0;0
57018;Collalto Sabino;29;3;0;0;0;;;;3;1;0;0;0;;;;1;4
57018;Collalto Sabino;30;2;0;0;0;;;;2;4;0;0;0;;;;4;6
57018;Collalto Sabino;31;0;0;0;0;;;;0;2;0;0;0;;;;2;2
57018;Collalto Sabino;32;1;0;0;0;;;;1;0;1;0;0;;;;1;2
57018;Collalto Sabino;33;3;0;0;0;;;;3;0;1;0;0;;;;1;4
57018;Collalto Sabino;34;0;0;0;0;;;;0;2;0;0;0;;;;2;2
57018;Collalto Sabino;35;2;0;0;0;;;;2;1;0;0;0;;;;1;3
57018;Collalto Sabino;36;2;1;0;0;;;;3;1;0;0;0;;;;1;4
57018;Collalto Sabino;37;0;0;0;0;;;;0;0;1;0;0;;;;1;1
57018;Collalto Sabino;38;3;0;0;0;;;;3;1;0;0;0;;;;1;4
57018;Collalto Sabino;39;1;0;0;0;;;;1;0;0;0;0;;;;0;1
57018;Collalto Sabino;40;3;1;0;0;;;;4;2;0;0;0;;;;2;6
57018;Collalto Sabino;41;1;2;0;0;;;;3;0;0;0;0;;;;0;3
57018;Collalto Sabino;42;1;1;0;0;;;;2;0;2;0;0;;;;2;4
57018;Collalto Sabino;43;1;0;0;0;;;;1;2;2;1;0;;;;5;6
57018;Collalto Sabino;44;3;0;0;0;;;;3;2;0;0;0;;;;2;5
57018;Collalto Sabino;45;2;0;0;0;;;;2;0;0;0;0;;;;0;2
57018;Collalto Sabino;46;2;3;0;0;;;;5;2;1;0;0;;;;3;8
57018;Collalto Sabino;47;2;0;0;0;;;;2;1;1;1;0;;;;3;5
57018;Collalto Sabino;48;1;3;0;0;;;;4;1;3;0;0;;;;4;8
57018;Collalto Sabino;49;2;2;0;0;;;;4;0;4;0;0;;;;4;8
57018;Collalto Sabino;50;3;1;0;0;;;;4;2;4;0;1;;;;7;11
57018;Collalto Sabino;51;1;2;1;0;;;;4;1;0;0;0;;;;1;5
57018;Collalto Sabino;52;2;4;0;0;;;;6;1;2;0;0;;;;3;9
57018;Collalto Sabino;53;3;3;0;0;;;;6;2;1;0;0;;;;3;9
57018;Collalto Sabino;54;2;4;0;1;;;;7;0;2;0;0;;;;2;9
57018;Collalto Sabino;55;3;1;1;0;;;;5;2;0;0;0;;;;2;7
57018;Collalto Sabino;56;2;0;0;0;;;;2;1;2;0;0;;;;3;5
57018;Collalto Sabino;57;1;0;0;0;;;;1;3;1;0;0;;;;4;5
57018;Collalto Sabino;58;1;1;0;1;;;;3;0;3;0;0;;;;3;6
57018;Collalto Sabino;59;0;3;0;0;;;;3;0;1;0;0;;;;1;4
57018;Collalto Sabino;60;3;3;0;0;;;;6;0;2;0;0;;;;2;8
57018;Collalto Sabino;61;1;2;1;0;;;;4;1;0;1;0;;;;2;6
57018;Collalto Sabino;62;2;1;1;0;;;;4;0;2;0;0;;;;2;6
57018;Collalto Sabino;63;0;3;0;1;;;;4;0;2;0;1;;;;3;7
57018;Collalto Sabino;64;1;2;1;0;;;;4;0;4;0;2;;;;6;10
57018;Collalto Sabino;65;1;4;1;0;;;;6;0;2;0;0;;;;2;8
57018;Collalto Sabino;66;2;3;0;0;;;;5;0;5;0;0;;;;5;10
57018;Collalto Sabino;67;0;5;0;1;;;;6;0;2;1;0;;;;3;9
57018;Collalto Sabino;68;0;3;0;0;;;;3;0;0;0;1;;;;1;4
57018;Collalto Sabino;69;1;1;1;0;;;;3;0;2;0;0;;;;2;5
57018;Collalto Sabino;70;0;4;0;0;;;;4;0;4;0;0;;;;4;8
57018;Collalto Sabino;71;1;5;0;0;;;;6;0;2;0;3;;;;5;11
57018;Collalto Sabino;72;0;1;1;0;;;;2;0;2;0;1;;;;3;5
57018;Collalto Sabino;73;2;4;1;0;;;;7;0;1;0;0;;;;1;8
57018;Collalto Sabino;74;1;3;0;1;;;;5;0;3;0;1;;;;4;9
57018;Collalto Sabino;75;0;1;0;0;;;;1;0;1;0;0;;;;1;2
57018;Collalto Sabino;76;0;5;0;0;;;;5;0;2;0;1;;;;3;8
57018;Collalto Sabino;77;1;2;0;0;;;;3;0;3;0;1;;;;4;7
57018;Collalto Sabino;78;0;3;0;0;;;;3;0;1;0;0;;;;1;4
57018;Collalto Sabino;79;0;0;0;0;;;;0;0;2;0;0;;;;2;2
57018;Collalto Sabino;80;0;3;0;0;;;;3;0;1;0;2;;;;3;6
57018;Collalto Sabino;81;0;0;1;0;;;;1;0;1;0;0;;;;1;2
57018;Collalto Sabino;82;0;2;0;1;;;;3;0;2;0;0;;;;2;5
57018;Collalto Sabino;83;0;0;0;0;;;;0;0;0;0;1;;;;1;1
57018;Collalto Sabino;84;0;0;1;0;;;;1;0;1;0;2;;;;3;4
57018;Collalto Sabino;85;1;1;0;0;;;;2;2;1;0;0;;;;3;5
57018;Collalto Sabino;86;0;2;0;0;;;;2;0;3;0;0;;;;3;5
57018;Collalto Sabino;87;0;0;0;0;;;;0;0;1;0;1;;;;2;2
57018;Collalto Sabino;88;0;1;0;0;;;;1;1;1;0;0;;;;2;3
57018;Collalto Sabino;89;1;1;0;0;;;;2;0;0;0;1;;;;1;3
57018;Collalto Sabino;90;0;0;0;0;;;;0;1;0;0;1;;;;2;2
57018;Collalto Sabino;91;0;2;0;0;;;;2;0;0;0;1;;;;1;3
57018;Collalto Sabino;92;0;1;0;0;;;;1;0;0;0;1;;;;1;2
57018;Collalto Sabino;93;0;1;0;0;;;;1;0;0;0;0;;;;0;1
57018;Collalto Sabino;94;0;0;0;0;;;;0;0;0;0;0;;;;0;0
57018;Collalto Sabino;95;0;0;0;0;;;;0;0;0;0;0;;;;0;0
57018;Collalto Sabino;96;0;0;0;0;;;;0;0;0;0;0;;;;0;0
57018;Collalto Sabino;97;0;0;0;0;;;;0;0;0;0;1;;;;1;1
57018;Collalto Sabino;98;0;0;0;0;;;;0;0;0;0;0;;;;0;0
57018;Collalto Sabino;99;0;0;0;0;;;;0;0;0;0;0;;;;0;0
57018;Collalto Sabino;100;0;0;0;0;;;;0;0;0;0;1;;;;1;1
57018;Collalto Sabino;999;88;101;11;6;;;;206;64;85;4;24;;;;177;383
57019;Colle di Tora;0;0;0;0;0;;;;0;1;0;0;0;;;;1;1
57019;Colle di Tora;1;1;0;0;0;;;;1;0;0;0;0;;;;0;1
57019;Colle di Tora;2;1;0;0;0;;;;1;1;0;0;0;;;;1;2
57019;Colle di Tora;3;2;0;0;0;;;;2;0;0;0;0;;;;0;2
57019;Colle di Tora;4;0;0;0;0;;;;0;1;0;0;0;;;;1;1
57019;Colle di Tora;5;0;0;0;0;;;;0;0;0;0;0;;;;0;0
57019;Colle di Tora;6;2;0;0;0;;;;2;1;0;0;0;;;;1;3
57019;Colle di Tora;7;0;0;0;0;;;;0;0;0;0;0;;;;0;0
57019;Colle di Tora;8;2;0;0;0;;;;2;1;0;0;0;;;;1;3
57019;Colle di Tora;9;3;0;0;0;;;;3;0;0;0;0;;;;0;3
57019;Colle di Tora;10;0;0;0;0;;;;0;2;0;0;0;;;;2;2
57019;Colle di Tora;11;1;0;0;0;;;;1;1;0;0;0;;;;1;2
57019;Colle di Tora;12;2;0;0;0;;;;2;0;0;0;0;;;;0;2
57019;Colle di Tora;13;0;0;0;0;;;;0;2;0;0;0;;;;2;2
57019;Colle di Tora;14;3;0;0;0;;;;3;1;0;0;0;;;;1;4
57019;Colle di Tora;15;0;0;0;0;;;;0;2;0;0;0;;;;2;2
57019;Colle di Tora;16;0;0;0;0;;;;0;0;0;0;0;;;;0;0
57019;Colle di Tora;17;1;0;0;0;;;;1;2;0;0;0;;;;2;3
57019;Colle di Tora;18;0;0;0;0;;;;0;0;0;0;0;;;;0;0
57019;Colle di Tora;19;4;0;0;0;;;;4;0;0;0;0;;;;0;4
57019;Colle di Tora;20;2;0;0;0;;;;2;1;0;0;0;;;;1;3
57019;Colle di Tora;21;1;0;0;0;;;;1;2;2;0;0;;;;4;5
57019;Colle di Tora;22;2;0;0;0;;;;2;0;0;0;0;;;;0;2
57019;Colle di Tora;23;2;0;0;0;;;;2;1;0;0;0;;;;1;3
57019;Colle di Tora;24;2;0;0;0;;;;2;3;1;0;0;;;;4;6
57019;Colle di Tora;25;2;0;0;0;;;;2;2;0;0;0;;;;2;4
57019;Colle di Tora;26;3;0;0;0;;;;3;2;0;0;0;;;;2;5
57019;Colle di Tora;27;2;0;0;0;;;;2;0;0;0;0;;;;0;2
57019;Colle di Tora;28;3;0;0;0;;;;3;3;0;0;0;;;;3;6
57019;Colle di Tora;29;1;0;0;0;;;;1;1;0;0;0;;;;1;2
57019;Colle di Tora;30;5;1;0;0;;;;6;1;0;0;0;;;;1;7
57019;Colle di Tora;31;2;1;0;0;;;;3;0;1;0;0;;;;1;4
57019;Colle di Tora;32;1;1;0;0;;;;2;1;0;0;0;;;;1;3
57019;Colle di Tora;33;2;1;0;0;;;;3;0;0;0;0;;;;0;3
57019;Colle di Tora;34;1;0;0;0;;;;1;1;1;0;0;;;;2;3
57019;Colle di Tora;35;2;1;0;0;;;;3;1;0;0;0;;;;1;4
57019;Colle di Tora;36;1;0;0;0;;;;1;0;1;0;0;;;;1;2
57019;Colle di Tora;37;2;0;0;0;;;;2;1;1;0;0;;;;2;4
57019;Colle di Tora;38;1;0;0;0;;;;1;0;2;0;0;;;;2;3
57019;Colle di Tora;39;1;0;0;0;;;;1;1;1;0;0;;;;2;3
57019;Colle di Tora;40;1;0;0;0;;;;1;3;0;0;0;;;;3;4
57019;Colle di Tora;41;0;0;1;0;;;;1;0;1;0;0;;;;1;2
57019;Colle di Tora;42;2;1;0;0;;;;3;0;0;0;0;;;;0;3
57019;Colle di Tora;43;0;0;0;0;;;;0;1;0;0;0;;;;1;1
57019;Colle di Tora;44;2;2;0;0;;;;4;1;0;0;0;;;;1;5
57019;Colle di Tora;45;2;0;0;0;;;;2;0;1;0;0;;;;1;3
57019;Colle di Tora;46;0;2;0;0;;;;2;2;0;0;0;;;;2;4
57019;Colle di Tora;47;0;2;0;0;;;;2;1;2;0;0;;;;3;5
57019;Colle di Tora;48;3;2;0;0;;;;5;0;3;0;0;;;;3;8
57019;Colle di Tora;49;1;3;0;0;;;;4;2;0;0;0;;;;2;6
57019;Colle di Tora;50;3;3;0;0;;;;6;1;2;0;0;;;;3;9
57019;Colle di Tora;51;0;1;0;0;;;;1;0;0;0;0;;;;0;1
57019;Colle di Tora;52;4;0;0;0;;;;4;1;1;0;0;;;;2;6
57019;Colle di Tora;53;2;1;0;0;;;;3;0;3;0;0;;;;3;6
57019;Colle di Tora;54;1;0;0;0;;;;1;0;3;0;1;;;;4;5
57019;Colle di Tora;55;2;3;0;0;;;;5;0;1;1;0;;;;2;7
57019;Colle di Tora;56;0;2;0;0;;;;2;0;2;0;0;;;;2;4
57019;Colle di Tora;57;1;2;0;0;;;;3;1;1;0;0;;;;2;5
57019;Colle di Tora;58;0;4;0;0;;;;4;0;5;0;0;;;;5;9
57019;Colle di Tora;59;0;2;0;0;;;;2;1;2;1;0;;;;4;6
57019;Colle di Tora;60;4;2;0;0;;;;6;0;3;0;0;;;;3;9
57019;Colle di Tora;61;2;3;0;0;;;;5;0;4;0;0;;;;4;9
57019;Colle di Tora;62;0;2;0;0;;;;2;0;2;0;0;;;;2;4
57019;Colle di Tora;63;1;1;0;0;;;;2;0;3;0;0;;;;3;5
57019;Colle di Tora;64;0;0;0;0;;;;0;1;2;0;1;;;;4;4
57019;Colle di Tora;65;0;1;0;0;;;;1;0;0;0;0;;;;0;1
57019;Colle di Tora;66;0;1;0;0;;;;1;1;0;0;0;;;;1;2
57019;Colle di Tora;67;0;0;0;1;;;;1;0;2;0;0;;;;2;3
57019;Colle di Tora;68;0;1;0;0;;;;1;1;2;0;2;;;;5;6
57019;Colle di Tora;69;0;3;0;0;;;;3;1;2;0;0;;;;3;6
57019;Colle di Tora;70;0;4;0;0;;;;4;0;3;0;0;;;;3;7
57019;Colle di Tora;71;0;2;0;0;;;;2;0;0;0;0;;;;0;2
57019;Colle di Tora;72;0;3;0;0;;;;3;0;3;0;0;;;;3;6
57019;Colle di Tora;73;0;2;0;0;;;;2;0;2;0;1;;;;3;5
57019;Colle di Tora;74;0;3;0;0;;;;3;0;0;0;1;;;;1;4
57019;Colle di Tora;75;1;1;0;0;;;;2;0;2;0;2;;;;4;6
57019;Colle di Tora;76;0;1;0;0;;;;1;0;1;0;1;;;;2;3
57019;Colle di Tora;77;0;1;1;0;;;;2;0;4;0;0;;;;4;6
57019;Colle di Tora;78;0;3;0;0;;;;3;0;4;0;1;;;;5;8
57019;Colle di Tora;79;0;3;0;0;;;;3;0;0;0;0;;;;0;3
57019;Colle di Tora;80;0;1;0;0;;;;1;0;0;0;0;;;;0;1
57019;Colle di Tora;81;1;0;0;0;;;;1;0;1;0;1;;;;2;3
57019;Colle di Tora;82;0;1;0;0;;;;1;0;0;0;1;;;;1;2
57019;Colle di Tora;83;0;1;0;2;;;;3;0;1;0;0;;;;1;4
57019;Colle di Tora;84;0;4;0;0;;;;4;0;2;0;3;;;;5;9
57019;Colle di Tora;85;0;1;0;0;;;;1;0;0;0;1;;;;1;2
57019;Colle di Tora;86;0;0;0;3;;;;3;0;0;0;0;;;;0;3
57019;Colle di Tora;87;0;1;0;0;;;;1;0;2;0;0;;;;2;3
57019;Colle di Tora;88;0;0;0;0;;;;0;0;0;0;0;;;;0;0
57019;Colle di Tora;89;0;0;0;1;;;;1;0;0;0;0;;;;0;1
57019;Colle di Tora;90;0;1;0;0;;;;1;0;0;0;0;;;;0;1
57019;Colle di Tora;91;0;0;0;0;;;;0;0;1;0;0;;;;1;1
57019;Colle di Tora;92;0;0;0;0;;;;0;0;0;0;0;;;;0;0
57019;Colle di Tora;93;0;1;0;0;;;;1;0;0;0;4;;;;4;5
57019;Colle di Tora;94;0;0;0;0;;;;0;0;0;0;0;;;;0;0
57019;Colle di Tora;95;0;0;0;1;;;;1;0;0;0;1;;;;1;2
57019;Colle di Tora;96;0;1;0;0;;;;1;0;0;0;0;;;;0;1
57019;Colle di Tora;97;0;0;0;0;;;;0;0;0;0;1;;;;1;1
57019;Colle di Tora;98;0;0;0;0;;;;0;0;0;0;0;;;;0;0
57019;Colle di Tora;99;0;0;0;0;;;;0;0;0;0;1;;;;1;1
57019;Colle di Tora;100;0;0;0;0;;;;0;0;0;0;0;;;;0;0
57019;Colle di Tora;999;93;84;2;8;;;;187;54;83;2;23;;;;162;349
57020;Collegiove;0;1;0;0;0;;;;1;0;0;0;0;;;;0;1
57020;Collegiove;1;0;0;0;0;;;;0;0;0;0;0;;;;0;0
57020;Collegiove;2;1;0;0;0;;;;1;0;0;0;0;;;;0;1
57020;Collegiove;3;0;0;0;0;;;;0;0;0;0;0;;;;0;0
57020;Collegiove;4;0;0;0;0;;;;0;0;0;0;0;;;;0;0
57020;Collegiove;5;0;0;0;0;;;;0;0;0;0;0;;;;0;0
57020;Collegiove;6;0;0;0;0;;;;0;0;0;0;0;;;;0;0
57020;Collegiove;7;0;0;0;0;;;;0;0;0;0;0;;;;0;0
57020;Collegiove;8;0;0;0;0;;;;0;0;0;0;0;;;;0;0
57020;Collegiove;9;0;0;0;0;;;;0;0;0;0;0;;;;0;0
57020;Collegiove;10;0;0;0;0;;;;0;0;0;0;0;;;;0;0
57020;Collegiove;11;0;0;0;0;;;;0;0;0;0;0;;;;0;0
57020;Collegiove;12;0;0;0;0;;;;0;0;0;0;0;;;;0;0
57020;Collegiove;13;0;0;0;0;;;;0;0;0;0;0;;;;0;0
57020;Collegiove;14;0;0;0;0;;;;0;0;0;0;0;;;;0;0
57020;Collegiove;15;0;0;0;0;;;;0;0;0;0;0;;;;0;0
57020;Collegiove;16;0;0;0;0;;;;0;0;0;0;0;;;;0;0
57020;Collegiove;17;0;0;0;0;;;;0;0;0;0;0;;;;0;0
57020;Collegiove;18;1;0;0;0;;;;1;0;0;0;0;;;;0;1
57020;Collegiove;19;0;0;0;0;;;;0;0;0;0;0;;;;0;0
57020;Collegiove;20;0;0;0;0;;;;0;1;0;0;0;;;;1;1
57020;Collegiove;21;0;0;0;0;;;;0;0;0;0;0;;;;0;0
57020;Collegiove;22;0;0;0;0;;;;0;0;0;0;0;;;;0;0
57020;Collegiove;23;0;0;0;0;;;;0;0;0;0;0;;;;0;0
57020;Collegiove;24;0;0;0;0;;;;0;0;0;0;0;;;;0;0
57020;Collegiove;25;1;0;0;0;;;;1;0;0;0;0;;;;0;1
57020;Collegiove;26;0;0;0;0;;;;0;0;0;0;0;;;;0;0
57020;Collegiove;27;2;0;0;0;;;;2;1;0;0;0;;;;1;3
57020;Collegiove;28;3;0;0;0;;;;3;3;0;0;0;;;;3;6
57020;Collegiove;29;0;0;0;0;;;;0;0;0;0;0;;;;0;0
57020;Collegiove;30;1;0;0;0;;;;1;1;1;0;0;;;;2;3
57020;Collegiove;31;2;0;0;0;;;;2;0;0;0;0;;;;0;2
57020;Collegiove;32;1;0;0;0;;;;1;2;0;0;0;;;;2;3
57020;Collegiove;33;1;0;0;0;;;;1;3;0;0;0;;;;3;4
57020;Collegiove;34;0;1;0;0;;;;1;1;0;0;0;;;;1;2
57020;Collegiove;35;1;0;0;0;;;;1;0;0;0;0;;;;0;1
57020;Collegiove;36;3;0;0;0;;;;3;2;0;0;0;;;;2;5
57020;Collegiove;37;1;0;0;0;;;;1;0;1;0;0;;;;1;2
57020;Collegiove;38;3;0;0;0;;;;3;0;0;0;0;;;;0;3
57020;Collegiove;39;0;1;0;0;;;;1;0;0;0;0;;;;0;1
57020;Collegiove;40;0;0;0;0;;;;0;0;0;0;0;;;;0;0
57020;Collegiove;41;0;0;0;0;;;;0;0;0;0;0;;;;0;0
57020;Collegiove;42;0;0;0;0;;;;0;0;0;0;0;;;;0;0
57020;Collegiove;43;0;1;0;0;;;;1;0;0;0;0;;;;0;1
57020;Collegiove;44;1;0;0;0;;;;1;0;0;0;0;;;;0;1
57020;Collegiove;45;0;1;0;0;;;;1;0;0;0;0;;;;0;1
57020;Collegiove;46;0;0;0;0;;;;0;0;0;0;0;;;;0;0
57020;Collegiove;47;0;0;0;0;;;;0;0;2;0;0;;;;2;2
57020;Collegiove;48;1;0;0;0;;;;1;0;0;0;0;;;;0;1
57020;Collegiove;49;0;1;0;0;;;;1;0;0;0;0;;;;0;1
57020;Collegiove;50;0;0;0;0;;;;0;0;1;0;0;;;;1;1
57020;Collegiove;51;2;0;0;0;;;;2;0;0;0;0;;;;0;2
57020;Collegiove;52;1;1;0;0;;;;2;0;1;0;0;;;;1;3
57020;Collegiove;53;0;0;0;0;;;;0;0;0;0;0;;;;0;0
57020;Collegiove;54;1;2;0;0;;;;3;0;1;0;0;;;;1;4
57020;Collegiove;55;0;0;0;0;;;;0;0;0;0;0;;;;0;0
57020;Collegiove;56;0;1;0;0;;;;1;0;2;0;0;;;;2;3
57020;Collegiove;57;0;1;0;0;;;;1;0;0;0;0;;;;0;1
57020;Collegiove;58;0;0;0;0;;;;0;0;2;0;0;;;;2;2
57020;Collegiove;59;0;2;1;0;;;;3;0;2;1;0;;;;3;6
57020;Collegiove;60;0;1;0;0;;;;1;1;0;0;0;;;;1;2
57020;Collegiove;61;1;1;0;0;;;;2;0;0;0;0;;;;0;2
57020;Collegiove;62;1;0;1;0;;;;2;0;0;0;0;;;;0;2
57020;Collegiove;63;0;0;0;0;;;;0;0;1;0;0;;;;1;1
57020;Collegiove;64;0;4;0;0;;;;4;0;0;0;0;;;;0;4
57020;Collegiove;65;0;2;0;0;;;;2;0;0;0;0;;;;0;2
57020;Collegiove;66;0;2;0;0;;;;2;0;4;1;0;;;;5;7
57020;Collegiove;67;0;0;0;0;;;;0;0;0;0;0;;;;0;0
57020;Collegiove;68;1;0;0;0;;;;1;0;0;0;0;;;;0;1
57020;Collegiove;69;0;1;0;0;;;;1;0;2;0;1;;;;3;4
57020;Collegiove;70;1;2;0;0;;;;3;0;0;0;0;;;;0;3
57020;Collegiove;71;0;0;1;0;;;;1;1;2;0;0;;;;3;4
57020;Collegiove;72;0;0;0;0;;;;0;0;0;1;0;;;;1;1
57020;Collegiove;73;0;0;1;0;;;;1;0;2;0;1;;;;3;4
57020;Collegiove;74;0;1;0;0;;;;1;0;0;0;0;;;;0;1
57020;Collegiove;75;0;1;0;0;;;;1;0;0;0;0;;;;0;1
57020;Collegiove;76;0;3;0;0;;;;3;0;0;0;0;;;;0;3
57020;Collegiove;77;0;0;0;0;;;;0;0;0;0;0;;;;0;0
57020;Collegiove;78;0;0;0;0;;;;0;0;0;0;1;;;;1;1
57020;Collegiove;79;0;0;0;0;;;;0;0;1;0;0;;;;1;1
57020;Collegiove;80;1;2;0;0;;;;3;0;0;0;1;;;;1;4
57020;Collegiove;81;0;0;0;0;;;;0;0;0;0;1;;;;1;1
57020;Collegiove;82;0;0;0;0;;;;0;1;0;0;0;;;;1;1
57020;Collegiove;83;0;0;0;0;;;;0;0;0;0;0;;;;0;0
57020;Collegiove;84;0;2;0;0;;;;2;0;0;0;1;;;;1;3
57020;Collegiove;85;0;0;0;0;;;;0;0;0;0;0;;;;0;0
57020;Collegiove;86;0;0;0;0;;;;0;0;0;0;0;;;;0;0
57020;Collegiove;87;0;0;0;1;;;;1;0;1;0;1;;;;2;3
57020;Collegiove;88;0;0;0;1;;;;1;0;1;0;0;;;;1;2
57020;Collegiove;89;0;0;0;0;;;;0;0;0;0;1;;;;1;1
57020;Collegiove;90;0;0;0;0;;;;0;0;0;0;0;;;;0;0
57020;Collegiove;91;0;0;0;0;;;;0;0;0;0;0;;;;0;0
57020;Collegiove;92;0;0;0;0;;;;0;0;0;0;0;;;;0;0
57020;Collegiove;93;0;0;0;0;;;;0;0;0;0;0;;;;0;0
57020;Collegiove;94;0;0;0;0;;;;0;0;0;0;0;;;;0;0
57020;Collegiove;95;0;0;0;0;;;;0;0;0;0;0;;;;0;0
57020;Collegiove;96;0;0;0;0;;;;0;0;0;0;1;;;;1;1
57020;Collegiove;97;0;0;0;0;;;;0;0;0;0;0;;;;0;0
57020;Collegiove;98;0;0;0;0;;;;0;0;0;0;0;;;;0;0
57020;Collegiove;99;0;0;0;0;;;;0;0;0;0;0;;;;0;0
57020;Collegiove;100;0;0;0;0;;;;0;0;0;0;0;;;;0;0
57020;Collegiove;999;33;34;4;2;;;;73;17;27;3;9;;;;56;129
57021;Collevecchio;0;7;0;0;0;;;;7;4;0;0;0;;;;4;11
57021;Collevecchio;1;11;0;0;0;;;;11;8;0;0;0;;;;8;19
57021;Collevecchio;2;7;0;0;0;;;;7;3;0;0;0;;;;3;10
57021;Collevecchio;3;3;0;0;0;;;;3;6;0;0;0;;;;6;9
57021;Collevecchio;4;4;0;0;0;;;;4;6;0;0;0;;;;6;10
57021;Collevecchio;5;2;0;0;0;;;;2;5;0;0;0;;;;5;7
57021;Collevecchio;6;2;0;0;0;;;;2;3;0;0;0;;;;3;5
57021;Collevecchio;7;3;0;0;0;;;;3;3;0;0;0;;;;3;6
57021;Collevecchio;8;5;0;0;0;;;;5;1;0;0;0;;;;1;6
57021;Collevecchio;9;3;0;0;0;;;;3;4;0;0;0;;;;4;7
57021;Collevecchio;10;4;0;0;0;;;;4;3;0;0;0;;;;3;7
57021;Collevecchio;11;3;0;0;0;;;;3;4;0;0;0;;;;4;7
57021;Collevecchio;12;5;0;0;0;;;;5;4;0;0;0;;;;4;9
57021;Collevecchio;13;10;0;0;0;;;;10;0;0;0;0;;;;0;10
57021;Collevecchio;14;5;0;0;0;;;;5;2;0;0;0;;;;2;7
57021;Collevecchio;15;6;0;0;0;;;;6;8;0;0;0;;;;8;14
57021;Collevecchio;16;7;0;0;0;;;;7;7;0;0;0;;;;7;14
57021;Collevecchio;17;9;0;0;0;;;;9;4;0;0;0;;;;4;13
57021;Collevecchio;18;9;0;0;0;;;;9;9;0;0;0;;;;9;18
57021;Collevecchio;19;9;0;0;0;;;;9;4;0;0;0;;;;4;13
57021;Collevecchio;20;6;0;0;0;;;;6;5;0;0;0;;;;5;11
57021;Collevecchio;21;6;0;0;0;;;;6;4;0;0;0;;;;4;10
57021;Collevecchio;22;9;0;0;0;;;;9;8;0;0;0;;;;8;17
57021;Collevecchio;23;8;0;0;0;;;;8;7;0;0;0;;;;7;15
57021;Collevecchio;24;9;0;0;0;;;;9;6;0;0;0;;;;6;15
57021;Collevecchio;25;13;0;0;0;;;;13;4;1;0;0;;;;5;18
57021;Collevecchio;26;10;0;0;0;;;;10;11;0;0;0;;;;11;21
57021;Collevecchio;27;7;2;0;0;;;;9;10;0;0;0;;;;10;19
57021;Collevecchio;28;9;1;0;0;;;;10;9;2;0;0;;;;11;21
57021;Collevecchio;29;11;0;0;0;;;;11;6;2;0;0;;;;8;19
57021;Collevecchio;30;16;0;0;0;;;;16;9;2;0;0;;;;11;27
57021;Collevecchio;31;8;1;0;0;;;;9;6;1;0;0;;;;7;16
57021;Collevecchio;32;9;2;0;0;;;;11;12;0;0;0;;;;12;23
57021;Collevecchio;33;11;1;0;0;;;;12;4;4;0;0;;;;8;20
57021;Collevecchio;34;5;2;0;0;;;;7;3;2;0;0;;;;5;12
57021;Collevecchio;35;5;2;0;0;;;;7;7;4;0;0;;;;11;18
57021;Collevecchio;36;6;5;0;0;;;;11;2;3;0;0;;;;5;16
57021;Collevecchio;37;9;3;0;0;;;;12;3;2;0;0;;;;5;17
57021;Collevecchio;38;8;1;0;0;;;;9;5;2;0;0;;;;7;16
57021;Collevecchio;39;4;4;0;0;;;;8;2;2;0;0;;;;4;12
57021;Collevecchio;40;5;5;0;0;;;;10;2;4;1;0;;;;7;17
57021;Collevecchio;41;4;4;1;0;;;;9;5;5;0;0;;;;10;19
57021;Collevecchio;42;7;4;0;0;;;;11;5;6;0;0;;;;11;22
57021;Collevecchio;43;7;9;0;0;;;;16;0;3;0;0;;;;3;19
57021;Collevecchio;44;4;3;0;0;;;;7;3;3;0;0;;;;6;13
57021;Collevecchio;45;5;3;0;0;;;;8;1;7;0;1;;;;9;17
57021;Collevecchio;46;10;6;0;0;;;;16;7;5;1;0;;;;13;29
57021;Collevecchio;47;3;4;0;0;;;;7;2;0;0;0;;;;2;9
57021;Collevecchio;48;5;5;0;0;;;;10;3;7;2;0;;;;12;22
57021;Collevecchio;49;5;5;0;0;;;;10;1;9;1;0;;;;11;21
57021;Collevecchio;50;3;7;0;0;;;;10;2;14;1;0;;;;17;27
57021;Collevecchio;51;2;11;3;0;;;;16;1;9;1;0;;;;11;27
57021;Collevecchio;52;6;10;2;0;;;;18;6;8;1;0;;;;15;33
57021;Collevecchio;53;4;8;0;0;;;;12;3;16;0;0;;;;19;31
57021;Collevecchio;54;3;5;1;0;;;;9;0;7;1;0;;;;8;17
57021;Collevecchio;55;1;18;2;0;;;;21;1;16;1;1;;;;19;40
57021;Collevecchio;56;4;9;2;0;;;;15;3;11;0;0;;;;14;29
57021;Collevecchio;57;2;10;0;0;;;;12;5;7;2;1;;;;15;27
57021;Collevecchio;58;4;11;1;0;;;;16;2;9;1;0;;;;12;28
57021;Collevecchio;59;2;14;1;0;;;;17;0;10;1;1;;;;12;29
57021;Collevecchio;60;2;10;3;0;;;;15;1;6;0;2;;;;9;24
57021;Collevecchio;61;4;15;0;0;;;;19;1;11;2;0;;;;14;33
57021;Collevecchio;62;1;9;1;0;;;;11;2;6;2;2;;;;12;23
57021;Collevecchio;63;1;10;1;0;;;;12;0;11;0;0;;;;11;23
57021;Collevecchio;64;0;16;1;0;;;;17;1;11;0;2;;;;14;31
57021;Collevecchio;65;2;7;1;1;;;;11;1;8;0;1;;;;10;21
57021;Collevecchio;66;2;9;1;0;;;;12;1;9;0;2;;;;12;24
57021;Collevecchio;67;1;10;1;0;;;;12;0;12;3;1;;;;16;28
57021;Collevecchio;68;0;8;1;0;;;;9;1;9;1;3;;;;14;23
57021;Collevecchio;69;1;8;3;1;;;;13;0;4;0;2;;;;6;19
57021;Collevecchio;70;2;8;0;0;;;;10;2;10;0;1;;;;13;23
57021;Collevecchio;71;2;8;0;0;;;;10;0;7;0;1;;;;8;18
57021;Collevecchio;72;1;7;2;0;;;;10;1;7;1;2;;;;11;21
57021;Collevecchio;73;2;9;2;1;;;;14;0;8;0;2;;;;10;24
57021;Collevecchio;74;2;9;0;0;;;;11;0;5;1;0;;;;6;17
57021;Collevecchio;75;1;6;0;0;;;;7;0;7;0;3;;;;10;17
57021;Collevecchio;76;1;6;2;2;;;;11;1;9;2;5;;;;17;28
57021;Collevecchio;77;0;8;0;1;;;;9;1;8;1;7;;;;17;26
57021;Collevecchio;78;2;6;0;0;;;;8;1;7;0;3;;;;11;19
57021;Collevecchio;79;0;6;0;1;;;;7;1;2;1;1;;;;5;12
57021;Collevecchio;80;2;9;1;0;;;;12;0;3;0;0;;;;3;15
57021;Collevecchio;81;0;5;1;1;;;;7;0;5;0;2;;;;7;14
57021;Collevecchio;82;0;2;0;0;;;;2;0;2;0;3;;;;5;7
57021;Collevecchio;83;0;2;0;2;;;;4;0;4;0;4;;;;8;12
57021;Collevecchio;84;0;3;0;2;;;;5;0;1;1;7;;;;9;14
57021;Collevecchio;85;0;2;0;0;;;;2;0;1;0;1;;;;2;4
57021;Collevecchio;86;0;1;0;2;;;;3;0;2;0;10;;;;12;15
57021;Collevecchio;87;0;1;0;0;;;;1;0;4;0;5;;;;9;10
57021;Collevecchio;88;0;3;0;0;;;;3;0;2;0;2;;;;4;7
57021;Collevecchio;89;0;4;0;1;;;;5;1;2;0;4;;;;7;12
57021;Collevecchio;90;0;0;0;0;;;;0;0;1;0;3;;;;4;4
57021;Collevecchio;91;0;0;0;0;;;;0;0;1;0;1;;;;2;2
57021;Collevecchio;92;0;0;0;0;;;;0;0;1;0;2;;;;3;3
57021;Collevecchio;93;0;2;0;0;;;;2;0;0;0;2;;;;2;4
57021;Collevecchio;94;0;1;0;0;;;;1;0;0;1;1;;;;2;3
57021;Collevecchio;95;0;0;0;0;;;;0;0;1;0;3;;;;4;4
57021;Collevecchio;96;0;1;0;0;;;;1;0;0;0;1;;;;1;2
57021;Collevecchio;97;0;0;0;0;;;;0;0;0;0;0;;;;0;0
57021;Collevecchio;98;0;0;0;0;;;;0;0;0;0;2;;;;2;2
57021;Collevecchio;99;0;1;0;0;;;;1;0;0;1;0;;;;1;2
57021;Collevecchio;100;0;0;0;0;;;;0;0;0;0;0;;;;0;0
57021;Collevecchio;999;398;387;34;15;;;;834;279;370;31;97;;;;777;1611
57022;Colli sul Velino;0;0;0;0;0;;;;0;0;0;0;0;;;;0;0
57022;Colli sul Velino;1;0;0;0;0;;;;0;2;0;0;0;;;;2;2
57022;Colli sul Velino;2;3;0;0;0;;;;3;0;0;0;0;;;;0;3
57022;Colli sul Velino;3;0;0;0;0;;;;0;0;0;0;0;;;;0;0
57022;Colli sul Velino;4;1;0;0;0;;;;1;1;0;0;0;;;;1;2
57022;Colli sul Velino;5;2;0;0;0;;;;2;0;0;0;0;;;;0;2
57022;Colli sul Velino;6;0;0;0;0;;;;0;0;0;0;0;;;;0;0
57022;Colli sul Velino;7;1;0;0;0;;;;1;2;0;0;0;;;;2;3
57022;Colli sul Velino;8;0;0;0;0;;;;0;0;0;0;0;;;;0;0
57022;Colli sul Velino;9;1;0;0;0;;;;1;1;0;0;0;;;;1;2
57022;Colli sul Velino;10;2;0;0;0;;;;2;0;0;0;0;;;;0;2
57022;Colli sul Velino;11;1;0;0;0;;;;1;3;0;0;0;;;;3;4
57022;Colli sul Velino;12;1;0;0;0;;;;1;0;0;0;0;;;;0;1
57022;Colli sul Velino;13;2;0;0;0;;;;2;2;0;0;0;;;;2;4
57022;Colli sul Velino;14;0;0;0;0;;;;0;3;0;0;0;;;;3;3
57022;Colli sul Velino;15;2;0;0;0;;;;2;2;0;0;0;;;;2;4
57022;Colli sul Velino;16;3;0;0;0;;;;3;2;0;0;0;;;;2;5
57022;Colli sul Velino;17;3;0;0;0;;;;3;3;0;0;0;;;;3;6
57022;Colli sul Velino;18;0;0;0;0;;;;0;3;0;0;0;;;;3;3
57022;Colli sul Velino;19;0;0;0;0;;;;0;4;0;0;0;;;;4;4
57022;Colli sul Velino;20;5;0;0;0;;;;5;2;0;0;0;;;;2;7
57022;Colli sul Velino;21;1;0;0;0;;;;1;0;0;0;0;;;;0;1
57022;Colli sul Velino;22;2;0;0;0;;;;2;5;0;0;0;;;;5;7
57022;Colli sul Velino;23;3;0;0;0;;;;3;3;0;0;0;;;;3;6
57022;Colli sul Velino;24;2;0;0;0;;;;2;4;0;0;0;;;;4;6
57022;Colli sul Velino;25;2;0;0;0;;;;2;3;0;0;0;;;;3;5
57022;Colli sul Velino;26;0;0;0;0;;;;0;1;0;0;0;;;;1;1
57022;Colli sul Velino;27;4;0;0;0;;;;4;4;0;0;0;;;;4;8
57022;Colli sul Velino;28;1;0;0;0;;;;1;2;0;0;0;;;;2;3
57022;Colli sul Velino;29;4;0;0;0;;;;4;1;0;0;0;;;;1;5
57022;Colli sul Velino;30;4;0;0;0;;;;4;1;0;0;0;;;;1;5
57022;Colli sul Velino;31;2;0;0;0;;;;2;2;1;0;0;;;;3;5
57022;Colli sul Velino;32;4;1;0;0;;;;5;3;1;0;0;;;;4;9
57022;Colli sul Velino;33;1;0;0;0;;;;1;1;0;0;0;;;;1;2
57022;Colli sul Velino;34;4;0;0;0;;;;4;2;0;1;0;;;;3;7
57022;Colli sul Velino;35;0;0;0;0;;;;0;1;0;2;0;;;;3;3
57022;Colli sul Velino;36;0;2;0;0;;;;2;2;0;0;0;;;;2;4
57022;Colli sul Velino;37;2;0;0;0;;;;2;1;1;0;0;;;;2;4
57022;Colli sul Velino;38;1;1;0;0;;;;2;0;0;0;0;;;;0;2
57022;Colli sul Velino;39;0;1;0;0;;;;1;1;1;0;0;;;;2;3
57022;Colli sul Velino;40;2;1;0;0;;;;3;3;2;0;0;;;;5;8
57022;Colli sul Velino;41;1;2;0;0;;;;3;1;0;0;0;;;;1;4
57022;Colli sul Velino;42;2;2;0;0;;;;4;1;1;0;0;;;;2;6
57022;Colli sul Velino;43;3;0;0;0;;;;3;1;1;0;0;;;;2;5
57022;Colli sul Velino;44;1;0;0;0;;;;1;0;1;0;0;;;;1;2
57022;Colli sul Velino;45;1;3;0;0;;;;4;2;3;0;0;;;;5;9
57022;Colli sul Velino;46;0;0;0;0;;;;0;1;3;0;0;;;;4;4
57022;Colli sul Velino;47;2;0;0;0;;;;2;1;1;0;0;;;;2;4
57022;Colli sul Velino;48;0;1;0;0;;;;1;0;3;0;0;;;;3;4
57022;Colli sul Velino;49;1;1;0;0;;;;2;0;2;0;0;;;;2;4
57022;Colli sul Velino;50;1;2;0;0;;;;3;0;5;0;0;;;;5;8
57022;Colli sul Velino;51;2;5;0;0;;;;7;0;5;0;0;;;;5;12
57022;Colli sul Velino;52;1;3;1;0;;;;5;1;1;0;0;;;;2;7
57022;Colli sul Velino;53;0;2;0;0;;;;2;0;3;1;0;;;;4;6
57022;Colli sul Velino;54;2;7;1;0;;;;10;1;3;2;0;;;;6;16
57022;Colli sul Velino;55;1;1;1;0;;;;3;0;1;1;0;;;;2;5
57022;Colli sul Velino;56;2;1;0;0;;;;3;0;4;3;1;;;;8;11
57022;Colli sul Velino;57;0;0;2;0;;;;2;0;4;1;0;;;;5;7
57022;Colli sul Velino;58;1;4;0;0;;;;5;0;2;0;0;;;;2;7
57022;Colli sul Velino;59;0;2;1;0;;;;3;2;2;0;0;;;;4;7
57022;Colli sul Velino;60;0;3;0;0;;;;3;0;3;0;0;;;;3;6
57022;Colli sul Velino;61;1;5;0;1;;;;7;0;2;0;0;;;;2;9
57022;Colli sul Velino;62;2;4;0;0;;;;6;1;2;0;0;;;;3;9
57022;Colli sul Velino;63;2;2;0;0;;;;4;2;0;0;0;;;;2;6
57022;Colli sul Velino;64;1;3;0;0;;;;4;1;3;0;0;;;;4;8
57022;Colli sul Velino;65;0;3;0;0;;;;3;0;3;1;0;;;;4;7
57022;Colli sul Velino;66;0;5;0;0;;;;5;1;2;0;1;;;;4;9
57022;Colli sul Velino;67;0;3;0;0;;;;3;1;2;1;0;;;;4;7
57022;Colli sul Velino;68;0;2;0;0;;;;2;0;3;1;1;;;;5;7
57022;Colli sul Velino;69;1;1;0;0;;;;2;0;0;0;1;;;;1;3
57022;Colli sul Velino;70;0;5;0;1;;;;6;0;1;0;1;;;;2;8
57022;Colli sul Velino;71;0;0;0;1;;;;1;0;0;0;1;;;;1;2
57022;Colli sul Velino;72;0;3;0;0;;;;3;0;4;0;1;;;;5;8
57022;Colli sul Velino;73;0;3;0;1;;;;4;0;1;0;0;;;;1;5
57022;Colli sul Velino;74;0;2;0;0;;;;2;0;1;0;3;;;;4;6
57022;Colli sul Velino;75;1;2;0;1;;;;4;0;2;0;1;;;;3;7
57022;Colli sul Velino;76;0;1;0;0;;;;1;1;3;0;2;;;;6;7
57022;Colli sul Velino;77;1;5;0;1;;;;7;0;2;0;2;;;;4;11
57022;Colli sul Velino;78;0;1;0;0;;;;1;0;0;0;1;;;;1;2
57022;Colli sul Velino;79;0;2;0;1;;;;3;1;3;1;0;;;;5;8
57022;Colli sul Velino;80;0;2;0;0;;;;2;0;0;0;0;;;;0;2
57022;Colli sul Velino;81;0;2;0;0;;;;2;0;3;0;4;;;;7;9
57022;Colli sul Velino;82;0;0;0;0;;;;0;0;3;0;1;;;;4;4
57022;Colli sul Velino;83;0;4;0;0;;;;4;0;1;0;2;;;;3;7
57022;Colli sul Velino;84;0;1;0;0;;;;1;0;0;0;0;;;;0;1
57022;Colli sul Velino;85;1;3;0;0;;;;4;0;0;0;0;;;;0;4
57022;Colli sul Velino;86;0;2;1;0;;;;3;0;0;0;0;;;;0;3
57022;Colli sul Velino;87;0;1;0;0;;;;1;0;1;0;2;;;;3;4
57022;Colli sul Velino;88;0;0;0;0;;;;0;0;0;0;1;;;;1;1
57022;Colli sul Velino;89;0;0;0;0;;;;0;0;0;0;2;;;;2;2
57022;Colli sul Velino;90;0;2;0;1;;;;3;0;0;0;0;;;;0;3
57022;Colli sul Velino;91;0;0;0;0;;;;0;0;0;0;2;;;;2;2
57022;Colli sul Velino;92;0;0;0;0;;;;0;0;0;1;0;;;;1;1
57022;Colli sul Velino;93;1;0;0;1;;;;2;0;0;0;0;;;;0;2
57022;Colli sul Velino;94;0;0;0;0;;;;0;0;0;0;0;;;;0;0
57022;Colli sul Velino;95;0;0;0;0;;;;0;0;0;0;1;;;;1;1
57022;Colli sul Velino;96;0;0;0;0;;;;0;0;1;0;0;;;;1;1
57022;Colli sul Velino;97;0;0;0;0;;;;0;0;0;0;0;;;;0;0
57022;Colli sul Velino;98;0;0;0;0;;;;0;0;0;0;0;;;;0;0
57022;Colli sul Velino;99;0;0;0;0;;;;0;0;0;0;0;;;;0;0
57022;Colli sul Velino;100;0;0;0;0;;;;0;0;0;0;0;;;;0;0
57022;Colli sul Velino;999;98;114;7;9;;;;228;89;97;16;31;;;;233;461
57023;Concerviano;0;0;0;0;0;;;;0;1;0;0;0;;;;1;1
57023;Concerviano;1;0;0;0;0;;;;0;0;0;0;0;;;;0;0
57023;Concerviano;2;0;0;0;0;;;;0;0;0;0;0;;;;0;0
57023;Concerviano;3;1;0;0;0;;;;1;0;0;0;0;;;;0;1
57023;Concerviano;4;0;0;0;0;;;;0;0;0;0;0;;;;0;0
57023;Concerviano;5;0;0;0;0;;;;0;0;0;0;0;;;;0;0
57023;Concerviano;6;3;0;0;0;;;;3;0;0;0;0;;;;0;3
57023;Concerviano;7;1;0;0;0;;;;1;2;0;0;0;;;;2;3
57023;Concerviano;8;1;0;0;0;;;;1;1;0;0;0;;;;1;2
57023;Concerviano;9;1;0;0;0;;;;1;0;0;0;0;;;;0;1
57023;Concerviano;10;3;0;0;0;;;;3;1;0;0;0;;;;1;4
57023;Concerviano;11;0;0;0;0;;;;0;1;0;0;0;;;;1;1
57023;Concerviano;12;2;0;0;0;;;;2;1;0;0;0;;;;1;3
57023;Concerviano;13;1;0;0;0;;;;1;2;0;0;0;;;;2;3
57023;Concerviano;14;0;0;0;0;;;;0;0;0;0;0;;;;0;0
57023;Concerviano;15;1;0;0;0;;;;1;0;0;0;0;;;;0;1
57023;Concerviano;16;1;0;0;0;;;;1;0;0;0;0;;;;0;1
57023;Concerviano;17;0;0;0;0;;;;0;0;0;0;0;;;;0;0
57023;Concerviano;18;1;0;0;0;;;;1;2;0;0;0;;;;2;3
57023;Concerviano;19;2;0;0;0;;;;2;1;0;0;0;;;;1;3
57023;Concerviano;20;0;0;0;0;;;;0;0;0;0;0;;;;0;0
57023;Concerviano;21;2;0;0;0;;;;2;1;0;0;0;;;;1;3
57023;Concerviano;22;0;0;0;0;;;;0;1;0;0;0;;;;1;1
57023;Concerviano;23;0;0;0;0;;;;0;3;0;0;0;;;;3;3
57023;Concerviano;24;0;0;0;0;;;;0;0;0;0;0;;;;0;0
57023;Concerviano;25;0;0;0;0;;;;0;2;0;0;0;;;;2;2
57023;Concerviano;26;3;0;0;0;;;;3;0;0;0;0;;;;0;3
57023;Concerviano;27;1;0;0;0;;;;1;1;0;0;0;;;;1;2
57023;Concerviano;28;0;0;0;0;;;;0;2;0;0;0;;;;2;2
57023;Concerviano;29;1;0;0;0;;;;1;4;0;0;0;;;;4;5
57023;Concerviano;30;2;0;0;0;;;;2;2;1;0;0;;;;3;5
57023;Concerviano;31;2;0;0;0;;;;2;0;0;0;0;;;;0;2
57023;Concerviano;32;1;0;0;0;;;;1;1;0;0;0;;;;1;2
57023;Concerviano;33;0;0;0;0;;;;0;0;0;0;0;;;;0;0
57023;Concerviano;34;1;1;0;0;;;;2;2;1;0;0;;;;3;5
57023;Concerviano;35;1;0;0;0;;;;1;2;0;0;0;;;;2;3
57023;Concerviano;36;1;0;0;0;;;;1;1;0;0;0;;;;1;2
57023;Concerviano;37;0;1;0;0;;;;1;1;1;0;0;;;;2;3
57023;Concerviano;38;1;0;0;0;;;;1;0;0;0;0;;;;0;1
57023;Concerviano;39;1;0;0;0;;;;1;1;0;0;0;;;;1;2
57023;Concerviano;40;1;1;0;0;;;;2;1;0;0;0;;;;1;3
57023;Concerviano;41;2;0;0;0;;;;2;0;0;0;0;;;;0;2
57023;Concerviano;42;0;0;0;0;;;;0;0;0;0;0;;;;0;0
57023;Concerviano;43;1;0;0;0;;;;1;2;0;0;0;;;;2;3
57023;Concerviano;44;1;1;0;0;;;;2;1;3;0;0;;;;4;6
57023;Concerviano;45;2;0;0;0;;;;2;0;1;0;0;;;;1;3
57023;Concerviano;46;0;1;0;0;;;;1;1;1;0;0;;;;2;3
57023;Concerviano;47;2;0;0;0;;;;2;1;2;0;0;;;;3;5
57023;Concerviano;48;0;1;0;0;;;;1;2;3;0;0;;;;5;6
57023;Concerviano;49;1;1;0;0;;;;2;2;3;0;0;;;;5;7
57023;Concerviano;50;0;1;1;0;;;;2;0;0;0;0;;;;0;2
57023;Concerviano;51;1;2;0;0;;;;3;0;1;0;0;;;;1;4
57023;Concerviano;52;0;2;0;0;;;;2;0;0;0;0;;;;0;2
57023;Concerviano;53;1;0;0;0;;;;1;0;1;0;0;;;;1;2
57023;Concerviano;54;1;0;0;0;;;;1;0;1;0;0;;;;1;2
57023;Concerviano;55;1;1;0;0;;;;2;0;3;0;0;;;;3;5
57023;Concerviano;56;0;2;0;0;;;;2;1;0;0;0;;;;1;3
57023;Concerviano;57;1;1;0;0;;;;2;0;2;0;0;;;;2;4
57023;Concerviano;58;1;1;0;0;;;;2;0;2;0;0;;;;2;4
57023;Concerviano;59;0;0;0;0;;;;0;0;3;1;0;;;;4;4
57023;Concerviano;60;0;3;1;0;;;;4;0;1;0;0;;;;1;5
57023;Concerviano;61;0;1;0;0;;;;1;1;0;0;0;;;;1;2
57023;Concerviano;62;0;2;0;0;;;;2;0;0;0;0;;;;0;2
57023;Concerviano;63;1;1;1;0;;;;3;1;3;0;0;;;;4;7
57023;Concerviano;64;0;2;0;0;;;;2;1;1;0;0;;;;2;4
57023;Concerviano;65;3;2;0;0;;;;5;0;0;1;1;;;;2;7
57023;Concerviano;66;1;0;0;0;;;;1;0;5;0;1;;;;6;7
57023;Concerviano;67;0;3;0;0;;;;3;1;1;0;0;;;;2;5
57023;Concerviano;68;0;6;0;1;;;;7;0;2;0;0;;;;2;9
57023;Concerviano;69;0;3;0;0;;;;3;0;2;0;1;;;;3;6
57023;Concerviano;70;0;4;0;0;;;;4;0;4;0;0;;;;4;8
57023;Concerviano;71;0;5;0;0;;;;5;0;2;0;0;;;;2;7
57023;Concerviano;72;0;0;0;1;;;;1;0;0;0;0;;;;0;1
57023;Concerviano;73;0;3;0;0;;;;3;0;3;0;1;;;;4;7
57023;Concerviano;74;0;1;0;0;;;;1;0;0;0;0;;;;0;1
57023;Concerviano;75;0;2;0;0;;;;2;0;1;0;0;;;;1;3
57023;Concerviano;76;0;2;0;0;;;;2;0;2;0;1;;;;3;5
57023;Concerviano;77;0;0;0;1;;;;1;1;1;0;0;;;;2;3
57023;Concerviano;78;0;3;0;0;;;;3;0;2;0;2;;;;4;7
57023;Concerviano;79;0;3;0;0;;;;3;0;0;0;1;;;;1;4
57023;Concerviano;80;0;2;0;0;;;;2;0;0;0;0;;;;0;2
57023;Concerviano;81;0;0;0;0;;;;0;0;0;0;0;;;;0;0
57023;Concerviano;82;0;2;0;0;;;;2;0;1;0;0;;;;1;3
57023;Concerviano;83;0;1;0;0;;;;1;0;0;0;0;;;;0;1
57023;Concerviano;84;0;0;0;3;;;;3;0;1;0;1;;;;2;5
57023;Concerviano;85;0;1;0;0;;;;1;0;1;0;2;;;;3;4
57023;Concerviano;86;0;0;0;0;;;;0;0;2;0;2;;;;4;4
57023;Concerviano;87;0;1;0;0;;;;1;0;0;0;0;;;;0;1
57023;Concerviano;88;0;0;0;0;;;;0;0;0;0;2;;;;2;2
57023;Concerviano;89;0;1;0;0;;;;1;1;0;0;0;;;;1;2
57023;Concerviano;90;0;0;0;1;;;;1;0;0;0;0;;;;0;1
57023;Concerviano;91;0;1;0;1;;;;2;0;0;1;0;;;;1;3
57023;Concerviano;92;0;0;0;1;;;;1;0;0;0;1;;;;1;2
57023;Concerviano;93;0;1;0;0;;;;1;0;0;0;1;;;;1;2
57023;Concerviano;94;0;0;0;0;;;;0;0;0;0;0;;;;0;0
57023;Concerviano;95;0;0;0;0;;;;0;0;0;0;2;;;;2;2
57023;Concerviano;96;0;0;0;0;;;;0;0;0;0;0;;;;0;0
57023;Concerviano;97;0;0;0;0;;;;0;0;0;0;0;;;;0;0
57023;Concerviano;98;0;0;0;0;;;;0;0;0;0;0;;;;0;0
57023;Concerviano;99;0;0;0;0;;;;0;0;0;0;0;;;;0;0
57023;Concerviano;100;0;0;0;0;;;;0;0;0;0;0;;;;0;0
57023;Concerviano;999;56;73;3;9;;;;141;53;64;3;19;;;;139;280
57024;Configni;0;0;0;0;0;;;;0;0;0;0;0;;;;0;0
57024;Configni;1;0;0;0;0;;;;0;0;0;0;0;;;;0;0
57024;Configni;2;1;0;0;0;;;;1;0;0;0;0;;;;0;1
57024;Configni;3;2;0;0;0;;;;2;0;0;0;0;;;;0;2
57024;Configni;4;0;0;0;0;;;;0;1;0;0;0;;;;1;1
57024;Configni;5;0;0;0;0;;;;0;0;0;0;0;;;;0;0
57024;Configni;6;0;0;0;0;;;;0;2;0;0;0;;;;2;2
57024;Configni;7;1;0;0;0;;;;1;1;0;0;0;;;;1;2
57024;Configni;8;5;0;0;0;;;;5;1;0;0;0;;;;1;6
57024;Configni;9;5;0;0;0;;;;5;2;0;0;0;;;;2;7
57024;Configni;10;1;0;0;0;;;;1;0;0;0;0;;;;0;1
57024;Configni;11;5;0;0;0;;;;5;1;0;0;0;;;;1;6
57024;Configni;12;3;0;0;0;;;;3;1;0;0;0;;;;1;4
57024;Configni;13;1;0;0;0;;;;1;1;0;0;0;;;;1;2
57024;Configni;14;2;0;0;0;;;;2;0;0;0;0;;;;0;2
57024;Configni;15;5;0;0;0;;;;5;5;0;0;0;;;;5;10
57024;Configni;16;1;0;0;0;;;;1;3;0;0;0;;;;3;4
57024;Configni;17;0;0;0;0;;;;0;3;0;0;0;;;;3;3
57024;Configni;18;2;0;0;0;;;;2;1;0;0;0;;;;1;3
57024;Configni;19;7;0;0;0;;;;7;2;0;0;0;;;;2;9
57024;Configni;20;1;0;0;0;;;;1;3;0;0;0;;;;3;4
57024;Configni;21;3;0;0;0;;;;3;1;0;0;0;;;;1;4
57024;Configni;22;2;0;0;0;;;;2;2;0;0;0;;;;2;4
57024;Configni;23;2;0;0;0;;;;2;0;0;0;0;;;;0;2
57024;Configni;24;3;0;0;0;;;;3;6;0;0;0;;;;6;9
57024;Configni;25;2;0;0;0;;;;2;3;0;0;0;;;;3;5
57024;Configni;26;2;0;0;0;;;;2;2;0;0;0;;;;2;4
57024;Configni;27;6;1;0;0;;;;7;1;0;0;0;;;;1;8
57024;Configni;28;2;0;0;0;;;;2;3;0;0;0;;;;3;5
57024;Configni;29;3;0;0;0;;;;3;1;0;0;0;;;;1;4
57024;Configni;30;2;0;0;0;;;;2;2;0;0;0;;;;2;4
57024;Configni;31;3;0;0;0;;;;3;2;1;0;0;;;;3;6
57024;Configni;32;2;1;0;0;;;;3;0;0;0;0;;;;0;3
57024;Configni;33;1;0;0;0;;;;1;0;0;0;0;;;;0;1
57024;Configni;34;2;1;0;0;;;;3;2;0;0;0;;;;2;5
57024;Configni;35;0;0;0;0;;;;0;1;0;0;0;;;;1;1
57024;Configni;36;2;0;0;0;;;;2;2;0;0;0;;;;2;4
57024;Configni;37;1;0;0;0;;;;1;0;2;0;0;;;;2;3
57024;Configni;38;3;2;0;0;;;;5;2;1;0;0;;;;3;8
57024;Configni;39;2;1;0;0;;;;3;0;2;0;0;;;;2;5
57024;Configni;40;3;3;0;0;;;;6;1;3;0;0;;;;4;10
57024;Configni;41;8;0;0;0;;;;8;0;2;0;0;;;;2;10
57024;Configni;42;0;1;0;0;;;;1;1;2;0;0;;;;3;4
57024;Configni;43;3;1;1;0;;;;5;2;2;0;0;;;;4;9
57024;Configni;44;0;1;1;0;;;;2;1;5;0;0;;;;6;8
57024;Configni;45;4;4;1;0;;;;9;1;3;0;0;;;;4;13
57024;Configni;46;1;4;1;0;;;;6;0;3;0;0;;;;3;9
57024;Configni;47;2;4;0;0;;;;6;1;4;0;0;;;;5;11
57024;Configni;48;1;3;0;0;;;;4;1;0;0;0;;;;1;5
57024;Configni;49;0;5;0;0;;;;5;1;4;0;0;;;;5;10
57024;Configni;50;1;3;0;0;;;;4;0;0;0;0;;;;0;4
57024;Configni;51;2;1;1;1;;;;5;2;2;1;0;;;;5;10
57024;Configni;52;1;6;1;0;;;;8;0;3;1;0;;;;4;12
57024;Configni;53;2;4;0;0;;;;6;1;3;0;0;;;;4;10
57024;Configni;54;1;3;0;0;;;;4;0;3;2;0;;;;5;9
57024;Configni;55;0;2;0;0;;;;2;0;3;1;0;;;;4;6
57024;Configni;56;4;1;0;1;;;;6;0;5;0;0;;;;5;11
57024;Configni;57;0;2;0;0;;;;2;1;5;0;0;;;;6;8
57024;Configni;58;2;3;0;0;;;;5;0;2;1;1;;;;4;9
57024;Configni;59;1;4;0;0;;;;5;0;3;1;0;;;;4;9
57024;Configni;60;0;4;1;0;;;;5;1;3;0;0;;;;4;9
57024;Configni;61;0;5;0;1;;;;6;1;1;0;1;;;;3;9
57024;Configni;62;1;3;2;0;;;;6;0;1;0;0;;;;1;7
57024;Configni;63;3;0;2;0;;;;5;1;3;0;0;;;;4;9
57024;Configni;64;0;2;0;0;;;;2;0;1;0;0;;;;1;3
57024;Configni;65;1;2;0;0;;;;3;2;1;0;0;;;;3;6
57024;Configni;66;0;2;1;1;;;;4;0;3;1;0;;;;4;8
57024;Configni;67;3;4;1;1;;;;9;0;5;0;1;;;;6;15
57024;Configni;68;0;3;1;0;;;;4;1;3;0;0;;;;4;8
57024;Configni;69;0;2;0;0;;;;2;0;4;1;2;;;;7;9
57024;Configni;70;0;3;0;0;;;;3;0;2;0;1;;;;3;6
57024;Configni;71;0;4;0;0;;;;4;1;10;0;0;;;;11;15
57024;Configni;72;0;6;0;0;;;;6;1;4;0;0;;;;5;11
57024;Configni;73;0;0;1;0;;;;1;0;4;0;0;;;;4;5
57024;Configni;74;0;5;0;0;;;;5;0;0;0;1;;;;1;6
57024;Configni;75;0;3;0;0;;;;3;0;1;0;1;;;;2;5
57024;Configni;76;0;3;0;0;;;;3;0;7;0;0;;;;7;10
57024;Configni;77;0;5;1;0;;;;6;0;4;0;2;;;;6;12
57024;Configni;78;0;5;1;0;;;;6;0;2;0;1;;;;3;9
57024;Configni;79;1;3;0;0;;;;4;0;1;0;1;;;;2;6
57024;Configni;80;0;3;0;0;;;;3;0;1;0;1;;;;2;5
57024;Configni;81;0;5;0;1;;;;6;0;2;0;2;;;;4;10
57024;Configni;82;0;1;0;0;;;;1;0;1;0;1;;;;2;3
57024;Configni;83;0;1;0;0;;;;1;0;2;0;1;;;;3;4
57024;Configni;84;0;2;0;0;;;;2;2;3;0;4;;;;9;11
57024;Configni;85;0;2;0;2;;;;4;1;0;0;2;;;;3;7
57024;Configni;86;0;2;0;0;;;;2;0;1;0;3;;;;4;6
57024;Configni;87;0;0;0;0;;;;0;0;0;0;3;;;;3;3
57024;Configni;88;0;1;0;1;;;;2;0;1;0;0;;;;1;3
57024;Configni;89;0;1;0;0;;;;1;0;0;0;0;;;;0;1
57024;Configni;90;0;0;0;1;;;;1;0;0;0;1;;;;1;2
57024;Configni;91;0;2;0;1;;;;3;0;1;0;2;;;;3;6
57024;Configni;92;0;0;0;0;;;;0;0;0;0;1;;;;1;1
57024;Configni;93;0;1;0;0;;;;1;0;0;0;0;;;;0;1
57024;Configni;94;0;0;0;0;;;;0;0;0;0;2;;;;2;2
57024;Configni;95;0;0;0;0;;;;0;0;0;0;0;;;;0;0
57024;Configni;96;0;0;0;0;;;;0;0;0;0;0;;;;0;0
57024;Configni;97;0;0;0;0;;;;0;0;0;0;0;;;;0;0
57024;Configni;98;0;0;0;0;;;;0;0;0;0;1;;;;1;1
57024;Configni;99;0;1;0;0;;;;1;0;0;0;0;;;;0;1
57024;Configni;100;0;0;0;1;;;;1;0;0;0;0;;;;0;1
57024;Configni;999;130;147;17;12;;;;306;81;135;9;36;;;;261;567
57025;Contigliano;0;16;0;0;0;;;;16;4;0;0;0;;;;4;20
57025;Contigliano;1;11;0;0;0;;;;11;14;0;0;0;;;;14;25
57025;Contigliano;2;12;0;0;0;;;;12;17;0;0;0;;;;17;29
57025;Contigliano;3;19;0;0;0;;;;19;15;0;0;0;;;;15;34
57025;Contigliano;4;15;0;0;0;;;;15;16;0;0;0;;;;16;31
57025;Contigliano;5;15;0;0;0;;;;15;10;0;0;0;;;;10;25
57025;Contigliano;6;15;0;0;0;;;;15;21;0;0;0;;;;21;36
57025;Contigliano;7;22;0;0;0;;;;22;17;0;0;0;;;;17;39
57025;Contigliano;8;17;0;0;0;;;;17;18;0;0;0;;;;18;35
57025;Contigliano;9;14;0;0;0;;;;14;14;0;0;0;;;;14;28
57025;Contigliano;10;15;0;0;0;;;;15;17;0;0;0;;;;17;32
57025;Contigliano;11;21;0;0;0;;;;21;18;0;0;0;;;;18;39
57025;Contigliano;12;9;0;0;0;;;;9;12;0;0;0;;;;12;21
57025;Contigliano;13;15;0;0;0;;;;15;11;0;0;0;;;;11;26
57025;Contigliano;14;18;0;0;0;;;;18;14;0;0;0;;;;14;32
57025;Contigliano;15;21;0;0;0;;;;21;13;0;0;0;;;;13;34
57025;Contigliano;16;21;0;0;0;;;;21;15;0;0;0;;;;15;36
57025;Contigliano;17;25;0;0;0;;;;25;16;0;0;0;;;;16;41
57025;Contigliano;18;20;0;0;0;;;;20;30;0;0;0;;;;30;50
57025;Contigliano;19;20;0;0;0;;;;20;16;0;0;0;;;;16;36
57025;Contigliano;20;15;1;0;0;;;;16;19;0;0;0;;;;19;35
57025;Contigliano;21;13;0;0;0;;;;13;16;0;0;0;;;;16;29
57025;Contigliano;22;19;1;0;0;;;;20;13;0;0;0;;;;13;33
57025;Contigliano;23;21;0;0;0;;;;21;12;0;0;0;;;;12;33
57025;Contigliano;24;24;0;0;0;;;;24;14;0;0;0;;;;14;38
57025;Contigliano;25;18;1;0;0;;;;19;20;1;0;0;;;;21;40
57025;Contigliano;26;28;1;0;0;;;;29;11;0;0;0;;;;11;40
57025;Contigliano;27;20;3;0;0;;;;23;12;0;0;0;;;;12;35
57025;Contigliano;28;18;1;0;0;;;;19;10;0;0;0;;;;10;29
57025;Contigliano;29;17;0;0;0;;;;17;10;1;0;0;;;;11;28
57025;Contigliano;30;22;3;0;0;;;;25;15;1;0;0;;;;16;41
57025;Contigliano;31;11;0;0;0;;;;11;11;2;0;0;;;;13;24
57025;Contigliano;32;13;5;0;0;;;;18;12;5;0;0;;;;17;35
57025;Contigliano;33;23;3;0;0;;;;26;9;3;0;0;;;;12;38
57025;Contigliano;34;11;1;0;0;;;;12;15;4;0;0;;;;19;31
57025;Contigliano;35;12;5;0;0;;;;17;17;4;0;0;;;;21;38
57025;Contigliano;36;14;10;1;0;;;;25;16;6;0;0;;;;22;47
57025;Contigliano;37;15;6;0;0;;;;21;21;11;0;0;;;;32;53
57025;Contigliano;38;20;11;0;0;;;;31;11;8;0;0;;;;19;50
57025;Contigliano;39;12;7;0;0;;;;19;9;15;0;0;;;;24;43
57025;Contigliano;40;16;12;0;0;;;;28;15;9;2;0;;;;26;54
57025;Contigliano;41;9;11;0;0;;;;20;14;9;3;1;;;;27;47
57025;Contigliano;42;11;9;0;0;;;;20;11;10;2;0;;;;23;43
57025;Contigliano;43;21;12;0;0;;;;33;12;12;2;0;;;;26;59
57025;Contigliano;44;7;10;1;0;;;;18;11;18;4;1;;;;34;52
57025;Contigliano;45;12;9;3;0;;;;24;4;13;1;0;;;;18;42
57025;Contigliano;46;5;16;3;0;;;;24;6;9;1;0;;;;16;40
57025;Contigliano;47;10;11;2;0;;;;23;5;17;1;2;;;;25;48
57025;Contigliano;48;8;20;0;0;;;;28;5;22;2;0;;;;29;57
57025;Contigliano;49;10;12;1;0;;;;23;6;22;2;2;;;;32;55
57025;Contigliano;50;10;18;0;0;;;;28;4;15;0;0;;;;19;47
57025;Contigliano;51;3;18;1;0;;;;22;3;17;2;0;;;;22;44
57025;Contigliano;52;12;24;1;0;;;;37;1;21;6;0;;;;28;65
57025;Contigliano;53;10;16;1;0;;;;27;6;17;2;3;;;;28;55
57025;Contigliano;54;10;23;5;0;;;;38;8;32;2;0;;;;42;80
57025;Contigliano;55;5;19;3;1;;;;28;0;17;4;0;;;;21;49
57025;Contigliano;56;5;26;1;0;;;;32;8;20;3;2;;;;33;65
57025;Contigliano;57;9;26;1;0;;;;36;3;25;4;1;;;;33;69
57025;Contigliano;58;8;27;4;0;;;;39;2;25;0;1;;;;28;67
57025;Contigliano;59;6;21;2;0;;;;29;4;21;4;1;;;;30;59
57025;Contigliano;60;7;15;0;0;;;;22;3;21;7;2;;;;33;55
57025;Contigliano;61;8;22;1;0;;;;31;3;21;2;0;;;;26;57
57025;Contigliano;62;4;26;4;1;;;;35;6;19;0;2;;;;27;62
57025;Contigliano;63;5;15;2;0;;;;22;4;18;1;1;;;;24;46
57025;Contigliano;64;3;25;2;0;;;;30;1;14;1;1;;;;17;47
57025;Contigliano;65;1;15;5;0;;;;21;2;11;3;4;;;;20;41
57025;Contigliano;66;3;11;1;1;;;;16;0;15;2;3;;;;20;36
57025;Contigliano;67;2;12;0;0;;;;14;0;22;1;4;;;;27;41
57025;Contigliano;68;2;14;1;2;;;;19;1;14;0;1;;;;16;35
57025;Contigliano;69;3;26;4;3;;;;36;2;15;2;3;;;;22;58
57025;Contigliano;70;1;12;0;1;;;;14;1;21;1;2;;;;25;39
57025;Contigliano;71;1;12;0;1;;;;14;2;13;1;5;;;;21;35
57025;Contigliano;72;1;19;2;1;;;;23;1;20;1;3;;;;25;48
57025;Contigliano;73;3;14;1;1;;;;19;1;18;0;8;;;;27;46
57025;Contigliano;74;0;18;0;0;;;;18;1;15;2;4;;;;22;40
57025;Contigliano;75;0;19;0;1;;;;20;1;8;2;4;;;;15;35
57025;Contigliano;76;2;21;0;0;;;;23;0;11;1;10;;;;22;45
57025;Contigliano;77;0;11;0;1;;;;12;1;12;0;6;;;;19;31
57025;Contigliano;78;1;11;0;1;;;;13;0;10;0;18;;;;28;41
57025;Contigliano;79;0;13;2;0;;;;15;2;5;0;8;;;;15;30
57025;Contigliano;80;1;11;2;2;;;;16;2;6;1;9;;;;18;34
57025;Contigliano;81;0;12;1;2;;;;15;0;7;0;9;;;;16;31
57025;Contigliano;82;1;11;0;0;;;;12;0;5;0;6;;;;11;23
57025;Contigliano;83;1;9;0;2;;;;12;0;5;0;6;;;;11;23
57025;Contigliano;84;1;8;0;4;;;;13;0;8;0;12;;;;20;33
57025;Contigliano;85;1;4;0;2;;;;7;1;3;0;14;;;;18;25
57025;Contigliano;86;1;6;0;3;;;;10;0;3;0;5;;;;8;18
57025;Contigliano;87;0;5;1;0;;;;6;1;1;1;7;;;;10;16
57025;Contigliano;88;0;4;0;3;;;;7;0;1;0;7;;;;8;15
57025;Contigliano;89;0;8;0;3;;;;11;1;2;1;8;;;;12;23
57025;Contigliano;90;1;7;0;1;;;;9;0;1;0;7;;;;8;17
57025;Contigliano;91;0;2;0;3;;;;5;0;2;0;10;;;;12;17
57025;Contigliano;92;0;3;0;1;;;;4;1;0;0;3;;;;4;8
57025;Contigliano;93;0;0;0;0;;;;0;1;2;0;6;;;;9;9
57025;Contigliano;94;0;1;0;2;;;;3;0;0;0;4;;;;4;7
57025;Contigliano;95;0;3;0;0;;;;3;1;0;0;4;;;;5;8
57025;Contigliano;96;0;0;0;0;;;;0;1;1;0;4;;;;6;6
57025;Contigliano;97;0;0;0;0;;;;0;2;0;0;1;;;;3;3
57025;Contigliano;98;0;0;0;0;;;;0;0;0;0;0;;;;0;0
57025;Contigliano;99;0;0;0;0;;;;0;0;0;0;0;;;;0;0
57025;Contigliano;100;0;0;0;0;;;;0;0;0;0;0;;;;0;0
57025;Contigliano;999;928;824;59;43;;;;1854;752;762;77;225;;;;1816;3670
57026;Cottanello;0;2;0;0;0;;;;2;3;0;0;0;;;;3;5
57026;Cottanello;1;2;0;0;0;;;;2;3;0;0;0;;;;3;5
57026;Cottanello;2;3;0;0;0;;;;3;2;0;0;0;;;;2;5
57026;Cottanello;3;1;0;0;0;;;;1;3;0;0;0;;;;3;4
57026;Cottanello;4;1;0;0;0;;;;1;3;0;0;0;;;;3;4
57026;Cottanello;5;2;0;0;0;;;;2;4;0;0;0;;;;4;6
57026;Cottanello;6;2;0;0;0;;;;2;0;0;0;0;;;;0;2
57026;Cottanello;7;3;0;0;0;;;;3;2;0;0;0;;;;2;5
57026;Cottanello;8;3;0;0;0;;;;3;3;0;0;0;;;;3;6
57026;Cottanello;9;1;0;0;0;;;;1;4;0;0;0;;;;4;5
57026;Cottanello;10;1;0;0;0;;;;1;4;0;0;0;;;;4;5
57026;Cottanello;11;2;0;0;0;;;;2;1;0;0;0;;;;1;3
57026;Cottanello;12;4;0;0;0;;;;4;0;0;0;0;;;;0;4
57026;Cottanello;13;0;0;0;0;;;;0;4;0;0;0;;;;4;4
57026;Cottanello;14;2;0;0;0;;;;2;1;0;0;0;;;;1;3
57026;Cottanello;15;0;0;0;0;;;;0;2;0;0;0;;;;2;2
57026;Cottanello;16;0;0;0;0;;;;0;1;0;0;0;;;;1;1
57026;Cottanello;17;1;0;0;0;;;;1;2;0;0;0;;;;2;3
57026;Cottanello;18;1;0;0;0;;;;1;2;0;0;0;;;;2;3
57026;Cottanello;19;3;0;0;0;;;;3;1;0;0;0;;;;1;4
57026;Cottanello;20;7;0;0;0;;;;7;0;0;0;0;;;;0;7
57026;Cottanello;21;1;0;0;0;;;;1;1;0;0;0;;;;1;2
57026;Cottanello;22;1;0;0;0;;;;1;1;0;0;0;;;;1;2
57026;Cottanello;23;3;0;0;0;;;;3;0;0;0;0;;;;0;3
57026;Cottanello;24;2;0;0;0;;;;2;3;0;0;0;;;;3;5
57026;Cottanello;25;3;0;0;0;;;;3;3;0;0;0;;;;3;6
57026;Cottanello;26;1;0;0;0;;;;1;2;0;0;0;;;;2;3
57026;Cottanello;27;3;0;0;0;;;;3;2;0;0;0;;;;2;5
57026;Cottanello;28;4;0;0;0;;;;4;1;0;0;0;;;;1;5
57026;Cottanello;29;2;0;0;0;;;;2;2;0;0;0;;;;2;4
57026;Cottanello;30;1;1;0;0;;;;2;4;0;0;0;;;;4;6
57026;Cottanello;31;1;1;0;0;;;;2;0;2;0;0;;;;2;4
57026;Cottanello;32;1;0;0;0;;;;1;2;0;0;0;;;;2;3
57026;Cottanello;33;0;1;0;0;;;;1;1;2;0;0;;;;3;4
57026;Cottanello;34;3;0;0;0;;;;3;3;0;0;1;;;;4;7
57026;Cottanello;35;4;1;0;0;;;;5;0;0;0;0;;;;0;5
57026;Cottanello;36;4;0;0;0;;;;4;2;0;0;0;;;;2;6
57026;Cottanello;37;3;0;0;0;;;;3;1;2;0;0;;;;3;6
57026;Cottanello;38;2;2;0;0;;;;4;0;6;0;0;;;;6;10
57026;Cottanello;39;4;0;0;0;;;;4;1;3;0;0;;;;4;8
57026;Cottanello;40;1;0;0;0;;;;1;0;1;0;0;;;;1;2
57026;Cottanello;41;3;2;0;0;;;;5;1;2;0;0;;;;3;8
57026;Cottanello;42;1;2;0;0;;;;3;0;2;0;0;;;;2;5
57026;Cottanello;43;2;4;0;0;;;;6;0;3;0;0;;;;3;9
57026;Cottanello;44;1;2;0;0;;;;3;0;2;0;0;;;;2;5
57026;Cottanello;45;5;3;0;0;;;;8;0;1;0;0;;;;1;9
57026;Cottanello;46;0;2;0;0;;;;2;2;2;0;0;;;;4;6
57026;Cottanello;47;0;1;1;0;;;;2;2;3;0;0;;;;5;7
57026;Cottanello;48;1;3;0;0;;;;4;2;0;0;0;;;;2;6
57026;Cottanello;49;1;1;0;0;;;;2;1;3;0;0;;;;4;6
57026;Cottanello;50;4;5;0;0;;;;9;1;1;0;0;;;;2;11
57026;Cottanello;51;0;4;0;0;;;;4;0;0;0;0;;;;0;4
57026;Cottanello;52;1;3;1;0;;;;5;1;3;0;0;;;;4;9
57026;Cottanello;53;0;4;0;0;;;;4;0;1;1;0;;;;2;6
57026;Cottanello;54;3;0;0;0;;;;3;1;1;0;0;;;;2;5
57026;Cottanello;55;3;2;0;0;;;;5;0;4;0;0;;;;4;9
57026;Cottanello;56;2;3;0;0;;;;5;0;2;0;0;;;;2;7
57026;Cottanello;57;0;1;0;0;;;;1;0;3;0;0;;;;3;4
57026;Cottanello;58;0;0;0;0;;;;0;0;2;0;0;;;;2;2
57026;Cottanello;59;3;5;0;0;;;;8;1;5;0;1;;;;7;15
57026;Cottanello;60;1;1;0;0;;;;2;0;4;0;0;;;;4;6
57026;Cottanello;61;1;4;0;1;;;;6;0;3;0;0;;;;3;9
57026;Cottanello;62;2;0;0;0;;;;2;0;2;1;2;;;;5;7
57026;Cottanello;63;1;6;0;0;;;;7;0;4;2;1;;;;7;14
57026;Cottanello;64;0;2;1;0;;;;3;0;5;1;0;;;;6;9
57026;Cottanello;65;1;0;0;0;;;;1;2;1;0;0;;;;3;4
57026;Cottanello;66;0;2;0;0;;;;2;0;3;0;1;;;;4;6
57026;Cottanello;67;0;6;0;0;;;;6;0;3;0;0;;;;3;9
57026;Cottanello;68;1;2;0;1;;;;4;0;1;0;1;;;;2;6
57026;Cottanello;69;1;4;0;0;;;;5;0;2;0;0;;;;2;7
57026;Cottanello;70;0;2;0;0;;;;2;2;2;0;0;;;;4;6
57026;Cottanello;71;0;3;0;0;;;;3;0;4;0;0;;;;4;7
57026;Cottanello;72;1;9;0;0;;;;10;0;0;0;0;;;;0;10
57026;Cottanello;73;0;4;0;1;;;;5;0;0;0;0;;;;0;5
57026;Cottanello;74;0;7;0;1;;;;8;1;5;0;0;;;;6;14
57026;Cottanello;75;0;2;0;0;;;;2;0;2;1;1;;;;4;6
57026;Cottanello;76;1;2;0;0;;;;3;0;4;0;0;;;;4;7
57026;Cottanello;77;0;4;0;0;;;;4;0;3;0;1;;;;4;8
57026;Cottanello;78;0;2;0;0;;;;2;0;1;0;3;;;;4;6
57026;Cottanello;79;0;0;0;1;;;;1;0;1;0;1;;;;2;3
57026;Cottanello;80;0;4;0;1;;;;5;0;0;0;0;;;;0;5
57026;Cottanello;81;1;3;0;0;;;;4;0;2;0;1;;;;3;7
57026;Cottanello;82;1;2;0;0;;;;3;0;1;0;3;;;;4;7
57026;Cottanello;83;0;0;1;0;;;;1;0;1;0;1;;;;2;3
57026;Cottanello;84;0;4;0;1;;;;5;0;1;0;1;;;;2;7
57026;Cottanello;85;2;3;0;0;;;;5;0;1;0;2;;;;3;8
57026;Cottanello;86;0;2;0;1;;;;3;0;0;0;0;;;;0;3
57026;Cottanello;87;0;0;0;0;;;;0;1;1;0;4;;;;6;6
57026;Cottanello;88;0;1;0;0;;;;1;1;1;0;1;;;;3;4
57026;Cottanello;89;0;1;0;0;;;;1;0;0;0;1;;;;1;2
57026;Cottanello;90;0;1;0;0;;;;1;0;0;0;1;;;;1;2
57026;Cottanello;91;0;0;0;0;;;;0;0;0;0;1;;;;1;1
57026;Cottanello;92;0;1;0;0;;;;1;0;0;0;1;;;;1;2
57026;Cottanello;93;0;0;0;2;;;;2;0;0;0;1;;;;1;3
57026;Cottanello;94;0;0;0;0;;;;0;0;0;0;3;;;;3;3
57026;Cottanello;95;0;0;0;0;;;;0;0;0;0;2;;;;2;2
57026;Cottanello;96;0;0;0;0;;;;0;0;0;0;0;;;;0;0
57026;Cottanello;97;0;0;0;0;;;;0;0;0;0;0;;;;0;0
57026;Cottanello;98;0;0;0;0;;;;0;0;0;0;0;;;;0;0
57026;Cottanello;99;0;0;0;0;;;;0;0;0;0;0;;;;0;0
57026;Cottanello;100;0;0;0;0;;;;0;0;0;0;0;;;;0;0
57026;Cottanello;999;129;137;4;10;;;;280;93;114;6;36;;;;249;529
57027;Fara in Sabina;0;41;0;0;0;;;;41;38;0;0;0;;;;38;79
57027;Fara in Sabina;1;45;0;0;0;;;;45;44;0;0;0;;;;44;89
57027;Fara in Sabina;2;58;0;0;0;;;;58;41;0;0;0;;;;41;99
57027;Fara in Sabina;3;54;0;0;0;;;;54;39;0;0;0;;;;39;93
57027;Fara in Sabina;4;50;0;0;0;;;;50;51;0;0;0;;;;51;101
57027;Fara in Sabina;5;57;0;0;0;;;;57;54;0;0;0;;;;54;111
57027;Fara in Sabina;6;62;0;0;0;;;;62;45;0;0;0;;;;45;107
57027;Fara in Sabina;7;60;0;0;0;;;;60;53;0;0;0;;;;53;113
57027;Fara in Sabina;8;66;0;0;0;;;;66;56;0;0;0;;;;56;122
57027;Fara in Sabina;9;56;0;0;0;;;;56;65;0;0;0;;;;65;121
57027;Fara in Sabina;10;74;0;0;0;;;;74;64;0;0;0;;;;64;138
57027;Fara in Sabina;11;62;0;0;0;;;;62;67;0;0;0;;;;67;129
57027;Fara in Sabina;12;71;0;0;0;;;;71;57;0;0;0;;;;57;128
57027;Fara in Sabina;13;62;0;0;0;;;;62;64;0;0;0;;;;64;126
57027;Fara in Sabina;14;63;0;0;0;;;;63;72;0;0;0;;;;72;135
57027;Fara in Sabina;15;94;0;0;0;;;;94;63;0;0;0;;;;63;157
57027;Fara in Sabina;16;78;0;0;0;;;;78;57;0;0;0;;;;57;135
57027;Fara in Sabina;17;63;0;0;0;;;;63;67;0;0;0;;;;67;130
57027;Fara in Sabina;18;73;1;0;0;;;;74;63;0;0;0;;;;63;137
57027;Fara in Sabina;19;58;0;0;0;;;;58;74;1;0;0;;;;75;133
57027;Fara in Sabina;20;91;1;0;0;;;;92;74;0;0;0;;;;74;166
57027;Fara in Sabina;21;67;0;0;0;;;;67;54;0;0;0;;;;54;121
57027;Fara in Sabina;22;75;0;0;0;;;;75;65;3;0;0;;;;68;143
57027;Fara in Sabina;23;62;1;0;0;;;;63;61;2;0;0;;;;63;126
57027;Fara in Sabina;24;74;0;0;0;;;;74;63;5;0;0;;;;68;142
57027;Fara in Sabina;25;68;0;0;0;;;;68;69;3;0;0;;;;72;140
57027;Fara in Sabina;26;73;4;0;0;;;;77;55;8;0;0;;;;63;140
57027;Fara in Sabina;27;74;3;0;0;;;;77;50;6;0;0;;;;56;133
57027;Fara in Sabina;28;73;12;0;0;;;;85;56;14;0;0;;;;70;155
57027;Fara in Sabina;29;81;11;0;0;;;;92;58;20;0;0;;;;78;170
57027;Fara in Sabina;30;71;10;0;0;;;;81;56;17;0;0;;;;73;154
57027;Fara in Sabina;31;66;12;0;0;;;;78;58;17;1;1;;;;77;155
57027;Fara in Sabina;32;76;20;0;0;;;;96;54;33;2;0;;;;89;185
57027;Fara in Sabina;33;65;19;0;0;;;;84;33;20;1;1;;;;55;139
57027;Fara in Sabina;34;61;19;0;0;;;;80;51;27;3;0;;;;81;161
57027;Fara in Sabina;35;57;25;0;0;;;;82;44;46;2;0;;;;92;174
57027;Fara in Sabina;36;51;25;0;0;;;;76;41;33;1;0;;;;75;151
57027;Fara in Sabina;37;61;21;0;0;;;;82;36;39;1;0;;;;76;158
57027;Fara in Sabina;38;55;30;0;0;;;;85;34;49;3;0;;;;86;171
57027;Fara in Sabina;39;53;23;2;0;;;;78;33;50;5;1;;;;89;167
57027;Fara in Sabina;40;43;50;0;0;;;;93;29;50;0;1;;;;80;173
57027;Fara in Sabina;41;43;43;5;0;;;;91;36;41;4;0;;;;81;172
57027;Fara in Sabina;42;41;48;2;0;;;;91;29;59;2;0;;;;90;181
57027;Fara in Sabina;43;32;58;1;0;;;;91;38;55;2;1;;;;96;187
57027;Fara in Sabina;44;38;52;0;1;;;;91;33;60;5;3;;;;101;192
57027;Fara in Sabina;45;42;49;1;0;;;;92;40;74;10;1;;;;125;217
57027;Fara in Sabina;46;47;59;5;1;;;;112;22;75;10;1;;;;108;220
57027;Fara in Sabina;47;39;62;2;0;;;;103;20;77;3;1;;;;101;204
57027;Fara in Sabina;48;30;80;6;0;;;;116;20;57;10;1;;;;88;204
57027;Fara in Sabina;49;37;81;3;1;;;;122;17;90;7;2;;;;116;238
57027;Fara in Sabina;50;36;95;5;2;;;;138;24;95;11;1;;;;131;269
57027;Fara in Sabina;51;30;85;3;1;;;;119;23;90;10;2;;;;125;244
57027;Fara in Sabina;52;23;84;3;2;;;;112;25;93;4;3;;;;125;237
57027;Fara in Sabina;53;28;87;8;0;;;;123;17;83;13;8;;;;121;244
57027;Fara in Sabina;54;29;65;8;1;;;;103;12;85;12;3;;;;112;215
57027;Fara in Sabina;55;21;80;7;0;;;;108;19;89;9;6;;;;123;231
57027;Fara in Sabina;56;18;83;3;1;;;;105;21;88;16;3;;;;128;233
57027;Fara in Sabina;57;19;78;6;2;;;;105;19;78;6;10;;;;113;218
57027;Fara in Sabina;58;13;99;12;1;;;;125;11;81;9;10;;;;111;236
57027;Fara in Sabina;59;13;86;7;2;;;;108;20;77;8;7;;;;112;220
57027;Fara in Sabina;60;10;69;7;2;;;;88;16;75;12;5;;;;108;196
57027;Fara in Sabina;61;19;84;4;1;;;;108;6;82;9;3;;;;100;208
57027;Fara in Sabina;62;9;94;10;3;;;;116;16;73;8;7;;;;104;220
57027;Fara in Sabina;63;8;68;4;2;;;;82;12;63;6;3;;;;84;166
57027;Fara in Sabina;64;12;78;4;3;;;;97;9;77;10;9;;;;105;202
57027;Fara in Sabina;65;2;60;6;0;;;;68;10;77;11;9;;;;107;175
57027;Fara in Sabina;66;7;76;1;1;;;;85;8;67;8;12;;;;95;180
57027;Fara in Sabina;67;11;55;1;7;;;;74;11;55;4;21;;;;91;165
57027;Fara in Sabina;68;10;65;4;3;;;;82;6;60;7;15;;;;88;170
57027;Fara in Sabina;69;8;67;3;3;;;;81;10;59;4;13;;;;86;167
57027;Fara in Sabina;70;3;66;3;3;;;;75;4;59;6;23;;;;92;167
57027;Fara in Sabina;71;4;71;2;5;;;;82;5;57;4;23;;;;89;171
57027;Fara in Sabina;72;8;67;6;7;;;;88;8;41;2;18;;;;69;157
57027;Fara in Sabina;73;4;58;4;10;;;;76;4;54;4;23;;;;85;161
57027;Fara in Sabina;74;6;59;3;11;;;;79;4;60;4;25;;;;93;172
57027;Fara in Sabina;75;2;41;5;8;;;;56;8;30;5;18;;;;61;117
57027;Fara in Sabina;76;1;61;2;3;;;;67;6;42;2;30;;;;80;147
57027;Fara in Sabina;77;5;51;4;5;;;;65;2;41;6;30;;;;79;144
57027;Fara in Sabina;78;2;49;0;4;;;;55;4;24;4;27;;;;59;114
57027;Fara in Sabina;79;0;35;3;3;;;;41;4;33;3;21;;;;61;102
57027;Fara in Sabina;80;3;36;2;4;;;;45;0;17;2;25;;;;44;89
57027;Fara in Sabina;81;2;25;2;3;;;;32;3;13;3;27;;;;46;78
57027;Fara in Sabina;82;2;19;2;8;;;;31;0;17;0;21;;;;38;69
57027;Fara in Sabina;83;2;21;1;4;;;;28;1;13;0;29;;;;43;71
57027;Fara in Sabina;84;2;30;1;7;;;;40;3;23;1;27;;;;54;94
57027;Fara in Sabina;85;0;24;1;8;;;;33;1;12;1;22;;;;36;69
57027;Fara in Sabina;86;0;21;0;8;;;;29;0;12;1;26;;;;39;68
57027;Fara in Sabina;87;0;17;0;10;;;;27;0;4;0;22;;;;26;53
57027;Fara in Sabina;88;0;11;1;3;;;;15;0;1;0;17;;;;18;33
57027;Fara in Sabina;89;1;11;1;4;;;;17;2;4;1;20;;;;27;44
57027;Fara in Sabina;90;0;5;0;5;;;;10;1;4;0;20;;;;25;35
57027;Fara in Sabina;91;0;7;0;5;;;;12;1;2;0;10;;;;13;25
57027;Fara in Sabina;92;1;4;0;3;;;;8;1;1;1;14;;;;17;25
57027;Fara in Sabina;93;0;2;0;3;;;;5;1;0;0;7;;;;8;13
57027;Fara in Sabina;94;0;2;0;2;;;;4;0;0;1;6;;;;7;11
57027;Fara in Sabina;95;1;2;0;4;;;;7;0;1;0;6;;;;7;14
57027;Fara in Sabina;96;0;0;0;0;;;;0;0;1;0;4;;;;5;5
57027;Fara in Sabina;97;0;0;0;1;;;;1;1;0;0;5;;;;6;7
57027;Fara in Sabina;98;0;1;0;2;;;;3;0;0;0;5;;;;5;8
57027;Fara in Sabina;99;0;0;0;1;;;;1;0;0;0;1;;;;1;2
57027;Fara in Sabina;100;1;0;0;0;;;;1;0;0;0;1;;;;1;2
57027;Fara in Sabina;999;3369;3173;176;184;;;;6902;2822;3144;300;717;;;;6983;13885
57028;Fiamignano;0;2;0;0;0;;;;2;5;0;0;0;;;;5;7
57028;Fiamignano;1;1;0;0;0;;;;1;1;0;0;0;;;;1;2
57028;Fiamignano;2;3;0;0;0;;;;3;1;0;0;0;;;;1;4
57028;Fiamignano;3;1;0;0;0;;;;1;3;0;0;0;;;;3;4
57028;Fiamignano;4;0;0;0;0;;;;0;4;0;0;0;;;;4;4
57028;Fiamignano;5;2;0;0;0;;;;2;0;0;0;0;;;;0;2
57028;Fiamignano;6;0;0;0;0;;;;0;1;0;0;0;;;;1;1
57028;Fiamignano;7;4;0;0;0;;;;4;2;0;0;0;;;;2;6
57028;Fiamignano;8;2;0;0;0;;;;2;6;0;0;0;;;;6;8
57028;Fiamignano;9;3;0;0;0;;;;3;4;0;0;0;;;;4;7
57028;Fiamignano;10;2;0;0;0;;;;2;5;0;0;0;;;;5;7
57028;Fiamignano;11;4;0;0;0;;;;4;3;0;0;0;;;;3;7
57028;Fiamignano;12;3;0;0;0;;;;3;3;0;0;0;;;;3;6
57028;Fiamignano;13;3;0;0;0;;;;3;2;0;0;0;;;;2;5
57028;Fiamignano;14;2;0;0;0;;;;2;6;0;0;0;;;;6;8
57028;Fiamignano;15;3;0;0;0;;;;3;3;0;0;0;;;;3;6
57028;Fiamignano;16;5;0;0;0;;;;5;1;0;0;0;;;;1;6
57028;Fiamignano;17;1;0;0;0;;;;1;3;0;0;0;;;;3;4
57028;Fiamignano;18;5;0;0;0;;;;5;4;0;0;0;;;;4;9
57028;Fiamignano;19;3;0;0;0;;;;3;1;0;0;0;;;;1;4
57028;Fiamignano;20;2;0;0;0;;;;2;2;0;0;0;;;;2;4
57028;Fiamignano;21;10;0;0;0;;;;10;1;0;0;0;;;;1;11
57028;Fiamignano;22;3;0;0;0;;;;3;3;0;0;0;;;;3;6
57028;Fiamignano;23;6;0;0;0;;;;6;5;0;0;0;;;;5;11
57028;Fiamignano;24;1;0;0;0;;;;1;5;0;0;0;;;;5;6
57028;Fiamignano;25;5;0;0;0;;;;5;6;0;0;0;;;;6;11
57028;Fiamignano;26;4;0;0;0;;;;4;1;0;0;0;;;;1;5
57028;Fiamignano;27;2;1;0;0;;;;3;2;2;0;0;;;;4;7
57028;Fiamignano;28;3;0;0;0;;;;3;4;0;0;0;;;;4;7
57028;Fiamignano;29;6;0;0;0;;;;6;4;1;0;0;;;;5;11
57028;Fiamignano;30;6;0;0;0;;;;6;4;0;0;0;;;;4;10
57028;Fiamignano;31;2;1;0;0;;;;3;3;3;0;0;;;;6;9
57028;Fiamignano;32;5;1;0;0;;;;6;2;1;0;0;;;;3;9
57028;Fiamignano;33;5;0;0;0;;;;5;2;0;0;0;;;;2;7
57028;Fiamignano;34;9;1;0;0;;;;10;5;1;0;0;;;;6;16
57028;Fiamignano;35;4;0;0;0;;;;4;7;2;0;0;;;;9;13
57028;Fiamignano;36;9;2;0;0;;;;11;2;3;0;0;;;;5;16
57028;Fiamignano;37;4;0;0;0;;;;4;0;0;0;0;;;;0;4
57028;Fiamignano;38;2;3;0;0;;;;5;3;2;1;0;;;;6;11
57028;Fiamignano;39;5;3;0;0;;;;8;6;3;0;0;;;;9;17
57028;Fiamignano;40;4;1;0;0;;;;5;1;1;0;0;;;;2;7
57028;Fiamignano;41;4;3;0;0;;;;7;4;2;0;0;;;;6;13
57028;Fiamignano;42;4;5;0;0;;;;9;2;3;0;0;;;;5;14
57028;Fiamignano;43;3;2;0;0;;;;5;0;4;0;0;;;;4;9
57028;Fiamignano;44;2;2;0;0;;;;4;1;5;0;0;;;;6;10
57028;Fiamignano;45;3;5;0;0;;;;8;3;4;0;0;;;;7;15
57028;Fiamignano;46;6;6;0;0;;;;12;3;5;0;0;;;;8;20
57028;Fiamignano;47;6;2;0;0;;;;8;1;3;1;0;;;;5;13
57028;Fiamignano;48;8;3;0;0;;;;11;0;4;0;0;;;;4;15
57028;Fiamignano;49;7;2;0;0;;;;9;4;3;1;1;;;;9;18
57028;Fiamignano;50;5;3;2;0;;;;10;2;4;2;0;;;;8;18
57028;Fiamignano;51;5;4;0;0;;;;9;3;4;0;1;;;;8;17
57028;Fiamignano;52;4;9;0;0;;;;13;0;6;0;0;;;;6;19
57028;Fiamignano;53;8;8;1;0;;;;17;1;5;1;0;;;;7;24
57028;Fiamignano;54;4;4;0;0;;;;8;1;1;0;0;;;;2;10
57028;Fiamignano;55;4;6;0;0;;;;10;1;5;0;0;;;;6;16
57028;Fiamignano;56;3;6;2;0;;;;11;1;7;1;1;;;;10;21
57028;Fiamignano;57;4;5;0;0;;;;9;0;5;0;1;;;;6;15
57028;Fiamignano;58;7;2;0;0;;;;9;2;3;0;1;;;;6;15
57028;Fiamignano;59;1;9;1;0;;;;11;5;6;1;1;;;;13;24
57028;Fiamignano;60;2;9;0;1;;;;12;2;8;1;0;;;;11;23
57028;Fiamignano;61;2;5;1;0;;;;8;1;8;0;1;;;;10;18
57028;Fiamignano;62;1;10;0;0;;;;11;1;10;1;4;;;;16;27
57028;Fiamignano;63;2;7;2;0;;;;11;0;9;0;1;;;;10;21
57028;Fiamignano;64;4;5;1;0;;;;10;0;10;0;2;;;;12;22
57028;Fiamignano;65;2;12;0;0;;;;14;2;5;3;3;;;;13;27
57028;Fiamignano;66;4;5;1;0;;;;10;1;4;1;0;;;;6;16
57028;Fiamignano;67;1;6;0;1;;;;8;2;6;1;2;;;;11;19
57028;Fiamignano;68;1;12;0;1;;;;14;0;6;0;1;;;;7;21
57028;Fiamignano;69;1;10;0;1;;;;12;1;9;0;1;;;;11;23
57028;Fiamignano;70;3;11;0;0;;;;14;0;6;0;1;;;;7;21
57028;Fiamignano;71;2;13;0;1;;;;16;1;10;0;2;;;;13;29
57028;Fiamignano;72;2;11;0;0;;;;13;0;4;0;3;;;;7;20
57028;Fiamignano;73;0;9;0;1;;;;10;2;11;0;2;;;;15;25
57028;Fiamignano;74;0;8;0;0;;;;8;0;9;0;0;;;;9;17
57028;Fiamignano;75;2;9;1;1;;;;13;0;5;0;2;;;;7;20
57028;Fiamignano;76;2;7;0;0;;;;9;0;10;0;3;;;;13;22
57028;Fiamignano;77;1;7;0;1;;;;9;0;5;0;3;;;;8;17
57028;Fiamignano;78;1;5;0;2;;;;8;0;3;0;3;;;;6;14
57028;Fiamignano;79;1;7;0;0;;;;8;0;2;1;1;;;;4;12
57028;Fiamignano;80;0;9;0;1;;;;10;0;0;0;3;;;;3;13
57028;Fiamignano;81;1;3;0;1;;;;5;0;3;0;0;;;;3;8
57028;Fiamignano;82;0;6;0;1;;;;7;1;1;0;3;;;;5;12
57028;Fiamignano;83;0;4;0;0;;;;4;1;3;0;4;;;;8;12
57028;Fiamignano;84;0;3;0;1;;;;4;0;1;0;2;;;;3;7
57028;Fiamignano;85;0;4;0;1;;;;5;0;3;0;1;;;;4;9
57028;Fiamignano;86;1;4;0;2;;;;7;0;1;0;5;;;;6;13
57028;Fiamignano;87;2;1;0;0;;;;3;0;1;0;4;;;;5;8
57028;Fiamignano;88;0;3;0;0;;;;3;0;3;0;9;;;;12;15
57028;Fiamignano;89;1;3;0;1;;;;5;0;1;0;3;;;;4;9
57028;Fiamignano;90;0;2;0;0;;;;2;1;0;0;4;;;;5;7
57028;Fiamignano;91;0;2;0;0;;;;2;0;1;0;7;;;;8;10
57028;Fiamignano;92;0;0;0;0;;;;0;0;1;0;3;;;;4;4
57028;Fiamignano;93;1;1;0;0;;;;2;0;0;0;2;;;;2;4
57028;Fiamignano;94;0;1;0;0;;;;1;1;0;0;1;;;;2;3
57028;Fiamignano;95;0;0;0;1;;;;1;0;0;0;1;;;;1;2
57028;Fiamignano;96;0;0;0;0;;;;0;0;0;0;0;;;;0;0
57028;Fiamignano;97;0;0;0;0;;;;0;0;0;0;1;;;;1;1
57028;Fiamignano;98;0;0;0;0;;;;0;0;0;0;0;;;;0;0
57028;Fiamignano;99;0;0;0;0;;;;0;0;0;0;0;;;;0;0
57028;Fiamignano;100;0;0;0;0;;;;0;0;0;0;0;;;;0;0
57028;Fiamignano;999;274;313;12;19;;;;618;177;257;16;94;;;;544;1162
57029;Forano;0;13;0;0;0;;;;13;8;0;0;0;;;;8;21
57029;Forano;1;14;0;0;0;;;;14;4;0;0;0;;;;4;18
57029;Forano;2;10;0;0;0;;;;10;10;0;0;0;;;;10;20
57029;Forano;3;8;0;0;0;;;;8;9;0;0;0;;;;9;17
57029;Forano;4;6;0;0;0;;;;6;8;0;0;0;;;;8;14
57029;Forano;5;11;0;0;0;;;;11;11;0;0;0;;;;11;22
57029;Forano;6;9;0;0;0;;;;9;5;0;0;0;;;;5;14
57029;Forano;7;8;0;0;0;;;;8;8;0;0;0;;;;8;16
57029;Forano;8;10;0;0;0;;;;10;11;0;0;0;;;;11;21
57029;Forano;9;12;0;0;0;;;;12;13;0;0;0;;;;13;25
57029;Forano;10;11;0;0;0;;;;11;15;0;0;0;;;;15;26
57029;Forano;11;10;0;0;0;;;;10;9;0;0;0;;;;9;19
57029;Forano;12;12;0;0;0;;;;12;13;0;0;0;;;;13;25
57029;Forano;13;17;0;0;0;;;;17;12;0;0;0;;;;12;29
57029;Forano;14;16;0;0;0;;;;16;10;0;0;0;;;;10;26
57029;Forano;15;17;0;0;0;;;;17;17;0;0;0;;;;17;34
57029;Forano;16;20;0;0;0;;;;20;14;0;0;0;;;;14;34
57029;Forano;17;16;0;0;0;;;;16;15;0;0;0;;;;15;31
57029;Forano;18;24;0;0;0;;;;24;18;0;0;0;;;;18;42
57029;Forano;19;21;0;0;0;;;;21;17;0;0;0;;;;17;38
57029;Forano;20;31;0;0;0;;;;31;15;1;0;0;;;;16;47
57029;Forano;21;30;0;0;0;;;;30;14;0;0;0;;;;14;44
57029;Forano;22;16;0;0;0;;;;16;20;0;0;0;;;;20;36
57029;Forano;23;27;1;0;0;;;;28;19;0;0;0;;;;19;47
57029;Forano;24;25;0;0;0;;;;25;24;3;0;0;;;;27;52
57029;Forano;25;17;1;0;0;;;;18;23;2;0;0;;;;25;43
57029;Forano;26;22;0;0;0;;;;22;17;2;0;0;;;;19;41
57029;Forano;27;27;1;1;0;;;;29;19;3;0;0;;;;22;51
57029;Forano;28;21;2;0;0;;;;23;22;4;0;0;;;;26;49
57029;Forano;29;29;3;0;0;;;;32;16;7;0;0;;;;23;55
57029;Forano;30;22;2;0;0;;;;24;19;5;0;0;;;;24;48
57029;Forano;31;19;3;0;0;;;;22;15;3;0;0;;;;18;40
57029;Forano;32;24;3;0;0;;;;27;16;2;0;0;;;;18;45
57029;Forano;33;24;4;0;0;;;;28;16;8;0;0;;;;24;52
57029;Forano;34;15;7;0;0;;;;22;20;3;0;0;;;;23;45
57029;Forano;35;16;3;0;0;;;;19;9;6;2;0;;;;17;36
57029;Forano;36;17;2;0;0;;;;19;14;7;1;0;;;;22;41
57029;Forano;37;13;4;0;0;;;;17;12;8;0;0;;;;20;37
57029;Forano;38;11;4;0;0;;;;15;7;11;0;0;;;;18;33
57029;Forano;39;12;4;0;0;;;;16;8;5;0;0;;;;13;29
57029;Forano;40;11;7;0;0;;;;18;4;6;0;0;;;;10;28
57029;Forano;41;15;12;0;0;;;;27;6;10;0;0;;;;16;43
57029;Forano;42;13;9;0;0;;;;22;8;7;0;0;;;;15;37
57029;Forano;43;5;13;0;0;;;;18;10;20;2;0;;;;32;50
57029;Forano;44;12;9;1;0;;;;22;4;10;0;1;;;;15;37
57029;Forano;45;14;9;1;0;;;;24;10;14;4;0;;;;28;52
57029;Forano;46;13;13;1;0;;;;27;7;16;3;0;;;;26;53
57029;Forano;47;11;9;1;0;;;;21;7;15;1;0;;;;23;44
57029;Forano;48;13;12;2;0;;;;27;12;8;2;2;;;;24;51
57029;Forano;49;2;11;1;0;;;;14;6;17;2;1;;;;26;40
57029;Forano;50;13;18;1;0;;;;32;6;18;4;0;;;;28;60
57029;Forano;51;6;20;2;0;;;;28;4;20;1;2;;;;27;55
57029;Forano;52;5;12;2;0;;;;19;10;10;0;1;;;;21;40
57029;Forano;53;10;14;1;0;;;;25;6;18;2;0;;;;26;51
57029;Forano;54;6;23;1;0;;;;30;4;17;1;0;;;;22;52
57029;Forano;55;9;15;2;0;;;;26;4;14;5;2;;;;25;51
57029;Forano;56;6;16;2;0;;;;24;6;25;2;0;;;;33;57
57029;Forano;57;10;22;1;0;;;;33;1;16;1;0;;;;18;51
57029;Forano;58;4;10;2;0;;;;16;2;16;2;2;;;;22;38
57029;Forano;59;4;19;0;0;;;;23;2;19;1;1;;;;23;46
57029;Forano;60;6;17;1;0;;;;24;7;13;0;2;;;;22;46
57029;Forano;61;2;17;2;0;;;;21;4;17;0;3;;;;24;45
57029;Forano;62;8;22;1;1;;;;32;2;20;0;1;;;;23;55
57029;Forano;63;1;23;0;1;;;;25;1;15;3;1;;;;20;45
57029;Forano;64;3;13;2;0;;;;18;3;17;0;4;;;;24;42
57029;Forano;65;2;17;0;0;;;;19;3;16;0;5;;;;24;43
57029;Forano;66;2;13;2;1;;;;18;2;18;1;0;;;;21;39
57029;Forano;67;1;10;0;0;;;;11;6;12;0;3;;;;21;32
57029;Forano;68;4;15;1;0;;;;20;2;12;0;8;;;;22;42
57029;Forano;69;2;11;1;1;;;;15;0;11;2;3;;;;16;31
57029;Forano;70;3;11;1;1;;;;16;2;12;1;1;;;;16;32
57029;Forano;71;2;11;1;1;;;;15;1;13;0;3;;;;17;32
57029;Forano;72;1;20;1;0;;;;22;3;17;0;2;;;;22;44
57029;Forano;73;4;6;1;2;;;;13;0;9;2;1;;;;12;25
57029;Forano;74;2;10;1;0;;;;13;2;13;1;3;;;;19;32
57029;Forano;75;0;16;3;1;;;;20;1;11;2;4;;;;18;38
57029;Forano;76;4;21;0;4;;;;29;1;14;0;5;;;;20;49
57029;Forano;77;1;12;2;2;;;;17;0;6;1;8;;;;15;32
57029;Forano;78;1;10;1;0;;;;12;0;7;0;6;;;;13;25
57029;Forano;79;0;5;0;1;;;;6;0;6;0;8;;;;14;20
57029;Forano;80;2;8;0;0;;;;10;1;6;1;7;;;;15;25
57029;Forano;81;1;9;0;1;;;;11;2;4;1;11;;;;18;29
57029;Forano;82;1;5;0;2;;;;8;0;1;0;5;;;;6;14
57029;Forano;83;2;4;0;1;;;;7;1;1;1;6;;;;9;16
57029;Forano;84;0;5;1;1;;;;7;1;5;0;11;;;;17;24
57029;Forano;85;0;4;0;0;;;;4;1;2;0;4;;;;7;11
57029;Forano;86;0;3;0;0;;;;3;0;6;0;8;;;;14;17
57029;Forano;87;0;4;0;2;;;;6;0;4;0;8;;;;12;18
57029;Forano;88;0;4;0;1;;;;5;0;1;0;5;;;;6;11
57029;Forano;89;0;1;0;3;;;;4;1;2;0;9;;;;12;16
57029;Forano;90;0;2;0;0;;;;2;0;0;0;3;;;;3;5
57029;Forano;91;0;2;0;1;;;;3;0;0;0;8;;;;8;11
57029;Forano;92;1;0;1;1;;;;3;0;0;0;1;;;;1;4
57029;Forano;93;0;0;0;0;;;;0;0;0;0;2;;;;2;2
57029;Forano;94;0;2;0;1;;;;3;0;0;0;1;;;;1;4
57029;Forano;95;0;2;0;0;;;;2;0;0;0;1;;;;1;3
57029;Forano;96;1;0;0;0;;;;1;0;1;0;1;;;;2;3
57029;Forano;97;0;0;0;1;;;;1;0;0;0;1;;;;1;2
57029;Forano;98;0;0;0;0;;;;0;0;0;0;2;;;;2;2
57029;Forano;99;0;0;0;0;;;;0;0;0;0;1;;;;1;1
57029;Forano;100;0;0;0;0;;;;0;0;0;0;2;;;;2;2
57029;Forano;999;922;652;45;31;;;;1650;718;668;52;180;;;;1618;3268
57030;Frasso Sabino;0;0;0;0;0;;;;0;3;0;0;0;;;;3;3
57030;Frasso Sabino;1;3;0;0;0;;;;3;0;0;0;0;;;;0;3
57030;Frasso Sabino;2;0;0;0;0;;;;0;3;0;0;0;;;;3;3
57030;Frasso Sabino;3;2;0;0;0;;;;2;2;0;0;0;;;;2;4
57030;Frasso Sabino;4;2;0;0;0;;;;2;4;0;0;0;;;;4;6
57030;Frasso Sabino;5;3;0;0;0;;;;3;3;0;0;0;;;;3;6
57030;Frasso Sabino;6;4;0;0;0;;;;4;2;0;0;0;;;;2;6
57030;Frasso Sabino;7;1;0;0;0;;;;1;7;0;0;0;;;;7;8
57030;Frasso Sabino;8;3;0;0;0;;;;3;3;0;0;0;;;;3;6
57030;Frasso Sabino;9;7;0;0;0;;;;7;3;0;0;0;;;;3;10
57030;Frasso Sabino;10;1;0;0;0;;;;1;3;0;0;0;;;;3;4
57030;Frasso Sabino;11;4;0;0;0;;;;4;3;0;0;0;;;;3;7
57030;Frasso Sabino;12;2;0;0;0;;;;2;5;0;0;0;;;;5;7
57030;Frasso Sabino;13;1;0;0;0;;;;1;3;0;0;0;;;;3;4
57030;Frasso Sabino;14;4;0;0;0;;;;4;1;0;0;0;;;;1;5
57030;Frasso Sabino;15;3;0;0;0;;;;3;2;0;0;0;;;;2;5
57030;Frasso Sabino;16;2;0;0;0;;;;2;7;0;0;0;;;;7;9
57030;Frasso Sabino;17;0;0;0;0;;;;0;2;0;0;0;;;;2;2
57030;Frasso Sabino;18;7;0;0;0;;;;7;4;0;0;0;;;;4;11
57030;Frasso Sabino;19;5;0;0;0;;;;5;3;0;0;0;;;;3;8
57030;Frasso Sabino;20;3;0;0;0;;;;3;7;0;0;0;;;;7;10
57030;Frasso Sabino;21;6;0;0;0;;;;6;3;0;0;0;;;;3;9
57030;Frasso Sabino;22;3;0;0;0;;;;3;1;0;0;0;;;;1;4
57030;Frasso Sabino;23;5;0;0;0;;;;5;6;0;0;0;;;;6;11
57030;Frasso Sabino;24;3;0;0;0;;;;3;3;0;0;0;;;;3;6
57030;Frasso Sabino;25;6;0;0;0;;;;6;2;0;0;0;;;;2;8
57030;Frasso Sabino;26;2;0;0;0;;;;2;4;0;0;0;;;;4;6
57030;Frasso Sabino;27;4;0;0;0;;;;4;2;0;0;0;;;;2;6
57030;Frasso Sabino;28;3;1;0;0;;;;4;1;0;0;0;;;;1;5
57030;Frasso Sabino;29;4;1;0;0;;;;5;0;1;0;0;;;;1;6
57030;Frasso Sabino;30;4;2;0;0;;;;6;2;1;0;0;;;;3;9
57030;Frasso Sabino;31;1;0;0;0;;;;1;2;1;0;0;;;;3;4
57030;Frasso Sabino;32;4;1;0;0;;;;5;3;2;0;0;;;;5;10
57030;Frasso Sabino;33;7;2;0;0;;;;9;1;3;0;0;;;;4;13
57030;Frasso Sabino;34;5;2;0;0;;;;7;1;0;0;0;;;;1;8
57030;Frasso Sabino;35;1;0;0;0;;;;1;3;2;0;0;;;;5;6
57030;Frasso Sabino;36;2;1;0;0;;;;3;2;4;0;0;;;;6;9
57030;Frasso Sabino;37;6;3;0;0;;;;9;2;2;1;0;;;;5;14
57030;Frasso Sabino;38;4;4;0;0;;;;8;3;2;0;0;;;;5;13
57030;Frasso Sabino;39;1;4;0;0;;;;5;1;1;0;0;;;;2;7
57030;Frasso Sabino;40;2;2;0;0;;;;4;0;2;0;0;;;;2;6
57030;Frasso Sabino;41;2;2;0;0;;;;4;0;4;0;0;;;;4;8
57030;Frasso Sabino;42;2;1;0;0;;;;3;2;3;0;0;;;;5;8
57030;Frasso Sabino;43;4;0;0;0;;;;4;4;0;1;0;;;;5;9
57030;Frasso Sabino;44;3;1;0;0;;;;4;2;3;0;0;;;;5;9
57030;Frasso Sabino;45;2;1;1;0;;;;4;5;1;0;0;;;;6;10
57030;Frasso Sabino;46;4;4;0;0;;;;8;3;4;1;0;;;;8;16
57030;Frasso Sabino;47;3;7;0;0;;;;10;0;3;0;0;;;;3;13
57030;Frasso Sabino;48;3;3;0;0;;;;6;2;5;0;0;;;;7;13
57030;Frasso Sabino;49;3;1;0;1;;;;5;0;4;0;0;;;;4;9
57030;Frasso Sabino;50;0;1;0;0;;;;1;3;9;1;0;;;;13;14
57030;Frasso Sabino;51;1;2;0;0;;;;3;2;1;0;0;;;;3;6
57030;Frasso Sabino;52;3;1;0;0;;;;4;2;0;0;0;;;;2;6
57030;Frasso Sabino;53;1;5;1;1;;;;8;0;1;3;0;;;;4;12
57030;Frasso Sabino;54;2;4;0;0;;;;6;1;4;0;0;;;;5;11
57030;Frasso Sabino;55;3;4;1;0;;;;8;0;6;1;0;;;;7;15
57030;Frasso Sabino;56;2;1;0;0;;;;3;1;8;0;0;;;;9;12
57030;Frasso Sabino;57;3;5;0;0;;;;8;0;3;0;1;;;;4;12
57030;Frasso Sabino;58;1;6;1;0;;;;8;1;6;1;0;;;;8;16
57030;Frasso Sabino;59;1;7;1;0;;;;9;1;1;0;3;;;;5;14
57030;Frasso Sabino;60;0;2;0;0;;;;2;2;5;1;0;;;;8;10
57030;Frasso Sabino;61;2;4;0;0;;;;6;0;6;0;1;;;;7;13
57030;Frasso Sabino;62;0;4;1;0;;;;5;0;7;0;2;;;;9;14
57030;Frasso Sabino;63;1;9;1;0;;;;11;2;4;0;0;;;;6;17
57030;Frasso Sabino;64;0;7;0;0;;;;7;0;5;1;2;;;;8;15
57030;Frasso Sabino;65;0;6;0;0;;;;6;0;9;0;3;;;;12;18
57030;Frasso Sabino;66;2;2;0;1;;;;5;1;3;0;1;;;;5;10
57030;Frasso Sabino;67;0;4;0;0;;;;4;0;4;0;2;;;;6;10
57030;Frasso Sabino;68;0;2;0;0;;;;2;2;2;0;0;;;;4;6
57030;Frasso Sabino;69;0;6;0;0;;;;6;0;3;0;0;;;;3;9
57030;Frasso Sabino;70;0;3;0;0;;;;3;1;2;0;1;;;;4;7
57030;Frasso Sabino;71;0;2;0;0;;;;2;0;3;0;1;;;;4;6
57030;Frasso Sabino;72;0;4;1;0;;;;5;0;3;2;1;;;;6;11
57030;Frasso Sabino;73;0;6;0;0;;;;6;0;0;0;1;;;;1;7
57030;Frasso Sabino;74;1;3;1;0;;;;5;1;1;0;0;;;;2;7
57030;Frasso Sabino;75;0;2;0;1;;;;3;0;3;0;0;;;;3;6
57030;Frasso Sabino;76;0;1;0;0;;;;1;0;1;0;2;;;;3;4
57030;Frasso Sabino;77;0;2;0;0;;;;2;0;1;0;2;;;;3;5
57030;Frasso Sabino;78;0;3;0;0;;;;3;0;2;0;0;;;;2;5
57030;Frasso Sabino;79;1;1;0;1;;;;3;1;0;0;1;;;;2;5
57030;Frasso Sabino;80;0;1;0;0;;;;1;0;1;0;0;;;;1;2
57030;Frasso Sabino;81;0;2;1;0;;;;3;0;0;0;2;;;;2;5
57030;Frasso Sabino;82;0;1;0;0;;;;1;0;2;0;1;;;;3;4
57030;Frasso Sabino;83;1;0;0;0;;;;1;0;1;0;0;;;;1;2
57030;Frasso Sabino;84;0;1;0;0;;;;1;1;1;0;1;;;;3;4
57030;Frasso Sabino;85;0;0;0;2;;;;2;0;1;0;2;;;;3;5
57030;Frasso Sabino;86;0;1;0;0;;;;1;0;0;0;3;;;;3;4
57030;Frasso Sabino;87;0;2;0;1;;;;3;0;0;0;1;;;;1;4
57030;Frasso Sabino;88;0;1;0;0;;;;1;0;1;0;0;;;;1;2
57030;Frasso Sabino;89;0;2;0;0;;;;2;0;0;0;1;;;;1;3
57030;Frasso Sabino;90;0;1;0;0;;;;1;0;1;0;3;;;;4;5
57030;Frasso Sabino;91;0;0;0;0;;;;0;0;0;1;1;;;;2;2
57030;Frasso Sabino;92;0;0;0;0;;;;0;0;0;0;0;;;;0;0
57030;Frasso Sabino;93;0;0;0;0;;;;0;0;0;0;1;;;;1;1
57030;Frasso Sabino;94;0;0;0;0;;;;0;0;0;0;2;;;;2;2
57030;Frasso Sabino;95;0;0;0;0;;;;0;0;0;0;0;;;;0;0
57030;Frasso Sabino;96;0;0;0;0;;;;0;0;0;0;0;;;;0;0
57030;Frasso Sabino;97;0;0;0;0;;;;0;0;0;0;2;;;;2;2
57030;Frasso Sabino;98;0;0;0;0;;;;0;0;0;0;1;;;;1;1
57030;Frasso Sabino;99;0;0;0;0;;;;0;0;0;0;0;;;;0;0
57030;Frasso Sabino;100;0;0;0;0;;;;0;1;0;0;0;;;;1;1
57030;Frasso Sabino;999;181;164;10;8;;;;363;153;159;14;45;;;;371;734
57031;Greccio;0;2;0;0;0;;;;2;5;0;0;0;;;;5;7
57031;Greccio;1;2;0;0;0;;;;2;4;0;0;0;;;;4;6
57031;Greccio;2;6;0;0;0;;;;6;4;0;0;0;;;;4;10
57031;Greccio;3;5;0;0;0;;;;5;3;0;0;0;;;;3;8
57031;Greccio;4;3;0;0;0;;;;3;3;0;0;0;;;;3;6
57031;Greccio;5;6;0;0;0;;;;6;5;0;0;0;;;;5;11
57031;Greccio;6;4;0;0;0;;;;4;3;0;0;0;;;;3;7
57031;Greccio;7;6;0;0;0;;;;6;6;0;0;0;;;;6;12
57031;Greccio;8;8;0;0;0;;;;8;6;0;0;0;;;;6;14
57031;Greccio;9;9;0;0;0;;;;9;2;0;0;0;;;;2;11
57031;Greccio;10;9;0;0;0;;;;9;7;0;0;0;;;;7;16
57031;Greccio;11;13;0;0;0;;;;13;4;0;0;0;;;;4;17
57031;Greccio;12;2;0;0;0;;;;2;6;0;0;0;;;;6;8
57031;Greccio;13;7;0;0;0;;;;7;4;0;0;0;;;;4;11
57031;Greccio;14;6;0;0;0;;;;6;2;0;0;0;;;;2;8
57031;Greccio;15;7;0;0;0;;;;7;4;0;0;0;;;;4;11
57031;Greccio;16;4;0;0;0;;;;4;8;0;0;0;;;;8;12
57031;Greccio;17;9;0;0;0;;;;9;2;0;0;0;;;;2;11
57031;Greccio;18;5;0;0;0;;;;5;6;0;0;0;;;;6;11
57031;Greccio;19;5;0;0;0;;;;5;6;0;0;0;;;;6;11
57031;Greccio;20;3;0;0;0;;;;3;2;1;0;0;;;;3;6
57031;Greccio;21;3;0;0;0;;;;3;8;0;0;0;;;;8;11
57031;Greccio;22;4;0;0;0;;;;4;9;0;0;0;;;;9;13
57031;Greccio;23;4;0;0;0;;;;4;9;0;0;0;;;;9;13
57031;Greccio;24;5;0;0;0;;;;5;6;0;0;0;;;;6;11
57031;Greccio;25;4;0;0;0;;;;4;7;0;0;0;;;;7;11
57031;Greccio;26;7;0;0;0;;;;7;7;0;0;0;;;;7;14
57031;Greccio;27;4;0;0;0;;;;4;8;1;0;0;;;;9;13
57031;Greccio;28;13;0;0;0;;;;13;4;1;0;0;;;;5;18
57031;Greccio;29;7;1;0;0;;;;8;6;0;0;0;;;;6;14
57031;Greccio;30;11;0;0;0;;;;11;5;1;0;0;;;;6;17
57031;Greccio;31;6;0;0;0;;;;6;3;4;1;0;;;;8;14
57031;Greccio;32;5;0;0;0;;;;5;5;2;0;0;;;;7;12
57031;Greccio;33;3;2;0;0;;;;5;1;1;0;0;;;;2;7
57031;Greccio;34;9;0;0;0;;;;9;6;0;0;0;;;;6;15
57031;Greccio;35;3;1;0;0;;;;4;3;4;0;0;;;;7;11
57031;Greccio;36;3;1;0;0;;;;4;3;2;0;0;;;;5;9
57031;Greccio;37;4;4;0;0;;;;8;1;3;0;0;;;;4;12
57031;Greccio;38;5;3;0;0;;;;8;2;2;0;0;;;;4;12
57031;Greccio;39;4;5;0;0;;;;9;3;4;0;0;;;;7;16
57031;Greccio;40;7;4;0;0;;;;11;2;5;0;0;;;;7;18
57031;Greccio;41;2;5;0;0;;;;7;5;4;0;0;;;;9;16
57031;Greccio;42;4;3;0;0;;;;7;6;7;0;1;;;;14;21
57031;Greccio;43;3;3;0;0;;;;6;4;4;0;0;;;;8;14
57031;Greccio;44;9;2;0;0;;;;11;2;4;0;0;;;;6;17
57031;Greccio;45;3;4;1;0;;;;8;1;7;0;0;;;;8;16
57031;Greccio;46;5;5;0;0;;;;10;2;5;1;1;;;;9;19
57031;Greccio;47;5;5;0;0;;;;10;1;3;0;0;;;;4;14
57031;Greccio;48;5;10;0;0;;;;15;4;11;1;0;;;;16;31
57031;Greccio;49;1;4;1;0;;;;6;1;5;0;0;;;;6;12
57031;Greccio;50;5;7;2;0;;;;14;2;9;1;0;;;;12;26
57031;Greccio;51;3;10;0;0;;;;13;3;5;1;0;;;;9;22
57031;Greccio;52;5;11;0;0;;;;16;2;11;2;0;;;;15;31
57031;Greccio;53;2;3;1;0;;;;6;2;4;1;0;;;;7;13
57031;Greccio;54;5;4;2;0;;;;11;2;8;0;1;;;;11;22
57031;Greccio;55;3;7;0;0;;;;10;1;10;0;0;;;;11;21
57031;Greccio;56;4;13;1;0;;;;18;1;12;0;1;;;;14;32
57031;Greccio;57;4;7;0;0;;;;11;2;5;1;1;;;;9;20
57031;Greccio;58;2;7;1;0;;;;10;0;14;2;0;;;;16;26
57031;Greccio;59;3;12;0;0;;;;15;1;10;0;0;;;;11;26
57031;Greccio;60;3;14;0;0;;;;17;2;11;0;1;;;;14;31
57031;Greccio;61;2;6;0;1;;;;9;5;4;1;0;;;;10;19
57031;Greccio;62;4;5;2;0;;;;11;3;7;0;2;;;;12;23
57031;Greccio;63;1;3;0;2;;;;6;0;8;1;2;;;;11;17
57031;Greccio;64;2;8;0;0;;;;10;1;7;1;0;;;;9;19
57031;Greccio;65;0;8;1;0;;;;9;0;11;1;3;;;;15;24
57031;Greccio;66;2;9;1;0;;;;12;1;3;0;5;;;;9;21
57031;Greccio;67;0;5;0;0;;;;5;2;10;0;1;;;;13;18
57031;Greccio;68;5;2;0;1;;;;8;2;6;0;2;;;;10;18
57031;Greccio;69;3;7;3;0;;;;13;1;4;0;1;;;;6;19
57031;Greccio;70;0;12;1;0;;;;13;0;7;0;2;;;;9;22
57031;Greccio;71;0;8;0;1;;;;9;1;12;2;0;;;;15;24
57031;Greccio;72;1;5;0;0;;;;6;1;3;0;1;;;;5;11
57031;Greccio;73;1;5;1;1;;;;8;1;7;3;0;;;;11;19
57031;Greccio;74;0;9;0;0;;;;9;2;3;0;3;;;;8;17
57031;Greccio;75;0;6;0;1;;;;7;1;7;0;3;;;;11;18
57031;Greccio;76;0;13;0;0;;;;13;1;11;1;3;;;;16;29
57031;Greccio;77;0;12;1;0;;;;13;1;7;0;5;;;;13;26
57031;Greccio;78;2;4;0;0;;;;6;0;8;0;1;;;;9;15
57031;Greccio;79;0;7;2;0;;;;9;0;4;0;5;;;;9;18
57031;Greccio;80;0;3;0;2;;;;5;2;7;1;4;;;;14;19
57031;Greccio;81;0;9;0;2;;;;11;0;3;0;4;;;;7;18
57031;Greccio;82;1;7;0;0;;;;8;1;5;0;0;;;;6;14
57031;Greccio;83;0;8;0;1;;;;9;0;2;0;4;;;;6;15
57031;Greccio;84;2;3;0;1;;;;6;1;3;0;1;;;;5;11
57031;Greccio;85;0;8;1;2;;;;11;0;2;0;6;;;;8;19
57031;Greccio;86;0;2;0;0;;;;2;0;3;0;4;;;;7;9
57031;Greccio;87;0;8;1;1;;;;10;2;2;0;5;;;;9;19
57031;Greccio;88;0;1;0;1;;;;2;1;1;0;3;;;;5;7
57031;Greccio;89;0;2;0;0;;;;2;1;1;0;5;;;;7;9
57031;Greccio;90;0;1;1;0;;;;2;0;2;0;2;;;;4;6
57031;Greccio;91;0;0;0;1;;;;1;0;1;0;9;;;;10;11
57031;Greccio;92;0;0;0;1;;;;1;0;0;0;2;;;;2;3
57031;Greccio;93;0;1;0;0;;;;1;0;0;0;3;;;;3;4
57031;Greccio;94;0;0;0;1;;;;1;0;0;0;3;;;;3;4
57031;Greccio;95;0;1;0;0;;;;1;0;0;0;2;;;;2;3
57031;Greccio;96;0;0;0;0;;;;0;0;0;0;0;;;;0;0
57031;Greccio;97;0;0;0;1;;;;1;0;0;0;1;;;;1;2
57031;Greccio;98;0;0;0;1;;;;1;0;0;1;0;;;;1;2
57031;Greccio;99;0;0;0;0;;;;0;0;0;0;0;;;;0;0
57031;Greccio;100;0;0;0;0;;;;0;0;0;0;2;;;;2;2
57031;Greccio;999;334;345;24;22;;;;725;265;341;23;105;;;;734;1459
57032;Labro;0;0;0;0;0;;;;0;0;0;0;0;;;;0;0
57032;Labro;1;2;0;0;0;;;;2;0;0;0;0;;;;0;2
57032;Labro;2;1;0;0;0;;;;1;2;0;0;0;;;;2;3
57032;Labro;3;2;0;0;0;;;;2;1;0;0;0;;;;1;3
57032;Labro;4;1;0;0;0;;;;1;0;0;0;0;;;;0;1
57032;Labro;5;4;0;0;0;;;;4;1;0;0;0;;;;1;5
57032;Labro;6;1;0;0;0;;;;1;1;0;0;0;;;;1;2
57032;Labro;7;0;0;0;0;;;;0;0;0;0;0;;;;0;0
57032;Labro;8;0;0;0;0;;;;0;3;0;0;0;;;;3;3
57032;Labro;9;1;0;0;0;;;;1;2;0;0;0;;;;2;3
57032;Labro;10;1;0;0;0;;;;1;0;0;0;0;;;;0;1
57032;Labro;11;0;0;0;0;;;;0;2;0;0;0;;;;2;2
57032;Labro;12;0;0;0;0;;;;0;2;0;0;0;;;;2;2
57032;Labro;13;5;0;0;0;;;;5;1;0;0;0;;;;1;6
57032;Labro;14;1;0;0;0;;;;1;1;0;0;0;;;;1;2
57032;Labro;15;2;0;0;0;;;;2;3;0;0;0;;;;3;5
57032;Labro;16;2;0;0;0;;;;2;1;0;0;0;;;;1;3
57032;Labro;17;0;0;0;0;;;;0;0;0;0;0;;;;0;0
57032;Labro;18;4;0;0;0;;;;4;1;0;0;0;;;;1;5
57032;Labro;19;2;0;0;0;;;;2;2;0;0;0;;;;2;4
57032;Labro;20;2;0;0;0;;;;2;0;0;0;0;;;;0;2
57032;Labro;21;4;0;0;0;;;;4;1;0;0;0;;;;1;5
57032;Labro;22;1;0;0;0;;;;1;0;0;0;0;;;;0;1
57032;Labro;23;3;0;0;0;;;;3;2;0;0;0;;;;2;5
57032;Labro;24;1;0;0;0;;;;1;1;0;0;0;;;;1;2
57032;Labro;25;2;0;0;0;;;;2;1;0;0;0;;;;1;3
57032;Labro;26;0;0;0;0;;;;0;4;0;0;0;;;;4;4
57032;Labro;27;2;0;0;0;;;;2;1;0;0;0;;;;1;3
57032;Labro;28;1;0;0;0;;;;1;2;0;0;0;;;;2;3
57032;Labro;29;2;0;0;0;;;;2;0;0;0;0;;;;0;2
57032;Labro;30;3;0;0;0;;;;3;1;1;0;0;;;;2;5
57032;Labro;31;1;0;0;0;;;;1;2;0;0;0;;;;2;3
57032;Labro;32;1;0;0;0;;;;1;1;0;0;0;;;;1;2
57032;Labro;33;0;0;0;0;;;;0;3;0;0;0;;;;3;3
57032;Labro;34;3;0;0;0;;;;3;0;1;0;0;;;;1;4
57032;Labro;35;0;1;0;0;;;;1;1;1;0;0;;;;2;3
57032;Labro;36;0;0;0;0;;;;0;0;0;0;0;;;;0;0
57032;Labro;37;3;0;0;0;;;;3;0;1;0;0;;;;1;4
57032;Labro;38;0;0;0;0;;;;0;1;2;0;0;;;;3;3
57032;Labro;39;3;0;0;0;;;;3;1;0;0;0;;;;1;4
57032;Labro;40;1;1;0;0;;;;2;3;1;0;0;;;;4;6
57032;Labro;41;1;0;0;0;;;;1;0;0;0;0;;;;0;1
57032;Labro;42;0;0;0;0;;;;0;0;1;0;0;;;;1;1
57032;Labro;43;0;1;0;0;;;;1;1;0;0;0;;;;1;2
57032;Labro;44;3;0;0;0;;;;3;0;1;0;0;;;;1;4
57032;Labro;45;3;1;0;0;;;;4;1;2;0;0;;;;3;7
57032;Labro;46;0;1;0;0;;;;1;1;0;1;1;;;;3;4
57032;Labro;47;1;1;1;0;;;;3;0;1;0;0;;;;1;4
57032;Labro;48;1;3;0;0;;;;4;4;0;2;0;;;;6;10
57032;Labro;49;2;1;0;0;;;;3;0;2;0;0;;;;2;5
57032;Labro;50;2;1;0;0;;;;3;1;1;0;0;;;;2;5
57032;Labro;51;1;3;0;0;;;;4;0;1;0;0;;;;1;5
57032;Labro;52;0;0;0;0;;;;0;2;0;2;0;;;;4;4
57032;Labro;53;1;1;1;0;;;;3;0;0;0;0;;;;0;3
57032;Labro;54;1;1;1;0;;;;3;0;1;0;0;;;;1;4
57032;Labro;55;0;3;0;0;;;;3;2;4;1;1;;;;8;11
57032;Labro;56;1;2;0;0;;;;3;0;3;0;0;;;;3;6
57032;Labro;57;2;3;0;0;;;;5;1;1;1;0;;;;3;8
57032;Labro;58;1;2;1;0;;;;4;0;2;0;0;;;;2;6
57032;Labro;59;0;5;1;0;;;;6;0;1;0;1;;;;2;8
57032;Labro;60;0;5;0;0;;;;5;1;2;0;0;;;;3;8
57032;Labro;61;1;0;0;0;;;;1;0;1;0;0;;;;1;2
57032;Labro;62;2;1;0;0;;;;3;0;2;0;1;;;;3;6
57032;Labro;63;0;1;1;0;;;;2;0;1;0;0;;;;1;3
57032;Labro;64;0;3;0;0;;;;3;0;2;0;1;;;;3;6
57032;Labro;65;0;1;0;0;;;;1;0;2;0;0;;;;2;3
57032;Labro;66;0;5;0;0;;;;5;0;2;0;0;;;;2;7
57032;Labro;67;0;2;0;1;;;;3;0;3;1;0;;;;4;7
57032;Labro;68;0;1;0;0;;;;1;0;1;2;1;;;;4;5
57032;Labro;69;0;3;1;0;;;;4;1;0;0;0;;;;1;5
57032;Labro;70;0;0;0;0;;;;0;0;1;1;0;;;;2;2
57032;Labro;71;0;1;0;0;;;;1;0;0;0;0;;;;0;1
57032;Labro;72;0;5;0;0;;;;5;0;3;0;0;;;;3;8
57032;Labro;73;0;0;0;0;;;;0;0;4;0;1;;;;5;5
57032;Labro;74;0;1;0;0;;;;1;0;4;0;0;;;;4;5
57032;Labro;75;0;2;0;0;;;;2;0;2;0;0;;;;2;4
57032;Labro;76;0;3;0;1;;;;4;0;3;0;1;;;;4;8
57032;Labro;77;0;0;0;0;;;;0;0;2;1;0;;;;3;3
57032;Labro;78;1;2;0;0;;;;3;0;1;0;1;;;;2;5
57032;Labro;79;0;1;0;0;;;;1;0;1;0;1;;;;2;3
57032;Labro;80;0;3;0;0;;;;3;0;0;0;1;;;;1;4
57032;Labro;81;0;0;0;1;;;;1;1;0;0;1;;;;2;3
57032;Labro;82;0;3;0;0;;;;3;0;1;0;0;;;;1;4
57032;Labro;83;0;0;0;0;;;;0;0;2;0;1;;;;3;3
57032;Labro;84;0;1;0;0;;;;1;0;2;0;0;;;;2;3
57032;Labro;85;0;1;0;0;;;;1;0;0;0;0;;;;0;1
57032;Labro;86;2;1;0;0;;;;3;0;1;0;1;;;;2;5
57032;Labro;87;0;1;0;1;;;;2;0;1;0;0;;;;1;3
57032;Labro;88;0;1;0;0;;;;1;0;0;0;0;;;;0;1
57032;Labro;89;0;0;0;0;;;;0;0;0;0;0;;;;0;0
57032;Labro;90;0;0;0;0;;;;0;0;0;0;0;;;;0;0
57032;Labro;91;0;0;0;0;;;;0;0;0;0;2;;;;2;2
57032;Labro;92;0;0;0;0;;;;0;0;0;0;1;;;;1;1
57032;Labro;93;0;1;0;0;;;;1;0;0;0;1;;;;1;2
57032;Labro;94;0;0;0;0;;;;0;0;0;0;0;;;;0;0
57032;Labro;95;0;0;0;0;;;;0;0;0;0;0;;;;0;0
57032;Labro;96;0;0;0;0;;;;0;0;0;0;0;;;;0;0
57032;Labro;97;0;0;0;0;;;;0;0;0;0;0;;;;0;0
57032;Labro;98;0;0;0;0;;;;0;0;1;0;0;;;;1;1
57032;Labro;99;0;0;0;0;;;;0;0;0;0;0;;;;0;0
57032;Labro;100;0;0;0;0;;;;0;0;0;0;0;;;;0;0
57032;Labro;999;88;80;7;4;;;;179;64;73;12;18;;;;167;346
57033;Leonessa;0;2;0;0;0;;;;2;4;0;0;0;;;;4;6
57033;Leonessa;1;2;0;0;0;;;;2;4;0;0;0;;;;4;6
57033;Leonessa;2;3;0;0;0;;;;3;4;0;0;0;;;;4;7
57033;Leonessa;3;6;0;0;0;;;;6;6;0;0;0;;;;6;12
57033;Leonessa;4;3;0;0;0;;;;3;5;0;0;0;;;;5;8
57033;Leonessa;5;7;0;0;0;;;;7;6;0;0;0;;;;6;13
57033;Leonessa;6;5;0;0;0;;;;5;2;0;0;0;;;;2;7
57033;Leonessa;7;10;0;0;0;;;;10;8;0;0;0;;;;8;18
57033;Leonessa;8;3;0;0;0;;;;3;3;0;0;0;;;;3;6
57033;Leonessa;9;7;0;0;0;;;;7;4;0;0;0;;;;4;11
57033;Leonessa;10;3;0;0;0;;;;3;3;0;0;0;;;;3;6
57033;Leonessa;11;5;0;0;0;;;;5;6;0;0;0;;;;6;11
57033;Leonessa;12;10;0;0;0;;;;10;5;0;0;0;;;;5;15
57033;Leonessa;13;3;0;0;0;;;;3;5;0;0;0;;;;5;8
57033;Leonessa;14;3;0;0;0;;;;3;6;0;0;0;;;;6;9
57033;Leonessa;15;5;0;0;0;;;;5;4;0;0;0;;;;4;9
57033;Leonessa;16;6;0;0;0;;;;6;8;0;0;0;;;;8;14
57033;Leonessa;17;9;0;0;0;;;;9;8;0;0;0;;;;8;17
57033;Leonessa;18;6;0;0;0;;;;6;6;0;0;0;;;;6;12
57033;Leonessa;19;5;0;0;0;;;;5;8;0;0;0;;;;8;13
57033;Leonessa;20;12;0;0;0;;;;12;13;0;0;0;;;;13;25
57033;Leonessa;21;9;0;0;0;;;;9;7;0;0;0;;;;7;16
57033;Leonessa;22;7;0;0;0;;;;7;8;0;0;0;;;;8;15
57033;Leonessa;23;11;0;0;0;;;;11;7;0;0;0;;;;7;18
57033;Leonessa;24;10;0;0;0;;;;10;8;0;0;0;;;;8;18
57033;Leonessa;25;9;0;0;0;;;;9;14;1;0;0;;;;15;24
57033;Leonessa;26;5;0;0;0;;;;5;7;1;0;0;;;;8;13
57033;Leonessa;27;11;1;0;0;;;;12;7;1;0;0;;;;8;20
57033;Leonessa;28;9;0;0;0;;;;9;7;3;0;0;;;;10;19
57033;Leonessa;29;11;0;0;0;;;;11;6;0;0;0;;;;6;17
57033;Leonessa;30;6;0;0;0;;;;6;3;1;0;0;;;;4;10
57033;Leonessa;31;7;1;0;0;;;;8;4;1;0;0;;;;5;13
57033;Leonessa;32;10;2;0;0;;;;12;6;1;0;0;;;;7;19
57033;Leonessa;33;7;2;0;0;;;;9;5;0;0;0;;;;5;14
57033;Leonessa;34;11;5;0;0;;;;16;9;4;0;0;;;;13;29
57033;Leonessa;35;7;1;0;0;;;;8;5;3;0;0;;;;8;16
57033;Leonessa;36;15;1;0;0;;;;16;7;4;0;0;;;;11;27
57033;Leonessa;37;9;0;0;0;;;;9;6;2;0;0;;;;8;17
57033;Leonessa;38;6;3;0;0;;;;9;6;5;0;0;;;;11;20
57033;Leonessa;39;5;4;0;0;;;;9;4;1;0;0;;;;5;14
57033;Leonessa;40;12;6;0;0;;;;18;7;2;0;0;;;;9;27
57033;Leonessa;41;5;3;0;0;;;;8;1;5;1;0;;;;7;15
57033;Leonessa;42;6;6;0;0;;;;12;3;8;0;1;;;;12;24
57033;Leonessa;43;6;3;0;0;;;;9;6;8;0;0;;;;14;23
57033;Leonessa;44;4;4;3;0;;;;11;5;13;0;0;;;;18;29
57033;Leonessa;45;5;6;1;0;;;;12;2;7;1;1;;;;11;23
57033;Leonessa;46;7;4;0;0;;;;11;3;7;1;2;;;;13;24
57033;Leonessa;47;4;6;0;0;;;;10;2;11;0;0;;;;13;23
57033;Leonessa;48;4;8;0;0;;;;12;4;9;0;0;;;;13;25
57033;Leonessa;49;3;8;2;0;;;;13;4;13;0;1;;;;18;31
57033;Leonessa;50;5;19;2;0;;;;26;2;9;1;0;;;;12;38
57033;Leonessa;51;5;14;0;1;;;;20;3;10;1;0;;;;14;34
57033;Leonessa;52;4;11;1;0;;;;16;4;14;0;1;;;;19;35
57033;Leonessa;53;0;7;0;0;;;;7;2;9;0;0;;;;11;18
57033;Leonessa;54;6;12;1;0;;;;19;3;12;2;0;;;;17;36
57033;Leonessa;55;2;10;0;0;;;;12;1;18;1;0;;;;20;32
57033;Leonessa;56;4;16;0;0;;;;20;2;13;2;0;;;;17;37
57033;Leonessa;57;6;14;0;0;;;;20;4;11;1;0;;;;16;36
57033;Leonessa;58;4;12;2;0;;;;18;0;12;1;2;;;;15;33
57033;Leonessa;59;1;16;2;0;;;;19;1;11;2;0;;;;14;33
57033;Leonessa;60;7;15;0;0;;;;22;6;12;3;0;;;;21;43
57033;Leonessa;61;3;8;4;0;;;;15;3;12;0;1;;;;16;31
57033;Leonessa;62;7;12;2;0;;;;21;0;23;2;1;;;;26;47
57033;Leonessa;63;6;17;1;0;;;;24;1;15;0;1;;;;17;41
57033;Leonessa;64;8;14;2;0;;;;24;0;14;0;2;;;;16;40
57033;Leonessa;65;4;18;4;0;;;;26;1;13;0;6;;;;20;46
57033;Leonessa;66;2;15;1;0;;;;18;2;8;1;4;;;;15;33
57033;Leonessa;67;4;13;2;1;;;;20;1;12;1;1;;;;15;35
57033;Leonessa;68;1;25;0;0;;;;26;3;11;1;1;;;;16;42
57033;Leonessa;69;0;15;1;0;;;;16;1;13;0;2;;;;16;32
57033;Leonessa;70;6;20;3;1;;;;30;0;10;0;6;;;;16;46
57033;Leonessa;71;0;14;0;1;;;;15;0;18;0;2;;;;20;35
57033;Leonessa;72;2;12;1;1;;;;16;1;6;1;3;;;;11;27
57033;Leonessa;73;0;4;0;1;;;;5;1;16;0;2;;;;19;24
57033;Leonessa;74;3;14;1;1;;;;19;1;9;0;3;;;;13;32
57033;Leonessa;75;0;10;0;1;;;;11;0;9;1;7;;;;17;28
57033;Leonessa;76;2;10;0;3;;;;15;0;12;0;7;;;;19;34
57033;Leonessa;77;1;17;0;0;;;;18;0;7;1;6;;;;14;32
57033;Leonessa;78;2;10;0;1;;;;13;1;7;0;3;;;;11;24
57033;Leonessa;79;1;2;0;2;;;;5;0;5;0;10;;;;15;20
57033;Leonessa;80;1;8;0;0;;;;9;1;2;0;6;;;;9;18
57033;Leonessa;81;1;6;0;0;;;;7;0;5;0;7;;;;12;19
57033;Leonessa;82;2;7;1;1;;;;11;1;1;0;8;;;;10;21
57033;Leonessa;83;0;8;0;2;;;;10;1;4;0;6;;;;11;21
57033;Leonessa;84;1;2;0;0;;;;3;1;2;0;7;;;;10;13
57033;Leonessa;85;1;9;0;1;;;;11;0;4;0;12;;;;16;27
57033;Leonessa;86;0;5;0;0;;;;5;0;1;0;10;;;;11;16
57033;Leonessa;87;0;5;0;2;;;;7;0;0;1;6;;;;7;14
57033;Leonessa;88;0;1;0;1;;;;2;0;3;0;5;;;;8;10
57033;Leonessa;89;2;3;0;2;;;;7;0;0;0;5;;;;5;12
57033;Leonessa;90;0;2;0;1;;;;3;0;0;0;3;;;;3;6
57033;Leonessa;91;0;1;0;1;;;;2;1;0;0;5;;;;6;8
57033;Leonessa;92;0;1;0;0;;;;1;1;0;0;2;;;;3;4
57033;Leonessa;93;0;1;0;1;;;;2;0;0;0;6;;;;6;8
57033;Leonessa;94;0;0;0;0;;;;0;0;0;0;1;;;;1;1
57033;Leonessa;95;0;0;0;0;;;;0;0;0;0;6;;;;6;6
57033;Leonessa;96;0;0;0;0;;;;0;0;0;0;2;;;;2;2
57033;Leonessa;97;0;0;0;0;;;;0;0;0;0;2;;;;2;2
57033;Leonessa;98;0;0;0;0;;;;0;0;0;0;1;;;;1;1
57033;Leonessa;99;0;0;0;0;;;;0;0;1;0;0;;;;1;1
57033;Leonessa;100;0;0;0;0;;;;0;0;0;0;1;;;;1;1
57033;Leonessa;999;440;529;37;26;;;;1032;331;485;26;177;;;;1019;2051
57034;Longone Sabino;0;1;0;0;0;;;;1;0;0;0;0;;;;0;1
57034;Longone Sabino;1;1;0;0;0;;;;1;0;0;0;0;;;;0;1
57034;Longone Sabino;2;0;0;0;0;;;;0;0;0;0;0;;;;0;0
57034;Longone Sabino;3;0;0;0;0;;;;0;0;0;0;0;;;;0;0
57034;Longone Sabino;4;1;0;0;0;;;;1;1;0;0;0;;;;1;2
57034;Longone Sabino;5;0;0;0;0;;;;0;2;0;0;0;;;;2;2
57034;Longone Sabino;6;2;0;0;0;;;;2;0;0;0;0;;;;0;2
57034;Longone Sabino;7;1;0;0;0;;;;1;2;0;0;0;;;;2;3
57034;Longone Sabino;8;1;0;0;0;;;;1;0;0;0;0;;;;0;1
57034;Longone Sabino;9;1;0;0;0;;;;1;0;0;0;0;;;;0;1
57034;Longone Sabino;10;3;0;0;0;;;;3;1;0;0;0;;;;1;4
57034;Longone Sabino;11;1;0;0;0;;;;1;2;0;0;0;;;;2;3
57034;Longone Sabino;12;1;0;0;0;;;;1;1;0;0;0;;;;1;2
57034;Longone Sabino;13;4;0;0;0;;;;4;4;0;0;0;;;;4;8
57034;Longone Sabino;14;3;0;0;0;;;;3;1;0;0;0;;;;1;4
57034;Longone Sabino;15;4;0;0;0;;;;4;1;0;0;0;;;;1;5
57034;Longone Sabino;16;3;0;0;0;;;;3;1;0;0;0;;;;1;4
57034;Longone Sabino;17;0;0;0;0;;;;0;4;0;0;0;;;;4;4
57034;Longone Sabino;18;3;0;0;0;;;;3;0;0;0;0;;;;0;3
57034;Longone Sabino;19;0;0;0;0;;;;0;1;0;0;0;;;;1;1
57034;Longone Sabino;20;1;0;0;0;;;;1;1;0;0;0;;;;1;2
57034;Longone Sabino;21;0;0;0;0;;;;0;1;0;0;0;;;;1;1
57034;Longone Sabino;22;1;0;0;0;;;;1;3;0;0;0;;;;3;4
57034;Longone Sabino;23;1;0;0;0;;;;1;2;0;0;0;;;;2;3
57034;Longone Sabino;24;4;0;0;0;;;;4;0;0;0;0;;;;0;4
57034;Longone Sabino;25;1;0;0;0;;;;1;3;0;0;0;;;;3;4
57034;Longone Sabino;26;3;0;0;0;;;;3;4;0;0;0;;;;4;7
57034;Longone Sabino;27;1;0;0;0;;;;1;1;1;0;0;;;;2;3
57034;Longone Sabino;28;2;0;0;0;;;;2;4;0;0;0;;;;4;6
57034;Longone Sabino;29;2;0;0;0;;;;2;3;1;0;0;;;;4;6
57034;Longone Sabino;30;2;0;0;0;;;;2;1;2;0;0;;;;3;5
57034;Longone Sabino;31;0;0;0;0;;;;0;1;1;0;0;;;;2;2
57034;Longone Sabino;32;2;0;0;0;;;;2;1;0;0;0;;;;1;3
57034;Longone Sabino;33;4;2;0;0;;;;6;2;0;0;0;;;;2;8
57034;Longone Sabino;34;0;0;0;0;;;;0;2;1;0;0;;;;3;3
57034;Longone Sabino;35;5;3;0;0;;;;8;1;1;0;0;;;;2;10
57034;Longone Sabino;36;2;1;0;0;;;;3;0;0;0;0;;;;0;3
57034;Longone Sabino;37;0;0;0;0;;;;0;1;0;0;0;;;;1;1
57034;Longone Sabino;38;4;0;0;0;;;;4;2;1;1;0;;;;4;8
57034;Longone Sabino;39;0;1;0;0;;;;1;0;1;0;0;;;;1;2
57034;Longone Sabino;40;1;0;0;0;;;;1;1;2;0;0;;;;3;4
57034;Longone Sabino;41;1;2;0;0;;;;3;1;0;0;0;;;;1;4
57034;Longone Sabino;42;1;0;0;0;;;;1;0;1;0;0;;;;1;2
57034;Longone Sabino;43;2;0;0;0;;;;2;1;1;0;0;;;;2;4
57034;Longone Sabino;44;1;1;0;0;;;;2;1;2;0;0;;;;3;5
57034;Longone Sabino;45;2;1;0;0;;;;3;1;1;0;0;;;;2;5
57034;Longone Sabino;46;0;0;0;0;;;;0;1;1;0;0;;;;2;2
57034;Longone Sabino;47;2;0;0;0;;;;2;2;1;0;0;;;;3;5
57034;Longone Sabino;48;4;1;1;0;;;;6;0;3;0;0;;;;3;9
57034;Longone Sabino;49;1;1;1;0;;;;3;1;2;2;0;;;;5;8
57034;Longone Sabino;50;1;2;0;0;;;;3;1;3;0;0;;;;4;7
57034;Longone Sabino;51;2;3;0;0;;;;5;0;3;1;0;;;;4;9
57034;Longone Sabino;52;2;1;0;0;;;;3;0;4;0;0;;;;4;7
57034;Longone Sabino;53;0;2;0;1;;;;3;2;4;1;1;;;;8;11
57034;Longone Sabino;54;1;3;2;0;;;;6;0;0;0;0;;;;0;6
57034;Longone Sabino;55;0;4;1;0;;;;5;1;2;0;0;;;;3;8
57034;Longone Sabino;56;0;2;0;0;;;;2;0;0;1;0;;;;1;3
57034;Longone Sabino;57;1;2;1;0;;;;4;0;2;0;0;;;;2;6
57034;Longone Sabino;58;1;2;0;0;;;;3;3;2;1;0;;;;6;9
57034;Longone Sabino;59;0;1;0;0;;;;1;0;4;0;0;;;;4;5
57034;Longone Sabino;60;3;2;0;1;;;;6;2;4;0;0;;;;6;12
57034;Longone Sabino;61;2;2;0;0;;;;4;0;2;0;0;;;;2;6
57034;Longone Sabino;62;1;2;0;0;;;;3;0;5;1;0;;;;6;9
57034;Longone Sabino;63;2;3;0;0;;;;5;1;2;0;1;;;;4;9
57034;Longone Sabino;64;1;5;0;0;;;;6;1;3;0;0;;;;4;10
57034;Longone Sabino;65;2;5;0;0;;;;7;0;4;0;1;;;;5;12
57034;Longone Sabino;66;0;2;1;0;;;;3;1;2;0;1;;;;4;7
57034;Longone Sabino;67;1;4;0;0;;;;5;0;4;0;0;;;;4;9
57034;Longone Sabino;68;0;4;0;0;;;;4;0;2;0;0;;;;2;6
57034;Longone Sabino;69;2;5;0;0;;;;7;0;5;0;0;;;;5;12
57034;Longone Sabino;70;0;4;0;0;;;;4;0;4;0;0;;;;4;8
57034;Longone Sabino;71;1;8;0;2;;;;11;0;2;0;2;;;;4;15
57034;Longone Sabino;72;0;5;2;0;;;;7;0;3;0;2;;;;5;12
57034;Longone Sabino;73;0;4;0;1;;;;5;0;0;0;1;;;;1;6
57034;Longone Sabino;74;0;6;0;0;;;;6;0;4;0;1;;;;5;11
57034;Longone Sabino;75;1;1;2;0;;;;4;2;1;0;3;;;;6;10
57034;Longone Sabino;76;0;3;0;1;;;;4;0;6;0;3;;;;9;13
57034;Longone Sabino;77;0;6;1;0;;;;7;0;3;1;4;;;;8;15
57034;Longone Sabino;78;0;2;1;0;;;;3;0;1;0;2;;;;3;6
57034;Longone Sabino;79;1;1;0;1;;;;3;0;2;1;1;;;;4;7
57034;Longone Sabino;80;0;2;0;2;;;;4;0;1;0;2;;;;3;7
57034;Longone Sabino;81;0;2;0;2;;;;4;0;0;0;1;;;;1;5
57034;Longone Sabino;82;0;0;1;0;;;;1;2;0;0;0;;;;2;3
57034;Longone Sabino;83;0;1;0;0;;;;1;0;1;0;2;;;;3;4
57034;Longone Sabino;84;0;7;1;0;;;;8;0;2;1;1;;;;4;12
57034;Longone Sabino;85;0;2;0;0;;;;2;0;1;0;3;;;;4;6
57034;Longone Sabino;86;0;1;0;0;;;;1;0;1;1;3;;;;5;6
57034;Longone Sabino;87;0;0;0;1;;;;1;0;0;0;3;;;;3;4
57034;Longone Sabino;88;0;1;0;1;;;;2;0;0;0;0;;;;0;2
57034;Longone Sabino;89;0;0;0;2;;;;2;0;0;0;2;;;;2;4
57034;Longone Sabino;90;0;1;0;0;;;;1;0;0;0;0;;;;0;1
57034;Longone Sabino;91;0;0;0;1;;;;1;0;0;0;1;;;;1;2
57034;Longone Sabino;92;0;0;0;1;;;;1;0;0;0;1;;;;1;2
57034;Longone Sabino;93;0;0;0;0;;;;0;0;0;0;1;;;;1;1
57034;Longone Sabino;94;0;1;0;0;;;;1;0;0;0;0;;;;0;1
57034;Longone Sabino;95;0;0;0;1;;;;1;0;0;0;0;;;;0;1
57034;Longone Sabino;96;0;0;0;0;;;;0;0;0;0;0;;;;0;0
57034;Longone Sabino;97;0;0;0;1;;;;1;0;0;0;0;;;;0;1
57034;Longone Sabino;98;0;0;0;0;;;;0;0;0;0;1;;;;1;1
57034;Longone Sabino;99;0;0;0;0;;;;0;0;0;0;0;;;;0;0
57034;Longone Sabino;100;0;0;0;0;;;;0;0;0;0;0;;;;0;0
57034;Longone Sabino;999;105;127;15;19;;;;266;79;112;12;44;;;;247;513
57035;Magliano Sabina;0;8;0;0;0;;;;8;13;0;0;0;;;;13;21
57035;Magliano Sabina;1;9;0;0;0;;;;9;10;0;0;0;;;;10;19
57035;Magliano Sabina;2;8;0;0;0;;;;8;10;0;0;0;;;;10;18
57035;Magliano Sabina;3;15;0;0;0;;;;15;11;0;0;0;;;;11;26
57035;Magliano Sabina;4;9;0;0;0;;;;9;10;0;0;0;;;;10;19
57035;Magliano Sabina;5;15;0;0;0;;;;15;9;0;0;0;;;;9;24
57035;Magliano Sabina;6;13;0;0;0;;;;13;9;0;0;0;;;;9;22
57035;Magliano Sabina;7;7;0;0;0;;;;7;15;0;0;0;;;;15;22
57035;Magliano Sabina;8;14;0;0;0;;;;14;12;0;0;0;;;;12;26
57035;Magliano Sabina;9;13;0;0;0;;;;13;2;0;0;0;;;;2;15
57035;Magliano Sabina;10;19;0;0;0;;;;19;9;0;0;0;;;;9;28
57035;Magliano Sabina;11;17;0;0;0;;;;17;10;0;0;0;;;;10;27
57035;Magliano Sabina;12;18;0;0;0;;;;18;10;0;0;0;;;;10;28
57035;Magliano Sabina;13;14;0;0;0;;;;14;14;0;0;0;;;;14;28
57035;Magliano Sabina;14;13;0;0;0;;;;13;15;0;0;0;;;;15;28
57035;Magliano Sabina;15;21;0;0;0;;;;21;11;0;0;0;;;;11;32
57035;Magliano Sabina;16;17;0;0;0;;;;17;18;0;0;0;;;;18;35
57035;Magliano Sabina;17;15;0;0;0;;;;15;17;0;0;0;;;;17;32
57035;Magliano Sabina;18;18;0;0;0;;;;18;17;0;0;0;;;;17;35
57035;Magliano Sabina;19;13;0;0;0;;;;13;15;0;0;0;;;;15;28
57035;Magliano Sabina;20;16;0;0;0;;;;16;12;2;0;0;;;;14;30
57035;Magliano Sabina;21;22;0;0;0;;;;22;14;0;0;0;;;;14;36
57035;Magliano Sabina;22;14;0;0;0;;;;14;14;0;0;0;;;;14;28
57035;Magliano Sabina;23;22;0;0;0;;;;22;12;0;0;0;;;;12;34
57035;Magliano Sabina;24;23;0;0;0;;;;23;17;3;1;0;;;;21;44
57035;Magliano Sabina;25;16;0;0;0;;;;16;12;1;0;0;;;;13;29
57035;Magliano Sabina;26;15;0;0;0;;;;15;13;1;0;0;;;;14;29
57035;Magliano Sabina;27;17;3;0;0;;;;20;6;2;0;0;;;;8;28
57035;Magliano Sabina;28;12;0;0;0;;;;12;19;0;0;0;;;;19;31
57035;Magliano Sabina;29;13;2;0;0;;;;15;11;2;0;0;;;;13;28
57035;Magliano Sabina;30;20;2;0;0;;;;22;8;2;0;0;;;;10;32
57035;Magliano Sabina;31;17;6;0;0;;;;23;15;5;0;0;;;;20;43
57035;Magliano Sabina;32;13;2;0;0;;;;15;18;5;0;0;;;;23;38
57035;Magliano Sabina;33;14;6;0;0;;;;20;8;7;0;0;;;;15;35
57035;Magliano Sabina;34;17;4;0;0;;;;21;4;9;0;0;;;;13;34
57035;Magliano Sabina;35;9;2;0;0;;;;11;9;9;0;0;;;;18;29
57035;Magliano Sabina;36;10;2;0;0;;;;12;15;4;0;0;;;;19;31
57035;Magliano Sabina;37;9;9;0;0;;;;18;5;5;2;0;;;;12;30
57035;Magliano Sabina;38;7;8;1;0;;;;16;8;8;0;0;;;;16;32
57035;Magliano Sabina;39;9;12;1;0;;;;22;9;15;0;0;;;;24;46
57035;Magliano Sabina;40;6;3;1;0;;;;10;6;18;2;0;;;;26;36
57035;Magliano Sabina;41;8;2;1;0;;;;11;5;11;1;0;;;;17;28
57035;Magliano Sabina;42;15;14;0;0;;;;29;10;10;0;0;;;;20;49
57035;Magliano Sabina;43;4;12;0;0;;;;16;7;17;1;1;;;;26;42
57035;Magliano Sabina;44;13;10;0;0;;;;23;5;8;1;1;;;;15;38
57035;Magliano Sabina;45;9;15;0;0;;;;24;8;11;0;0;;;;19;43
57035;Magliano Sabina;46;9;14;0;0;;;;23;10;12;2;0;;;;24;47
57035;Magliano Sabina;47;11;16;1;0;;;;28;3;20;2;0;;;;25;53
57035;Magliano Sabina;48;12;10;1;0;;;;23;7;6;3;0;;;;16;39
57035;Magliano Sabina;49;12;21;0;0;;;;33;11;25;3;0;;;;39;72
57035;Magliano Sabina;50;4;16;1;0;;;;21;4;15;4;0;;;;23;44
57035;Magliano Sabina;51;13;22;1;0;;;;36;4;11;3;1;;;;19;55
57035;Magliano Sabina;52;11;17;1;0;;;;29;4;12;4;0;;;;20;49
57035;Magliano Sabina;53;5;11;3;0;;;;19;6;26;3;1;;;;36;55
57035;Magliano Sabina;54;10;14;3;0;;;;27;6;24;10;2;;;;42;69
57035;Magliano Sabina;55;7;25;1;0;;;;33;3;20;3;0;;;;26;59
57035;Magliano Sabina;56;5;17;2;0;;;;24;5;18;5;1;;;;29;53
57035;Magliano Sabina;57;8;20;0;0;;;;28;5;14;2;0;;;;21;49
57035;Magliano Sabina;58;7;21;3;0;;;;31;7;23;4;2;;;;36;67
57035;Magliano Sabina;59;5;27;3;0;;;;35;2;30;2;2;;;;36;71
57035;Magliano Sabina;60;6;26;2;0;;;;34;3;17;4;5;;;;29;63
57035;Magliano Sabina;61;5;15;1;1;;;;22;5;22;0;1;;;;28;50
57035;Magliano Sabina;62;1;17;2;1;;;;21;2;17;2;0;;;;21;42
57035;Magliano Sabina;63;3;24;2;2;;;;31;2;18;2;2;;;;24;55
57035;Magliano Sabina;64;2;18;0;2;;;;22;3;21;3;4;;;;31;53
57035;Magliano Sabina;65;5;19;0;2;;;;26;1;21;1;4;;;;27;53
57035;Magliano Sabina;66;3;18;0;1;;;;22;1;20;1;4;;;;26;48
57035;Magliano Sabina;67;2;15;2;2;;;;21;1;19;0;5;;;;25;46
57035;Magliano Sabina;68;1;15;0;0;;;;16;2;13;2;3;;;;20;36
57035;Magliano Sabina;69;0;20;2;1;;;;23;0;13;2;7;;;;22;45
57035;Magliano Sabina;70;3;12;3;1;;;;19;4;14;1;6;;;;25;44
57035;Magliano Sabina;71;2;21;2;2;;;;27;2;11;1;8;;;;22;49
57035;Magliano Sabina;72;0;23;0;0;;;;23;0;22;0;6;;;;28;51
57035;Magliano Sabina;73;0;26;2;2;;;;30;0;14;2;4;;;;20;50
57035;Magliano Sabina;74;1;21;3;2;;;;27;0;16;0;3;;;;19;46
57035;Magliano Sabina;75;2;18;1;5;;;;26;1;13;1;3;;;;18;44
57035;Magliano Sabina;76;1;16;2;4;;;;23;0;13;0;13;;;;26;49
57035;Magliano Sabina;77;4;21;1;2;;;;28;1;12;1;13;;;;27;55
57035;Magliano Sabina;78;1;12;0;2;;;;15;2;12;0;7;;;;21;36
57035;Magliano Sabina;79;2;12;0;2;;;;16;0;7;0;8;;;;15;31
57035;Magliano Sabina;80;1;6;1;1;;;;9;0;7;1;8;;;;16;25
57035;Magliano Sabina;81;0;11;0;2;;;;13;1;6;0;11;;;;18;31
57035;Magliano Sabina;82;0;9;0;3;;;;12;0;4;1;13;;;;18;30
57035;Magliano Sabina;83;0;7;0;1;;;;8;0;4;2;12;;;;18;26
57035;Magliano Sabina;84;2;10;0;4;;;;16;1;3;0;12;;;;16;32
57035;Magliano Sabina;85;0;6;0;1;;;;7;0;6;0;15;;;;21;28
57035;Magliano Sabina;86;0;4;0;5;;;;9;1;2;0;11;;;;14;23
57035;Magliano Sabina;87;0;4;1;3;;;;8;0;1;0;10;;;;11;19
57035;Magliano Sabina;88;0;4;1;2;;;;7;0;3;1;9;;;;13;20
57035;Magliano Sabina;89;0;1;0;5;;;;6;0;2;0;6;;;;8;14
57035;Magliano Sabina;90;1;2;0;1;;;;4;2;0;0;10;;;;12;16
57035;Magliano Sabina;91;0;4;0;3;;;;7;0;1;0;8;;;;9;16
57035;Magliano Sabina;92;1;2;0;2;;;;5;0;0;0;3;;;;3;8
57035;Magliano Sabina;93;0;0;0;0;;;;0;0;2;0;5;;;;7;7
57035;Magliano Sabina;94;0;0;0;1;;;;1;0;0;0;1;;;;1;2
57035;Magliano Sabina;95;0;0;0;0;;;;0;0;0;0;1;;;;1;1
57035;Magliano Sabina;96;0;0;0;1;;;;1;0;0;0;3;;;;3;4
57035;Magliano Sabina;97;0;0;0;0;;;;0;0;0;0;1;;;;1;1
57035;Magliano Sabina;98;0;0;0;0;;;;0;0;0;0;2;;;;2;2
57035;Magliano Sabina;99;0;0;0;0;;;;0;0;0;0;1;;;;1;1
57035;Magliano Sabina;100;0;0;0;0;;;;0;1;0;0;1;;;;2;2
57035;Magliano Sabina;999;794;804;52;69;;;;1719;620;767;86;260;;;;1733;3452
57036;Marcetelli;0;0;0;0;0;;;;0;1;0;0;0;;;;1;1
57036;Marcetelli;1;0;0;0;0;;;;0;0;0;0;0;;;;0;0
57036;Marcetelli;2;1;0;0;0;;;;1;0;0;0;0;;;;0;1
57036;Marcetelli;3;0;0;0;0;;;;0;1;0;0;0;;;;1;1
57036;Marcetelli;4;0;0;0;0;;;;0;0;0;0;0;;;;0;0
57036;Marcetelli;5;0;0;0;0;;;;0;0;0;0;0;;;;0;0
57036;Marcetelli;6;0;0;0;0;;;;0;0;0;0;0;;;;0;0
57036;Marcetelli;7;0;0;0;0;;;;0;0;0;0;0;;;;0;0
57036;Marcetelli;8;0;0;0;0;;;;0;0;0;0;0;;;;0;0
57036;Marcetelli;9;0;0;0;0;;;;0;0;0;0;0;;;;0;0
57036;Marcetelli;10;0;0;0;0;;;;0;0;0;0;0;;;;0;0
57036;Marcetelli;11;0;0;0;0;;;;0;1;0;0;0;;;;1;1
57036;Marcetelli;12;0;0;0;0;;;;0;0;0;0;0;;;;0;0
57036;Marcetelli;13;0;0;0;0;;;;0;0;0;0;0;;;;0;0
57036;Marcetelli;14;0;0;0;0;;;;0;0;0;0;0;;;;0;0
57036;Marcetelli;15;0;0;0;0;;;;0;0;0;0;0;;;;0;0
57036;Marcetelli;16;0;0;0;0;;;;0;0;0;0;0;;;;0;0
57036;Marcetelli;17;0;0;0;0;;;;0;0;0;0;0;;;;0;0
57036;Marcetelli;18;0;0;0;0;;;;0;0;0;0;0;;;;0;0
57036;Marcetelli;19;0;0;0;0;;;;0;0;0;0;0;;;;0;0
57036;Marcetelli;20;0;0;0;0;;;;0;0;0;0;0;;;;0;0
57036;Marcetelli;21;0;0;0;0;;;;0;0;0;0;0;;;;0;0
57036;Marcetelli;22;0;0;0;0;;;;0;0;0;0;0;;;;0;0
57036;Marcetelli;23;0;0;0;0;;;;0;0;0;0;0;;;;0;0
57036;Marcetelli;24;0;0;0;0;;;;0;0;0;0;0;;;;0;0
57036;Marcetelli;25;0;0;0;0;;;;0;0;0;0;0;;;;0;0
57036;Marcetelli;26;1;0;0;0;;;;1;0;0;0;0;;;;0;1
57036;Marcetelli;27;0;0;0;0;;;;0;0;0;0;0;;;;0;0
57036;Marcetelli;28;1;0;0;0;;;;1;0;0;0;0;;;;0;1
57036;Marcetelli;29;0;0;0;0;;;;0;1;1;0;0;;;;2;2
57036;Marcetelli;30;0;0;0;0;;;;0;0;0;0;0;;;;0;0
57036;Marcetelli;31;0;0;0;0;;;;0;0;0;0;0;;;;0;0
57036;Marcetelli;32;1;0;0;0;;;;1;1;0;0;0;;;;1;2
57036;Marcetelli;33;1;0;0;0;;;;1;0;0;0;0;;;;0;1
57036;Marcetelli;34;0;0;0;0;;;;0;0;0;0;0;;;;0;0
57036;Marcetelli;35;0;0;0;0;;;;0;0;0;0;0;;;;0;0
57036;Marcetelli;36;1;0;0;0;;;;1;0;0;0;0;;;;0;1
57036;Marcetelli;37;0;0;0;0;;;;0;1;0;0;0;;;;1;1
57036;Marcetelli;38;0;0;0;0;;;;0;0;0;0;0;;;;0;0
57036;Marcetelli;39;0;0;0;0;;;;0;1;0;0;0;;;;1;1
57036;Marcetelli;40;1;0;0;0;;;;1;0;0;0;0;;;;0;1
57036;Marcetelli;41;3;1;0;0;;;;4;0;0;0;0;;;;0;4
57036;Marcetelli;42;0;0;0;0;;;;0;1;0;0;0;;;;1;1
57036;Marcetelli;43;0;0;0;0;;;;0;0;0;0;0;;;;0;0
57036;Marcetelli;44;0;0;0;0;;;;0;0;0;0;0;;;;0;0
57036;Marcetelli;45;0;0;0;0;;;;0;0;0;0;0;;;;0;0
57036;Marcetelli;46;1;0;0;0;;;;1;0;0;0;0;;;;0;1
57036;Marcetelli;47;0;1;0;0;;;;1;0;0;0;0;;;;0;1
57036;Marcetelli;48;0;0;0;0;;;;0;0;0;0;0;;;;0;0
57036;Marcetelli;49;0;0;0;0;;;;0;0;0;0;0;;;;0;0
57036;Marcetelli;50;1;0;0;0;;;;1;0;0;0;0;;;;0;1
57036;Marcetelli;51;0;1;0;0;;;;1;0;0;1;0;;;;1;2
57036;Marcetelli;52;0;0;0;0;;;;0;0;0;0;0;;;;0;0
57036;Marcetelli;53;0;0;0;0;;;;0;0;0;0;0;;;;0;0
57036;Marcetelli;54;0;0;0;0;;;;0;0;0;0;0;;;;0;0
57036;Marcetelli;55;1;0;0;0;;;;1;0;0;0;0;;;;0;1
57036;Marcetelli;56;0;0;1;0;;;;1;0;0;0;0;;;;0;1
57036;Marcetelli;57;0;0;0;0;;;;0;0;0;0;0;;;;0;0
57036;Marcetelli;58;0;1;0;0;;;;1;0;1;0;0;;;;1;2
57036;Marcetelli;59;0;0;0;0;;;;0;0;0;0;0;;;;0;0
57036;Marcetelli;60;0;0;0;0;;;;0;0;0;0;0;;;;0;0
57036;Marcetelli;61;0;0;0;0;;;;0;0;0;0;0;;;;0;0
57036;Marcetelli;62;0;1;0;0;;;;1;0;0;1;0;;;;1;2
57036;Marcetelli;63;0;0;0;0;;;;0;0;0;0;0;;;;0;0
57036;Marcetelli;64;0;0;0;0;;;;0;0;0;0;0;;;;0;0
57036;Marcetelli;65;0;1;0;0;;;;1;0;1;0;0;;;;1;2
57036;Marcetelli;66;0;1;0;0;;;;1;0;0;0;0;;;;0;1
57036;Marcetelli;67;0;1;0;0;;;;1;0;0;0;0;;;;0;1
57036;Marcetelli;68;0;0;0;0;;;;0;0;0;0;0;;;;0;0
57036;Marcetelli;69;0;0;0;0;;;;0;0;0;0;0;;;;0;0
57036;Marcetelli;70;0;0;0;0;;;;0;0;1;0;0;;;;1;1
57036;Marcetelli;71;0;0;0;0;;;;0;0;0;0;0;;;;0;0
57036;Marcetelli;72;0;0;0;0;;;;0;0;0;0;0;;;;0;0
57036;Marcetelli;73;0;1;0;0;;;;1;0;0;0;0;;;;0;1
57036;Marcetelli;74;0;0;0;0;;;;0;0;0;0;0;;;;0;0
57036;Marcetelli;75;0;0;0;0;;;;0;0;0;0;0;;;;0;0
57036;Marcetelli;76;0;0;0;0;;;;0;0;0;0;0;;;;0;0
57036;Marcetelli;77;0;0;0;0;;;;0;0;0;0;0;;;;0;0
57036;Marcetelli;78;0;0;0;0;;;;0;0;0;0;0;;;;0;0
57036;Marcetelli;79;0;1;0;0;;;;1;0;0;0;0;;;;0;1
57036;Marcetelli;80;0;0;0;1;;;;1;0;0;0;0;;;;0;1
57036;Marcetelli;81;1;0;0;0;;;;1;0;0;0;0;;;;0;1
57036;Marcetelli;82;0;0;0;0;;;;0;0;1;0;0;;;;1;1
57036;Marcetelli;83;0;0;0;0;;;;0;0;1;0;0;;;;1;1
57036;Marcetelli;84;0;0;0;0;;;;0;0;0;0;0;;;;0;0
57036;Marcetelli;85;0;0;1;0;;;;1;0;0;0;1;;;;1;2
57036;Marcetelli;86;0;0;0;0;;;;0;0;0;0;1;;;;1;1
57036;Marcetelli;87;0;0;0;0;;;;0;0;1;0;0;;;;1;1
57036;Marcetelli;88;0;0;0;0;;;;0;0;0;0;0;;;;0;0
57036;Marcetelli;89;0;1;0;0;;;;1;0;0;0;0;;;;0;1
57036;Marcetelli;90;0;0;0;0;;;;0;1;0;0;0;;;;1;1
57036;Marcetelli;91;0;0;0;0;;;;0;0;0;0;3;;;;3;3
57036;Marcetelli;92;0;0;0;0;;;;0;0;0;0;1;;;;1;1
57036;Marcetelli;93;0;0;0;0;;;;0;0;0;0;0;;;;0;0
57036;Marcetelli;94;0;0;0;0;;;;0;0;0;0;0;;;;0;0
57036;Marcetelli;95;0;0;0;0;;;;0;0;0;0;0;;;;0;0
57036;Marcetelli;96;0;0;0;0;;;;0;0;0;0;0;;;;0;0
57036;Marcetelli;97;0;0;0;0;;;;0;0;0;0;0;;;;0;0
57036;Marcetelli;98;0;0;0;0;;;;0;0;0;0;1;;;;1;1
57036;Marcetelli;99;0;0;0;0;;;;0;0;0;0;0;;;;0;0
57036;Marcetelli;100;0;0;0;0;;;;0;0;0;0;0;;;;0;0
57036;Marcetelli;999;14;11;2;1;;;;28;9;7;2;7;;;;25;53
57037;Micigliano;0;0;0;0;0;;;;0;1;0;0;0;;;;1;1
57037;Micigliano;1;0;0;0;0;;;;0;0;0;0;0;;;;0;0
57037;Micigliano;2;0;0;0;0;;;;0;0;0;0;0;;;;0;0
57037;Micigliano;3;0;0;0;0;;;;0;0;0;0;0;;;;0;0
57037;Micigliano;4;0;0;0;0;;;;0;0;0;0;0;;;;0;0
57037;Micigliano;5;0;0;0;0;;;;0;1;0;0;0;;;;1;1
57037;Micigliano;6;0;0;0;0;;;;0;1;0;0;0;;;;1;1
57037;Micigliano;7;0;0;0;0;;;;0;0;0;0;0;;;;0;0
57037;Micigliano;8;1;0;0;0;;;;1;0;0;0;0;;;;0;1
57037;Micigliano;9;0;0;0;0;;;;0;0;0;0;0;;;;0;0
57037;Micigliano;10;0;0;0;0;;;;0;0;0;0;0;;;;0;0
57037;Micigliano;11;0;0;0;0;;;;0;0;0;0;0;;;;0;0
57037;Micigliano;12;0;0;0;0;;;;0;0;0;0;0;;;;0;0
57037;Micigliano;13;0;0;0;0;;;;0;0;0;0;0;;;;0;0
57037;Micigliano;14;0;0;0;0;;;;0;0;0;0;0;;;;0;0
57037;Micigliano;15;0;0;0;0;;;;0;0;0;0;0;;;;0;0
57037;Micigliano;16;0;0;0;0;;;;0;0;0;0;0;;;;0;0
57037;Micigliano;17;0;0;0;0;;;;0;0;0;0;0;;;;0;0
57037;Micigliano;18;0;0;0;0;;;;0;2;0;0;0;;;;2;2
57037;Micigliano;19;0;0;0;0;;;;0;0;0;0;0;;;;0;0
57037;Micigliano;20;1;0;0;0;;;;1;0;0;0;0;;;;0;1
57037;Micigliano;21;1;0;0;0;;;;1;0;0;0;0;;;;0;1
57037;Micigliano;22;0;0;0;0;;;;0;2;0;0;0;;;;2;2
57037;Micigliano;23;0;0;0;0;;;;0;3;0;0;0;;;;3;3
57037;Micigliano;24;0;0;0;0;;;;0;2;0;0;0;;;;2;2
57037;Micigliano;25;1;0;0;0;;;;1;0;0;0;0;;;;0;1
57037;Micigliano;26;0;0;0;0;;;;0;0;0;0;0;;;;0;0
57037;Micigliano;27;0;0;0;0;;;;0;0;1;0;0;;;;1;1
57037;Micigliano;28;0;0;0;0;;;;0;0;0;0;0;;;;0;0
57037;Micigliano;29;0;0;0;0;;;;0;1;0;0;0;;;;1;1
57037;Micigliano;30;3;0;0;0;;;;3;0;0;0;0;;;;0;3
57037;Micigliano;31;1;1;0;0;;;;2;1;0;0;0;;;;1;3
57037;Micigliano;32;1;0;0;0;;;;1;0;0;0;0;;;;0;1
57037;Micigliano;33;0;0;0;0;;;;0;0;0;0;0;;;;0;0
57037;Micigliano;34;0;1;0;0;;;;1;1;0;0;0;;;;1;2
57037;Micigliano;35;0;0;0;0;;;;0;1;0;0;0;;;;1;1
57037;Micigliano;36;1;0;0;0;;;;1;0;0;0;0;;;;0;1
57037;Micigliano;37;0;0;0;0;;;;0;0;0;0;0;;;;0;0
57037;Micigliano;38;2;0;0;0;;;;2;0;0;0;0;;;;0;2
57037;Micigliano;39;0;0;0;0;;;;0;0;0;0;0;;;;0;0
57037;Micigliano;40;0;0;0;0;;;;0;0;1;0;0;;;;1;1
57037;Micigliano;41;2;0;0;0;;;;2;0;0;0;0;;;;0;2
57037;Micigliano;42;1;1;0;0;;;;2;1;0;0;0;;;;1;3
57037;Micigliano;43;2;0;0;0;;;;2;0;0;0;0;;;;0;2
57037;Micigliano;44;1;1;0;0;;;;2;0;0;0;0;;;;0;2
57037;Micigliano;45;0;0;0;0;;;;0;1;0;0;0;;;;1;1
57037;Micigliano;46;0;1;0;0;;;;1;0;0;0;0;;;;0;1
57037;Micigliano;47;0;0;0;0;;;;0;0;0;0;0;;;;0;0
57037;Micigliano;48;0;1;0;0;;;;1;0;0;0;0;;;;0;1
57037;Micigliano;49;1;1;0;0;;;;2;0;0;0;0;;;;0;2
57037;Micigliano;50;0;0;0;0;;;;0;0;1;0;0;;;;1;1
57037;Micigliano;51;0;1;0;0;;;;1;0;0;0;0;;;;0;1
57037;Micigliano;52;0;0;0;0;;;;0;0;0;0;0;;;;0;0
57037;Micigliano;53;1;0;0;0;;;;1;0;0;0;0;;;;0;1
57037;Micigliano;54;0;0;0;0;;;;0;0;3;0;0;;;;3;3
57037;Micigliano;55;1;2;0;0;;;;3;1;0;0;0;;;;1;4
57037;Micigliano;56;1;1;0;0;;;;2;1;1;0;0;;;;2;4
57037;Micigliano;57;0;1;0;0;;;;1;0;1;0;0;;;;1;2
57037;Micigliano;58;0;3;0;0;;;;3;0;1;0;0;;;;1;4
57037;Micigliano;59;1;2;0;0;;;;3;1;1;0;0;;;;2;5
57037;Micigliano;60;0;1;0;0;;;;1;0;0;0;0;;;;0;1
57037;Micigliano;61;0;0;0;0;;;;0;0;0;1;0;;;;1;1
57037;Micigliano;62;1;2;0;1;;;;4;0;0;0;0;;;;0;4
57037;Micigliano;63;1;2;0;0;;;;3;0;0;0;0;;;;0;3
57037;Micigliano;64;0;0;0;0;;;;0;0;0;0;0;;;;0;0
57037;Micigliano;65;0;2;0;0;;;;2;0;1;0;0;;;;1;3
57037;Micigliano;66;1;1;0;0;;;;2;0;1;0;0;;;;1;3
57037;Micigliano;67;0;0;0;0;;;;0;0;0;0;1;;;;1;1
57037;Micigliano;68;0;0;0;0;;;;0;0;1;0;0;;;;1;1
57037;Micigliano;69;0;0;0;0;;;;0;0;2;0;0;;;;2;2
57037;Micigliano;70;1;2;0;0;;;;3;0;0;0;0;;;;0;3
57037;Micigliano;71;0;0;0;0;;;;0;0;1;0;0;;;;1;1
57037;Micigliano;72;0;0;0;0;;;;0;0;0;0;1;;;;1;1
57037;Micigliano;73;0;1;0;0;;;;1;0;0;0;0;;;;0;1
57037;Micigliano;74;0;0;0;0;;;;0;0;0;0;0;;;;0;0
57037;Micigliano;75;0;0;0;0;;;;0;0;1;0;0;;;;1;1
57037;Micigliano;76;0;2;0;0;;;;2;0;0;0;0;;;;0;2
57037;Micigliano;77;0;0;0;0;;;;0;0;0;0;0;;;;0;0
57037;Micigliano;78;0;2;0;0;;;;2;0;1;0;0;;;;1;3
57037;Micigliano;79;0;2;0;0;;;;2;0;0;0;0;;;;0;2
57037;Micigliano;80;0;0;1;0;;;;1;0;0;0;0;;;;0;1
57037;Micigliano;81;0;1;0;0;;;;1;0;0;0;1;;;;1;2
57037;Micigliano;82;0;2;0;0;;;;2;0;1;0;1;;;;2;4
57037;Micigliano;83;0;0;0;0;;;;0;0;0;0;0;;;;0;0
57037;Micigliano;84;0;0;0;0;;;;0;1;0;0;0;;;;1;1
57037;Micigliano;85;0;1;0;0;;;;1;0;0;0;0;;;;0;1
57037;Micigliano;86;0;0;0;0;;;;0;0;0;0;0;;;;0;0
57037;Micigliano;87;0;0;0;0;;;;0;0;0;0;0;;;;0;0
57037;Micigliano;88;0;0;0;0;;;;0;0;0;0;0;;;;0;0
57037;Micigliano;89;0;1;0;0;;;;1;0;0;0;0;;;;0;1
57037;Micigliano;90;0;0;0;0;;;;0;0;0;0;0;;;;0;0
57037;Micigliano;91;0;0;0;0;;;;0;0;1;0;0;;;;1;1
57037;Micigliano;92;0;0;0;0;;;;0;0;0;0;0;;;;0;0
57037;Micigliano;93;0;0;0;0;;;;0;0;0;0;1;;;;1;1
57037;Micigliano;94;0;0;0;0;;;;0;0;0;0;0;;;;0;0
57037;Micigliano;95;0;0;0;0;;;;0;0;0;0;1;;;;1;1
57037;Micigliano;96;0;0;0;0;;;;0;0;0;0;0;;;;0;0
57037;Micigliano;97;0;0;0;0;;;;0;0;0;0;1;;;;1;1
57037;Micigliano;98;0;0;0;0;;;;0;0;0;0;1;;;;1;1
57037;Micigliano;99;0;0;0;0;;;;0;0;0;0;1;;;;1;1
57037;Micigliano;100;0;0;0;0;;;;0;0;0;0;0;;;;0;0
57037;Micigliano;999;27;39;1;1;;;;68;22;20;1;9;;;;52;120
57038;Mompeo;0;1;0;0;0;;;;1;3;0;0;0;;;;3;4
57038;Mompeo;1;1;0;0;0;;;;1;0;0;0;0;;;;0;1
57038;Mompeo;2;2;0;0;0;;;;2;1;0;0;0;;;;1;3
57038;Mompeo;3;2;0;0;0;;;;2;0;0;0;0;;;;0;2
57038;Mompeo;4;2;0;0;0;;;;2;0;0;0;0;;;;0;2
57038;Mompeo;5;1;0;0;0;;;;1;0;0;0;0;;;;0;1
57038;Mompeo;6;0;0;0;0;;;;0;2;0;0;0;;;;2;2
57038;Mompeo;7;2;0;0;0;;;;2;0;0;0;0;;;;0;2
57038;Mompeo;8;1;0;0;0;;;;1;4;0;0;0;;;;4;5
57038;Mompeo;9;2;0;0;0;;;;2;2;0;0;0;;;;2;4
57038;Mompeo;10;2;0;0;0;;;;2;0;0;0;0;;;;0;2
57038;Mompeo;11;0;0;0;0;;;;0;3;0;0;0;;;;3;3
57038;Mompeo;12;3;0;0;0;;;;3;2;0;0;0;;;;2;5
57038;Mompeo;13;1;0;0;0;;;;1;2;0;0;0;;;;2;3
57038;Mompeo;14;0;0;0;0;;;;0;2;0;0;0;;;;2;2
57038;Mompeo;15;0;0;0;0;;;;0;1;0;0;0;;;;1;1
57038;Mompeo;16;1;0;0;0;;;;1;3;0;0;0;;;;3;4
57038;Mompeo;17;1;0;0;0;;;;1;1;0;0;0;;;;1;2
57038;Mompeo;18;1;0;0;0;;;;1;2;0;0;0;;;;2;3
57038;Mompeo;19;1;0;0;0;;;;1;1;0;0;0;;;;1;2
57038;Mompeo;20;3;0;0;0;;;;3;3;0;0;0;;;;3;6
57038;Mompeo;21;1;0;0;0;;;;1;2;0;0;0;;;;2;3
57038;Mompeo;22;1;0;0;0;;;;1;1;0;0;0;;;;1;2
57038;Mompeo;23;0;0;0;0;;;;0;1;0;0;0;;;;1;1
57038;Mompeo;24;0;0;0;0;;;;0;2;0;0;0;;;;2;2
57038;Mompeo;25;3;0;0;0;;;;3;5;0;0;0;;;;5;8
57038;Mompeo;26;3;0;0;0;;;;3;1;0;0;0;;;;1;4
57038;Mompeo;27;1;1;0;0;;;;2;1;1;0;0;;;;2;4
57038;Mompeo;28;3;0;0;0;;;;3;2;1;0;0;;;;3;6
57038;Mompeo;29;3;1;0;0;;;;4;1;2;0;0;;;;3;7
57038;Mompeo;30;3;0;0;0;;;;3;3;0;0;0;;;;3;6
57038;Mompeo;31;4;1;0;0;;;;5;1;0;0;0;;;;1;6
57038;Mompeo;32;2;0;0;0;;;;2;0;1;0;0;;;;1;3
57038;Mompeo;33;3;1;0;0;;;;4;0;1;0;0;;;;1;5
57038;Mompeo;34;5;1;0;0;;;;6;1;0;0;0;;;;1;7
57038;Mompeo;35;2;0;0;0;;;;2;2;1;0;0;;;;3;5
57038;Mompeo;36;1;2;0;0;;;;3;0;1;0;0;;;;1;4
57038;Mompeo;37;1;1;0;0;;;;2;1;0;0;0;;;;1;3
57038;Mompeo;38;3;3;0;0;;;;6;1;1;0;0;;;;2;8
57038;Mompeo;39;2;1;0;0;;;;3;2;1;1;0;;;;4;7
57038;Mompeo;40;3;1;0;0;;;;4;1;2;0;0;;;;3;7
57038;Mompeo;41;0;1;0;0;;;;1;1;1;0;0;;;;2;3
57038;Mompeo;42;1;0;0;0;;;;1;1;0;0;0;;;;1;2
57038;Mompeo;43;1;3;0;0;;;;4;1;2;0;0;;;;3;7
57038;Mompeo;44;1;0;0;0;;;;1;0;3;0;0;;;;3;4
57038;Mompeo;45;1;4;0;0;;;;5;1;2;0;0;;;;3;8
57038;Mompeo;46;1;1;0;0;;;;2;1;2;0;0;;;;3;5
57038;Mompeo;47;2;3;0;0;;;;5;0;5;0;0;;;;5;10
57038;Mompeo;48;1;0;0;0;;;;1;1;0;0;1;;;;2;3
57038;Mompeo;49;3;1;1;0;;;;5;1;2;0;0;;;;3;8
57038;Mompeo;50;5;3;0;0;;;;8;0;4;0;0;;;;4;12
57038;Mompeo;51;0;4;0;0;;;;4;0;1;0;0;;;;1;5
57038;Mompeo;52;1;1;0;1;;;;3;2;2;1;0;;;;5;8
57038;Mompeo;53;0;2;0;0;;;;2;1;3;0;0;;;;4;6
57038;Mompeo;54;1;6;1;0;;;;8;0;2;0;0;;;;2;10
57038;Mompeo;55;1;0;1;0;;;;2;1;2;0;1;;;;4;6
57038;Mompeo;56;0;1;2;0;;;;3;2;2;0;0;;;;4;7
57038;Mompeo;57;0;5;0;0;;;;5;3;2;0;0;;;;5;10
57038;Mompeo;58;1;2;1;0;;;;4;0;3;1;0;;;;4;8
57038;Mompeo;59;1;2;0;0;;;;3;2;2;0;0;;;;4;7
57038;Mompeo;60;3;2;0;0;;;;5;0;6;0;0;;;;6;11
57038;Mompeo;61;2;6;0;0;;;;8;1;3;0;1;;;;5;13
57038;Mompeo;62;1;5;1;0;;;;7;1;1;0;0;;;;2;9
57038;Mompeo;63;0;3;1;0;;;;4;2;4;0;0;;;;6;10
57038;Mompeo;64;1;2;0;0;;;;3;0;4;1;0;;;;5;8
57038;Mompeo;65;0;1;0;0;;;;1;0;3;0;0;;;;3;4
57038;Mompeo;66;1;3;0;0;;;;4;1;3;0;1;;;;5;9
57038;Mompeo;67;0;3;0;0;;;;3;1;4;0;0;;;;5;8
57038;Mompeo;68;2;4;0;0;;;;6;0;2;0;0;;;;2;8
57038;Mompeo;69;1;3;0;1;;;;5;0;3;1;0;;;;4;9
57038;Mompeo;70;1;3;0;0;;;;4;1;6;0;1;;;;8;12
57038;Mompeo;71;0;6;0;0;;;;6;1;4;0;0;;;;5;11
57038;Mompeo;72;1;1;0;0;;;;2;0;1;2;0;;;;3;5
57038;Mompeo;73;0;5;0;0;;;;5;1;0;0;0;;;;1;6
57038;Mompeo;74;0;4;0;0;;;;4;0;1;0;0;;;;1;5
57038;Mompeo;75;0;4;0;0;;;;4;0;4;0;1;;;;5;9
57038;Mompeo;76;0;3;0;0;;;;3;0;4;0;1;;;;5;8
57038;Mompeo;77;1;4;0;0;;;;5;0;4;0;0;;;;4;9
57038;Mompeo;78;2;2;0;0;;;;4;0;2;0;0;;;;2;6
57038;Mompeo;79;0;2;0;0;;;;2;0;0;0;1;;;;1;3
57038;Mompeo;80;0;1;0;0;;;;1;0;2;0;1;;;;3;4
57038;Mompeo;81;0;1;0;0;;;;1;0;2;0;0;;;;2;3
57038;Mompeo;82;1;0;0;0;;;;1;1;2;0;1;;;;4;5
57038;Mompeo;83;0;0;0;0;;;;0;0;1;0;3;;;;4;4
57038;Mompeo;84;0;3;0;0;;;;3;0;0;0;4;;;;4;7
57038;Mompeo;85;0;3;0;0;;;;3;0;1;0;2;;;;3;6
57038;Mompeo;86;0;2;0;2;;;;4;1;2;0;0;;;;3;7
57038;Mompeo;87;0;3;1;1;;;;5;0;1;0;2;;;;3;8
57038;Mompeo;88;0;2;0;1;;;;3;0;0;0;5;;;;5;8
57038;Mompeo;89;0;3;0;0;;;;3;0;0;1;1;;;;2;5
57038;Mompeo;90;0;0;0;1;;;;1;0;0;0;0;;;;0;1
57038;Mompeo;91;0;0;0;0;;;;0;0;0;0;0;;;;0;0
57038;Mompeo;92;0;1;0;0;;;;1;0;0;0;2;;;;2;3
57038;Mompeo;93;0;0;0;0;;;;0;1;0;0;1;;;;2;2
57038;Mompeo;94;0;0;0;0;;;;0;1;0;0;1;;;;2;2
57038;Mompeo;95;0;1;0;0;;;;1;0;0;0;2;;;;2;3
57038;Mompeo;96;0;0;0;0;;;;0;0;0;0;1;;;;1;1
57038;Mompeo;97;0;0;0;0;;;;0;0;0;0;0;;;;0;0
57038;Mompeo;98;0;0;0;0;;;;0;0;0;0;0;;;;0;0
57038;Mompeo;99;0;0;0;0;;;;0;0;0;0;0;;;;0;0
57038;Mompeo;100;0;0;0;0;;;;0;0;0;0;1;;;;1;1
57038;Mompeo;999;109;138;9;7;;;;263;91;122;8;35;;;;256;519
57039;Montasola;0;0;0;0;0;;;;0;2;0;0;0;;;;2;2
57039;Montasola;1;1;0;0;0;;;;1;0;0;0;0;;;;0;1
57039;Montasola;2;0;0;0;0;;;;0;1;0;0;0;;;;1;1
57039;Montasola;3;0;0;0;0;;;;0;2;0;0;0;;;;2;2
57039;Montasola;4;0;0;0;0;;;;0;0;0;0;0;;;;0;0
57039;Montasola;5;0;0;0;0;;;;0;1;0;0;0;;;;1;1
57039;Montasola;6;1;0;0;0;;;;1;1;0;0;0;;;;1;2
57039;Montasola;7;0;0;0;0;;;;0;3;0;0;0;;;;3;3
57039;Montasola;8;0;0;0;0;;;;0;1;0;0;0;;;;1;1
57039;Montasola;9;3;0;0;0;;;;3;2;0;0;0;;;;2;5
57039;Montasola;10;2;0;0;0;;;;2;3;0;0;0;;;;3;5
57039;Montasola;11;0;0;0;0;;;;0;1;0;0;0;;;;1;1
57039;Montasola;12;2;0;0;0;;;;2;2;0;0;0;;;;2;4
57039;Montasola;13;2;0;0;0;;;;2;1;0;0;0;;;;1;3
57039;Montasola;14;3;0;0;0;;;;3;2;0;0;0;;;;2;5
57039;Montasola;15;3;0;0;0;;;;3;1;0;0;0;;;;1;4
57039;Montasola;16;3;0;0;0;;;;3;2;0;0;0;;;;2;5
57039;Montasola;17;6;0;0;0;;;;6;1;0;0;0;;;;1;7
57039;Montasola;18;1;0;0;0;;;;1;2;0;0;0;;;;2;3
57039;Montasola;19;4;0;0;0;;;;4;1;0;0;0;;;;1;5
57039;Montasola;20;1;0;0;0;;;;1;2;0;0;0;;;;2;3
57039;Montasola;21;4;0;0;0;;;;4;2;0;0;0;;;;2;6
57039;Montasola;22;5;0;0;0;;;;5;1;0;0;0;;;;1;6
57039;Montasola;23;0;0;0;0;;;;0;1;0;0;0;;;;1;1
57039;Montasola;24;1;0;0;0;;;;1;4;0;0;0;;;;4;5
57039;Montasola;25;0;0;0;0;;;;0;3;0;0;0;;;;3;3
57039;Montasola;26;1;0;0;0;;;;1;2;0;0;0;;;;2;3
57039;Montasola;27;2;0;0;0;;;;2;3;0;0;0;;;;3;5
57039;Montasola;28;0;0;0;0;;;;0;1;0;0;0;;;;1;1
57039;Montasola;29;1;0;0;0;;;;1;0;0;0;0;;;;0;1
57039;Montasola;30;4;2;0;0;;;;6;0;0;1;0;;;;1;7
57039;Montasola;31;2;0;0;0;;;;2;1;0;0;0;;;;1;3
57039;Montasola;32;0;0;0;0;;;;0;0;0;0;0;;;;0;0
57039;Montasola;33;3;1;0;0;;;;4;1;0;0;0;;;;1;5
57039;Montasola;34;0;0;0;0;;;;0;1;1;0;0;;;;2;2
57039;Montasola;35;4;0;0;0;;;;4;0;0;0;0;;;;0;4
57039;Montasola;36;1;0;0;0;;;;1;2;1;0;0;;;;3;4
57039;Montasola;37;1;0;0;0;;;;1;0;1;0;0;;;;1;2
57039;Montasola;38;0;0;0;0;;;;0;3;0;0;0;;;;3;3
57039;Montasola;39;0;1;0;0;;;;1;1;1;0;0;;;;2;3
57039;Montasola;40;1;1;0;0;;;;2;0;0;0;0;;;;0;2
57039;Montasola;41;1;2;0;0;;;;3;3;2;0;0;;;;5;8
57039;Montasola;42;0;2;0;0;;;;2;0;0;0;0;;;;0;2
57039;Montasola;43;4;1;0;0;;;;5;0;0;0;0;;;;0;5
57039;Montasola;44;3;0;0;0;;;;3;0;2;0;0;;;;2;5
57039;Montasola;45;1;0;0;0;;;;1;0;0;0;0;;;;0;1
57039;Montasola;46;2;1;0;0;;;;3;1;2;0;0;;;;3;6
57039;Montasola;47;3;2;0;0;;;;5;0;4;0;0;;;;4;9
57039;Montasola;48;1;0;0;0;;;;1;2;1;0;0;;;;3;4
57039;Montasola;49;0;1;0;0;;;;1;1;3;0;0;;;;4;5
57039;Montasola;50;2;1;0;0;;;;3;0;0;0;0;;;;0;3
57039;Montasola;51;3;1;0;0;;;;4;0;1;0;0;;;;1;5
57039;Montasola;52;3;4;0;0;;;;7;1;3;0;1;;;;5;12
57039;Montasola;53;1;1;0;0;;;;2;1;1;0;0;;;;2;4
57039;Montasola;54;4;3;1;0;;;;8;2;0;0;0;;;;2;10
57039;Montasola;55;0;1;1;0;;;;2;1;3;1;1;;;;6;8
57039;Montasola;56;2;2;0;0;;;;4;0;3;1;0;;;;4;8
57039;Montasola;57;0;1;1;0;;;;2;1;2;0;0;;;;3;5
57039;Montasola;58;1;1;0;0;;;;2;0;4;0;1;;;;5;7
57039;Montasola;59;0;2;0;0;;;;2;1;3;1;0;;;;5;7
57039;Montasola;60;0;1;0;0;;;;1;0;3;0;0;;;;3;4
57039;Montasola;61;2;2;1;0;;;;5;0;4;0;0;;;;4;9
57039;Montasola;62;0;2;0;0;;;;2;0;4;1;0;;;;5;7
57039;Montasola;63;2;3;0;0;;;;5;0;2;0;0;;;;2;7
57039;Montasola;64;0;1;0;0;;;;1;0;2;0;0;;;;2;3
57039;Montasola;65;1;3;0;0;;;;4;0;1;0;0;;;;1;5
57039;Montasola;66;0;1;0;1;;;;2;1;0;0;0;;;;1;3
57039;Montasola;67;0;3;0;0;;;;3;0;0;2;0;;;;2;5
57039;Montasola;68;0;3;0;0;;;;3;0;6;0;1;;;;7;10
57039;Montasola;69;0;1;0;0;;;;1;0;2;0;0;;;;2;3
57039;Montasola;70;0;4;0;0;;;;4;0;1;0;0;;;;1;5
57039;Montasola;71;2;1;0;0;;;;3;0;2;0;2;;;;4;7
57039;Montasola;72;0;1;0;0;;;;1;0;0;0;0;;;;0;1
57039;Montasola;73;0;1;0;0;;;;1;0;3;0;0;;;;3;4
57039;Montasola;74;1;1;0;0;;;;2;0;2;0;2;;;;4;6
57039;Montasola;75;1;2;0;0;;;;3;0;1;1;1;;;;3;6
57039;Montasola;76;1;5;0;0;;;;6;1;0;0;0;;;;1;7
57039;Montasola;77;1;1;0;0;;;;2;0;3;0;1;;;;4;6
57039;Montasola;78;2;2;0;0;;;;4;0;0;0;0;;;;0;4
57039;Montasola;79;0;1;0;0;;;;1;1;6;0;0;;;;7;8
57039;Montasola;80;0;2;0;0;;;;2;0;1;0;1;;;;2;4
57039;Montasola;81;0;2;0;0;;;;2;0;0;0;2;;;;2;4
57039;Montasola;82;0;5;0;0;;;;5;0;0;0;2;;;;2;7
57039;Montasola;83;0;1;0;1;;;;2;0;2;0;1;;;;3;5
57039;Montasola;84;0;1;0;0;;;;1;0;1;0;0;;;;1;2
57039;Montasola;85;0;2;0;0;;;;2;0;1;0;1;;;;2;4
57039;Montasola;86;0;2;0;0;;;;2;0;2;0;2;;;;4;6
57039;Montasola;87;0;2;0;0;;;;2;0;0;0;1;;;;1;3
57039;Montasola;88;0;1;0;0;;;;1;0;1;0;0;;;;1;2
57039;Montasola;89;0;0;0;0;;;;0;0;1;0;0;;;;1;1
57039;Montasola;90;0;0;0;0;;;;0;0;0;0;1;;;;1;1
57039;Montasola;91;0;1;0;0;;;;1;0;0;0;1;;;;1;2
57039;Montasola;92;0;1;0;0;;;;1;0;0;0;0;;;;0;1
57039;Montasola;93;0;0;0;0;;;;0;0;0;0;0;;;;0;0
57039;Montasola;94;0;0;0;0;;;;0;0;0;0;0;;;;0;0
57039;Montasola;95;0;0;0;0;;;;0;0;0;0;0;;;;0;0
57039;Montasola;96;0;0;0;0;;;;0;0;0;0;0;;;;0;0
57039;Montasola;97;0;1;0;0;;;;1;0;0;0;0;;;;0;1
57039;Montasola;98;0;0;0;0;;;;0;0;0;0;0;;;;0;0
57039;Montasola;99;0;0;0;0;;;;0;0;0;0;0;;;;0;0
57039;Montasola;100;0;0;0;0;;;;0;0;0;0;0;;;;0;0
57039;Montasola;999;106;91;4;2;;;;203;74;89;8;22;;;;193;396
57040;Montebuono;0;1;0;0;0;;;;1;3;0;0;0;;;;3;4
57040;Montebuono;1;4;0;0;0;;;;4;4;0;0;0;;;;4;8
57040;Montebuono;2;1;0;0;0;;;;1;0;0;0;0;;;;0;1
57040;Montebuono;3;0;0;0;0;;;;0;1;0;0;0;;;;1;1
57040;Montebuono;4;1;0;0;0;;;;1;1;0;0;0;;;;1;2
57040;Montebuono;5;1;0;0;0;;;;1;4;0;0;0;;;;4;5
57040;Montebuono;6;1;0;0;0;;;;1;2;0;0;0;;;;2;3
57040;Montebuono;7;3;0;0;0;;;;3;3;0;0;0;;;;3;6
57040;Montebuono;8;2;0;0;0;;;;2;4;0;0;0;;;;4;6
57040;Montebuono;9;1;0;0;0;;;;1;5;0;0;0;;;;5;6
57040;Montebuono;10;2;0;0;0;;;;2;1;0;0;0;;;;1;3
57040;Montebuono;11;5;0;0;0;;;;5;3;0;0;0;;;;3;8
57040;Montebuono;12;1;0;0;0;;;;1;3;0;0;0;;;;3;4
57040;Montebuono;13;4;0;0;0;;;;4;4;0;0;0;;;;4;8
57040;Montebuono;14;2;0;0;0;;;;2;2;0;0;0;;;;2;4
57040;Montebuono;15;2;0;0;0;;;;2;4;0;0;0;;;;4;6
57040;Montebuono;16;2;0;0;0;;;;2;2;0;0;0;;;;2;4
57040;Montebuono;17;5;0;0;0;;;;5;2;0;0;0;;;;2;7
57040;Montebuono;18;7;0;0;0;;;;7;4;0;0;0;;;;4;11
57040;Montebuono;19;0;0;0;0;;;;0;2;0;0;0;;;;2;2
57040;Montebuono;20;6;0;0;0;;;;6;2;0;0;0;;;;2;8
57040;Montebuono;21;4;0;0;0;;;;4;1;0;0;0;;;;1;5
57040;Montebuono;22;2;0;0;0;;;;2;2;0;0;0;;;;2;4
57040;Montebuono;23;1;0;0;0;;;;1;2;0;0;0;;;;2;3
57040;Montebuono;24;2;0;0;0;;;;2;4;0;0;0;;;;4;6
57040;Montebuono;25;9;0;0;0;;;;9;7;0;0;0;;;;7;16
57040;Montebuono;26;4;0;0;0;;;;4;3;1;0;0;;;;4;8
57040;Montebuono;27;8;2;0;0;;;;10;5;1;0;0;;;;6;16
57040;Montebuono;28;3;0;0;0;;;;3;2;0;0;0;;;;2;5
57040;Montebuono;29;4;0;0;0;;;;4;3;1;0;0;;;;4;8
57040;Montebuono;30;2;0;0;0;;;;2;0;1;0;0;;;;1;3
57040;Montebuono;31;1;2;0;0;;;;3;5;2;0;0;;;;7;10
57040;Montebuono;32;2;0;0;0;;;;2;0;0;0;0;;;;0;2
57040;Montebuono;33;5;0;0;0;;;;5;2;0;0;0;;;;2;7
57040;Montebuono;34;5;1;0;0;;;;6;2;2;0;0;;;;4;10
57040;Montebuono;35;2;1;0;0;;;;3;3;0;0;0;;;;3;6
57040;Montebuono;36;3;2;0;0;;;;5;2;1;0;0;;;;3;8
57040;Montebuono;37;4;2;0;0;;;;6;3;4;0;0;;;;7;13
57040;Montebuono;38;1;2;0;0;;;;3;0;3;0;0;;;;3;6
57040;Montebuono;39;2;2;0;0;;;;4;1;2;0;0;;;;3;7
57040;Montebuono;40;0;3;0;0;;;;3;2;2;0;0;;;;4;7
57040;Montebuono;41;3;3;0;0;;;;6;2;2;0;0;;;;4;10
57040;Montebuono;42;4;3;0;0;;;;7;0;0;0;0;;;;0;7
57040;Montebuono;43;5;2;1;0;;;;8;1;4;1;0;;;;6;14
57040;Montebuono;44;2;2;0;0;;;;4;5;0;0;0;;;;5;9
57040;Montebuono;45;2;4;1;0;;;;7;1;3;0;0;;;;4;11
57040;Montebuono;46;3;1;1;0;;;;5;1;6;0;0;;;;7;12
57040;Montebuono;47;1;2;0;0;;;;3;2;6;0;1;;;;9;12
57040;Montebuono;48;4;1;0;0;;;;5;0;3;0;0;;;;3;8
57040;Montebuono;49;2;4;0;0;;;;6;3;5;0;1;;;;9;15
57040;Montebuono;50;4;2;0;0;;;;6;2;7;0;0;;;;9;15
57040;Montebuono;51;2;5;0;0;;;;7;1;9;1;0;;;;11;18
57040;Montebuono;52;0;0;0;0;;;;0;1;3;0;0;;;;4;4
57040;Montebuono;53;1;5;0;0;;;;6;3;4;1;0;;;;8;14
57040;Montebuono;54;2;7;0;0;;;;9;2;2;1;1;;;;6;15
57040;Montebuono;55;1;9;0;0;;;;10;1;6;1;0;;;;8;18
57040;Montebuono;56;5;4;2;0;;;;11;0;7;0;0;;;;7;18
57040;Montebuono;57;0;5;0;0;;;;5;2;5;1;0;;;;8;13
57040;Montebuono;58;1;5;0;0;;;;6;1;3;1;1;;;;6;12
57040;Montebuono;59;2;8;0;0;;;;10;1;3;1;1;;;;6;16
57040;Montebuono;60;2;2;1;0;;;;5;0;6;0;0;;;;6;11
57040;Montebuono;61;3;10;1;1;;;;15;0;7;1;2;;;;10;25
57040;Montebuono;62;0;5;0;0;;;;5;2;8;0;1;;;;11;16
57040;Montebuono;63;0;3;1;0;;;;4;0;4;0;0;;;;4;8
57040;Montebuono;64;1;4;1;0;;;;6;2;6;1;0;;;;9;15
57040;Montebuono;65;2;5;0;1;;;;8;0;4;0;1;;;;5;13
57040;Montebuono;66;1;3;2;0;;;;6;1;4;1;0;;;;6;12
57040;Montebuono;67;1;7;0;1;;;;9;1;3;0;1;;;;5;14
57040;Montebuono;68;0;6;1;1;;;;8;3;5;0;3;;;;11;19
57040;Montebuono;69;0;6;1;0;;;;7;0;5;0;0;;;;5;12
57040;Montebuono;70;0;9;0;0;;;;9;0;2;1;1;;;;4;13
57040;Montebuono;71;1;4;0;1;;;;6;0;4;0;2;;;;6;12
57040;Montebuono;72;1;4;0;0;;;;5;0;2;1;2;;;;5;10
57040;Montebuono;73;1;6;0;0;;;;7;0;4;1;0;;;;5;12
57040;Montebuono;74;1;5;1;1;;;;8;0;4;0;2;;;;6;14
57040;Montebuono;75;0;2;0;1;;;;3;0;8;0;3;;;;11;14
57040;Montebuono;76;0;4;0;1;;;;5;1;5;0;1;;;;7;12
57040;Montebuono;77;0;2;1;0;;;;3;0;4;0;2;;;;6;9
57040;Montebuono;78;0;6;0;0;;;;6;0;2;0;2;;;;4;10
57040;Montebuono;79;0;5;0;1;;;;6;0;1;0;1;;;;2;8
57040;Montebuono;80;0;3;1;0;;;;4;0;1;0;0;;;;1;5
57040;Montebuono;81;0;2;0;2;;;;4;0;1;0;3;;;;4;8
57040;Montebuono;82;0;3;0;0;;;;3;0;3;0;1;;;;4;7
57040;Montebuono;83;0;0;0;0;;;;0;0;2;0;3;;;;5;5
57040;Montebuono;84;1;1;0;0;;;;2;0;2;0;3;;;;5;7
57040;Montebuono;85;1;3;0;0;;;;4;0;0;0;6;;;;6;10
57040;Montebuono;86;0;3;0;1;;;;4;1;1;0;2;;;;4;8
57040;Montebuono;87;0;0;0;2;;;;2;0;0;0;1;;;;1;3
57040;Montebuono;88;0;2;0;0;;;;2;0;1;0;0;;;;1;3
57040;Montebuono;89;1;2;0;0;;;;3;1;1;0;0;;;;2;5
57040;Montebuono;90;0;0;0;0;;;;0;0;1;0;4;;;;5;5
57040;Montebuono;91;0;1;0;1;;;;2;0;0;0;1;;;;1;3
57040;Montebuono;92;1;0;0;0;;;;1;0;0;0;0;;;;0;1
57040;Montebuono;93;0;2;0;0;;;;2;0;0;0;0;;;;0;2
57040;Montebuono;94;0;0;0;1;;;;1;0;0;0;2;;;;2;3
57040;Montebuono;95;0;0;0;0;;;;0;0;0;0;1;;;;1;1
57040;Montebuono;96;0;0;0;1;;;;1;0;0;0;1;;;;1;2
57040;Montebuono;97;0;0;0;0;;;;0;0;0;0;1;;;;1;1
57040;Montebuono;98;0;0;0;0;;;;0;0;0;0;0;;;;0;0
57040;Montebuono;99;0;0;0;0;;;;0;0;0;0;1;;;;1;1
57040;Montebuono;100;0;0;0;0;;;;0;0;0;0;0;;;;0;0
57040;Montebuono;999;177;209;16;17;;;;419;146;199;14;59;;;;418;837
57041;Monteleone Sabino;0;4;0;0;0;;;;4;1;0;0;0;;;;1;5
57041;Monteleone Sabino;1;1;0;0;0;;;;1;2;0;0;0;;;;2;3
57041;Monteleone Sabino;2;1;0;0;0;;;;1;5;0;0;0;;;;5;6
57041;Monteleone Sabino;3;3;0;0;0;;;;3;2;0;0;0;;;;2;5
57041;Monteleone Sabino;4;5;0;0;0;;;;5;3;0;0;0;;;;3;8
57041;Monteleone Sabino;5;3;0;0;0;;;;3;6;0;0;0;;;;6;9
57041;Monteleone Sabino;6;4;0;0;0;;;;4;5;0;0;0;;;;5;9
57041;Monteleone Sabino;7;5;0;0;0;;;;5;3;0;0;0;;;;3;8
57041;Monteleone Sabino;8;3;0;0;0;;;;3;6;0;0;0;;;;6;9
57041;Monteleone Sabino;9;6;0;0;0;;;;6;4;0;0;0;;;;4;10
57041;Monteleone Sabino;10;3;0;0;0;;;;3;4;0;0;0;;;;4;7
57041;Monteleone Sabino;11;4;0;0;0;;;;4;5;0;0;0;;;;5;9
57041;Monteleone Sabino;12;5;0;0;0;;;;5;5;0;0;0;;;;5;10
57041;Monteleone Sabino;13;3;0;0;0;;;;3;1;0;0;0;;;;1;4
57041;Monteleone Sabino;14;1;0;0;0;;;;1;1;0;0;0;;;;1;2
57041;Monteleone Sabino;15;6;0;0;0;;;;6;2;0;0;0;;;;2;8
57041;Monteleone Sabino;16;5;0;0;0;;;;5;3;0;0;0;;;;3;8
57041;Monteleone Sabino;17;9;0;0;0;;;;9;2;0;0;0;;;;2;11
57041;Monteleone Sabino;18;4;0;0;0;;;;4;5;0;0;0;;;;5;9
57041;Monteleone Sabino;19;3;0;0;0;;;;3;5;0;0;0;;;;5;8
57041;Monteleone Sabino;20;8;0;0;0;;;;8;5;0;0;0;;;;5;13
57041;Monteleone Sabino;21;3;0;0;0;;;;3;2;1;0;0;;;;3;6
57041;Monteleone Sabino;22;7;0;0;0;;;;7;5;0;0;0;;;;5;12
57041;Monteleone Sabino;23;4;0;0;0;;;;4;4;0;0;0;;;;4;8
57041;Monteleone Sabino;24;8;0;0;0;;;;8;5;0;0;0;;;;5;13
57041;Monteleone Sabino;25;5;0;0;0;;;;5;4;0;0;0;;;;4;9
57041;Monteleone Sabino;26;6;0;0;0;;;;6;6;1;0;0;;;;7;13
57041;Monteleone Sabino;27;7;0;0;0;;;;7;5;0;0;0;;;;5;12
57041;Monteleone Sabino;28;7;0;0;0;;;;7;5;0;0;0;;;;5;12
57041;Monteleone Sabino;29;4;0;0;0;;;;4;5;0;0;0;;;;5;9
57041;Monteleone Sabino;30;5;1;0;0;;;;6;1;0;0;0;;;;1;7
57041;Monteleone Sabino;31;4;1;0;0;;;;5;4;1;0;0;;;;5;10
57041;Monteleone Sabino;32;3;1;0;0;;;;4;7;2;0;0;;;;9;13
57041;Monteleone Sabino;33;3;0;0;0;;;;3;2;0;0;0;;;;2;5
57041;Monteleone Sabino;34;5;0;0;0;;;;5;5;0;0;0;;;;5;10
57041;Monteleone Sabino;35;3;1;0;0;;;;4;8;1;0;0;;;;9;13
57041;Monteleone Sabino;36;5;1;0;0;;;;6;4;0;0;0;;;;4;10
57041;Monteleone Sabino;37;4;0;0;0;;;;4;1;4;0;0;;;;5;9
57041;Monteleone Sabino;38;4;0;0;0;;;;4;5;3;0;0;;;;8;12
57041;Monteleone Sabino;39;4;2;0;0;;;;6;2;3;0;0;;;;5;11
57041;Monteleone Sabino;40;4;3;1;0;;;;8;0;3;0;0;;;;3;11
57041;Monteleone Sabino;41;1;3;0;0;;;;4;0;3;0;0;;;;3;7
57041;Monteleone Sabino;42;4;2;0;0;;;;6;6;2;1;0;;;;9;15
57041;Monteleone Sabino;43;6;0;0;0;;;;6;1;4;0;0;;;;5;11
57041;Monteleone Sabino;44;2;5;1;0;;;;8;1;3;0;0;;;;4;12
57041;Monteleone Sabino;45;6;10;0;0;;;;16;0;6;0;0;;;;6;22
57041;Monteleone Sabino;46;1;2;0;0;;;;3;2;4;0;1;;;;7;10
57041;Monteleone Sabino;47;3;6;0;0;;;;9;4;8;0;0;;;;12;21
57041;Monteleone Sabino;48;4;4;0;0;;;;8;2;6;0;0;;;;8;16
57041;Monteleone Sabino;49;3;3;2;0;;;;8;2;6;0;0;;;;8;16
57041;Monteleone Sabino;50;2;5;0;0;;;;7;2;7;0;0;;;;9;16
57041;Monteleone Sabino;51;3;5;0;0;;;;8;3;9;0;0;;;;12;20
57041;Monteleone Sabino;52;2;6;0;0;;;;8;2;7;1;0;;;;10;18
57041;Monteleone Sabino;53;0;4;1;0;;;;5;3;8;0;0;;;;11;16
57041;Monteleone Sabino;54;2;7;0;0;;;;9;2;9;0;0;;;;11;20
57041;Monteleone Sabino;55;3;4;1;0;;;;8;0;7;0;0;;;;7;15
57041;Monteleone Sabino;56;4;3;0;0;;;;7;2;9;0;0;;;;11;18
57041;Monteleone Sabino;57;5;10;1;0;;;;16;0;4;0;0;;;;4;20
57041;Monteleone Sabino;58;2;9;1;0;;;;12;0;7;0;1;;;;8;20
57041;Monteleone Sabino;59;4;7;0;0;;;;11;1;9;2;0;;;;12;23
57041;Monteleone Sabino;60;0;7;0;0;;;;7;1;3;0;0;;;;4;11
57041;Monteleone Sabino;61;1;9;0;0;;;;10;1;7;1;2;;;;11;21
57041;Monteleone Sabino;62;1;6;1;0;;;;8;1;7;2;2;;;;12;20
57041;Monteleone Sabino;63;0;5;2;0;;;;7;0;4;1;2;;;;7;14
57041;Monteleone Sabino;64;0;7;0;2;;;;9;4;9;1;4;;;;18;27
57041;Monteleone Sabino;65;3;2;0;0;;;;5;1;4;0;0;;;;5;10
57041;Monteleone Sabino;66;2;8;2;0;;;;12;1;5;0;2;;;;8;20
57041;Monteleone Sabino;67;0;6;1;1;;;;8;1;6;1;3;;;;11;19
57041;Monteleone Sabino;68;1;4;0;0;;;;5;1;2;0;0;;;;3;8
57041;Monteleone Sabino;69;1;4;1;0;;;;6;1;6;1;2;;;;10;16
57041;Monteleone Sabino;70;1;12;1;1;;;;15;0;8;0;1;;;;9;24
57041;Monteleone Sabino;71;3;6;0;1;;;;10;0;2;0;3;;;;5;15
57041;Monteleone Sabino;72;0;7;2;0;;;;9;0;3;1;0;;;;4;13
57041;Monteleone Sabino;73;2;7;1;1;;;;11;0;5;1;3;;;;9;20
57041;Monteleone Sabino;74;0;6;1;0;;;;7;1;6;0;3;;;;10;17
57041;Monteleone Sabino;75;0;9;0;0;;;;9;0;6;1;5;;;;12;21
57041;Monteleone Sabino;76;3;10;1;2;;;;16;0;4;0;5;;;;9;25
57041;Monteleone Sabino;77;0;4;0;0;;;;4;1;7;0;2;;;;10;14
57041;Monteleone Sabino;78;1;3;0;1;;;;5;0;6;0;3;;;;9;14
57041;Monteleone Sabino;79;0;2;0;1;;;;3;0;1;0;1;;;;2;5
57041;Monteleone Sabino;80;0;3;0;0;;;;3;1;2;0;2;;;;5;8
57041;Monteleone Sabino;81;0;6;0;0;;;;6;0;6;0;2;;;;8;14
57041;Monteleone Sabino;82;0;3;0;0;;;;3;0;2;0;4;;;;6;9
57041;Monteleone Sabino;83;0;4;0;0;;;;4;0;0;1;0;;;;1;5
57041;Monteleone Sabino;84;0;3;0;0;;;;3;0;1;0;5;;;;6;9
57041;Monteleone Sabino;85;0;3;0;1;;;;4;0;2;0;7;;;;9;13
57041;Monteleone Sabino;86;0;3;0;0;;;;3;0;0;0;2;;;;2;5
57041;Monteleone Sabino;87;0;2;0;0;;;;2;0;3;0;6;;;;9;11
57041;Monteleone Sabino;88;1;4;0;0;;;;5;0;0;0;2;;;;2;7
57041;Monteleone Sabino;89;0;0;0;0;;;;0;0;0;0;3;;;;3;3
57041;Monteleone Sabino;90;0;0;0;1;;;;1;0;0;0;3;;;;3;4
57041;Monteleone Sabino;91;0;0;0;1;;;;1;0;0;0;3;;;;3;4
57041;Monteleone Sabino;92;0;2;0;0;;;;2;0;1;0;3;;;;4;6
57041;Monteleone Sabino;93;0;1;0;0;;;;1;0;0;0;3;;;;3;4
57041;Monteleone Sabino;94;0;0;0;0;;;;0;0;0;0;0;;;;0;0
57041;Monteleone Sabino;95;0;0;0;1;;;;1;0;0;0;2;;;;2;3
57041;Monteleone Sabino;96;0;0;0;0;;;;0;0;0;0;0;;;;0;0
57041;Monteleone Sabino;97;0;0;0;0;;;;0;0;1;0;1;;;;2;2
57041;Monteleone Sabino;98;0;0;0;0;;;;0;0;0;0;1;;;;1;1
57041;Monteleone Sabino;99;0;0;0;0;;;;0;0;0;0;0;;;;0;0
57041;Monteleone Sabino;100;0;0;0;0;;;;0;0;0;0;0;;;;0;0
57041;Monteleone Sabino;999;258;263;21;14;;;;556;203;256;15;94;;;;568;1124
57042;Montenero Sabino;0;0;0;0;0;;;;0;1;0;0;0;;;;1;1
57042;Montenero Sabino;1;0;0;0;0;;;;0;1;0;0;0;;;;1;1
57042;Montenero Sabino;2;0;0;0;0;;;;0;0;0;0;0;;;;0;0
57042;Montenero Sabino;3;0;0;0;0;;;;0;1;0;0;0;;;;1;1
57042;Montenero Sabino;4;2;0;0;0;;;;2;2;0;0;0;;;;2;4
57042;Montenero Sabino;5;1;0;0;0;;;;1;1;0;0;0;;;;1;2
57042;Montenero Sabino;6;0;0;0;0;;;;0;0;0;0;0;;;;0;0
57042;Montenero Sabino;7;0;0;0;0;;;;0;1;0;0;0;;;;1;1
57042;Montenero Sabino;8;1;0;0;0;;;;1;3;0;0;0;;;;3;4
57042;Montenero Sabino;9;0;0;0;0;;;;0;0;0;0;0;;;;0;0
57042;Montenero Sabino;10;0;0;0;0;;;;0;1;0;0;0;;;;1;1
57042;Montenero Sabino;11;0;0;0;0;;;;0;0;0;0;0;;;;0;0
57042;Montenero Sabino;12;0;0;0;0;;;;0;3;0;0;0;;;;3;3
57042;Montenero Sabino;13;0;0;0;0;;;;0;1;0;0;0;;;;1;1
57042;Montenero Sabino;14;0;0;0;0;;;;0;0;0;0;0;;;;0;0
57042;Montenero Sabino;15;1;0;0;0;;;;1;1;0;0;0;;;;1;2
57042;Montenero Sabino;16;1;0;0;0;;;;1;2;0;0;0;;;;2;3
57042;Montenero Sabino;17;0;0;0;0;;;;0;1;0;0;0;;;;1;1
57042;Montenero Sabino;18;0;0;0;0;;;;0;1;0;0;0;;;;1;1
57042;Montenero Sabino;19;1;0;0;0;;;;1;1;0;0;0;;;;1;2
57042;Montenero Sabino;20;2;0;0;0;;;;2;0;0;0;0;;;;0;2
57042;Montenero Sabino;21;1;0;0;0;;;;1;0;0;0;0;;;;0;1
57042;Montenero Sabino;22;0;0;0;0;;;;0;1;0;0;0;;;;1;1
57042;Montenero Sabino;23;0;0;0;0;;;;0;0;0;0;0;;;;0;0
57042;Montenero Sabino;24;1;0;0;0;;;;1;1;0;0;0;;;;1;2
57042;Montenero Sabino;25;0;0;0;0;;;;0;0;0;0;0;;;;0;0
57042;Montenero Sabino;26;0;0;0;0;;;;0;2;0;0;0;;;;2;2
57042;Montenero Sabino;27;1;0;0;0;;;;1;1;0;0;0;;;;1;2
57042;Montenero Sabino;28;3;0;0;0;;;;3;1;0;0;0;;;;1;4
57042;Montenero Sabino;29;3;0;0;0;;;;3;3;0;0;0;;;;3;6
57042;Montenero Sabino;30;0;0;0;0;;;;0;2;0;0;0;;;;2;2
57042;Montenero Sabino;31;2;0;0;0;;;;2;0;1;0;0;;;;1;3
57042;Montenero Sabino;32;2;0;0;0;;;;2;1;1;0;0;;;;2;4
57042;Montenero Sabino;33;1;0;0;0;;;;1;0;0;0;0;;;;0;1
57042;Montenero Sabino;34;0;1;0;0;;;;1;1;1;0;0;;;;2;3
57042;Montenero Sabino;35;0;0;0;0;;;;0;2;0;0;0;;;;2;2
57042;Montenero Sabino;36;1;0;0;0;;;;1;1;0;0;0;;;;1;2
57042;Montenero Sabino;37;2;1;0;0;;;;3;0;1;0;0;;;;1;4
57042;Montenero Sabino;38;1;0;0;0;;;;1;1;1;0;0;;;;2;3
57042;Montenero Sabino;39;0;0;0;0;;;;0;0;0;0;0;;;;0;0
57042;Montenero Sabino;40;1;0;0;0;;;;1;1;2;0;0;;;;3;4
57042;Montenero Sabino;41;0;2;0;0;;;;2;0;0;0;0;;;;0;2
57042;Montenero Sabino;42;0;0;0;0;;;;0;1;1;0;0;;;;2;2
57042;Montenero Sabino;43;2;1;0;0;;;;3;0;0;0;0;;;;0;3
57042;Montenero Sabino;44;0;2;0;0;;;;2;1;0;0;0;;;;1;3
57042;Montenero Sabino;45;1;0;0;0;;;;1;1;0;0;0;;;;1;2
57042;Montenero Sabino;46;3;0;0;0;;;;3;1;0;0;0;;;;1;4
57042;Montenero Sabino;47;1;1;0;0;;;;2;1;2;0;0;;;;3;5
57042;Montenero Sabino;48;0;0;0;0;;;;0;0;1;0;0;;;;1;1
57042;Montenero Sabino;49;0;4;1;0;;;;5;1;0;0;0;;;;1;6
57042;Montenero Sabino;50;2;0;0;0;;;;2;0;0;0;0;;;;0;2
57042;Montenero Sabino;51;3;0;0;0;;;;3;2;0;0;0;;;;2;5
57042;Montenero Sabino;52;1;1;0;0;;;;2;0;0;1;0;;;;1;3
57042;Montenero Sabino;53;3;0;0;0;;;;3;0;1;0;0;;;;1;4
57042;Montenero Sabino;54;0;0;0;0;;;;0;1;0;0;0;;;;1;1
57042;Montenero Sabino;55;2;0;0;0;;;;2;0;2;0;0;;;;2;4
57042;Montenero Sabino;56;3;2;0;0;;;;5;0;1;0;0;;;;1;6
57042;Montenero Sabino;57;3;4;0;0;;;;7;0;2;0;0;;;;2;9
57042;Montenero Sabino;58;1;1;0;0;;;;2;1;3;0;0;;;;4;6
57042;Montenero Sabino;59;0;0;0;0;;;;0;0;0;0;0;;;;0;0
57042;Montenero Sabino;60;1;1;0;0;;;;2;0;2;0;1;;;;3;5
57042;Montenero Sabino;61;0;2;0;0;;;;2;0;3;1;0;;;;4;6
57042;Montenero Sabino;62;0;2;0;0;;;;2;1;1;0;0;;;;2;4
57042;Montenero Sabino;63;0;1;1;0;;;;2;0;0;0;2;;;;2;4
57042;Montenero Sabino;64;0;0;0;0;;;;0;0;2;0;0;;;;2;2
57042;Montenero Sabino;65;1;0;0;0;;;;1;0;3;0;0;;;;3;4
57042;Montenero Sabino;66;1;0;0;0;;;;1;1;0;0;0;;;;1;2
57042;Montenero Sabino;67;1;2;0;0;;;;3;0;0;0;0;;;;0;3
57042;Montenero Sabino;68;0;0;0;0;;;;0;0;2;0;2;;;;4;4
57042;Montenero Sabino;69;1;2;0;0;;;;3;0;1;0;0;;;;1;4
57042;Montenero Sabino;70;0;1;0;0;;;;1;0;2;0;1;;;;3;4
57042;Montenero Sabino;71;0;3;1;1;;;;5;1;0;0;1;;;;2;7
57042;Montenero Sabino;72;1;1;0;0;;;;2;0;0;0;0;;;;0;2
57042;Montenero Sabino;73;0;0;0;0;;;;0;1;1;0;0;;;;2;2
57042;Montenero Sabino;74;0;4;0;0;;;;4;0;1;0;0;;;;1;5
57042;Montenero Sabino;75;1;5;0;0;;;;6;0;1;0;0;;;;1;7
57042;Montenero Sabino;76;0;2;0;0;;;;2;0;3;0;0;;;;3;5
57042;Montenero Sabino;77;1;1;0;0;;;;2;0;0;0;0;;;;0;2
57042;Montenero Sabino;78;0;1;0;1;;;;2;0;2;0;2;;;;4;6
57042;Montenero Sabino;79;0;2;0;0;;;;2;0;0;0;1;;;;1;3
57042;Montenero Sabino;80;1;1;0;0;;;;2;0;2;0;1;;;;3;5
57042;Montenero Sabino;81;0;3;1;0;;;;4;0;2;0;0;;;;2;6
57042;Montenero Sabino;82;0;2;0;0;;;;2;0;0;0;2;;;;2;4
57042;Montenero Sabino;83;0;0;0;2;;;;2;0;1;0;0;;;;1;3
57042;Montenero Sabino;84;0;1;0;0;;;;1;0;1;0;1;;;;2;3
57042;Montenero Sabino;85;0;3;0;0;;;;3;0;1;0;2;;;;3;6
57042;Montenero Sabino;86;0;2;0;0;;;;2;0;0;0;0;;;;0;2
57042;Montenero Sabino;87;0;0;0;0;;;;0;0;0;0;0;;;;0;0
57042;Montenero Sabino;88;0;0;0;1;;;;1;0;0;0;0;;;;0;1
57042;Montenero Sabino;89;0;0;0;0;;;;0;0;0;0;2;;;;2;2
57042;Montenero Sabino;90;0;0;0;0;;;;0;0;0;0;2;;;;2;2
57042;Montenero Sabino;91;0;0;0;0;;;;0;0;1;0;0;;;;1;1
57042;Montenero Sabino;92;0;0;0;0;;;;0;0;0;0;0;;;;0;0
57042;Montenero Sabino;93;0;0;0;0;;;;0;0;0;0;1;;;;1;1
57042;Montenero Sabino;94;0;0;0;0;;;;0;0;0;0;1;;;;1;1
57042;Montenero Sabino;95;0;1;0;0;;;;1;0;0;0;0;;;;0;1
57042;Montenero Sabino;96;0;0;0;0;;;;0;0;0;0;0;;;;0;0
57042;Montenero Sabino;97;0;1;0;0;;;;1;0;1;0;0;;;;1;2
57042;Montenero Sabino;98;0;0;0;0;;;;0;0;0;0;0;;;;0;0
57042;Montenero Sabino;99;0;0;0;0;;;;0;0;0;0;0;;;;0;0
57042;Montenero Sabino;100;0;0;0;0;;;;0;0;0;0;0;;;;0;0
57042;Montenero Sabino;999;62;64;4;5;;;;135;53;53;2;22;;;;130;265
57043;Monte San Giovanni in Sabina;0;3;0;0;0;;;;3;0;0;0;0;;;;0;3
57043;Monte San Giovanni in Sabina;1;3;0;0;0;;;;3;0;0;0;0;;;;0;3
57043;Monte San Giovanni in Sabina;2;2;0;0;0;;;;2;1;0;0;0;;;;1;3
57043;Monte San Giovanni in Sabina;3;2;0;0;0;;;;2;1;0;0;0;;;;1;3
57043;Monte San Giovanni in Sabina;4;0;0;0;0;;;;0;3;0;0;0;;;;3;3
57043;Monte San Giovanni in Sabina;5;2;0;0;0;;;;2;0;0;0;0;;;;0;2
57043;Monte San Giovanni in Sabina;6;0;0;0;0;;;;0;0;0;0;0;;;;0;0
57043;Monte San Giovanni in Sabina;7;0;0;0;0;;;;0;0;0;0;0;;;;0;0
57043;Monte San Giovanni in Sabina;8;2;0;0;0;;;;2;1;0;0;0;;;;1;3
57043;Monte San Giovanni in Sabina;9;2;0;0;0;;;;2;1;0;0;0;;;;1;3
57043;Monte San Giovanni in Sabina;10;1;0;0;0;;;;1;1;0;0;0;;;;1;2
57043;Monte San Giovanni in Sabina;11;4;0;0;0;;;;4;2;0;0;0;;;;2;6
57043;Monte San Giovanni in Sabina;12;7;0;0;0;;;;7;1;0;0;0;;;;1;8
57043;Monte San Giovanni in Sabina;13;4;0;0;0;;;;4;3;0;0;0;;;;3;7
57043;Monte San Giovanni in Sabina;14;4;0;0;0;;;;4;4;0;0;0;;;;4;8
57043;Monte San Giovanni in Sabina;15;4;0;0;0;;;;4;0;0;0;0;;;;0;4
57043;Monte San Giovanni in Sabina;16;3;0;0;0;;;;3;4;0;0;0;;;;4;7
57043;Monte San Giovanni in Sabina;17;6;0;0;0;;;;6;6;0;0;0;;;;6;12
57043;Monte San Giovanni in Sabina;18;4;0;0;0;;;;4;2;0;0;0;;;;2;6
57043;Monte San Giovanni in Sabina;19;2;0;0;0;;;;2;2;0;0;0;;;;2;4
57043;Monte San Giovanni in Sabina;20;1;0;0;0;;;;1;0;0;0;0;;;;0;1
57043;Monte San Giovanni in Sabina;21;4;0;0;0;;;;4;4;0;0;0;;;;4;8
57043;Monte San Giovanni in Sabina;22;1;0;0;0;;;;1;0;1;0;0;;;;1;2
57043;Monte San Giovanni in Sabina;23;0;0;0;0;;;;0;1;0;0;0;;;;1;1
57043;Monte San Giovanni in Sabina;24;4;0;0;0;;;;4;1;0;0;0;;;;1;5
57043;Monte San Giovanni in Sabina;25;3;0;0;0;;;;3;5;0;0;0;;;;5;8
57043;Monte San Giovanni in Sabina;26;1;0;0;0;;;;1;0;0;0;0;;;;0;1
57043;Monte San Giovanni in Sabina;27;2;0;0;0;;;;2;3;0;0;0;;;;3;5
57043;Monte San Giovanni in Sabina;28;3;0;0;0;;;;3;4;1;0;0;;;;5;8
57043;Monte San Giovanni in Sabina;29;5;1;0;0;;;;6;2;1;0;0;;;;3;9
57043;Monte San Giovanni in Sabina;30;6;1;0;0;;;;7;4;1;0;0;;;;5;12
57043;Monte San Giovanni in Sabina;31;5;0;0;0;;;;5;1;0;0;0;;;;1;6
57043;Monte San Giovanni in Sabina;32;5;1;0;0;;;;6;2;0;0;0;;;;2;8
57043;Monte San Giovanni in Sabina;33;4;0;0;0;;;;4;2;1;0;0;;;;3;7
57043;Monte San Giovanni in Sabina;34;3;0;0;0;;;;3;2;0;0;0;;;;2;5
57043;Monte San Giovanni in Sabina;35;2;0;0;0;;;;2;5;2;0;0;;;;7;9
57043;Monte San Giovanni in Sabina;36;3;0;0;0;;;;3;2;0;0;0;;;;2;5
57043;Monte San Giovanni in Sabina;37;2;0;1;0;;;;3;2;1;1;0;;;;4;7
57043;Monte San Giovanni in Sabina;38;2;0;0;0;;;;2;1;2;0;0;;;;3;5
57043;Monte San Giovanni in Sabina;39;1;0;0;0;;;;1;0;2;0;0;;;;2;3
57043;Monte San Giovanni in Sabina;40;3;2;0;0;;;;5;1;2;0;0;;;;3;8
57043;Monte San Giovanni in Sabina;41;3;1;0;0;;;;4;2;0;0;0;;;;2;6
57043;Monte San Giovanni in Sabina;42;2;1;1;0;;;;4;1;1;0;0;;;;2;6
57043;Monte San Giovanni in Sabina;43;1;0;0;0;;;;1;2;1;0;0;;;;3;4
57043;Monte San Giovanni in Sabina;44;4;4;1;0;;;;9;1;2;0;0;;;;3;12
57043;Monte San Giovanni in Sabina;45;2;2;0;0;;;;4;2;1;0;0;;;;3;7
57043;Monte San Giovanni in Sabina;46;4;3;0;0;;;;7;2;3;0;0;;;;5;12
57043;Monte San Giovanni in Sabina;47;7;1;0;0;;;;8;3;2;0;0;;;;5;13
57043;Monte San Giovanni in Sabina;48;4;7;0;0;;;;11;6;5;0;0;;;;11;22
57043;Monte San Giovanni in Sabina;49;5;2;0;0;;;;7;0;0;0;1;;;;1;8
57043;Monte San Giovanni in Sabina;50;2;2;0;0;;;;4;0;3;1;0;;;;4;8
57043;Monte San Giovanni in Sabina;51;0;2;0;0;;;;2;1;6;0;0;;;;7;9
57043;Monte San Giovanni in Sabina;52;4;6;1;0;;;;11;1;3;1;1;;;;6;17
57043;Monte San Giovanni in Sabina;53;1;4;1;0;;;;6;2;3;0;0;;;;5;11
57043;Monte San Giovanni in Sabina;54;0;4;1;0;;;;5;0;3;0;0;;;;3;8
57043;Monte San Giovanni in Sabina;55;2;3;1;0;;;;6;0;5;0;0;;;;5;11
57043;Monte San Giovanni in Sabina;56;0;1;2;0;;;;3;1;4;1;0;;;;6;9
57043;Monte San Giovanni in Sabina;57;1;3;2;0;;;;6;0;6;0;0;;;;6;12
57043;Monte San Giovanni in Sabina;58;1;2;1;0;;;;4;2;2;0;0;;;;4;8
57043;Monte San Giovanni in Sabina;59;0;3;1;1;;;;5;1;3;1;0;;;;5;10
57043;Monte San Giovanni in Sabina;60;1;4;1;0;;;;6;0;3;0;1;;;;4;10
57043;Monte San Giovanni in Sabina;61;0;4;0;0;;;;4;1;2;0;0;;;;3;7
57043;Monte San Giovanni in Sabina;62;0;6;0;1;;;;7;0;1;1;0;;;;2;9
57043;Monte San Giovanni in Sabina;63;1;5;2;0;;;;8;0;2;0;1;;;;3;11
57043;Monte San Giovanni in Sabina;64;2;3;0;1;;;;6;0;7;0;2;;;;9;15
57043;Monte San Giovanni in Sabina;65;0;2;0;1;;;;3;0;5;0;0;;;;5;8
57043;Monte San Giovanni in Sabina;66;0;1;0;0;;;;1;0;3;0;2;;;;5;6
57043;Monte San Giovanni in Sabina;67;0;6;0;0;;;;6;1;4;0;2;;;;7;13
57043;Monte San Giovanni in Sabina;68;0;3;0;0;;;;3;0;4;0;0;;;;4;7
57043;Monte San Giovanni in Sabina;69;0;5;0;0;;;;5;0;7;1;2;;;;10;15
57043;Monte San Giovanni in Sabina;70;0;2;0;0;;;;2;0;4;0;0;;;;4;6
57043;Monte San Giovanni in Sabina;71;0;1;0;0;;;;1;0;2;0;0;;;;2;3
57043;Monte San Giovanni in Sabina;72;0;4;0;0;;;;4;0;2;0;1;;;;3;7
57043;Monte San Giovanni in Sabina;73;0;8;0;1;;;;9;0;2;0;1;;;;3;12
57043;Monte San Giovanni in Sabina;74;1;2;0;0;;;;3;0;2;0;0;;;;2;5
57043;Monte San Giovanni in Sabina;75;0;4;0;1;;;;5;0;3;0;2;;;;5;10
57043;Monte San Giovanni in Sabina;76;0;4;0;0;;;;4;0;4;0;5;;;;9;13
57043;Monte San Giovanni in Sabina;77;0;6;0;0;;;;6;0;4;0;3;;;;7;13
57043;Monte San Giovanni in Sabina;78;0;5;0;1;;;;6;0;6;1;1;;;;8;14
57043;Monte San Giovanni in Sabina;79;0;3;0;1;;;;4;0;0;0;0;;;;0;4
57043;Monte San Giovanni in Sabina;80;1;4;0;0;;;;5;0;4;0;2;;;;6;11
57043;Monte San Giovanni in Sabina;81;0;2;0;1;;;;3;0;1;0;1;;;;2;5
57043;Monte San Giovanni in Sabina;82;0;4;0;0;;;;4;0;1;0;0;;;;1;5
57043;Monte San Giovanni in Sabina;83;0;3;0;1;;;;4;0;4;0;2;;;;6;10
57043;Monte San Giovanni in Sabina;84;0;0;0;1;;;;1;0;1;0;1;;;;2;3
57043;Monte San Giovanni in Sabina;85;0;2;0;0;;;;2;0;1;0;1;;;;2;4
57043;Monte San Giovanni in Sabina;86;0;1;0;0;;;;1;0;0;0;5;;;;5;6
57043;Monte San Giovanni in Sabina;87;0;0;0;0;;;;0;0;0;0;2;;;;2;2
57043;Monte San Giovanni in Sabina;88;0;2;0;0;;;;2;0;0;0;5;;;;5;7
57043;Monte San Giovanni in Sabina;89;0;1;0;1;;;;2;0;1;0;1;;;;2;4
57043;Monte San Giovanni in Sabina;90;0;0;0;0;;;;0;0;0;0;5;;;;5;5
57043;Monte San Giovanni in Sabina;91;0;1;0;0;;;;1;0;1;0;3;;;;4;5
57043;Monte San Giovanni in Sabina;92;0;0;0;0;;;;0;0;0;0;1;;;;1;1
57043;Monte San Giovanni in Sabina;93;0;2;0;1;;;;3;0;0;0;1;;;;1;4
57043;Monte San Giovanni in Sabina;94;0;0;0;0;;;;0;0;0;0;0;;;;0;0
57043;Monte San Giovanni in Sabina;95;0;0;0;1;;;;1;0;0;0;0;;;;0;1
57043;Monte San Giovanni in Sabina;96;0;0;0;0;;;;0;0;0;0;0;;;;0;0
57043;Monte San Giovanni in Sabina;97;0;0;0;0;;;;0;0;0;0;0;;;;0;0
57043;Monte San Giovanni in Sabina;98;0;0;0;0;;;;0;0;0;0;0;;;;0;0
57043;Monte San Giovanni in Sabina;99;0;0;0;0;;;;0;0;0;0;0;;;;0;0
57043;Monte San Giovanni in Sabina;100;0;0;0;0;;;;0;0;0;0;0;;;;0;0
57043;Monte San Giovanni in Sabina;999;164;156;16;14;;;;350;103;148;8;55;;;;314;664
57044;Montopoli di Sabina;0;8;0;0;0;;;;8;13;0;0;0;;;;13;21
57044;Montopoli di Sabina;1;11;0;0;0;;;;11;13;0;0;0;;;;13;24
57044;Montopoli di Sabina;2;8;0;0;0;;;;8;12;0;0;0;;;;12;20
57044;Montopoli di Sabina;3;15;0;0;0;;;;15;12;0;0;0;;;;12;27
57044;Montopoli di Sabina;4;12;0;0;0;;;;12;8;0;0;0;;;;8;20
57044;Montopoli di Sabina;5;18;0;0;0;;;;18;14;0;0;0;;;;14;32
57044;Montopoli di Sabina;6;13;0;0;0;;;;13;12;0;0;0;;;;12;25
57044;Montopoli di Sabina;7;16;0;0;0;;;;16;19;0;0;0;;;;19;35
57044;Montopoli di Sabina;8;12;0;0;0;;;;12;10;0;0;0;;;;10;22
57044;Montopoli di Sabina;9;13;0;0;0;;;;13;26;0;0;0;;;;26;39
57044;Montopoli di Sabina;10;19;0;0;0;;;;19;11;0;0;0;;;;11;30
57044;Montopoli di Sabina;11;26;0;0;0;;;;26;19;0;0;0;;;;19;45
57044;Montopoli di Sabina;12;16;0;0;0;;;;16;20;0;0;0;;;;20;36
57044;Montopoli di Sabina;13;14;0;0;0;;;;14;24;0;0;0;;;;24;38
57044;Montopoli di Sabina;14;18;0;0;0;;;;18;26;0;0;0;;;;26;44
57044;Montopoli di Sabina;15;31;0;0;0;;;;31;19;0;0;0;;;;19;50
57044;Montopoli di Sabina;16;22;0;0;0;;;;22;17;0;0;0;;;;17;39
57044;Montopoli di Sabina;17;28;0;0;0;;;;28;14;0;0;0;;;;14;42
57044;Montopoli di Sabina;18;26;0;0;0;;;;26;16;0;0;0;;;;16;42
57044;Montopoli di Sabina;19;19;0;0;0;;;;19;14;0;0;0;;;;14;33
57044;Montopoli di Sabina;20;20;0;0;0;;;;20;23;0;0;0;;;;23;43
57044;Montopoli di Sabina;21;28;0;0;0;;;;28;19;0;0;0;;;;19;47
57044;Montopoli di Sabina;22;26;0;0;0;;;;26;19;0;0;0;;;;19;45
57044;Montopoli di Sabina;23;20;0;0;0;;;;20;20;0;0;0;;;;20;40
57044;Montopoli di Sabina;24;22;0;0;0;;;;22;16;1;0;0;;;;17;39
57044;Montopoli di Sabina;25;17;0;0;0;;;;17;18;0;0;0;;;;18;35
57044;Montopoli di Sabina;26;29;0;0;0;;;;29;15;2;0;0;;;;17;46
57044;Montopoli di Sabina;27;21;0;0;0;;;;21;8;0;0;0;;;;8;29
57044;Montopoli di Sabina;28;18;0;0;0;;;;18;21;3;0;0;;;;24;42
57044;Montopoli di Sabina;29;18;1;0;0;;;;19;16;2;0;0;;;;18;37
57044;Montopoli di Sabina;30;36;0;0;0;;;;36;16;4;0;0;;;;20;56
57044;Montopoli di Sabina;31;15;2;0;0;;;;17;20;3;0;0;;;;23;40
57044;Montopoli di Sabina;32;25;5;1;0;;;;31;15;5;0;0;;;;20;51
57044;Montopoli di Sabina;33;25;4;0;0;;;;29;13;4;0;0;;;;17;46
57044;Montopoli di Sabina;34;20;3;0;0;;;;23;12;7;0;0;;;;19;42
57044;Montopoli di Sabina;35;10;4;1;0;;;;15;15;10;0;0;;;;25;40
57044;Montopoli di Sabina;36;21;7;1;0;;;;29;14;4;0;0;;;;18;47
57044;Montopoli di Sabina;37;14;4;0;0;;;;18;7;15;0;0;;;;22;40
57044;Montopoli di Sabina;38;10;9;0;0;;;;19;16;17;0;0;;;;33;52
57044;Montopoli di Sabina;39;19;6;0;0;;;;25;10;19;2;0;;;;31;56
57044;Montopoli di Sabina;40;13;10;0;0;;;;23;7;7;1;0;;;;15;38
57044;Montopoli di Sabina;41;15;11;0;0;;;;26;15;11;0;0;;;;26;52
57044;Montopoli di Sabina;42;16;15;1;1;;;;33;8;14;2;0;;;;24;57
57044;Montopoli di Sabina;43;11;12;1;0;;;;24;9;17;0;1;;;;27;51
57044;Montopoli di Sabina;44;12;10;1;0;;;;23;7;7;2;0;;;;16;39
57044;Montopoli di Sabina;45;8;12;1;0;;;;21;10;13;1;0;;;;24;45
57044;Montopoli di Sabina;46;12;13;1;0;;;;26;11;20;1;0;;;;32;58
57044;Montopoli di Sabina;47;10;20;1;0;;;;31;4;14;2;0;;;;20;51
57044;Montopoli di Sabina;48;7;9;0;0;;;;16;7;21;6;1;;;;35;51
57044;Montopoli di Sabina;49;12;12;4;0;;;;28;8;27;6;2;;;;43;71
57044;Montopoli di Sabina;50;13;23;3;0;;;;39;9;25;2;1;;;;37;76
57044;Montopoli di Sabina;51;11;21;7;0;;;;39;11;21;2;1;;;;35;74
57044;Montopoli di Sabina;52;9;20;2;0;;;;31;5;29;4;2;;;;40;71
57044;Montopoli di Sabina;53;10;24;2;0;;;;36;6;19;6;1;;;;32;68
57044;Montopoli di Sabina;54;10;25;3;0;;;;38;4;27;1;2;;;;34;72
57044;Montopoli di Sabina;55;9;28;2;0;;;;39;6;21;3;3;;;;33;72
57044;Montopoli di Sabina;56;2;28;5;1;;;;36;5;28;4;1;;;;38;74
57044;Montopoli di Sabina;57;4;34;1;0;;;;39;4;21;4;0;;;;29;68
57044;Montopoli di Sabina;58;4;19;3;1;;;;27;3;21;3;2;;;;29;56
57044;Montopoli di Sabina;59;7;21;6;1;;;;35;7;23;2;2;;;;34;69
57044;Montopoli di Sabina;60;4;28;0;0;;;;32;4;25;7;3;;;;39;71
57044;Montopoli di Sabina;61;5;23;9;1;;;;38;3;23;5;2;;;;33;71
57044;Montopoli di Sabina;62;2;17;1;0;;;;20;3;30;5;2;;;;40;60
57044;Montopoli di Sabina;63;2;21;2;1;;;;26;6;19;0;3;;;;28;54
57044;Montopoli di Sabina;64;1;28;3;2;;;;34;3;25;1;4;;;;33;67
57044;Montopoli di Sabina;65;2;23;0;0;;;;25;2;20;3;4;;;;29;54
57044;Montopoli di Sabina;66;1;27;1;0;;;;29;3;18;3;2;;;;26;55
57044;Montopoli di Sabina;67;1;23;4;1;;;;29;2;15;3;7;;;;27;56
57044;Montopoli di Sabina;68;2;10;3;0;;;;15;3;31;1;2;;;;37;52
57044;Montopoli di Sabina;69;3;18;4;1;;;;26;1;10;1;8;;;;20;46
57044;Montopoli di Sabina;70;4;21;0;0;;;;25;1;19;2;8;;;;30;55
57044;Montopoli di Sabina;71;2;16;2;2;;;;22;0;17;2;7;;;;26;48
57044;Montopoli di Sabina;72;0;16;0;3;;;;19;3;19;1;4;;;;27;46
57044;Montopoli di Sabina;73;2;25;3;1;;;;31;3;19;2;3;;;;27;58
57044;Montopoli di Sabina;74;3;24;0;3;;;;30;1;10;0;6;;;;17;47
57044;Montopoli di Sabina;75;4;17;1;2;;;;24;2;11;1;5;;;;19;43
57044;Montopoli di Sabina;76;2;23;1;2;;;;28;1;13;0;5;;;;19;47
57044;Montopoli di Sabina;77;0;14;5;1;;;;20;2;7;0;9;;;;18;38
57044;Montopoli di Sabina;78;1;16;2;1;;;;20;1;9;1;10;;;;21;41
57044;Montopoli di Sabina;79;0;11;0;6;;;;17;0;10;0;11;;;;21;38
57044;Montopoli di Sabina;80;1;8;0;4;;;;13;1;12;1;11;;;;25;38
57044;Montopoli di Sabina;81;1;19;0;3;;;;23;0;12;1;6;;;;19;42
57044;Montopoli di Sabina;82;0;8;1;1;;;;10;2;7;0;14;;;;23;33
57044;Montopoli di Sabina;83;0;11;1;2;;;;14;2;3;0;6;;;;11;25
57044;Montopoli di Sabina;84;0;5;1;2;;;;8;0;4;1;6;;;;11;19
57044;Montopoli di Sabina;85;1;5;0;2;;;;8;0;3;0;13;;;;16;24
57044;Montopoli di Sabina;86;0;11;1;1;;;;13;2;2;1;8;;;;13;26
57044;Montopoli di Sabina;87;0;4;0;2;;;;6;0;2;0;6;;;;8;14
57044;Montopoli di Sabina;88;0;8;0;1;;;;9;0;2;0;8;;;;10;19
57044;Montopoli di Sabina;89;0;4;0;0;;;;4;1;2;0;14;;;;17;21
57044;Montopoli di Sabina;90;0;3;0;1;;;;4;0;0;0;6;;;;6;10
57044;Montopoli di Sabina;91;0;1;0;0;;;;1;0;0;0;5;;;;5;6
57044;Montopoli di Sabina;92;0;1;0;2;;;;3;0;0;0;2;;;;2;5
57044;Montopoli di Sabina;93;0;2;0;0;;;;2;0;0;0;5;;;;5;7
57044;Montopoli di Sabina;94;0;0;0;0;;;;0;0;0;0;4;;;;4;4
57044;Montopoli di Sabina;95;0;0;0;0;;;;0;0;0;0;2;;;;2;2
57044;Montopoli di Sabina;96;0;1;0;0;;;;1;0;0;0;2;;;;2;3
57044;Montopoli di Sabina;97;0;0;0;0;;;;0;0;0;0;0;;;;0;0
57044;Montopoli di Sabina;98;0;0;0;0;;;;0;0;0;0;0;;;;0;0
57044;Montopoli di Sabina;99;0;0;0;0;;;;0;0;0;0;0;;;;0;0
57044;Montopoli di Sabina;100;0;0;0;1;;;;1;0;0;0;2;;;;2;3
57044;Montopoli di Sabina;999;998;904;92;53;;;;2047;830;881;96;244;;;;2051;4098
57045;Morro Reatino;0;1;0;0;0;;;;1;0;0;0;0;;;;0;1
57045;Morro Reatino;1;2;0;0;0;;;;2;0;0;0;0;;;;0;2
57045;Morro Reatino;2;0;0;0;0;;;;0;0;0;0;0;;;;0;0
57045;Morro Reatino;3;0;0;0;0;;;;0;0;0;0;0;;;;0;0
57045;Morro Reatino;4;1;0;0;0;;;;1;0;0;0;0;;;;0;1
57045;Morro Reatino;5;3;0;0;0;;;;3;1;0;0;0;;;;1;4
57045;Morro Reatino;6;2;0;0;0;;;;2;0;0;0;0;;;;0;2
57045;Morro Reatino;7;1;0;0;0;;;;1;1;0;0;0;;;;1;2
57045;Morro Reatino;8;0;0;0;0;;;;0;2;0;0;0;;;;2;2
57045;Morro Reatino;9;0;0;0;0;;;;0;0;0;0;0;;;;0;0
57045;Morro Reatino;10;1;0;0;0;;;;1;0;0;0;0;;;;0;1
57045;Morro Reatino;11;0;0;0;0;;;;0;1;0;0;0;;;;1;1
57045;Morro Reatino;12;3;0;0;0;;;;3;1;0;0;0;;;;1;4
57045;Morro Reatino;13;0;0;0;0;;;;0;2;0;0;0;;;;2;2
57045;Morro Reatino;14;2;0;0;0;;;;2;2;0;0;0;;;;2;4
57045;Morro Reatino;15;1;0;0;0;;;;1;1;0;0;0;;;;1;2
57045;Morro Reatino;16;1;0;0;0;;;;1;2;0;0;0;;;;2;3
57045;Morro Reatino;17;1;0;0;0;;;;1;1;0;0;0;;;;1;2
57045;Morro Reatino;18;1;0;0;0;;;;1;4;0;0;0;;;;4;5
57045;Morro Reatino;19;3;0;0;0;;;;3;3;0;0;0;;;;3;6
57045;Morro Reatino;20;0;0;0;0;;;;0;1;0;0;0;;;;1;1
57045;Morro Reatino;21;3;0;0;0;;;;3;2;0;0;0;;;;2;5
57045;Morro Reatino;22;2;0;0;0;;;;2;0;0;0;0;;;;0;2
57045;Morro Reatino;23;1;0;0;0;;;;1;2;0;0;0;;;;2;3
57045;Morro Reatino;24;0;0;0;0;;;;0;1;0;0;0;;;;1;1
57045;Morro Reatino;25;2;0;0;0;;;;2;1;0;0;0;;;;1;3
57045;Morro Reatino;26;2;0;0;0;;;;2;0;0;0;0;;;;0;2
57045;Morro Reatino;27;1;0;0;0;;;;1;0;0;0;0;;;;0;1
57045;Morro Reatino;28;3;0;0;0;;;;3;0;0;0;0;;;;0;3
57045;Morro Reatino;29;2;0;0;0;;;;2;3;0;0;0;;;;3;5
57045;Morro Reatino;30;3;0;0;0;;;;3;0;0;0;0;;;;0;3
57045;Morro Reatino;31;2;0;0;0;;;;2;2;2;0;0;;;;4;6
57045;Morro Reatino;32;0;0;0;0;;;;0;1;0;0;0;;;;1;1
57045;Morro Reatino;33;1;2;0;0;;;;3;1;0;0;0;;;;1;4
57045;Morro Reatino;34;1;1;0;0;;;;2;0;1;0;0;;;;1;3
57045;Morro Reatino;35;0;0;0;0;;;;0;1;1;0;0;;;;2;2
57045;Morro Reatino;36;1;1;0;0;;;;2;0;0;0;0;;;;0;2
57045;Morro Reatino;37;3;0;0;0;;;;3;0;0;0;0;;;;0;3
57045;Morro Reatino;38;0;1;0;0;;;;1;0;0;0;0;;;;0;1
57045;Morro Reatino;39;0;0;0;0;;;;0;2;0;0;0;;;;2;2
57045;Morro Reatino;40;2;1;0;0;;;;3;0;1;0;0;;;;1;4
57045;Morro Reatino;41;0;0;0;0;;;;0;1;1;0;0;;;;2;2
57045;Morro Reatino;42;0;0;0;0;;;;0;4;1;0;0;;;;5;5
57045;Morro Reatino;43;1;2;0;0;;;;3;0;1;0;0;;;;1;4
57045;Morro Reatino;44;3;2;0;0;;;;5;0;1;0;0;;;;1;6
57045;Morro Reatino;45;2;4;0;0;;;;6;2;1;0;0;;;;3;9
57045;Morro Reatino;46;2;1;1;0;;;;4;0;3;0;0;;;;3;7
57045;Morro Reatino;47;4;0;0;0;;;;4;1;0;0;0;;;;1;5
57045;Morro Reatino;48;0;2;1;0;;;;3;0;1;0;0;;;;1;4
57045;Morro Reatino;49;3;3;0;0;;;;6;0;2;1;0;;;;3;9
57045;Morro Reatino;50;2;1;1;0;;;;4;0;1;0;0;;;;1;5
57045;Morro Reatino;51;0;2;0;0;;;;2;1;1;1;0;;;;3;5
57045;Morro Reatino;52;1;0;2;0;;;;3;2;0;0;0;;;;2;5
57045;Morro Reatino;53;1;4;0;0;;;;5;0;1;0;0;;;;1;6
57045;Morro Reatino;54;1;1;0;0;;;;2;0;3;0;0;;;;3;5
57045;Morro Reatino;55;1;2;1;0;;;;4;0;1;0;0;;;;1;5
57045;Morro Reatino;56;1;1;0;0;;;;2;0;5;0;0;;;;5;7
57045;Morro Reatino;57;1;1;0;0;;;;2;1;1;0;0;;;;2;4
57045;Morro Reatino;58;1;3;0;0;;;;4;1;6;0;0;;;;7;11
57045;Morro Reatino;59;2;3;1;0;;;;6;1;2;0;1;;;;4;10
57045;Morro Reatino;60;2;0;0;0;;;;2;1;1;0;0;;;;2;4
57045;Morro Reatino;61;0;2;0;0;;;;2;0;0;0;1;;;;1;3
57045;Morro Reatino;62;1;3;1;0;;;;5;0;0;0;0;;;;0;5
57045;Morro Reatino;63;1;2;0;0;;;;3;0;1;0;0;;;;1;4
57045;Morro Reatino;64;0;1;0;0;;;;1;1;1;0;0;;;;2;3
57045;Morro Reatino;65;1;1;0;0;;;;2;0;0;0;0;;;;0;2
57045;Morro Reatino;66;0;2;0;0;;;;2;0;1;0;0;;;;1;3
57045;Morro Reatino;67;0;2;0;0;;;;2;1;4;1;0;;;;6;8
57045;Morro Reatino;68;1;1;0;0;;;;2;0;2;1;0;;;;3;5
57045;Morro Reatino;69;0;2;0;0;;;;2;0;1;0;0;;;;1;3
57045;Morro Reatino;70;0;1;1;0;;;;2;0;0;0;0;;;;0;2
57045;Morro Reatino;71;0;3;1;0;;;;4;0;2;0;1;;;;3;7
57045;Morro Reatino;72;0;3;0;0;;;;3;0;1;0;0;;;;1;4
57045;Morro Reatino;73;0;1;0;0;;;;1;0;2;0;0;;;;2;3
57045;Morro Reatino;74;0;4;1;0;;;;5;0;4;0;0;;;;4;9
57045;Morro Reatino;75;0;1;0;0;;;;1;0;3;1;0;;;;4;5
57045;Morro Reatino;76;0;0;0;1;;;;1;1;1;0;1;;;;3;4
57045;Morro Reatino;77;1;3;0;0;;;;4;0;0;0;1;;;;1;5
57045;Morro Reatino;78;0;1;0;0;;;;1;1;1;0;2;;;;4;5
57045;Morro Reatino;79;1;2;0;0;;;;3;0;1;0;0;;;;1;4
57045;Morro Reatino;80;0;1;0;0;;;;1;0;1;0;2;;;;3;4
57045;Morro Reatino;81;0;0;0;1;;;;1;0;0;0;2;;;;2;3
57045;Morro Reatino;82;0;1;0;2;;;;3;0;1;0;2;;;;3;6
57045;Morro Reatino;83;0;0;0;0;;;;0;0;0;0;1;;;;1;1
57045;Morro Reatino;84;0;1;0;0;;;;1;0;0;0;2;;;;2;3
57045;Morro Reatino;85;0;1;0;0;;;;1;0;0;0;1;;;;1;2
57045;Morro Reatino;86;0;0;0;0;;;;0;0;1;0;2;;;;3;3
57045;Morro Reatino;87;0;0;0;0;;;;0;0;0;0;0;;;;0;0
57045;Morro Reatino;88;1;1;0;0;;;;2;0;0;0;0;;;;0;2
57045;Morro Reatino;89;0;1;0;1;;;;2;0;0;0;0;;;;0;2
57045;Morro Reatino;90;0;0;0;1;;;;1;0;1;0;2;;;;3;4
57045;Morro Reatino;91;0;0;0;0;;;;0;0;0;0;0;;;;0;0
57045;Morro Reatino;92;0;0;0;0;;;;0;0;0;0;1;;;;1;1
57045;Morro Reatino;93;0;0;0;0;;;;0;0;0;0;0;;;;0;0
57045;Morro Reatino;94;0;1;0;0;;;;1;0;0;0;0;;;;0;1
57045;Morro Reatino;95;0;0;0;0;;;;0;0;0;0;0;;;;0;0
57045;Morro Reatino;96;0;0;0;0;;;;0;0;0;0;0;;;;0;0
57045;Morro Reatino;97;0;0;0;0;;;;0;0;0;0;0;;;;0;0
57045;Morro Reatino;98;0;0;0;0;;;;0;0;0;0;0;;;;0;0
57045;Morro Reatino;99;0;0;0;0;;;;0;0;0;0;0;;;;0;0
57045;Morro Reatino;100;0;0;0;0;;;;0;0;0;0;0;;;;0;0
57045;Morro Reatino;999;87;80;11;6;;;;184;57;67;5;22;;;;151;335
57046;Nespolo;0;1;0;0;0;;;;1;3;0;0;0;;;;3;4
57046;Nespolo;1;0;0;0;0;;;;0;0;0;0;0;;;;0;0
57046;Nespolo;2;0;0;0;0;;;;0;1;0;0;0;;;;1;1
57046;Nespolo;3;2;0;0;0;;;;2;1;0;0;0;;;;1;3
57046;Nespolo;4;0;0;0;0;;;;0;0;0;0;0;;;;0;0
57046;Nespolo;5;1;0;0;0;;;;1;0;0;0;0;;;;0;1
57046;Nespolo;6;0;0;0;0;;;;0;1;0;0;0;;;;1;1
57046;Nespolo;7;1;0;0;0;;;;1;0;0;0;0;;;;0;1
57046;Nespolo;8;0;0;0;0;;;;0;0;0;0;0;;;;0;0
57046;Nespolo;9;2;0;0;0;;;;2;1;0;0;0;;;;1;3
57046;Nespolo;10;1;0;0;0;;;;1;0;0;0;0;;;;0;1
57046;Nespolo;11;0;0;0;0;;;;0;1;0;0;0;;;;1;1
57046;Nespolo;12;1;0;0;0;;;;1;1;0;0;0;;;;1;2
57046;Nespolo;13;1;0;0;0;;;;1;1;0;0;0;;;;1;2
57046;Nespolo;14;1;0;0;0;;;;1;2;0;0;0;;;;2;3
57046;Nespolo;15;0;0;0;0;;;;0;0;0;0;0;;;;0;0
57046;Nespolo;16;1;0;0;0;;;;1;2;0;0;0;;;;2;3
57046;Nespolo;17;0;0;0;0;;;;0;2;0;0;0;;;;2;2
57046;Nespolo;18;3;0;0;0;;;;3;0;0;0;0;;;;0;3
57046;Nespolo;19;0;0;0;0;;;;0;2;0;0;0;;;;2;2
57046;Nespolo;20;2;0;0;0;;;;2;0;0;0;0;;;;0;2
57046;Nespolo;21;0;0;0;0;;;;0;2;0;0;0;;;;2;2
57046;Nespolo;22;0;0;0;0;;;;0;1;0;0;0;;;;1;1
57046;Nespolo;23;0;0;0;0;;;;0;1;0;0;0;;;;1;1
57046;Nespolo;24;1;0;0;0;;;;1;0;0;0;0;;;;0;1
57046;Nespolo;25;0;0;0;0;;;;0;0;0;0;0;;;;0;0
57046;Nespolo;26;1;0;0;0;;;;1;0;0;0;0;;;;0;1
57046;Nespolo;27;2;0;0;0;;;;2;1;0;0;0;;;;1;3
57046;Nespolo;28;0;0;0;0;;;;0;1;0;0;0;;;;1;1
57046;Nespolo;29;0;0;0;0;;;;0;0;0;0;0;;;;0;0
57046;Nespolo;30;0;0;0;0;;;;0;0;0;0;0;;;;0;0
57046;Nespolo;31;0;0;0;0;;;;0;1;0;0;0;;;;1;1
57046;Nespolo;32;0;0;0;0;;;;0;1;0;0;0;;;;1;1
57046;Nespolo;33;1;0;0;0;;;;1;1;1;0;0;;;;2;3
57046;Nespolo;34;2;0;0;0;;;;2;1;0;0;0;;;;1;3
57046;Nespolo;35;0;0;0;0;;;;0;0;0;0;0;;;;0;0
57046;Nespolo;36;1;1;0;0;;;;2;1;0;0;0;;;;1;3
57046;Nespolo;37;0;0;0;0;;;;0;0;1;0;0;;;;1;1
57046;Nespolo;38;2;0;0;0;;;;2;0;0;0;0;;;;0;2
57046;Nespolo;39;2;0;0;0;;;;2;0;0;0;0;;;;0;2
57046;Nespolo;40;1;0;0;0;;;;1;3;0;0;0;;;;3;4
57046;Nespolo;41;1;0;0;0;;;;1;0;0;0;0;;;;0;1
57046;Nespolo;42;2;1;0;0;;;;3;0;0;0;0;;;;0;3
57046;Nespolo;43;1;0;0;0;;;;1;0;2;0;0;;;;2;3
57046;Nespolo;44;0;2;0;0;;;;2;0;1;0;0;;;;1;3
57046;Nespolo;45;1;0;0;0;;;;1;0;0;0;0;;;;0;1
57046;Nespolo;46;2;0;0;0;;;;2;0;1;0;0;;;;1;3
57046;Nespolo;47;3;2;0;0;;;;5;1;2;0;0;;;;3;8
57046;Nespolo;48;0;1;0;0;;;;1;0;0;0;0;;;;0;1
57046;Nespolo;49;0;1;0;0;;;;1;0;4;0;0;;;;4;5
57046;Nespolo;50;0;2;0;0;;;;2;0;0;1;0;;;;1;3
57046;Nespolo;51;1;2;0;0;;;;3;1;0;0;0;;;;1;4
57046;Nespolo;52;1;1;0;0;;;;2;0;1;0;0;;;;1;3
57046;Nespolo;53;1;1;0;0;;;;2;0;2;0;0;;;;2;4
57046;Nespolo;54;0;1;0;0;;;;1;0;0;0;0;;;;0;1
57046;Nespolo;55;2;3;1;0;;;;6;0;0;0;0;;;;0;6
57046;Nespolo;56;1;0;0;0;;;;1;0;3;0;0;;;;3;4
57046;Nespolo;57;2;1;0;0;;;;3;0;4;0;0;;;;4;7
57046;Nespolo;58;0;1;0;0;;;;1;0;1;0;0;;;;1;2
57046;Nespolo;59;0;2;0;0;;;;2;0;0;0;0;;;;0;2
57046;Nespolo;60;0;2;0;0;;;;2;1;0;0;0;;;;1;3
57046;Nespolo;61;0;1;0;0;;;;1;0;1;0;0;;;;1;2
57046;Nespolo;62;0;4;0;0;;;;4;0;0;0;0;;;;0;4
57046;Nespolo;63;0;2;0;0;;;;2;1;1;0;0;;;;2;4
57046;Nespolo;64;1;4;1;0;;;;6;0;1;1;0;;;;2;8
57046;Nespolo;65;1;0;0;0;;;;1;0;0;0;0;;;;0;1
57046;Nespolo;66;0;2;0;0;;;;2;0;1;0;0;;;;1;3
57046;Nespolo;67;0;1;0;0;;;;1;1;1;0;0;;;;2;3
57046;Nespolo;68;1;3;0;0;;;;4;0;1;0;1;;;;2;6
57046;Nespolo;69;0;4;0;0;;;;4;0;0;0;0;;;;0;4
57046;Nespolo;70;0;1;0;0;;;;1;0;0;0;0;;;;0;1
57046;Nespolo;71;0;3;0;0;;;;3;0;1;0;0;;;;1;4
57046;Nespolo;72;0;1;0;0;;;;1;0;2;0;1;;;;3;4
57046;Nespolo;73;0;0;0;0;;;;0;0;0;0;0;;;;0;0
57046;Nespolo;74;0;1;1;0;;;;2;0;0;0;0;;;;0;2
57046;Nespolo;75;0;0;0;1;;;;1;0;0;0;0;;;;0;1
57046;Nespolo;76;0;1;1;0;;;;2;0;2;0;0;;;;2;4
57046;Nespolo;77;0;1;0;1;;;;2;0;0;0;0;;;;0;2
57046;Nespolo;78;0;1;0;0;;;;1;0;0;0;0;;;;0;1
57046;Nespolo;79;0;1;0;0;;;;1;0;1;0;1;;;;2;3
57046;Nespolo;80;1;0;0;0;;;;1;0;0;0;1;;;;1;2
57046;Nespolo;81;0;0;0;2;;;;2;0;0;0;0;;;;0;2
57046;Nespolo;82;0;2;0;1;;;;3;0;0;0;0;;;;0;3
57046;Nespolo;83;0;0;0;0;;;;0;0;0;0;0;;;;0;0
57046;Nespolo;84;0;1;0;0;;;;1;0;0;0;0;;;;0;1
57046;Nespolo;85;0;1;0;0;;;;1;0;0;0;1;;;;1;2
57046;Nespolo;86;0;0;0;0;;;;0;0;1;0;0;;;;1;1
57046;Nespolo;87;0;0;0;0;;;;0;0;0;0;0;;;;0;0
57046;Nespolo;88;0;0;0;0;;;;0;0;0;0;0;;;;0;0
57046;Nespolo;89;0;0;0;0;;;;0;0;0;0;0;;;;0;0
57046;Nespolo;90;0;0;0;1;;;;1;0;0;0;0;;;;0;1
57046;Nespolo;91;0;1;0;0;;;;1;0;0;0;2;;;;2;3
57046;Nespolo;92;0;0;0;0;;;;0;0;0;0;1;;;;1;1
57046;Nespolo;93;0;0;0;0;;;;0;0;0;0;0;;;;0;0
57046;Nespolo;94;0;0;0;0;;;;0;0;0;0;0;;;;0;0
57046;Nespolo;95;0;0;0;0;;;;0;0;0;0;0;;;;0;0
57046;Nespolo;96;0;0;0;0;;;;0;0;0;0;0;;;;0;0
57046;Nespolo;97;0;0;0;0;;;;0;0;0;0;0;;;;0;0
57046;Nespolo;98;0;0;0;0;;;;0;0;0;0;0;;;;0;0
57046;Nespolo;99;0;0;0;0;;;;0;0;0;0;0;;;;0;0
57046;Nespolo;100;0;0;0;0;;;;0;0;0;0;0;;;;0;0
57046;Nespolo;999;52;60;4;6;;;;122;37;36;2;8;;;;83;205
57047;Orvinio;0;0;0;0;0;;;;0;0;0;0;0;;;;0;0
57047;Orvinio;1;1;0;0;0;;;;1;2;0;0;0;;;;2;3
57047;Orvinio;2;0;0;0;0;;;;0;0;0;0;0;;;;0;0
57047;Orvinio;3;2;0;0;0;;;;2;0;0;0;0;;;;0;2
57047;Orvinio;4;0;0;0;0;;;;0;1;0;0;0;;;;1;1
57047;Orvinio;5;0;0;0;0;;;;0;4;0;0;0;;;;4;4
57047;Orvinio;6;0;0;0;0;;;;0;1;0;0;0;;;;1;1
57047;Orvinio;7;3;0;0;0;;;;3;1;0;0;0;;;;1;4
57047;Orvinio;8;0;0;0;0;;;;0;0;0;0;0;;;;0;0
57047;Orvinio;9;1;0;0;0;;;;1;0;0;0;0;;;;0;1
57047;Orvinio;10;0;0;0;0;;;;0;1;0;0;0;;;;1;1
57047;Orvinio;11;2;0;0;0;;;;2;1;0;0;0;;;;1;3
57047;Orvinio;12;0;0;0;0;;;;0;0;0;0;0;;;;0;0
57047;Orvinio;13;0;0;0;0;;;;0;1;0;0;0;;;;1;1
57047;Orvinio;14;0;0;0;0;;;;0;2;0;0;0;;;;2;2
57047;Orvinio;15;2;0;0;0;;;;2;1;0;0;0;;;;1;3
57047;Orvinio;16;1;0;0;0;;;;1;2;0;0;0;;;;2;3
57047;Orvinio;17;1;0;0;0;;;;1;0;0;0;0;;;;0;1
57047;Orvinio;18;0;0;0;0;;;;0;0;0;0;0;;;;0;0
57047;Orvinio;19;2;0;0;0;;;;2;0;0;0;0;;;;0;2
57047;Orvinio;20;2;0;0;0;;;;2;1;0;0;0;;;;1;3
57047;Orvinio;21;2;0;0;0;;;;2;0;0;1;0;;;;1;3
57047;Orvinio;22;5;0;0;0;;;;5;1;0;0;0;;;;1;6
57047;Orvinio;23;1;0;0;0;;;;1;1;0;0;0;;;;1;2
57047;Orvinio;24;5;0;0;0;;;;5;5;0;0;0;;;;5;10
57047;Orvinio;25;1;0;0;0;;;;1;1;0;0;0;;;;1;2
57047;Orvinio;26;1;0;0;0;;;;1;1;0;0;0;;;;1;2
57047;Orvinio;27;1;0;0;0;;;;1;1;1;0;0;;;;2;3
57047;Orvinio;28;3;0;0;0;;;;3;3;0;0;0;;;;3;6
57047;Orvinio;29;1;0;0;0;;;;1;1;0;0;0;;;;1;2
57047;Orvinio;30;4;0;0;0;;;;4;3;0;0;0;;;;3;7
57047;Orvinio;31;1;0;0;0;;;;1;1;0;0;0;;;;1;2
57047;Orvinio;32;1;0;0;0;;;;1;0;0;0;0;;;;0;1
57047;Orvinio;33;1;1;0;0;;;;2;2;0;0;0;;;;2;4
57047;Orvinio;34;1;0;0;0;;;;1;2;0;0;0;;;;2;3
57047;Orvinio;35;1;0;0;0;;;;1;1;0;0;0;;;;1;2
57047;Orvinio;36;1;1;0;0;;;;2;0;0;0;0;;;;0;2
57047;Orvinio;37;1;1;0;0;;;;2;3;0;2;0;;;;5;7
57047;Orvinio;38;3;1;0;0;;;;4;1;1;0;0;;;;2;6
57047;Orvinio;39;1;1;0;0;;;;2;0;0;1;0;;;;1;3
57047;Orvinio;40;1;0;0;0;;;;1;3;0;0;0;;;;3;4
57047;Orvinio;41;1;1;0;0;;;;2;2;2;0;0;;;;4;6
57047;Orvinio;42;2;1;0;0;;;;3;0;2;0;0;;;;2;5
57047;Orvinio;43;2;0;0;0;;;;2;1;0;0;0;;;;1;3
57047;Orvinio;44;3;3;0;0;;;;6;2;0;0;0;;;;2;8
57047;Orvinio;45;3;0;0;0;;;;3;0;0;0;0;;;;0;3
57047;Orvinio;46;2;0;0;0;;;;2;3;1;0;1;;;;5;7
57047;Orvinio;47;2;0;0;0;;;;2;0;3;0;0;;;;3;5
57047;Orvinio;48;2;0;0;0;;;;2;1;0;0;0;;;;1;3
57047;Orvinio;49;0;2;0;0;;;;2;0;0;0;0;;;;0;2
57047;Orvinio;50;1;1;0;0;;;;2;0;0;0;0;;;;0;2
57047;Orvinio;51;3;1;0;0;;;;4;1;3;0;0;;;;4;8
57047;Orvinio;52;3;0;0;1;;;;4;1;1;0;0;;;;2;6
57047;Orvinio;53;1;2;0;0;;;;3;0;1;1;0;;;;2;5
57047;Orvinio;54;0;2;0;0;;;;2;3;1;0;0;;;;4;6
57047;Orvinio;55;1;2;0;0;;;;3;2;1;0;0;;;;3;6
57047;Orvinio;56;2;3;0;0;;;;5;0;4;1;0;;;;5;10
57047;Orvinio;57;1;7;0;0;;;;8;0;4;0;0;;;;4;12
57047;Orvinio;58;2;2;0;0;;;;4;1;2;0;0;;;;3;7
57047;Orvinio;59;0;1;0;0;;;;1;1;2;2;0;;;;5;6
57047;Orvinio;60;1;4;0;0;;;;5;1;0;0;1;;;;2;7
57047;Orvinio;61;1;3;0;1;;;;5;0;2;0;0;;;;2;7
57047;Orvinio;62;2;3;0;0;;;;5;0;1;1;0;;;;2;7
57047;Orvinio;63;1;0;1;0;;;;2;0;1;1;0;;;;2;4
57047;Orvinio;64;0;2;1;0;;;;3;0;1;1;0;;;;2;5
57047;Orvinio;65;0;1;1;0;;;;2;0;1;0;1;;;;2;4
57047;Orvinio;66;0;4;1;0;;;;5;0;3;0;0;;;;3;8
57047;Orvinio;67;0;2;1;0;;;;3;0;2;1;0;;;;3;6
57047;Orvinio;68;1;2;0;0;;;;3;0;2;0;1;;;;3;6
57047;Orvinio;69;0;1;0;0;;;;1;0;3;2;0;;;;5;6
57047;Orvinio;70;0;2;1;0;;;;3;1;1;1;2;;;;5;8
57047;Orvinio;71;1;2;0;0;;;;3;0;2;0;1;;;;3;6
57047;Orvinio;72;1;3;0;0;;;;4;1;1;1;2;;;;5;9
57047;Orvinio;73;0;5;0;0;;;;5;1;2;0;0;;;;3;8
57047;Orvinio;74;0;2;0;0;;;;2;0;0;0;1;;;;1;3
57047;Orvinio;75;0;4;0;1;;;;5;0;2;0;2;;;;4;9
57047;Orvinio;76;1;4;1;0;;;;6;0;0;0;0;;;;0;6
57047;Orvinio;77;0;3;0;0;;;;3;0;3;0;2;;;;5;8
57047;Orvinio;78;0;0;1;0;;;;1;0;2;0;2;;;;4;5
57047;Orvinio;79;1;3;1;0;;;;5;0;0;1;0;;;;1;6
57047;Orvinio;80;0;1;0;0;;;;1;0;0;0;0;;;;0;1
57047;Orvinio;81;0;0;0;2;;;;2;0;2;0;1;;;;3;5
57047;Orvinio;82;0;2;1;0;;;;3;0;1;0;1;;;;2;5
57047;Orvinio;83;0;1;0;0;;;;1;0;0;0;0;;;;0;1
57047;Orvinio;84;0;0;0;1;;;;1;0;2;0;0;;;;2;3
57047;Orvinio;85;0;0;0;1;;;;1;0;2;0;2;;;;4;5
57047;Orvinio;86;0;2;0;0;;;;2;0;1;0;0;;;;1;3
57047;Orvinio;87;0;0;0;0;;;;0;0;0;0;0;;;;0;0
57047;Orvinio;88;0;0;0;0;;;;0;0;0;0;1;;;;1;1
57047;Orvinio;89;0;1;0;2;;;;3;0;0;0;0;;;;0;3
57047;Orvinio;90;0;0;0;0;;;;0;0;0;0;1;;;;1;1
57047;Orvinio;91;0;0;0;0;;;;0;0;0;0;1;;;;1;1
57047;Orvinio;92;0;1;0;0;;;;1;0;0;0;0;;;;0;1
57047;Orvinio;93;0;0;0;0;;;;0;0;1;0;1;;;;2;2
57047;Orvinio;94;0;0;0;0;;;;0;0;0;0;0;;;;0;0
57047;Orvinio;95;0;0;0;0;;;;0;0;0;0;0;;;;0;0
57047;Orvinio;96;0;0;0;0;;;;0;0;1;0;3;;;;4;4
57047;Orvinio;97;0;0;0;0;;;;0;0;0;0;0;;;;0;0
57047;Orvinio;98;0;0;0;0;;;;0;0;0;0;0;;;;0;0
57047;Orvinio;99;0;0;0;0;;;;0;0;0;0;0;;;;0;0
57047;Orvinio;100;0;0;0;0;;;;0;0;0;0;1;;;;1;1
57047;Orvinio;999;94;91;10;9;;;;204;70;68;17;28;;;;183;387
57048;Paganico Sabino;0;0;0;0;0;;;;0;0;0;0;0;;;;0;0
57048;Paganico Sabino;1;0;0;0;0;;;;0;0;0;0;0;;;;0;0
57048;Paganico Sabino;2;0;0;0;0;;;;0;0;0;0;0;;;;0;0
57048;Paganico Sabino;3;0;0;0;0;;;;0;0;0;0;0;;;;0;0
57048;Paganico Sabino;4;0;0;0;0;;;;0;0;0;0;0;;;;0;0
57048;Paganico Sabino;5;0;0;0;0;;;;0;0;0;0;0;;;;0;0
57048;Paganico Sabino;6;0;0;0;0;;;;0;0;0;0;0;;;;0;0
57048;Paganico Sabino;7;0;0;0;0;;;;0;0;0;0;0;;;;0;0
57048;Paganico Sabino;8;0;0;0;0;;;;0;0;0;0;0;;;;0;0
57048;Paganico Sabino;9;0;0;0;0;;;;0;0;0;0;0;;;;0;0
57048;Paganico Sabino;10;0;0;0;0;;;;0;0;0;0;0;;;;0;0
57048;Paganico Sabino;11;0;0;0;0;;;;0;0;0;0;0;;;;0;0
57048;Paganico Sabino;12;0;0;0;0;;;;0;1;0;0;0;;;;1;1
57048;Paganico Sabino;13;0;0;0;0;;;;0;0;0;0;0;;;;0;0
57048;Paganico Sabino;14;0;0;0;0;;;;0;0;0;0;0;;;;0;0
57048;Paganico Sabino;15;0;0;0;0;;;;0;1;0;0;0;;;;1;1
57048;Paganico Sabino;16;0;0;0;0;;;;0;0;0;0;0;;;;0;0
57048;Paganico Sabino;17;0;0;0;0;;;;0;1;0;0;0;;;;1;1
57048;Paganico Sabino;18;1;0;0;0;;;;1;0;0;0;0;;;;0;1
57048;Paganico Sabino;19;0;0;0;0;;;;0;0;0;0;0;;;;0;0
57048;Paganico Sabino;20;0;0;0;0;;;;0;0;0;0;0;;;;0;0
57048;Paganico Sabino;21;0;0;0;0;;;;0;0;0;0;0;;;;0;0
57048;Paganico Sabino;22;0;0;0;0;;;;0;0;0;0;0;;;;0;0
57048;Paganico Sabino;23;0;0;0;0;;;;0;1;0;0;0;;;;1;1
57048;Paganico Sabino;24;0;0;0;0;;;;0;1;0;0;0;;;;1;1
57048;Paganico Sabino;25;1;0;0;0;;;;1;1;0;0;0;;;;1;2
57048;Paganico Sabino;26;0;0;0;0;;;;0;0;0;0;0;;;;0;0
57048;Paganico Sabino;27;1;0;0;0;;;;1;0;0;0;0;;;;0;1
57048;Paganico Sabino;28;0;0;0;0;;;;0;1;0;0;0;;;;1;1
57048;Paganico Sabino;29;1;0;0;0;;;;1;0;0;0;0;;;;0;1
57048;Paganico Sabino;30;3;0;0;0;;;;3;0;0;0;0;;;;0;3
57048;Paganico Sabino;31;2;0;0;0;;;;2;0;0;0;0;;;;0;2
57048;Paganico Sabino;32;0;0;0;0;;;;0;0;0;0;0;;;;0;0
57048;Paganico Sabino;33;0;0;0;0;;;;0;0;0;0;0;;;;0;0
57048;Paganico Sabino;34;0;0;0;0;;;;0;2;0;0;0;;;;2;2
57048;Paganico Sabino;35;1;0;0;0;;;;1;0;0;0;0;;;;0;1
57048;Paganico Sabino;36;0;0;0;0;;;;0;2;0;0;0;;;;2;2
57048;Paganico Sabino;37;2;0;0;0;;;;2;0;0;0;0;;;;0;2
57048;Paganico Sabino;38;2;0;0;0;;;;2;0;0;0;0;;;;0;2
57048;Paganico Sabino;39;0;0;0;0;;;;0;0;0;0;0;;;;0;0
57048;Paganico Sabino;40;1;0;0;0;;;;1;1;0;0;0;;;;1;2
57048;Paganico Sabino;41;0;1;0;0;;;;1;2;0;0;0;;;;2;3
57048;Paganico Sabino;42;0;0;0;0;;;;0;0;0;0;0;;;;0;0
57048;Paganico Sabino;43;2;0;0;0;;;;2;0;1;0;1;;;;2;4
57048;Paganico Sabino;44;0;1;0;0;;;;1;1;0;0;0;;;;1;2
57048;Paganico Sabino;45;1;0;0;0;;;;1;1;1;0;0;;;;2;3
57048;Paganico Sabino;46;1;0;0;0;;;;1;0;0;0;0;;;;0;1
57048;Paganico Sabino;47;0;0;0;0;;;;0;0;0;0;0;;;;0;0
57048;Paganico Sabino;48;2;0;0;0;;;;2;2;1;0;0;;;;3;5
57048;Paganico Sabino;49;1;1;0;0;;;;2;1;0;0;0;;;;1;3
57048;Paganico Sabino;50;1;1;1;0;;;;3;0;1;0;0;;;;1;4
57048;Paganico Sabino;51;0;0;0;0;;;;0;1;1;0;0;;;;2;2
57048;Paganico Sabino;52;2;0;1;0;;;;3;0;1;0;0;;;;1;4
57048;Paganico Sabino;53;2;1;0;0;;;;3;1;1;0;0;;;;2;5
57048;Paganico Sabino;54;1;0;0;0;;;;1;1;0;0;0;;;;1;2
57048;Paganico Sabino;55;1;0;1;0;;;;2;0;1;0;0;;;;1;3
57048;Paganico Sabino;56;0;0;0;0;;;;0;0;3;0;0;;;;3;3
57048;Paganico Sabino;57;1;2;0;0;;;;3;0;2;0;0;;;;2;5
57048;Paganico Sabino;58;1;1;1;0;;;;3;1;0;0;0;;;;1;4
57048;Paganico Sabino;59;1;1;0;0;;;;2;0;1;0;0;;;;1;3
57048;Paganico Sabino;60;1;2;1;0;;;;4;0;4;0;0;;;;4;8
57048;Paganico Sabino;61;1;2;0;0;;;;3;0;1;0;0;;;;1;4
57048;Paganico Sabino;62;0;2;1;0;;;;3;0;1;0;0;;;;1;4
57048;Paganico Sabino;63;0;3;0;0;;;;3;1;1;0;0;;;;2;5
57048;Paganico Sabino;64;0;0;0;0;;;;0;0;2;0;0;;;;2;2
57048;Paganico Sabino;65;1;1;0;0;;;;2;0;3;0;0;;;;3;5
57048;Paganico Sabino;66;0;1;0;0;;;;1;0;0;0;0;;;;0;1
57048;Paganico Sabino;67;0;0;0;0;;;;0;0;1;0;0;;;;1;1
57048;Paganico Sabino;68;0;2;0;0;;;;2;0;1;0;0;;;;1;3
57048;Paganico Sabino;69;1;1;0;0;;;;2;0;0;0;1;;;;1;3
57048;Paganico Sabino;70;0;3;1;0;;;;4;0;0;0;0;;;;0;4
57048;Paganico Sabino;71;0;1;0;0;;;;1;0;0;0;0;;;;0;1
57048;Paganico Sabino;72;0;1;0;0;;;;1;0;1;0;0;;;;1;2
57048;Paganico Sabino;73;0;2;0;0;;;;2;0;0;0;0;;;;0;2
57048;Paganico Sabino;74;0;1;0;0;;;;1;0;1;0;0;;;;1;2
57048;Paganico Sabino;75;0;0;0;0;;;;0;0;0;0;0;;;;0;0
57048;Paganico Sabino;76;0;2;0;0;;;;2;0;0;0;0;;;;0;2
57048;Paganico Sabino;77;0;0;0;0;;;;0;0;0;0;0;;;;0;0
57048;Paganico Sabino;78;0;2;0;0;;;;2;0;0;0;2;;;;2;4
57048;Paganico Sabino;79;0;0;0;0;;;;0;0;1;0;1;;;;2;2
57048;Paganico Sabino;80;0;0;0;0;;;;0;0;1;0;0;;;;1;1
57048;Paganico Sabino;81;0;1;0;0;;;;1;0;0;0;1;;;;1;2
57048;Paganico Sabino;82;0;0;0;0;;;;0;0;0;0;0;;;;0;0
57048;Paganico Sabino;83;0;0;0;0;;;;0;0;0;0;1;;;;1;1
57048;Paganico Sabino;84;0;0;0;0;;;;0;0;1;0;0;;;;1;1
57048;Paganico Sabino;85;0;1;0;0;;;;1;0;0;0;2;;;;2;3
57048;Paganico Sabino;86;0;0;0;1;;;;1;0;0;0;1;;;;1;2
57048;Paganico Sabino;87;0;1;0;1;;;;2;0;0;0;0;;;;0;2
57048;Paganico Sabino;88;0;0;0;0;;;;0;0;0;0;1;;;;1;1
57048;Paganico Sabino;89;0;0;0;1;;;;1;0;0;0;2;;;;2;3
57048;Paganico Sabino;90;0;1;0;0;;;;1;0;0;0;1;;;;1;2
57048;Paganico Sabino;91;0;0;0;1;;;;1;0;0;0;0;;;;0;1
57048;Paganico Sabino;92;0;0;0;0;;;;0;0;0;0;0;;;;0;0
57048;Paganico Sabino;93;1;0;0;1;;;;2;0;0;0;1;;;;1;3
57048;Paganico Sabino;94;0;0;0;0;;;;0;0;0;0;0;;;;0;0
57048;Paganico Sabino;95;0;0;0;0;;;;0;0;0;0;0;;;;0;0
57048;Paganico Sabino;96;0;0;0;0;;;;0;0;0;0;0;;;;0;0
57048;Paganico Sabino;97;0;0;0;0;;;;0;0;0;0;1;;;;1;1
57048;Paganico Sabino;98;0;0;0;0;;;;0;0;0;0;0;;;;0;0
57048;Paganico Sabino;99;0;0;0;0;;;;0;0;0;0;0;;;;0;0
57048;Paganico Sabino;100;0;0;0;0;;;;0;0;0;0;0;;;;0;0
57048;Paganico Sabino;999;37;39;7;5;;;;88;24;33;0;16;;;;73;161
57049;Pescorocchiano;0;3;0;0;0;;;;3;1;0;0;0;;;;1;4
57049;Pescorocchiano;1;5;0;0;0;;;;5;0;0;0;0;;;;0;5
57049;Pescorocchiano;2;1;0;0;0;;;;1;5;0;0;0;;;;5;6
57049;Pescorocchiano;3;3;0;0;0;;;;3;3;0;0;0;;;;3;6
57049;Pescorocchiano;4;4;0;0;0;;;;4;8;0;0;0;;;;8;12
57049;Pescorocchiano;5;8;0;0;0;;;;8;6;0;0;0;;;;6;14
57049;Pescorocchiano;6;7;0;0;0;;;;7;10;0;0;0;;;;10;17
57049;Pescorocchiano;7;4;0;0;0;;;;4;2;0;0;0;;;;2;6
57049;Pescorocchiano;8;5;0;0;0;;;;5;6;0;0;0;;;;6;11
57049;Pescorocchiano;9;7;0;0;0;;;;7;2;0;0;0;;;;2;9
57049;Pescorocchiano;10;5;0;0;0;;;;5;4;0;0;0;;;;4;9
57049;Pescorocchiano;11;5;0;0;0;;;;5;4;0;0;0;;;;4;9
57049;Pescorocchiano;12;9;0;0;0;;;;9;7;0;0;0;;;;7;16
57049;Pescorocchiano;13;4;0;0;0;;;;4;6;0;0;0;;;;6;10
57049;Pescorocchiano;14;5;0;0;0;;;;5;7;0;0;0;;;;7;12
57049;Pescorocchiano;15;5;0;0;0;;;;5;7;0;0;0;;;;7;12
57049;Pescorocchiano;16;4;0;0;0;;;;4;6;0;0;0;;;;6;10
57049;Pescorocchiano;17;4;0;0;0;;;;4;3;0;0;0;;;;3;7
57049;Pescorocchiano;18;8;0;0;0;;;;8;6;0;0;0;;;;6;14
57049;Pescorocchiano;19;6;0;0;0;;;;6;7;0;0;0;;;;7;13
57049;Pescorocchiano;20;8;0;0;0;;;;8;5;1;0;0;;;;6;14
57049;Pescorocchiano;21;9;0;0;0;;;;9;5;0;0;0;;;;5;14
57049;Pescorocchiano;22;8;0;0;0;;;;8;6;0;0;0;;;;6;14
57049;Pescorocchiano;23;6;0;0;0;;;;6;5;0;0;0;;;;5;11
57049;Pescorocchiano;24;8;0;0;0;;;;8;2;0;0;0;;;;2;10
57049;Pescorocchiano;25;3;0;0;0;;;;3;8;1;0;0;;;;9;12
57049;Pescorocchiano;26;5;0;0;0;;;;5;9;1;0;0;;;;10;15
57049;Pescorocchiano;27;9;0;0;0;;;;9;3;1;0;0;;;;4;13
57049;Pescorocchiano;28;7;0;0;0;;;;7;8;0;0;0;;;;8;15
57049;Pescorocchiano;29;6;1;0;0;;;;7;6;3;0;0;;;;9;16
57049;Pescorocchiano;30;2;0;0;0;;;;2;5;0;0;0;;;;5;7
57049;Pescorocchiano;31;10;4;0;0;;;;14;5;0;0;0;;;;5;19
57049;Pescorocchiano;32;7;2;0;0;;;;9;3;4;0;0;;;;7;16
57049;Pescorocchiano;33;14;0;0;0;;;;14;2;4;0;0;;;;6;20
57049;Pescorocchiano;34;5;2;0;0;;;;7;4;1;0;0;;;;5;12
57049;Pescorocchiano;35;6;3;0;0;;;;9;4;2;0;0;;;;6;15
57049;Pescorocchiano;36;7;0;0;0;;;;7;6;3;0;0;;;;9;16
57049;Pescorocchiano;37;12;5;0;0;;;;17;6;3;0;0;;;;9;26
57049;Pescorocchiano;38;5;3;0;0;;;;8;5;2;0;0;;;;7;15
57049;Pescorocchiano;39;5;2;0;0;;;;7;3;8;0;0;;;;11;18
57049;Pescorocchiano;40;6;7;0;0;;;;13;4;4;0;0;;;;8;21
57049;Pescorocchiano;41;15;4;1;0;;;;20;1;7;0;0;;;;8;28
57049;Pescorocchiano;42;10;5;0;0;;;;15;4;10;0;0;;;;14;29
57049;Pescorocchiano;43;6;2;0;0;;;;8;3;4;0;0;;;;7;15
57049;Pescorocchiano;44;6;2;0;0;;;;8;7;3;1;0;;;;11;19
57049;Pescorocchiano;45;7;3;0;0;;;;10;3;7;2;0;;;;12;22
57049;Pescorocchiano;46;4;5;1;0;;;;10;2;5;2;0;;;;9;19
57049;Pescorocchiano;47;4;9;3;0;;;;16;7;7;0;0;;;;14;30
57049;Pescorocchiano;48;7;7;1;0;;;;15;2;4;0;0;;;;6;21
57049;Pescorocchiano;49;7;3;0;0;;;;10;1;6;0;0;;;;7;17
57049;Pescorocchiano;50;3;12;0;0;;;;15;3;8;0;1;;;;12;27
57049;Pescorocchiano;51;7;10;0;0;;;;17;1;5;0;1;;;;7;24
57049;Pescorocchiano;52;1;11;1;0;;;;13;6;8;0;1;;;;15;28
57049;Pescorocchiano;53;3;8;0;0;;;;11;1;9;0;1;;;;11;22
57049;Pescorocchiano;54;5;6;1;0;;;;12;2;4;0;1;;;;7;19
57049;Pescorocchiano;55;4;10;1;0;;;;15;5;12;1;2;;;;20;35
57049;Pescorocchiano;56;5;9;1;0;;;;15;2;7;1;0;;;;10;25
57049;Pescorocchiano;57;4;6;1;0;;;;11;3;6;2;1;;;;12;23
57049;Pescorocchiano;58;5;10;2;1;;;;18;2;6;2;0;;;;10;28
57049;Pescorocchiano;59;4;5;0;0;;;;9;1;10;1;1;;;;13;22
57049;Pescorocchiano;60;6;13;1;0;;;;20;2;12;1;0;;;;15;35
57049;Pescorocchiano;61;6;15;1;0;;;;22;2;13;2;1;;;;18;40
57049;Pescorocchiano;62;4;8;0;0;;;;12;1;8;0;2;;;;11;23
57049;Pescorocchiano;63;4;9;0;1;;;;14;0;15;1;2;;;;18;32
57049;Pescorocchiano;64;3;16;2;0;;;;21;1;8;0;3;;;;12;33
57049;Pescorocchiano;65;0;14;0;0;;;;14;1;12;0;5;;;;18;32
57049;Pescorocchiano;66;3;12;1;0;;;;16;2;14;0;4;;;;20;36
57049;Pescorocchiano;67;4;9;2;0;;;;15;3;12;0;2;;;;17;32
57049;Pescorocchiano;68;3;19;0;1;;;;23;1;6;3;1;;;;11;34
57049;Pescorocchiano;69;3;12;0;1;;;;16;1;10;0;2;;;;13;29
57049;Pescorocchiano;70;3;14;2;0;;;;19;1;15;1;2;;;;19;38
57049;Pescorocchiano;71;3;12;0;0;;;;15;1;11;0;5;;;;17;32
57049;Pescorocchiano;72;1;8;1;0;;;;10;1;10;0;6;;;;17;27
57049;Pescorocchiano;73;1;15;1;1;;;;18;0;7;0;7;;;;14;32
57049;Pescorocchiano;74;4;21;1;2;;;;28;2;11;0;3;;;;16;44
57049;Pescorocchiano;75;4;8;1;2;;;;15;4;7;0;6;;;;17;32
57049;Pescorocchiano;76;2;9;0;0;;;;11;1;8;0;7;;;;16;27
57049;Pescorocchiano;77;0;6;0;0;;;;6;0;3;0;2;;;;5;11
57049;Pescorocchiano;78;1;10;0;1;;;;12;0;2;0;6;;;;8;20
57049;Pescorocchiano;79;1;8;1;0;;;;10;0;6;0;4;;;;10;20
57049;Pescorocchiano;80;2;12;0;0;;;;14;0;3;0;6;;;;9;23
57049;Pescorocchiano;81;1;4;0;0;;;;5;0;7;1;6;;;;14;19
57049;Pescorocchiano;82;1;6;0;1;;;;8;0;3;0;8;;;;11;19
57049;Pescorocchiano;83;1;7;0;0;;;;8;2;1;0;6;;;;9;17
57049;Pescorocchiano;84;3;8;0;2;;;;13;0;2;1;8;;;;11;24
57049;Pescorocchiano;85;0;8;0;3;;;;11;1;2;0;8;;;;11;22
57049;Pescorocchiano;86;0;3;0;2;;;;5;1;2;0;7;;;;10;15
57049;Pescorocchiano;87;0;2;0;3;;;;5;0;0;0;9;;;;9;14
57049;Pescorocchiano;88;1;3;0;0;;;;4;0;0;0;6;;;;6;10
57049;Pescorocchiano;89;2;2;0;1;;;;5;0;0;0;6;;;;6;11
57049;Pescorocchiano;90;0;3;0;1;;;;4;0;0;0;5;;;;5;9
57049;Pescorocchiano;91;0;0;0;0;;;;0;2;2;0;4;;;;8;8
57049;Pescorocchiano;92;1;2;0;3;;;;6;0;0;0;5;;;;5;11
57049;Pescorocchiano;93;0;0;0;0;;;;0;0;0;0;5;;;;5;5
57049;Pescorocchiano;94;0;0;0;0;;;;0;1;0;0;3;;;;4;4
57049;Pescorocchiano;95;0;0;0;0;;;;0;0;0;0;4;;;;4;4
57049;Pescorocchiano;96;0;0;0;0;;;;0;0;0;0;2;;;;2;2
57049;Pescorocchiano;97;0;0;0;0;;;;0;0;0;0;1;;;;1;1
57049;Pescorocchiano;98;0;0;0;0;;;;0;0;0;0;2;;;;2;2
57049;Pescorocchiano;99;0;0;0;0;;;;0;0;0;0;0;;;;0;0
57049;Pescorocchiano;100;0;0;0;0;;;;0;0;0;0;3;;;;3;3
57049;Pescorocchiano;999;425;454;27;26;;;;932;291;378;22;183;;;;874;1806
57050;Petrella Salto;0;3;0;0;0;;;;3;2;0;0;0;;;;2;5
57050;Petrella Salto;1;1;0;0;0;;;;1;2;0;0;0;;;;2;3
57050;Petrella Salto;2;2;0;0;0;;;;2;2;0;0;0;;;;2;4
57050;Petrella Salto;3;4;0;0;0;;;;4;3;0;0;0;;;;3;7
57050;Petrella Salto;4;1;0;0;0;;;;1;2;0;0;0;;;;2;3
57050;Petrella Salto;5;4;0;0;0;;;;4;0;0;0;0;;;;0;4
57050;Petrella Salto;6;3;0;0;0;;;;3;0;0;0;0;;;;0;3
57050;Petrella Salto;7;3;0;0;0;;;;3;4;0;0;0;;;;4;7
57050;Petrella Salto;8;3;0;0;0;;;;3;2;0;0;0;;;;2;5
57050;Petrella Salto;9;8;0;0;0;;;;8;1;0;0;0;;;;1;9
57050;Petrella Salto;10;1;0;0;0;;;;1;2;0;0;0;;;;2;3
57050;Petrella Salto;11;4;0;0;0;;;;4;2;0;0;0;;;;2;6
57050;Petrella Salto;12;3;0;0;0;;;;3;2;0;0;0;;;;2;5
57050;Petrella Salto;13;5;0;0;0;;;;5;3;0;0;0;;;;3;8
57050;Petrella Salto;14;1;0;0;0;;;;1;3;0;0;0;;;;3;4
57050;Petrella Salto;15;1;0;0;0;;;;1;5;0;0;0;;;;5;6
57050;Petrella Salto;16;0;0;0;0;;;;0;1;0;0;0;;;;1;1
57050;Petrella Salto;17;4;0;0;0;;;;4;3;0;0;0;;;;3;7
57050;Petrella Salto;18;3;0;0;0;;;;3;3;0;0;0;;;;3;6
57050;Petrella Salto;19;8;0;0;0;;;;8;0;0;0;0;;;;0;8
57050;Petrella Salto;20;6;0;0;0;;;;6;4;0;0;0;;;;4;10
57050;Petrella Salto;21;6;0;0;0;;;;6;2;0;0;0;;;;2;8
57050;Petrella Salto;22;1;0;0;0;;;;1;3;0;0;0;;;;3;4
57050;Petrella Salto;23;3;0;0;0;;;;3;4;0;0;0;;;;4;7
57050;Petrella Salto;24;10;0;0;0;;;;10;2;0;0;0;;;;2;12
57050;Petrella Salto;25;8;0;0;0;;;;8;2;0;0;0;;;;2;10
57050;Petrella Salto;26;3;0;0;0;;;;3;5;2;0;0;;;;7;10
57050;Petrella Salto;27;4;0;0;0;;;;4;7;1;0;0;;;;8;12
57050;Petrella Salto;28;3;0;0;0;;;;3;5;0;0;0;;;;5;8
57050;Petrella Salto;29;1;0;0;0;;;;1;3;0;0;0;;;;3;4
57050;Petrella Salto;30;7;1;0;0;;;;8;2;0;0;0;;;;2;10
57050;Petrella Salto;31;6;1;0;0;;;;7;2;0;0;0;;;;2;9
57050;Petrella Salto;32;5;0;0;0;;;;5;2;0;0;0;;;;2;7
57050;Petrella Salto;33;6;0;0;0;;;;6;1;0;0;0;;;;1;7
57050;Petrella Salto;34;4;1;0;0;;;;5;1;3;0;0;;;;4;9
57050;Petrella Salto;35;1;3;0;0;;;;4;6;2;0;0;;;;8;12
57050;Petrella Salto;36;5;0;0;0;;;;5;1;2;0;0;;;;3;8
57050;Petrella Salto;37;2;1;0;0;;;;3;2;0;0;0;;;;2;5
57050;Petrella Salto;38;4;0;0;0;;;;4;3;2;0;0;;;;5;9
57050;Petrella Salto;39;5;0;0;0;;;;5;2;5;0;0;;;;7;12
57050;Petrella Salto;40;7;4;0;0;;;;11;2;2;0;0;;;;4;15
57050;Petrella Salto;41;4;0;1;0;;;;5;3;4;1;0;;;;8;13
57050;Petrella Salto;42;4;3;0;0;;;;7;2;3;0;0;;;;5;12
57050;Petrella Salto;43;5;6;0;0;;;;11;2;3;0;0;;;;5;16
57050;Petrella Salto;44;4;3;0;0;;;;7;1;4;0;0;;;;5;12
57050;Petrella Salto;45;5;1;0;0;;;;6;3;2;0;0;;;;5;11
57050;Petrella Salto;46;5;3;0;0;;;;8;1;3;0;0;;;;4;12
57050;Petrella Salto;47;2;2;0;0;;;;4;2;2;0;0;;;;4;8
57050;Petrella Salto;48;1;1;1;0;;;;3;3;3;0;1;;;;7;10
57050;Petrella Salto;49;2;3;0;0;;;;5;1;2;0;1;;;;4;9
57050;Petrella Salto;50;5;7;0;0;;;;12;4;2;0;0;;;;6;18
57050;Petrella Salto;51;7;3;0;0;;;;10;2;1;0;1;;;;4;14
57050;Petrella Salto;52;3;6;0;0;;;;9;1;8;1;0;;;;10;19
57050;Petrella Salto;53;1;8;1;0;;;;10;5;6;0;0;;;;11;21
57050;Petrella Salto;54;1;1;2;0;;;;4;1;3;2;0;;;;6;10
57050;Petrella Salto;55;4;7;0;0;;;;11;2;4;1;1;;;;8;19
57050;Petrella Salto;56;3;5;0;0;;;;8;2;6;1;1;;;;10;18
57050;Petrella Salto;57;3;4;1;0;;;;8;0;5;0;0;;;;5;13
57050;Petrella Salto;58;1;10;0;1;;;;12;1;4;0;0;;;;5;17
57050;Petrella Salto;59;4;4;0;0;;;;8;0;5;0;1;;;;6;14
57050;Petrella Salto;60;1;11;1;0;;;;13;1;9;0;0;;;;10;23
57050;Petrella Salto;61;1;7;0;0;;;;8;4;8;0;2;;;;14;22
57050;Petrella Salto;62;4;4;2;0;;;;10;1;6;0;2;;;;9;19
57050;Petrella Salto;63;1;8;0;0;;;;9;2;3;0;1;;;;6;15
57050;Petrella Salto;64;6;7;0;0;;;;13;1;5;0;2;;;;8;21
57050;Petrella Salto;65;2;4;0;1;;;;7;1;10;0;4;;;;15;22
57050;Petrella Salto;66;4;8;1;0;;;;13;0;9;0;0;;;;9;22
57050;Petrella Salto;67;3;4;0;0;;;;7;1;5;0;1;;;;7;14
57050;Petrella Salto;68;4;6;1;0;;;;11;0;3;1;1;;;;5;16
57050;Petrella Salto;69;2;13;0;0;;;;15;1;4;0;3;;;;8;23
57050;Petrella Salto;70;2;7;0;1;;;;10;0;6;0;2;;;;8;18
57050;Petrella Salto;71;4;6;0;0;;;;10;1;4;0;0;;;;5;15
57050;Petrella Salto;72;3;9;0;1;;;;13;1;5;0;1;;;;7;20
57050;Petrella Salto;73;0;6;0;0;;;;6;1;4;1;3;;;;9;15
57050;Petrella Salto;74;3;7;0;3;;;;13;0;1;0;6;;;;7;20
57050;Petrella Salto;75;0;8;0;0;;;;8;1;2;1;2;;;;6;14
57050;Petrella Salto;76;2;5;0;3;;;;10;3;2;1;5;;;;11;21
57050;Petrella Salto;77;1;4;0;1;;;;6;0;4;0;2;;;;6;12
57050;Petrella Salto;78;0;4;0;0;;;;4;1;1;0;4;;;;6;10
57050;Petrella Salto;79;1;6;0;4;;;;11;0;0;0;1;;;;1;12
57050;Petrella Salto;80;0;1;1;1;;;;3;3;1;0;4;;;;8;11
57050;Petrella Salto;81;1;1;0;1;;;;3;0;6;0;0;;;;6;9
57050;Petrella Salto;82;1;1;0;1;;;;3;1;4;0;1;;;;6;9
57050;Petrella Salto;83;1;5;0;2;;;;8;0;0;0;3;;;;3;11
57050;Petrella Salto;84;0;4;0;2;;;;6;0;1;0;6;;;;7;13
57050;Petrella Salto;85;0;4;0;0;;;;4;0;1;0;3;;;;4;8
57050;Petrella Salto;86;0;1;0;1;;;;2;2;1;0;1;;;;4;6
57050;Petrella Salto;87;0;3;0;0;;;;3;0;2;0;5;;;;7;10
57050;Petrella Salto;88;0;3;0;0;;;;3;0;0;0;4;;;;4;7
57050;Petrella Salto;89;0;3;0;1;;;;4;1;0;0;1;;;;2;6
57050;Petrella Salto;90;0;1;0;0;;;;1;0;0;0;2;;;;2;3
57050;Petrella Salto;91;0;0;0;0;;;;0;0;1;0;3;;;;4;4
57050;Petrella Salto;92;0;3;0;0;;;;3;0;0;0;3;;;;3;6
57050;Petrella Salto;93;0;0;0;1;;;;1;0;1;0;2;;;;3;4
57050;Petrella Salto;94;0;1;0;2;;;;3;0;0;0;1;;;;1;4
57050;Petrella Salto;95;0;0;0;0;;;;0;0;0;0;0;;;;0;0
57050;Petrella Salto;96;0;0;0;0;;;;0;0;0;0;3;;;;3;3
57050;Petrella Salto;97;0;0;0;0;;;;0;0;0;0;0;;;;0;0
57050;Petrella Salto;98;0;0;0;0;;;;0;0;0;0;0;;;;0;0
57050;Petrella Salto;99;0;0;0;0;;;;0;0;0;0;0;;;;0;0
57050;Petrella Salto;100;0;0;0;0;;;;0;0;0;0;0;;;;0;0
57050;Petrella Salto;999;270;253;12;27;;;;562;166;198;10;90;;;;464;1026
57051;Poggio Bustone;0;9;0;0;0;;;;9;8;0;0;0;;;;8;17
57051;Poggio Bustone;1;8;0;0;0;;;;8;3;0;0;0;;;;3;11
57051;Poggio Bustone;2;5;0;0;0;;;;5;7;0;0;0;;;;7;12
57051;Poggio Bustone;3;5;0;0;0;;;;5;5;0;0;0;;;;5;10
57051;Poggio Bustone;4;10;0;0;0;;;;10;5;0;0;0;;;;5;15
57051;Poggio Bustone;5;6;0;0;0;;;;6;6;0;0;0;;;;6;12
57051;Poggio Bustone;6;5;0;0;0;;;;5;6;0;0;0;;;;6;11
57051;Poggio Bustone;7;6;0;0;0;;;;6;5;0;0;0;;;;5;11
57051;Poggio Bustone;8;7;0;0;0;;;;7;8;0;0;0;;;;8;15
57051;Poggio Bustone;9;10;0;0;0;;;;10;10;0;0;0;;;;10;20
57051;Poggio Bustone;10;7;0;0;0;;;;7;8;0;0;0;;;;8;15
57051;Poggio Bustone;11;11;0;0;0;;;;11;4;0;0;0;;;;4;15
57051;Poggio Bustone;12;10;0;0;0;;;;10;4;0;0;0;;;;4;14
57051;Poggio Bustone;13;11;0;0;0;;;;11;13;0;0;0;;;;13;24
57051;Poggio Bustone;14;7;0;0;0;;;;7;4;0;0;0;;;;4;11
57051;Poggio Bustone;15;7;0;0;0;;;;7;2;0;0;0;;;;2;9
57051;Poggio Bustone;16;14;0;0;0;;;;14;9;0;0;0;;;;9;23
57051;Poggio Bustone;17;7;0;0;0;;;;7;2;0;0;0;;;;2;9
57051;Poggio Bustone;18;7;0;0;0;;;;7;1;0;0;0;;;;1;8
57051;Poggio Bustone;19;13;0;0;0;;;;13;15;0;0;0;;;;15;28
57051;Poggio Bustone;20;8;0;0;0;;;;8;7;0;0;0;;;;7;15
57051;Poggio Bustone;21;6;0;0;0;;;;6;6;0;0;0;;;;6;12
57051;Poggio Bustone;22;4;0;0;0;;;;4;7;0;0;0;;;;7;11
57051;Poggio Bustone;23;8;0;0;0;;;;8;4;0;0;0;;;;4;12
57051;Poggio Bustone;24;4;0;0;0;;;;4;8;0;0;0;;;;8;12
57051;Poggio Bustone;25;11;1;0;0;;;;12;10;1;0;0;;;;11;23
57051;Poggio Bustone;26;8;0;0;0;;;;8;3;2;0;0;;;;5;13
57051;Poggio Bustone;27;13;0;0;0;;;;13;6;1;0;0;;;;7;20
57051;Poggio Bustone;28;11;3;0;0;;;;14;6;1;0;0;;;;7;21
57051;Poggio Bustone;29;4;0;0;0;;;;4;8;2;0;0;;;;10;14
57051;Poggio Bustone;30;7;1;0;0;;;;8;4;0;0;0;;;;4;12
57051;Poggio Bustone;31;12;3;0;0;;;;15;9;3;0;0;;;;12;27
57051;Poggio Bustone;32;7;4;0;0;;;;11;11;2;0;0;;;;13;24
57051;Poggio Bustone;33;9;0;0;0;;;;9;7;4;0;0;;;;11;20
57051;Poggio Bustone;34;8;4;0;0;;;;12;7;8;0;0;;;;15;27
57051;Poggio Bustone;35;6;2;0;0;;;;8;9;8;0;0;;;;17;25
57051;Poggio Bustone;36;7;1;0;0;;;;8;6;2;1;0;;;;9;17
57051;Poggio Bustone;37;7;3;1;0;;;;11;2;3;0;0;;;;5;16
57051;Poggio Bustone;38;5;3;0;0;;;;8;5;10;0;0;;;;15;23
57051;Poggio Bustone;39;12;6;0;0;;;;18;6;4;0;0;;;;10;28
57051;Poggio Bustone;40;8;12;0;0;;;;20;6;7;0;0;;;;13;33
57051;Poggio Bustone;41;5;3;0;0;;;;8;4;7;0;0;;;;11;19
57051;Poggio Bustone;42;5;4;0;0;;;;9;5;8;0;0;;;;13;22
57051;Poggio Bustone;43;9;5;0;0;;;;14;1;6;2;0;;;;9;23
57051;Poggio Bustone;44;7;9;0;0;;;;16;4;4;0;0;;;;8;24
57051;Poggio Bustone;45;9;9;1;0;;;;19;2;13;0;0;;;;15;34
57051;Poggio Bustone;46;5;8;0;0;;;;13;3;9;0;1;;;;13;26
57051;Poggio Bustone;47;6;8;1;0;;;;15;1;10;0;0;;;;11;26
57051;Poggio Bustone;48;8;12;0;0;;;;20;1;12;1;0;;;;14;34
57051;Poggio Bustone;49;4;9;1;0;;;;14;1;5;0;0;;;;6;20
57051;Poggio Bustone;50;5;12;0;0;;;;17;1;9;0;0;;;;10;27
57051;Poggio Bustone;51;3;10;0;0;;;;13;3;12;0;0;;;;15;28
57051;Poggio Bustone;52;1;7;0;0;;;;8;2;16;1;0;;;;19;27
57051;Poggio Bustone;53;6;3;1;0;;;;10;1;10;0;1;;;;12;22
57051;Poggio Bustone;54;5;11;2;1;;;;19;0;11;0;2;;;;13;32
57051;Poggio Bustone;55;3;15;0;0;;;;18;2;9;1;0;;;;12;30
57051;Poggio Bustone;56;4;9;0;0;;;;13;1;9;0;1;;;;11;24
57051;Poggio Bustone;57;1;18;1;1;;;;21;1;14;2;1;;;;18;39
57051;Poggio Bustone;58;2;7;0;0;;;;9;1;13;2;0;;;;16;25
57051;Poggio Bustone;59;4;17;0;0;;;;21;3;20;1;2;;;;26;47
57051;Poggio Bustone;60;1;16;3;0;;;;20;1;11;2;4;;;;18;38
57051;Poggio Bustone;61;0;16;2;1;;;;19;1;20;4;1;;;;26;45
57051;Poggio Bustone;62;1;13;3;2;;;;19;1;14;0;3;;;;18;37
57051;Poggio Bustone;63;3;18;0;0;;;;21;0;20;0;0;;;;20;41
57051;Poggio Bustone;64;2;16;0;0;;;;18;0;7;0;3;;;;10;28
57051;Poggio Bustone;65;4;10;0;0;;;;14;0;8;1;4;;;;13;27
57051;Poggio Bustone;66;1;10;0;0;;;;11;0;13;0;1;;;;14;25
57051;Poggio Bustone;67;1;12;2;0;;;;15;0;13;0;4;;;;17;32
57051;Poggio Bustone;68;3;17;1;0;;;;21;0;10;0;2;;;;12;33
57051;Poggio Bustone;69;1;8;0;1;;;;10;0;10;1;4;;;;15;25
57051;Poggio Bustone;70;0;11;0;0;;;;11;1;7;0;2;;;;10;21
57051;Poggio Bustone;71;0;15;0;0;;;;15;0;13;1;3;;;;17;32
57051;Poggio Bustone;72;1;8;0;0;;;;9;1;7;0;3;;;;11;20
57051;Poggio Bustone;73;1;10;0;0;;;;11;0;12;0;1;;;;13;24
57051;Poggio Bustone;74;1;14;1;0;;;;16;1;8;0;5;;;;14;30
57051;Poggio Bustone;75;1;16;1;0;;;;18;0;13;0;4;;;;17;35
57051;Poggio Bustone;76;3;14;0;1;;;;18;0;9;0;9;;;;18;36
57051;Poggio Bustone;77;0;4;0;0;;;;4;0;3;0;9;;;;12;16
57051;Poggio Bustone;78;0;11;1;1;;;;13;0;3;0;3;;;;6;19
57051;Poggio Bustone;79;0;3;1;1;;;;5;2;6;0;3;;;;11;16
57051;Poggio Bustone;80;1;9;0;0;;;;10;0;3;1;6;;;;10;20
57051;Poggio Bustone;81;0;7;0;1;;;;8;0;2;0;7;;;;9;17
57051;Poggio Bustone;82;0;4;0;1;;;;5;0;2;0;2;;;;4;9
57051;Poggio Bustone;83;0;6;0;1;;;;7;0;5;0;5;;;;10;17
57051;Poggio Bustone;84;0;2;0;0;;;;2;0;2;0;11;;;;13;15
57051;Poggio Bustone;85;1;3;0;2;;;;6;1;2;0;7;;;;10;16
57051;Poggio Bustone;86;0;7;0;0;;;;7;0;0;0;3;;;;3;10
57051;Poggio Bustone;87;0;3;0;1;;;;4;0;2;0;3;;;;5;9
57051;Poggio Bustone;88;0;0;0;2;;;;2;1;1;0;5;;;;7;9
57051;Poggio Bustone;89;0;1;0;0;;;;1;0;1;0;6;;;;7;8
57051;Poggio Bustone;90;0;2;0;1;;;;3;0;2;0;5;;;;7;10
57051;Poggio Bustone;91;0;2;0;0;;;;2;0;0;0;5;;;;5;7
57051;Poggio Bustone;92;0;0;0;0;;;;0;0;0;0;3;;;;3;3
57051;Poggio Bustone;93;0;0;0;1;;;;1;0;0;0;1;;;;1;2
57051;Poggio Bustone;94;0;1;0;0;;;;1;0;0;0;4;;;;4;5
57051;Poggio Bustone;95;0;0;0;0;;;;0;0;0;0;3;;;;3;3
57051;Poggio Bustone;96;0;0;0;1;;;;1;0;0;0;0;;;;0;1
57051;Poggio Bustone;97;0;1;0;0;;;;1;0;0;0;1;;;;1;2
57051;Poggio Bustone;98;0;0;0;0;;;;0;0;0;0;1;;;;1;1
57051;Poggio Bustone;99;0;0;0;0;;;;0;0;0;0;2;;;;2;2
57051;Poggio Bustone;100;0;0;0;0;;;;0;0;0;0;1;;;;1;1
57051;Poggio Bustone;999;448;509;23;20;;;;1000;309;484;21;157;;;;971;1971
57052;Poggio Catino;0;2;0;0;0;;;;2;3;0;0;0;;;;3;5
57052;Poggio Catino;1;4;0;0;0;;;;4;2;0;0;0;;;;2;6
57052;Poggio Catino;2;7;0;0;0;;;;7;6;0;0;0;;;;6;13
57052;Poggio Catino;3;6;0;0;0;;;;6;6;0;0;0;;;;6;12
57052;Poggio Catino;4;10;0;0;0;;;;10;7;0;0;0;;;;7;17
57052;Poggio Catino;5;7;0;0;0;;;;7;6;0;0;0;;;;6;13
57052;Poggio Catino;6;2;0;0;0;;;;2;5;0;0;0;;;;5;7
57052;Poggio Catino;7;10;0;0;0;;;;10;5;0;0;0;;;;5;15
57052;Poggio Catino;8;2;0;0;0;;;;2;6;0;0;0;;;;6;8
57052;Poggio Catino;9;3;0;0;0;;;;3;6;0;0;0;;;;6;9
57052;Poggio Catino;10;4;0;0;0;;;;4;9;0;0;0;;;;9;13
57052;Poggio Catino;11;5;0;0;0;;;;5;4;0;0;0;;;;4;9
57052;Poggio Catino;12;4;0;0;0;;;;4;8;0;0;0;;;;8;12
57052;Poggio Catino;13;10;0;0;0;;;;10;4;0;0;0;;;;4;14
57052;Poggio Catino;14;1;0;0;0;;;;1;2;0;0;0;;;;2;3
57052;Poggio Catino;15;7;0;0;0;;;;7;4;0;0;0;;;;4;11
57052;Poggio Catino;16;3;0;0;0;;;;3;3;0;0;0;;;;3;6
57052;Poggio Catino;17;7;0;0;0;;;;7;4;0;0;0;;;;4;11
57052;Poggio Catino;18;9;0;0;0;;;;9;6;0;0;0;;;;6;15
57052;Poggio Catino;19;7;0;0;0;;;;7;2;0;0;0;;;;2;9
57052;Poggio Catino;20;10;0;0;0;;;;10;6;0;0;0;;;;6;16
57052;Poggio Catino;21;4;0;0;0;;;;4;5;0;0;0;;;;5;9
57052;Poggio Catino;22;8;0;0;0;;;;8;2;0;0;0;;;;2;10
57052;Poggio Catino;23;4;0;0;0;;;;4;5;0;0;0;;;;5;9
57052;Poggio Catino;24;7;0;0;0;;;;7;12;0;0;0;;;;12;19
57052;Poggio Catino;25;3;0;0;0;;;;3;4;0;0;0;;;;4;7
57052;Poggio Catino;26;6;0;0;0;;;;6;5;1;0;0;;;;6;12
57052;Poggio Catino;27;2;0;0;0;;;;2;5;0;0;0;;;;5;7
57052;Poggio Catino;28;4;0;0;0;;;;4;7;0;0;0;;;;7;11
57052;Poggio Catino;29;5;0;0;0;;;;5;5;2;0;0;;;;7;12
57052;Poggio Catino;30;10;1;0;0;;;;11;7;2;0;0;;;;9;20
57052;Poggio Catino;31;6;0;0;0;;;;6;5;1;0;0;;;;6;12
57052;Poggio Catino;32;5;4;0;0;;;;9;9;2;1;0;;;;12;21
57052;Poggio Catino;33;8;1;0;0;;;;9;6;2;0;0;;;;8;17
57052;Poggio Catino;34;3;2;0;0;;;;5;5;2;0;0;;;;7;12
57052;Poggio Catino;35;7;5;0;0;;;;12;4;2;0;0;;;;6;18
57052;Poggio Catino;36;5;1;0;0;;;;6;2;2;0;0;;;;4;10
57052;Poggio Catino;37;3;2;0;0;;;;5;6;5;2;0;;;;13;18
57052;Poggio Catino;38;8;0;0;0;;;;8;3;4;1;0;;;;8;16
57052;Poggio Catino;39;7;2;0;0;;;;9;2;4;0;0;;;;6;15
57052;Poggio Catino;40;3;3;0;0;;;;6;6;2;0;1;;;;9;15
57052;Poggio Catino;41;7;2;0;0;;;;9;3;6;0;0;;;;9;18
57052;Poggio Catino;42;5;10;0;0;;;;15;1;4;0;0;;;;5;20
57052;Poggio Catino;43;3;4;1;0;;;;8;1;3;1;0;;;;5;13
57052;Poggio Catino;44;0;1;1;0;;;;2;1;7;0;0;;;;8;10
57052;Poggio Catino;45;2;6;0;0;;;;8;1;7;1;0;;;;9;17
57052;Poggio Catino;46;6;5;0;0;;;;11;4;7;2;0;;;;13;24
57052;Poggio Catino;47;3;2;0;0;;;;5;7;6;2;1;;;;16;21
57052;Poggio Catino;48;4;3;1;0;;;;8;3;5;2;1;;;;11;19
57052;Poggio Catino;49;3;4;0;0;;;;7;2;9;1;0;;;;12;19
57052;Poggio Catino;50;2;6;0;0;;;;8;2;5;0;0;;;;7;15
57052;Poggio Catino;51;0;3;0;0;;;;3;3;4;1;1;;;;9;12
57052;Poggio Catino;52;5;6;1;0;;;;12;2;3;0;0;;;;5;17
57052;Poggio Catino;53;1;3;1;0;;;;5;2;11;0;0;;;;13;18
57052;Poggio Catino;54;3;7;2;0;;;;12;1;5;0;1;;;;7;19
57052;Poggio Catino;55;3;7;0;0;;;;10;3;9;1;1;;;;14;24
57052;Poggio Catino;56;3;7;0;0;;;;10;1;10;3;1;;;;15;25
57052;Poggio Catino;57;2;8;0;0;;;;10;0;4;2;0;;;;6;16
57052;Poggio Catino;58;4;5;2;0;;;;11;3;5;0;2;;;;10;21
57052;Poggio Catino;59;2;7;2;0;;;;11;1;10;2;1;;;;14;25
57052;Poggio Catino;60;2;7;2;0;;;;11;0;10;1;0;;;;11;22
57052;Poggio Catino;61;0;7;1;1;;;;9;2;6;1;2;;;;11;20
57052;Poggio Catino;62;2;4;0;0;;;;6;2;5;1;3;;;;11;17
57052;Poggio Catino;63;2;13;2;0;;;;17;1;6;3;2;;;;12;29
57052;Poggio Catino;64;2;9;1;0;;;;12;0;6;0;0;;;;6;18
57052;Poggio Catino;65;0;9;1;0;;;;10;1;4;1;0;;;;6;16
57052;Poggio Catino;66;0;6;2;0;;;;8;0;8;3;2;;;;13;21
57052;Poggio Catino;67;2;6;1;0;;;;9;0;7;0;0;;;;7;16
57052;Poggio Catino;68;1;6;2;0;;;;9;0;8;2;1;;;;11;20
57052;Poggio Catino;69;1;7;0;0;;;;8;0;6;2;1;;;;9;17
57052;Poggio Catino;70;1;5;0;1;;;;7;3;7;2;1;;;;13;20
57052;Poggio Catino;71;1;7;1;0;;;;9;1;6;0;2;;;;9;18
57052;Poggio Catino;72;0;4;2;0;;;;6;0;7;0;3;;;;10;16
57052;Poggio Catino;73;0;7;0;0;;;;7;2;10;2;0;;;;14;21
57052;Poggio Catino;74;1;10;1;0;;;;12;1;6;1;2;;;;10;22
57052;Poggio Catino;75;0;5;0;1;;;;6;0;4;0;5;;;;9;15
57052;Poggio Catino;76;0;3;0;0;;;;3;0;8;1;1;;;;10;13
57052;Poggio Catino;77;0;4;0;0;;;;4;3;3;0;3;;;;9;13
57052;Poggio Catino;78;0;11;0;0;;;;11;1;4;0;2;;;;7;18
57052;Poggio Catino;79;0;4;0;1;;;;5;0;3;0;3;;;;6;11
57052;Poggio Catino;80;1;5;0;3;;;;9;1;0;0;2;;;;3;12
57052;Poggio Catino;81;1;4;0;0;;;;5;0;4;1;1;;;;6;11
57052;Poggio Catino;82;0;4;1;1;;;;6;0;2;0;2;;;;4;10
57052;Poggio Catino;83;1;3;0;0;;;;4;0;2;0;4;;;;6;10
57052;Poggio Catino;84;1;2;0;1;;;;4;2;0;0;4;;;;6;10
57052;Poggio Catino;85;0;0;0;0;;;;0;0;1;0;2;;;;3;3
57052;Poggio Catino;86;1;1;0;0;;;;2;1;1;0;3;;;;5;7
57052;Poggio Catino;87;0;1;0;0;;;;1;0;0;0;4;;;;4;5
57052;Poggio Catino;88;0;0;0;0;;;;0;0;1;0;2;;;;3;3
57052;Poggio Catino;89;1;2;0;0;;;;3;0;1;0;0;;;;1;4
57052;Poggio Catino;90;0;2;0;1;;;;3;0;1;0;2;;;;3;6
57052;Poggio Catino;91;0;1;0;2;;;;3;0;2;0;1;;;;3;6
57052;Poggio Catino;92;0;1;0;0;;;;1;0;0;0;1;;;;1;2
57052;Poggio Catino;93;0;0;0;0;;;;0;0;0;0;1;;;;1;1
57052;Poggio Catino;94;0;1;0;1;;;;2;0;1;0;2;;;;3;5
57052;Poggio Catino;95;0;0;0;0;;;;0;0;0;0;1;;;;1;1
57052;Poggio Catino;96;0;0;0;0;;;;0;0;0;0;0;;;;0;0
57052;Poggio Catino;97;0;0;0;0;;;;0;0;0;0;0;;;;0;0
57052;Poggio Catino;98;0;0;0;0;;;;0;0;0;0;1;;;;1;1
57052;Poggio Catino;99;0;0;0;0;;;;0;0;0;0;0;;;;0;0
57052;Poggio Catino;100;0;0;0;0;;;;0;0;0;0;0;;;;0;0
57052;Poggio Catino;999;307;278;28;13;;;;626;271;291;43;76;;;;681;1307
57053;Poggio Mirteto;0;13;0;0;0;;;;13;18;0;0;0;;;;18;31
57053;Poggio Mirteto;1;16;0;0;0;;;;16;12;0;0;0;;;;12;28
57053;Poggio Mirteto;2;21;0;0;0;;;;21;18;0;0;0;;;;18;39
57053;Poggio Mirteto;3;20;0;0;0;;;;20;14;0;0;0;;;;14;34
57053;Poggio Mirteto;4;18;0;0;0;;;;18;17;0;0;0;;;;17;35
57053;Poggio Mirteto;5;19;0;0;0;;;;19;10;0;0;0;;;;10;29
57053;Poggio Mirteto;6;28;0;0;0;;;;28;14;0;0;0;;;;14;42
57053;Poggio Mirteto;7;21;0;0;0;;;;21;23;0;0;0;;;;23;44
57053;Poggio Mirteto;8;29;0;0;0;;;;29;20;0;0;0;;;;20;49
57053;Poggio Mirteto;9;22;0;0;0;;;;22;28;0;0;0;;;;28;50
57053;Poggio Mirteto;10;40;0;0;0;;;;40;18;0;0;0;;;;18;58
57053;Poggio Mirteto;11;25;0;0;0;;;;25;28;0;0;0;;;;28;53
57053;Poggio Mirteto;12;27;0;0;0;;;;27;31;0;0;0;;;;31;58
57053;Poggio Mirteto;13;29;0;0;0;;;;29;25;0;0;0;;;;25;54
57053;Poggio Mirteto;14;42;0;0;0;;;;42;26;0;0;0;;;;26;68
57053;Poggio Mirteto;15;27;0;0;0;;;;27;27;0;0;0;;;;27;54
57053;Poggio Mirteto;16;27;0;0;0;;;;27;41;0;0;0;;;;41;68
57053;Poggio Mirteto;17;35;0;0;0;;;;35;30;0;0;0;;;;30;65
57053;Poggio Mirteto;18;37;0;0;0;;;;37;27;0;0;0;;;;27;64
57053;Poggio Mirteto;19;28;0;0;0;;;;28;34;0;0;0;;;;34;62
57053;Poggio Mirteto;20;30;0;0;0;;;;30;32;1;0;0;;;;33;63
57053;Poggio Mirteto;21;24;0;0;0;;;;24;19;0;0;0;;;;19;43
57053;Poggio Mirteto;22;24;0;0;0;;;;24;33;1;0;0;;;;34;58
57053;Poggio Mirteto;23;29;0;0;0;;;;29;23;2;0;0;;;;25;54
57053;Poggio Mirteto;24;35;0;0;0;;;;35;37;2;0;0;;;;39;74
57053;Poggio Mirteto;25;35;0;0;0;;;;35;22;3;0;0;;;;25;60
57053;Poggio Mirteto;26;31;0;0;0;;;;31;29;4;1;0;;;;34;65
57053;Poggio Mirteto;27;28;1;0;0;;;;29;21;5;0;0;;;;26;55
57053;Poggio Mirteto;28;21;2;0;0;;;;23;26;4;1;0;;;;31;54
57053;Poggio Mirteto;29;37;6;1;0;;;;44;20;5;0;0;;;;25;69
57053;Poggio Mirteto;30;25;7;1;0;;;;33;32;5;0;0;;;;37;70
57053;Poggio Mirteto;31;25;3;0;0;;;;28;11;6;0;0;;;;17;45
57053;Poggio Mirteto;32;19;6;0;0;;;;25;28;5;0;0;;;;33;58
57053;Poggio Mirteto;33;25;5;0;0;;;;30;22;13;0;0;;;;35;65
57053;Poggio Mirteto;34;23;8;0;0;;;;31;14;12;0;0;;;;26;57
57053;Poggio Mirteto;35;24;7;0;0;;;;31;19;12;1;0;;;;32;63
57053;Poggio Mirteto;36;33;15;0;0;;;;48;20;14;1;0;;;;35;83
57053;Poggio Mirteto;37;24;16;0;0;;;;40;13;13;0;0;;;;26;66
57053;Poggio Mirteto;38;15;8;0;0;;;;23;23;20;1;0;;;;44;67
57053;Poggio Mirteto;39;27;16;0;0;;;;43;16;20;0;0;;;;36;79
57053;Poggio Mirteto;40;13;20;0;0;;;;33;16;11;0;0;;;;27;60
57053;Poggio Mirteto;41;15;20;1;1;;;;37;11;24;2;0;;;;37;74
57053;Poggio Mirteto;42;18;21;2;0;;;;41;17;22;2;0;;;;41;82
57053;Poggio Mirteto;43;19;18;4;0;;;;41;18;23;4;1;;;;46;87
57053;Poggio Mirteto;44;14;18;0;0;;;;32;11;23;3;0;;;;37;69
57053;Poggio Mirteto;45;23;21;2;0;;;;46;9;31;1;0;;;;41;87
57053;Poggio Mirteto;46;20;24;1;0;;;;45;8;23;1;0;;;;32;77
57053;Poggio Mirteto;47;18;24;1;0;;;;43;21;35;4;2;;;;62;105
57053;Poggio Mirteto;48;7;32;3;0;;;;42;13;28;5;0;;;;46;88
57053;Poggio Mirteto;49;20;30;4;0;;;;54;8;24;6;0;;;;38;92
57053;Poggio Mirteto;50;21;31;4;0;;;;56;11;41;1;2;;;;55;111
57053;Poggio Mirteto;51;18;22;5;2;;;;47;13;37;7;4;;;;61;108
57053;Poggio Mirteto;52;12;28;3;0;;;;43;11;27;3;1;;;;42;85
57053;Poggio Mirteto;53;18;22;4;0;;;;44;9;42;4;0;;;;55;99
57053;Poggio Mirteto;54;8;30;3;0;;;;41;5;34;4;1;;;;44;85
57053;Poggio Mirteto;55;12;38;7;1;;;;58;6;31;4;2;;;;43;101
57053;Poggio Mirteto;56;10;35;1;1;;;;47;6;35;9;2;;;;52;99
57053;Poggio Mirteto;57;4;40;4;0;;;;48;5;41;6;2;;;;54;102
57053;Poggio Mirteto;58;12;26;6;3;;;;47;10;32;3;2;;;;47;94
57053;Poggio Mirteto;59;7;32;4;1;;;;44;8;34;5;3;;;;50;94
57053;Poggio Mirteto;60;15;33;7;1;;;;56;7;45;5;6;;;;63;119
57053;Poggio Mirteto;61;8;37;2;1;;;;48;4;32;5;4;;;;45;93
57053;Poggio Mirteto;62;3;37;4;1;;;;45;3;38;3;6;;;;50;95
57053;Poggio Mirteto;63;5;33;2;1;;;;41;8;47;3;5;;;;63;104
57053;Poggio Mirteto;64;5;34;3;0;;;;42;2;34;5;10;;;;51;93
57053;Poggio Mirteto;65;5;25;2;1;;;;33;4;27;3;6;;;;40;73
57053;Poggio Mirteto;66;4;40;4;0;;;;48;3;38;5;8;;;;54;102
57053;Poggio Mirteto;67;3;23;2;0;;;;28;4;24;4;6;;;;38;66
57053;Poggio Mirteto;68;7;37;4;1;;;;49;2;31;3;4;;;;40;89
57053;Poggio Mirteto;69;4;22;4;0;;;;30;2;28;4;9;;;;43;73
57053;Poggio Mirteto;70;4;32;3;0;;;;39;4;27;3;9;;;;43;82
57053;Poggio Mirteto;71;2;21;0;0;;;;23;4;29;3;6;;;;42;65
57053;Poggio Mirteto;72;4;34;4;1;;;;43;1;21;4;8;;;;34;77
57053;Poggio Mirteto;73;1;29;6;1;;;;37;2;28;2;5;;;;37;74
57053;Poggio Mirteto;74;2;24;1;6;;;;33;3;16;2;7;;;;28;61
57053;Poggio Mirteto;75;1;25;3;1;;;;30;4;19;3;6;;;;32;62
57053;Poggio Mirteto;76;3;24;1;0;;;;28;0;19;0;13;;;;32;60
57053;Poggio Mirteto;77;1;19;3;3;;;;26;2;24;0;10;;;;36;62
57053;Poggio Mirteto;78;1;22;0;4;;;;27;1;11;0;17;;;;29;56
57053;Poggio Mirteto;79;1;23;0;3;;;;27;1;15;1;5;;;;22;49
57053;Poggio Mirteto;80;1;18;2;5;;;;26;2;15;1;13;;;;31;57
57053;Poggio Mirteto;81;1;19;1;2;;;;23;2;10;0;8;;;;20;43
57053;Poggio Mirteto;82;3;13;0;3;;;;19;0;6;2;20;;;;28;47
57053;Poggio Mirteto;83;2;17;1;3;;;;23;2;7;1;22;;;;32;55
57053;Poggio Mirteto;84;4;11;1;2;;;;18;2;11;2;12;;;;27;45
57053;Poggio Mirteto;85;0;11;0;2;;;;13;1;5;1;19;;;;26;39
57053;Poggio Mirteto;86;0;17;0;2;;;;19;1;3;1;14;;;;19;38
57053;Poggio Mirteto;87;0;8;0;0;;;;8;1;4;0;20;;;;25;33
57053;Poggio Mirteto;88;1;3;0;3;;;;7;0;7;1;9;;;;17;24
57053;Poggio Mirteto;89;0;1;0;1;;;;2;1;3;0;9;;;;13;15
57053;Poggio Mirteto;90;1;3;0;1;;;;5;0;3;0;10;;;;13;18
57053;Poggio Mirteto;91;0;3;1;0;;;;4;0;2;0;3;;;;5;9
57053;Poggio Mirteto;92;1;0;0;1;;;;2;0;2;0;7;;;;9;11
57053;Poggio Mirteto;93;0;3;0;0;;;;3;0;0;0;7;;;;7;10
57053;Poggio Mirteto;94;0;3;0;2;;;;5;0;0;0;6;;;;6;11
57053;Poggio Mirteto;95;0;0;0;1;;;;1;0;0;0;2;;;;2;3
57053;Poggio Mirteto;96;1;0;0;2;;;;3;0;0;0;5;;;;5;8
57053;Poggio Mirteto;97;0;2;0;1;;;;3;0;1;0;0;;;;1;4
57053;Poggio Mirteto;98;0;1;0;1;;;;2;0;0;0;1;;;;1;3
57053;Poggio Mirteto;99;0;0;0;0;;;;0;0;0;0;3;;;;3;3
57053;Poggio Mirteto;100;0;0;0;0;;;;0;0;0;0;2;;;;2;2
57053;Poggio Mirteto;999;1441;1339;122;66;;;;2968;1210;1377;146;364;;;;3097;6065
57054;Poggio Moiano;0;9;0;0;0;;;;9;3;0;0;0;;;;3;12
57054;Poggio Moiano;1;15;0;0;0;;;;15;9;0;0;0;;;;9;24
57054;Poggio Moiano;2;11;0;0;0;;;;11;10;0;0;0;;;;10;21
57054;Poggio Moiano;3;11;0;0;0;;;;11;11;0;0;0;;;;11;22
57054;Poggio Moiano;4;10;0;0;0;;;;10;14;0;0;0;;;;14;24
57054;Poggio Moiano;5;6;0;0;0;;;;6;10;0;0;0;;;;10;16
57054;Poggio Moiano;6;6;0;0;0;;;;6;9;0;0;0;;;;9;15
57054;Poggio Moiano;7;9;0;0;0;;;;9;9;0;0;0;;;;9;18
57054;Poggio Moiano;8;12;0;0;0;;;;12;11;0;0;0;;;;11;23
57054;Poggio Moiano;9;14;0;0;0;;;;14;9;0;0;0;;;;9;23
57054;Poggio Moiano;10;10;0;0;0;;;;10;7;0;0;0;;;;7;17
57054;Poggio Moiano;11;10;0;0;0;;;;10;6;0;0;0;;;;6;16
57054;Poggio Moiano;12;15;0;0;0;;;;15;3;0;0;0;;;;3;18
57054;Poggio Moiano;13;11;0;0;0;;;;11;10;0;0;0;;;;10;21
57054;Poggio Moiano;14;6;0;0;0;;;;6;13;0;0;0;;;;13;19
57054;Poggio Moiano;15;8;0;0;0;;;;8;6;0;0;0;;;;6;14
57054;Poggio Moiano;16;19;0;0;0;;;;19;17;0;0;0;;;;17;36
57054;Poggio Moiano;17;12;0;0;0;;;;12;18;0;0;0;;;;18;30
57054;Poggio Moiano;18;9;0;0;0;;;;9;18;0;0;0;;;;18;27
57054;Poggio Moiano;19;15;0;0;0;;;;15;8;0;0;0;;;;8;23
57054;Poggio Moiano;20;17;0;0;0;;;;17;12;0;0;0;;;;12;29
57054;Poggio Moiano;21;14;0;0;0;;;;14;14;0;0;0;;;;14;28
57054;Poggio Moiano;22;20;0;0;0;;;;20;8;0;0;0;;;;8;28
57054;Poggio Moiano;23;17;0;0;0;;;;17;19;0;1;0;;;;20;37
57054;Poggio Moiano;24;19;0;0;0;;;;19;15;1;0;0;;;;16;35
57054;Poggio Moiano;25;19;1;0;0;;;;20;8;3;0;0;;;;11;31
57054;Poggio Moiano;26;20;1;0;0;;;;21;11;0;0;0;;;;11;32
57054;Poggio Moiano;27;17;1;0;0;;;;18;19;1;0;0;;;;20;38
57054;Poggio Moiano;28;25;0;0;0;;;;25;5;1;0;0;;;;6;31
57054;Poggio Moiano;29;20;0;0;0;;;;20;11;3;0;0;;;;14;34
57054;Poggio Moiano;30;22;4;0;0;;;;26;10;3;1;0;;;;14;40
57054;Poggio Moiano;31;18;6;0;0;;;;24;12;4;0;0;;;;16;40
57054;Poggio Moiano;32;18;2;0;0;;;;20;10;5;0;0;;;;15;35
57054;Poggio Moiano;33;8;5;1;0;;;;14;8;4;0;1;;;;13;27
57054;Poggio Moiano;34;17;0;0;0;;;;17;10;5;0;0;;;;15;32
57054;Poggio Moiano;35;17;5;0;0;;;;22;9;7;0;0;;;;16;38
57054;Poggio Moiano;36;18;6;0;0;;;;24;11;2;1;0;;;;14;38
57054;Poggio Moiano;37;11;5;0;0;;;;16;10;6;0;0;;;;16;32
57054;Poggio Moiano;38;18;2;0;0;;;;20;5;7;2;0;;;;14;34
57054;Poggio Moiano;39;14;7;1;0;;;;22;9;11;1;0;;;;21;43
57054;Poggio Moiano;40;10;4;1;0;;;;15;5;5;1;0;;;;11;26
57054;Poggio Moiano;41;8;7;0;0;;;;15;7;9;0;0;;;;16;31
57054;Poggio Moiano;42;18;6;1;0;;;;25;6;6;1;0;;;;13;38
57054;Poggio Moiano;43;7;6;0;0;;;;13;6;15;0;1;;;;22;35
57054;Poggio Moiano;44;11;7;1;0;;;;19;5;4;3;0;;;;12;31
57054;Poggio Moiano;45;10;10;0;0;;;;20;7;10;0;1;;;;18;38
57054;Poggio Moiano;46;5;13;0;0;;;;18;4;19;0;0;;;;23;41
57054;Poggio Moiano;47;15;8;2;0;;;;25;5;6;2;0;;;;13;38
57054;Poggio Moiano;48;4;12;2;0;;;;18;7;9;2;0;;;;18;36
57054;Poggio Moiano;49;14;14;0;1;;;;29;9;8;2;0;;;;19;48
57054;Poggio Moiano;50;14;6;4;0;;;;24;1;13;5;1;;;;20;44
57054;Poggio Moiano;51;5;11;0;0;;;;16;5;11;3;0;;;;19;35
57054;Poggio Moiano;52;8;11;1;0;;;;20;4;15;2;0;;;;21;41
57054;Poggio Moiano;53;7;13;4;1;;;;25;10;14;1;0;;;;25;50
57054;Poggio Moiano;54;1;14;1;0;;;;16;3;12;2;0;;;;17;33
57054;Poggio Moiano;55;7;11;1;0;;;;19;3;9;2;0;;;;14;33
57054;Poggio Moiano;56;3;11;3;0;;;;17;3;13;2;1;;;;19;36
57054;Poggio Moiano;57;7;21;1;0;;;;29;4;21;3;2;;;;30;59
57054;Poggio Moiano;58;7;7;1;0;;;;15;1;20;2;3;;;;26;41
57054;Poggio Moiano;59;3;16;1;2;;;;22;4;15;1;0;;;;20;42
57054;Poggio Moiano;60;3;22;1;0;;;;26;2;18;2;3;;;;25;51
57054;Poggio Moiano;61;3;20;5;0;;;;28;4;12;2;2;;;;20;48
57054;Poggio Moiano;62;3;21;4;0;;;;28;6;19;5;4;;;;34;62
57054;Poggio Moiano;63;3;11;2;1;;;;17;3;15;0;2;;;;20;37
57054;Poggio Moiano;64;2;15;2;0;;;;19;1;14;0;3;;;;18;37
57054;Poggio Moiano;65;3;16;1;1;;;;21;1;16;3;3;;;;23;44
57054;Poggio Moiano;66;5;14;1;0;;;;20;3;13;1;2;;;;19;39
57054;Poggio Moiano;67;1;15;0;1;;;;17;0;15;2;4;;;;21;38
57054;Poggio Moiano;68;2;19;1;0;;;;22;4;18;1;3;;;;26;48
57054;Poggio Moiano;69;2;15;2;0;;;;19;4;9;2;0;;;;15;34
57054;Poggio Moiano;70;2;14;0;1;;;;17;1;12;1;1;;;;15;32
57054;Poggio Moiano;71;0;11;1;0;;;;12;1;9;1;4;;;;15;27
57054;Poggio Moiano;72;2;5;3;1;;;;11;1;9;1;4;;;;15;26
57054;Poggio Moiano;73;1;13;0;0;;;;14;1;12;1;8;;;;22;36
57054;Poggio Moiano;74;4;12;1;0;;;;17;1;12;0;3;;;;16;33
57054;Poggio Moiano;75;0;14;0;1;;;;15;1;13;0;8;;;;22;37
57054;Poggio Moiano;76;1;9;0;0;;;;10;1;10;0;4;;;;15;25
57054;Poggio Moiano;77;1;14;0;0;;;;15;0;7;0;6;;;;13;28
57054;Poggio Moiano;78;2;9;0;2;;;;13;0;3;1;1;;;;5;18
57054;Poggio Moiano;79;1;6;0;3;;;;10;2;9;0;7;;;;18;28
57054;Poggio Moiano;80;0;6;1;0;;;;7;1;4;0;4;;;;9;16
57054;Poggio Moiano;81;0;3;0;0;;;;3;0;0;0;4;;;;4;7
57054;Poggio Moiano;82;1;6;0;3;;;;10;0;1;0;9;;;;10;20
57054;Poggio Moiano;83;1;6;0;0;;;;7;1;1;0;7;;;;9;16
57054;Poggio Moiano;84;0;5;0;2;;;;7;0;3;0;6;;;;9;16
57054;Poggio Moiano;85;1;7;1;0;;;;9;1;5;0;10;;;;16;25
57054;Poggio Moiano;86;1;5;0;1;;;;7;0;4;0;8;;;;12;19
57054;Poggio Moiano;87;1;2;0;2;;;;5;1;2;0;10;;;;13;18
57054;Poggio Moiano;88;0;2;0;2;;;;4;0;0;0;9;;;;9;13
57054;Poggio Moiano;89;0;3;0;0;;;;3;1;0;0;7;;;;8;11
57054;Poggio Moiano;90;1;2;0;2;;;;5;1;0;0;9;;;;10;15
57054;Poggio Moiano;91;0;3;0;0;;;;3;0;0;0;4;;;;4;7
57054;Poggio Moiano;92;1;0;0;0;;;;1;0;0;0;3;;;;3;4
57054;Poggio Moiano;93;0;1;0;1;;;;2;1;1;0;2;;;;4;6
57054;Poggio Moiano;94;0;1;0;0;;;;1;0;0;0;3;;;;3;4
57054;Poggio Moiano;95;0;0;0;0;;;;0;0;0;0;1;;;;1;1
57054;Poggio Moiano;96;1;0;0;0;;;;1;0;0;0;0;;;;0;1
57054;Poggio Moiano;97;0;0;0;2;;;;2;0;0;0;1;;;;1;3
57054;Poggio Moiano;98;0;0;0;0;;;;0;0;0;0;1;;;;1;1
57054;Poggio Moiano;99;0;0;0;1;;;;1;0;0;0;1;;;;1;2
57054;Poggio Moiano;100;0;0;0;0;;;;0;0;0;0;1;;;;1;1
57054;Poggio Moiano;999;780;580;52;31;;;;1443;560;563;63;182;;;;1368;2811
57055;Poggio Nativo;0;13;0;0;0;;;;13;6;0;0;0;;;;6;19
57055;Poggio Nativo;1;10;0;0;0;;;;10;8;0;0;0;;;;8;18
57055;Poggio Nativo;2;7;0;0;0;;;;7;7;0;0;0;;;;7;14
57055;Poggio Nativo;3;12;0;0;0;;;;12;12;0;0;0;;;;12;24
57055;Poggio Nativo;4;10;0;0;0;;;;10;4;0;0;0;;;;4;14
57055;Poggio Nativo;5;9;0;0;0;;;;9;13;0;0;0;;;;13;22
57055;Poggio Nativo;6;9;0;0;0;;;;9;2;0;0;0;;;;2;11
57055;Poggio Nativo;7;8;0;0;0;;;;8;6;0;0;0;;;;6;14
57055;Poggio Nativo;8;7;0;0;0;;;;7;10;0;0;0;;;;10;17
57055;Poggio Nativo;9;12;0;0;0;;;;12;10;0;0;0;;;;10;22
57055;Poggio Nativo;10;11;0;0;0;;;;11;14;0;0;0;;;;14;25
57055;Poggio Nativo;11;9;0;0;0;;;;9;10;0;0;0;;;;10;19
57055;Poggio Nativo;12;12;0;0;0;;;;12;11;0;0;0;;;;11;23
57055;Poggio Nativo;13;16;0;0;0;;;;16;6;0;0;0;;;;6;22
57055;Poggio Nativo;14;13;0;0;0;;;;13;8;0;0;0;;;;8;21
57055;Poggio Nativo;15;8;0;0;0;;;;8;12;0;0;0;;;;12;20
57055;Poggio Nativo;16;13;0;0;0;;;;13;14;0;0;0;;;;14;27
57055;Poggio Nativo;17;17;0;0;0;;;;17;7;0;0;0;;;;7;24
57055;Poggio Nativo;18;17;0;0;0;;;;17;6;0;0;0;;;;6;23
57055;Poggio Nativo;19;14;0;0;0;;;;14;10;0;0;0;;;;10;24
57055;Poggio Nativo;20;12;0;0;0;;;;12;11;0;0;0;;;;11;23
57055;Poggio Nativo;21;12;0;0;0;;;;12;10;0;0;0;;;;10;22
57055;Poggio Nativo;22;8;0;0;0;;;;8;15;0;0;0;;;;15;23
57055;Poggio Nativo;23;13;0;0;0;;;;13;6;0;0;0;;;;6;19
57055;Poggio Nativo;24;17;0;0;0;;;;17;6;1;0;0;;;;7;24
57055;Poggio Nativo;25;14;0;0;0;;;;14;7;1;0;0;;;;8;22
57055;Poggio Nativo;26;12;0;0;0;;;;12;12;0;0;0;;;;12;24
57055;Poggio Nativo;27;13;0;0;0;;;;13;11;1;0;0;;;;12;25
57055;Poggio Nativo;28;20;0;0;0;;;;20;15;0;0;0;;;;15;35
57055;Poggio Nativo;29;17;1;0;0;;;;18;9;1;0;0;;;;10;28
57055;Poggio Nativo;30;18;1;0;0;;;;19;9;5;0;0;;;;14;33
57055;Poggio Nativo;31;12;1;0;0;;;;13;8;6;0;0;;;;14;27
57055;Poggio Nativo;32;9;2;0;0;;;;11;10;4;0;0;;;;14;25
57055;Poggio Nativo;33;14;2;0;0;;;;16;8;4;0;0;;;;12;28
57055;Poggio Nativo;34;6;2;0;0;;;;8;6;3;0;0;;;;9;17
57055;Poggio Nativo;35;8;7;1;0;;;;16;10;1;1;0;;;;12;28
57055;Poggio Nativo;36;15;8;0;0;;;;23;7;7;0;0;;;;14;37
57055;Poggio Nativo;37;17;5;0;0;;;;22;10;11;2;0;;;;23;45
57055;Poggio Nativo;38;9;10;0;0;;;;19;6;7;0;0;;;;13;32
57055;Poggio Nativo;39;6;2;0;0;;;;8;4;6;0;0;;;;10;18
57055;Poggio Nativo;40;15;5;0;0;;;;20;2;15;0;0;;;;17;37
57055;Poggio Nativo;41;13;10;1;0;;;;24;6;9;1;1;;;;17;41
57055;Poggio Nativo;42;6;13;1;0;;;;20;7;11;2;0;;;;20;40
57055;Poggio Nativo;43;7;10;2;0;;;;19;5;15;2;0;;;;22;41
57055;Poggio Nativo;44;9;8;1;0;;;;18;8;10;0;0;;;;18;36
57055;Poggio Nativo;45;8;15;0;0;;;;23;4;6;0;0;;;;10;33
57055;Poggio Nativo;46;8;11;0;1;;;;20;8;8;0;0;;;;16;36
57055;Poggio Nativo;47;8;11;0;0;;;;19;5;15;2;1;;;;23;42
57055;Poggio Nativo;48;5;10;1;0;;;;16;4;10;0;0;;;;14;30
57055;Poggio Nativo;49;6;17;0;0;;;;23;5;14;1;0;;;;20;43
57055;Poggio Nativo;50;14;12;1;0;;;;27;6;6;2;1;;;;15;42
57055;Poggio Nativo;51;8;15;3;0;;;;26;6;20;1;0;;;;27;53
57055;Poggio Nativo;52;6;17;1;0;;;;24;3;11;3;0;;;;17;41
57055;Poggio Nativo;53;3;15;1;0;;;;19;5;15;2;0;;;;22;41
57055;Poggio Nativo;54;2;9;0;0;;;;11;2;13;1;0;;;;16;27
57055;Poggio Nativo;55;10;13;3;0;;;;26;3;15;0;3;;;;21;47
57055;Poggio Nativo;56;4;19;3;1;;;;27;1;13;0;1;;;;15;42
57055;Poggio Nativo;57;4;16;0;0;;;;20;5;10;0;1;;;;16;36
57055;Poggio Nativo;58;7;6;1;0;;;;14;3;16;1;1;;;;21;35
57055;Poggio Nativo;59;1;20;1;0;;;;22;3;15;1;3;;;;22;44
57055;Poggio Nativo;60;4;7;0;0;;;;11;4;19;1;0;;;;24;35
57055;Poggio Nativo;61;3;15;1;1;;;;20;2;13;0;2;;;;17;37
57055;Poggio Nativo;62;1;24;1;0;;;;26;1;22;1;1;;;;25;51
57055;Poggio Nativo;63;3;14;6;1;;;;24;2;22;3;3;;;;30;54
57055;Poggio Nativo;64;3;16;1;0;;;;20;2;9;2;1;;;;14;34
57055;Poggio Nativo;65;2;16;2;0;;;;20;0;17;1;3;;;;21;41
57055;Poggio Nativo;66;2;14;1;0;;;;17;1;16;1;1;;;;19;36
57055;Poggio Nativo;67;2;14;2;0;;;;18;0;10;0;2;;;;12;30
57055;Poggio Nativo;68;1;19;1;0;;;;21;0;17;2;3;;;;22;43
57055;Poggio Nativo;69;3;13;1;0;;;;17;1;9;0;3;;;;13;30
57055;Poggio Nativo;70;1;12;1;0;;;;14;0;11;0;1;;;;12;26
57055;Poggio Nativo;71;1;14;1;1;;;;17;1;10;1;5;;;;17;34
57055;Poggio Nativo;72;0;7;4;1;;;;12;0;12;1;2;;;;15;27
57055;Poggio Nativo;73;0;11;0;0;;;;11;1;5;0;3;;;;9;20
57055;Poggio Nativo;74;0;14;0;1;;;;15;1;5;2;2;;;;10;25
57055;Poggio Nativo;75;0;9;0;2;;;;11;2;12;0;3;;;;17;28
57055;Poggio Nativo;76;0;15;1;0;;;;16;0;4;0;3;;;;7;23
57055;Poggio Nativo;77;2;9;0;1;;;;12;1;13;0;6;;;;20;32
57055;Poggio Nativo;78;0;9;0;0;;;;9;1;4;1;5;;;;11;20
57055;Poggio Nativo;79;0;5;0;1;;;;6;1;4;0;2;;;;7;13
57055;Poggio Nativo;80;3;4;0;1;;;;8;1;3;0;3;;;;7;15
57055;Poggio Nativo;81;0;3;0;1;;;;4;1;7;0;6;;;;14;18
57055;Poggio Nativo;82;1;13;0;0;;;;14;1;5;1;3;;;;10;24
57055;Poggio Nativo;83;2;10;3;0;;;;15;0;5;0;2;;;;7;22
57055;Poggio Nativo;84;1;10;0;1;;;;12;0;4;0;5;;;;9;21
57055;Poggio Nativo;85;0;4;0;2;;;;6;0;3;0;5;;;;8;14
57055;Poggio Nativo;86;0;5;0;3;;;;8;0;5;1;6;;;;12;20
57055;Poggio Nativo;87;0;3;0;2;;;;5;0;1;1;6;;;;8;13
57055;Poggio Nativo;88;0;2;0;3;;;;5;0;1;0;5;;;;6;11
57055;Poggio Nativo;89;0;1;0;0;;;;1;0;0;0;2;;;;2;3
57055;Poggio Nativo;90;0;5;0;0;;;;5;1;1;0;5;;;;7;12
57055;Poggio Nativo;91;0;1;0;0;;;;1;0;0;0;2;;;;2;3
57055;Poggio Nativo;92;0;1;0;0;;;;1;0;0;0;5;;;;5;6
57055;Poggio Nativo;93;0;0;0;1;;;;1;0;0;0;2;;;;2;3
57055;Poggio Nativo;94;0;1;0;0;;;;1;0;0;0;0;;;;0;1
57055;Poggio Nativo;95;0;0;0;0;;;;0;0;0;0;3;;;;3;3
57055;Poggio Nativo;96;0;0;0;1;;;;1;0;0;0;1;;;;1;2
57055;Poggio Nativo;97;0;0;0;0;;;;0;0;0;0;0;;;;0;0
57055;Poggio Nativo;98;0;0;0;0;;;;0;0;0;0;1;;;;1;1
57055;Poggio Nativo;99;0;0;0;0;;;;0;0;0;0;0;;;;0;0
57055;Poggio Nativo;100;0;0;0;1;;;;1;0;0;0;0;;;;0;1
57055;Poggio Nativo;999;658;613;47;27;;;;1345;472;574;41;125;;;;1212;2557
57056;Poggio San Lorenzo;0;3;0;0;0;;;;3;1;0;0;0;;;;1;4
57056;Poggio San Lorenzo;1;0;0;0;0;;;;0;0;0;0;0;;;;0;0
57056;Poggio San Lorenzo;2;3;0;0;0;;;;3;4;0;0;0;;;;4;7
57056;Poggio San Lorenzo;3;1;0;0;0;;;;1;2;0;0;0;;;;2;3
57056;Poggio San Lorenzo;4;2;0;0;0;;;;2;2;0;0;0;;;;2;4
57056;Poggio San Lorenzo;5;0;0;0;0;;;;0;3;0;0;0;;;;3;3
57056;Poggio San Lorenzo;6;1;0;0;0;;;;1;3;0;0;0;;;;3;4
57056;Poggio San Lorenzo;7;3;0;0;0;;;;3;1;0;0;0;;;;1;4
57056;Poggio San Lorenzo;8;1;0;0;0;;;;1;0;0;0;0;;;;0;1
57056;Poggio San Lorenzo;9;4;0;0;0;;;;4;2;0;0;0;;;;2;6
57056;Poggio San Lorenzo;10;5;0;0;0;;;;5;4;0;0;0;;;;4;9
57056;Poggio San Lorenzo;11;0;0;0;0;;;;0;0;0;0;0;;;;0;0
57056;Poggio San Lorenzo;12;2;0;0;0;;;;2;4;0;0;0;;;;4;6
57056;Poggio San Lorenzo;13;3;0;0;0;;;;3;4;0;0;0;;;;4;7
57056;Poggio San Lorenzo;14;2;0;0;0;;;;2;0;0;0;0;;;;0;2
57056;Poggio San Lorenzo;15;1;0;0;0;;;;1;1;0;0;0;;;;1;2
57056;Poggio San Lorenzo;16;1;0;0;0;;;;1;0;0;0;0;;;;0;1
57056;Poggio San Lorenzo;17;5;0;0;0;;;;5;3;0;0;0;;;;3;8
57056;Poggio San Lorenzo;18;1;0;0;0;;;;1;4;0;0;0;;;;4;5
57056;Poggio San Lorenzo;19;1;0;0;0;;;;1;1;0;0;0;;;;1;2
57056;Poggio San Lorenzo;20;3;0;0;0;;;;3;1;0;0;0;;;;1;4
57056;Poggio San Lorenzo;21;4;0;0;0;;;;4;0;0;0;0;;;;0;4
57056;Poggio San Lorenzo;22;1;0;0;0;;;;1;3;0;0;0;;;;3;4
57056;Poggio San Lorenzo;23;0;0;0;0;;;;0;2;0;0;0;;;;2;2
57056;Poggio San Lorenzo;24;0;0;0;0;;;;0;4;0;0;0;;;;4;4
57056;Poggio San Lorenzo;25;4;0;0;0;;;;4;3;0;0;0;;;;3;7
57056;Poggio San Lorenzo;26;2;0;0;0;;;;2;2;0;0;0;;;;2;4
57056;Poggio San Lorenzo;27;0;0;0;0;;;;0;3;0;0;0;;;;3;3
57056;Poggio San Lorenzo;28;1;0;0;0;;;;1;1;1;0;0;;;;2;3
57056;Poggio San Lorenzo;29;6;0;0;0;;;;6;3;0;0;0;;;;3;9
57056;Poggio San Lorenzo;30;1;1;0;0;;;;2;2;0;0;0;;;;2;4
57056;Poggio San Lorenzo;31;4;0;0;0;;;;4;2;0;0;0;;;;2;6
57056;Poggio San Lorenzo;32;0;1;0;0;;;;1;2;0;0;0;;;;2;3
57056;Poggio San Lorenzo;33;1;1;0;0;;;;2;1;1;0;0;;;;2;4
57056;Poggio San Lorenzo;34;0;1;0;0;;;;1;1;1;0;0;;;;2;3
57056;Poggio San Lorenzo;35;5;1;0;0;;;;6;2;0;0;0;;;;2;8
57056;Poggio San Lorenzo;36;3;0;0;0;;;;3;1;1;0;0;;;;2;5
57056;Poggio San Lorenzo;37;2;0;0;0;;;;2;3;1;0;0;;;;4;6
57056;Poggio San Lorenzo;38;4;1;0;0;;;;5;2;2;0;0;;;;4;9
57056;Poggio San Lorenzo;39;1;3;0;0;;;;4;4;4;0;0;;;;8;12
57056;Poggio San Lorenzo;40;2;2;0;0;;;;4;2;1;0;0;;;;3;7
57056;Poggio San Lorenzo;41;0;2;0;0;;;;2;2;2;0;0;;;;4;6
57056;Poggio San Lorenzo;42;1;1;0;0;;;;2;2;1;0;0;;;;3;5
57056;Poggio San Lorenzo;43;2;2;0;0;;;;4;1;1;1;0;;;;3;7
57056;Poggio San Lorenzo;44;1;0;0;0;;;;1;1;3;0;0;;;;4;5
57056;Poggio San Lorenzo;45;3;1;0;0;;;;4;1;1;0;0;;;;2;6
57056;Poggio San Lorenzo;46;2;1;0;0;;;;3;1;2;0;0;;;;3;6
57056;Poggio San Lorenzo;47;0;4;0;0;;;;4;2;2;0;0;;;;4;8
57056;Poggio San Lorenzo;48;3;2;1;0;;;;6;2;0;2;0;;;;4;10
57056;Poggio San Lorenzo;49;4;0;1;0;;;;5;1;2;1;0;;;;4;9
57056;Poggio San Lorenzo;50;2;2;0;0;;;;4;0;2;0;0;;;;2;6
57056;Poggio San Lorenzo;51;2;4;0;0;;;;6;0;2;0;0;;;;2;8
57056;Poggio San Lorenzo;52;2;1;0;0;;;;3;0;2;0;0;;;;2;5
57056;Poggio San Lorenzo;53;1;2;2;0;;;;5;1;2;0;0;;;;3;8
57056;Poggio San Lorenzo;54;1;4;0;0;;;;5;2;3;0;0;;;;5;10
57056;Poggio San Lorenzo;55;3;4;1;0;;;;8;1;0;0;0;;;;1;9
57056;Poggio San Lorenzo;56;0;2;0;0;;;;2;0;3;0;0;;;;3;5
57056;Poggio San Lorenzo;57;0;3;3;0;;;;6;0;2;0;0;;;;2;8
57056;Poggio San Lorenzo;58;1;2;0;0;;;;3;2;1;0;0;;;;3;6
57056;Poggio San Lorenzo;59;1;3;1;0;;;;5;0;4;0;0;;;;4;9
57056;Poggio San Lorenzo;60;0;5;0;0;;;;5;0;8;1;1;;;;10;15
57056;Poggio San Lorenzo;61;0;2;0;1;;;;3;0;1;0;0;;;;1;4
57056;Poggio San Lorenzo;62;1;4;1;0;;;;6;2;3;1;0;;;;6;12
57056;Poggio San Lorenzo;63;0;3;2;0;;;;5;0;3;0;0;;;;3;8
57056;Poggio San Lorenzo;64;1;5;0;0;;;;6;0;3;0;0;;;;3;9
57056;Poggio San Lorenzo;65;1;7;0;0;;;;8;3;5;1;0;;;;9;17
57056;Poggio San Lorenzo;66;1;6;1;0;;;;8;0;3;0;0;;;;3;11
57056;Poggio San Lorenzo;67;0;2;1;0;;;;3;1;1;2;0;;;;4;7
57056;Poggio San Lorenzo;68;1;3;0;0;;;;4;1;4;1;1;;;;7;11
57056;Poggio San Lorenzo;69;1;1;1;0;;;;3;0;4;0;0;;;;4;7
57056;Poggio San Lorenzo;70;0;7;1;0;;;;8;2;5;0;0;;;;7;15
57056;Poggio San Lorenzo;71;0;5;1;0;;;;6;0;3;0;0;;;;3;9
57056;Poggio San Lorenzo;72;1;1;0;0;;;;2;0;3;0;2;;;;5;7
57056;Poggio San Lorenzo;73;2;2;0;0;;;;4;0;2;0;0;;;;2;6
57056;Poggio San Lorenzo;74;0;4;0;0;;;;4;0;2;0;1;;;;3;7
57056;Poggio San Lorenzo;75;0;8;0;1;;;;9;0;1;0;1;;;;2;11
57056;Poggio San Lorenzo;76;0;1;1;1;;;;3;0;0;2;0;;;;2;5
57056;Poggio San Lorenzo;77;1;3;0;0;;;;4;0;3;0;1;;;;4;8
57056;Poggio San Lorenzo;78;0;4;0;0;;;;4;0;2;0;3;;;;5;9
57056;Poggio San Lorenzo;79;1;1;0;0;;;;2;0;0;0;1;;;;1;3
57056;Poggio San Lorenzo;80;0;1;2;0;;;;3;0;1;0;1;;;;2;5
57056;Poggio San Lorenzo;81;0;0;0;0;;;;0;0;0;0;1;;;;1;1
57056;Poggio San Lorenzo;82;1;2;0;1;;;;4;0;2;0;1;;;;3;7
57056;Poggio San Lorenzo;83;0;4;0;0;;;;4;0;0;0;1;;;;1;5
57056;Poggio San Lorenzo;84;0;1;0;0;;;;1;0;0;0;1;;;;1;2
57056;Poggio San Lorenzo;85;0;0;0;0;;;;0;1;0;0;1;;;;2;2
57056;Poggio San Lorenzo;86;0;1;0;0;;;;1;0;0;0;2;;;;2;3
57056;Poggio San Lorenzo;87;0;2;0;1;;;;3;1;0;0;0;;;;1;4
57056;Poggio San Lorenzo;88;0;0;0;1;;;;1;0;0;0;0;;;;0;1
57056;Poggio San Lorenzo;89;0;0;0;0;;;;0;0;0;0;1;;;;1;1
57056;Poggio San Lorenzo;90;0;0;0;2;;;;2;0;1;0;0;;;;1;3
57056;Poggio San Lorenzo;91;0;0;0;1;;;;1;0;0;0;2;;;;2;3
57056;Poggio San Lorenzo;92;0;0;0;0;;;;0;0;0;0;3;;;;3;3
57056;Poggio San Lorenzo;93;0;1;0;0;;;;1;0;1;0;2;;;;3;4
57056;Poggio San Lorenzo;94;0;0;0;0;;;;0;0;1;0;2;;;;3;3
57056;Poggio San Lorenzo;95;0;0;0;0;;;;0;0;0;0;0;;;;0;0
57056;Poggio San Lorenzo;96;0;0;0;0;;;;0;0;0;0;0;;;;0;0
57056;Poggio San Lorenzo;97;0;0;0;0;;;;0;0;0;0;0;;;;0;0
57056;Poggio San Lorenzo;98;0;0;0;0;;;;0;0;0;0;0;;;;0;0
57056;Poggio San Lorenzo;99;0;0;0;0;;;;0;0;0;0;0;;;;0;0
57056;Poggio San Lorenzo;100;0;0;0;0;;;;0;0;0;0;0;;;;0;0
57056;Poggio San Lorenzo;999;124;137;20;9;;;;290;113;109;12;29;;;;263;553
57057;Posta;0;2;0;0;0;;;;2;1;0;0;0;;;;1;3
57057;Posta;1;1;0;0;0;;;;1;2;0;0;0;;;;2;3
57057;Posta;2;2;0;0;0;;;;2;1;0;0;0;;;;1;3
57057;Posta;3;0;0;0;0;;;;0;2;0;0;0;;;;2;2
57057;Posta;4;2;0;0;0;;;;2;0;0;0;0;;;;0;2
57057;Posta;5;6;0;0;0;;;;6;0;0;0;0;;;;0;6
57057;Posta;6;1;0;0;0;;;;1;2;0;0;0;;;;2;3
57057;Posta;7;2;0;0;0;;;;2;3;0;0;0;;;;3;5
57057;Posta;8;0;0;0;0;;;;0;1;0;0;0;;;;1;1
57057;Posta;9;0;0;0;0;;;;0;0;0;0;0;;;;0;0
57057;Posta;10;0;0;0;0;;;;0;1;0;0;0;;;;1;1
57057;Posta;11;3;0;0;0;;;;3;2;0;0;0;;;;2;5
57057;Posta;12;0;0;0;0;;;;0;3;0;0;0;;;;3;3
57057;Posta;13;0;0;0;0;;;;0;0;0;0;0;;;;0;0
57057;Posta;14;2;0;0;0;;;;2;0;0;0;0;;;;0;2
57057;Posta;15;3;0;0;0;;;;3;1;0;0;0;;;;1;4
57057;Posta;16;0;0;0;0;;;;0;0;0;0;0;;;;0;0
57057;Posta;17;1;0;0;0;;;;1;3;0;0;0;;;;3;4
57057;Posta;18;2;0;0;0;;;;2;1;0;0;0;;;;1;3
57057;Posta;19;1;0;0;0;;;;1;2;0;0;0;;;;2;3
57057;Posta;20;2;0;0;0;;;;2;4;0;0;0;;;;4;6
57057;Posta;21;2;0;0;0;;;;2;1;0;0;0;;;;1;3
57057;Posta;22;1;0;0;0;;;;1;1;0;0;0;;;;1;2
57057;Posta;23;3;0;0;0;;;;3;0;0;0;0;;;;0;3
57057;Posta;24;3;0;0;0;;;;3;2;0;0;0;;;;2;5
57057;Posta;25;1;0;0;0;;;;1;1;0;0;0;;;;1;2
57057;Posta;26;4;0;0;0;;;;4;2;0;0;0;;;;2;6
57057;Posta;27;2;0;0;0;;;;2;2;0;0;0;;;;2;4
57057;Posta;28;6;0;0;0;;;;6;1;0;0;0;;;;1;7
57057;Posta;29;1;0;0;0;;;;1;3;0;0;0;;;;3;4
57057;Posta;30;2;1;0;0;;;;3;2;1;0;0;;;;3;6
57057;Posta;31;2;0;0;0;;;;2;3;1;0;0;;;;4;6
57057;Posta;32;2;0;0;0;;;;2;4;0;0;0;;;;4;6
57057;Posta;33;5;0;0;0;;;;5;2;1;0;0;;;;3;8
57057;Posta;34;5;0;0;0;;;;5;0;0;0;0;;;;0;5
57057;Posta;35;1;0;0;0;;;;1;4;1;0;0;;;;5;6
57057;Posta;36;5;1;0;0;;;;6;1;1;0;0;;;;2;8
57057;Posta;37;2;1;0;0;;;;3;3;0;0;0;;;;3;6
57057;Posta;38;3;1;0;0;;;;4;1;2;0;0;;;;3;7
57057;Posta;39;3;1;0;0;;;;4;1;0;0;0;;;;1;5
57057;Posta;40;4;3;0;0;;;;7;1;1;0;0;;;;2;9
57057;Posta;41;5;0;0;0;;;;5;1;2;0;0;;;;3;8
57057;Posta;42;2;1;0;0;;;;3;2;0;0;0;;;;2;5
57057;Posta;43;2;1;1;0;;;;4;0;0;0;0;;;;0;4
57057;Posta;44;1;2;0;0;;;;3;2;2;0;0;;;;4;7
57057;Posta;45;3;0;0;0;;;;3;0;0;0;0;;;;0;3
57057;Posta;46;1;2;0;0;;;;3;2;0;0;0;;;;2;5
57057;Posta;47;1;0;0;0;;;;1;0;0;0;0;;;;0;1
57057;Posta;48;1;2;0;0;;;;3;1;4;0;0;;;;5;8
57057;Posta;49;3;0;0;0;;;;3;4;1;0;0;;;;5;8
57057;Posta;50;1;4;0;0;;;;5;1;1;0;0;;;;2;7
57057;Posta;51;6;2;0;0;;;;8;1;2;0;0;;;;3;11
57057;Posta;52;5;1;0;0;;;;6;0;1;0;0;;;;1;7
57057;Posta;53;1;2;0;0;;;;3;3;4;1;0;;;;8;11
57057;Posta;54;0;1;0;0;;;;1;4;3;0;0;;;;7;8
57057;Posta;55;2;2;0;0;;;;4;2;2;0;0;;;;4;8
57057;Posta;56;5;2;1;0;;;;8;2;3;0;0;;;;5;13
57057;Posta;57;3;1;0;0;;;;4;0;1;0;0;;;;1;5
57057;Posta;58;2;9;1;0;;;;12;1;4;0;1;;;;6;18
57057;Posta;59;1;6;0;0;;;;7;0;2;0;0;;;;2;9
57057;Posta;60;2;1;0;1;;;;4;1;6;0;0;;;;7;11
57057;Posta;61;1;6;1;0;;;;8;1;2;0;2;;;;5;13
57057;Posta;62;1;0;3;0;;;;4;0;5;0;0;;;;5;9
57057;Posta;63;2;4;0;1;;;;7;0;3;0;2;;;;5;12
57057;Posta;64;1;3;0;0;;;;4;0;2;0;0;;;;2;6
57057;Posta;65;0;3;1;0;;;;4;1;5;0;0;;;;6;10
57057;Posta;66;1;6;0;0;;;;7;0;4;2;0;;;;6;13
57057;Posta;67;0;7;0;0;;;;7;0;4;0;0;;;;4;11
57057;Posta;68;2;2;0;0;;;;4;0;1;0;0;;;;1;5
57057;Posta;69;0;4;0;0;;;;4;0;2;0;1;;;;3;7
57057;Posta;70;0;5;0;0;;;;5;0;2;1;2;;;;5;10
57057;Posta;71;0;5;0;0;;;;5;0;1;0;1;;;;2;7
57057;Posta;72;1;2;0;1;;;;4;0;2;1;0;;;;3;7
57057;Posta;73;1;2;0;1;;;;4;2;1;1;4;;;;8;12
57057;Posta;74;0;3;0;2;;;;5;0;4;0;1;;;;5;10
57057;Posta;75;0;2;0;0;;;;2;0;2;0;3;;;;5;7
57057;Posta;76;0;5;0;0;;;;5;1;5;0;3;;;;9;14
57057;Posta;77;0;0;0;1;;;;1;0;1;0;2;;;;3;4
57057;Posta;78;0;2;1;0;;;;3;0;2;0;1;;;;3;6
57057;Posta;79;0;1;0;0;;;;1;0;0;0;0;;;;0;1
57057;Posta;80;0;0;0;0;;;;0;0;1;0;0;;;;1;1
57057;Posta;81;0;2;0;0;;;;2;0;2;0;2;;;;4;6
57057;Posta;82;0;1;0;1;;;;2;0;0;0;3;;;;3;5
57057;Posta;83;0;2;0;0;;;;2;1;0;0;0;;;;1;3
57057;Posta;84;0;1;0;0;;;;1;0;1;0;1;;;;2;3
57057;Posta;85;0;2;0;0;;;;2;0;0;0;0;;;;0;2
57057;Posta;86;0;2;0;0;;;;2;0;1;0;2;;;;3;5
57057;Posta;87;0;1;0;0;;;;1;0;0;0;0;;;;0;1
57057;Posta;88;0;0;0;1;;;;1;0;0;0;3;;;;3;4
57057;Posta;89;0;0;0;0;;;;0;0;0;0;2;;;;2;2
57057;Posta;90;0;0;0;0;;;;0;1;0;0;1;;;;2;2
57057;Posta;91;0;2;0;0;;;;2;1;0;0;2;;;;3;5
57057;Posta;92;0;0;0;0;;;;0;0;0;0;1;;;;1;1
57057;Posta;93;0;0;0;0;;;;0;0;0;0;2;;;;2;2
57057;Posta;94;0;0;0;0;;;;0;0;0;0;1;;;;1;1
57057;Posta;95;0;0;0;0;;;;0;0;0;0;0;;;;0;0
57057;Posta;96;0;0;0;1;;;;1;0;0;0;1;;;;1;2
57057;Posta;97;0;0;0;0;;;;0;0;0;0;0;;;;0;0
57057;Posta;98;0;0;0;0;;;;0;0;0;0;0;;;;0;0
57057;Posta;99;0;0;0;0;;;;0;0;0;0;0;;;;0;0
57057;Posta;100;0;0;0;0;;;;0;0;0;0;2;;;;2;2
57057;Posta;999;144;122;9;10;;;;285;99;99;6;46;;;;250;535
57058;Pozzaglia Sabina;0;0;0;0;0;;;;0;2;0;0;0;;;;2;2
57058;Pozzaglia Sabina;1;0;0;0;0;;;;0;0;0;0;0;;;;0;0
57058;Pozzaglia Sabina;2;1;0;0;0;;;;1;0;0;0;0;;;;0;1
57058;Pozzaglia Sabina;3;0;0;0;0;;;;0;0;0;0;0;;;;0;0
57058;Pozzaglia Sabina;4;0;0;0;0;;;;0;0;0;0;0;;;;0;0
57058;Pozzaglia Sabina;5;2;0;0;0;;;;2;0;0;0;0;;;;0;2
57058;Pozzaglia Sabina;6;0;0;0;0;;;;0;1;0;0;0;;;;1;1
57058;Pozzaglia Sabina;7;0;0;0;0;;;;0;0;0;0;0;;;;0;0
57058;Pozzaglia Sabina;8;0;0;0;0;;;;0;1;0;0;0;;;;1;1
57058;Pozzaglia Sabina;9;0;0;0;0;;;;0;1;0;0;0;;;;1;1
57058;Pozzaglia Sabina;10;1;0;0;0;;;;1;0;0;0;0;;;;0;1
57058;Pozzaglia Sabina;11;1;0;0;0;;;;1;0;0;0;0;;;;0;1
57058;Pozzaglia Sabina;12;2;0;0;0;;;;2;0;0;0;0;;;;0;2
57058;Pozzaglia Sabina;13;0;0;0;0;;;;0;0;0;0;0;;;;0;0
57058;Pozzaglia Sabina;14;1;0;0;0;;;;1;0;0;0;0;;;;0;1
57058;Pozzaglia Sabina;15;0;0;0;0;;;;0;0;0;0;0;;;;0;0
57058;Pozzaglia Sabina;16;1;0;0;0;;;;1;0;0;0;0;;;;0;1
57058;Pozzaglia Sabina;17;0;0;0;0;;;;0;1;0;0;0;;;;1;1
57058;Pozzaglia Sabina;18;0;0;0;0;;;;0;0;0;0;0;;;;0;0
57058;Pozzaglia Sabina;19;0;0;0;0;;;;0;1;0;0;0;;;;1;1
57058;Pozzaglia Sabina;20;1;0;0;0;;;;1;0;0;0;0;;;;0;1
57058;Pozzaglia Sabina;21;1;0;0;0;;;;1;2;0;0;0;;;;2;3
57058;Pozzaglia Sabina;22;0;0;0;0;;;;0;0;0;0;0;;;;0;0
57058;Pozzaglia Sabina;23;0;0;0;0;;;;0;0;0;0;0;;;;0;0
57058;Pozzaglia Sabina;24;2;0;0;0;;;;2;2;0;0;0;;;;2;4
57058;Pozzaglia Sabina;25;1;0;0;0;;;;1;0;0;0;0;;;;0;1
57058;Pozzaglia Sabina;26;0;0;0;0;;;;0;1;0;0;0;;;;1;1
57058;Pozzaglia Sabina;27;0;0;0;0;;;;0;0;0;0;0;;;;0;0
57058;Pozzaglia Sabina;28;1;0;0;0;;;;1;1;0;0;0;;;;1;2
57058;Pozzaglia Sabina;29;2;0;0;0;;;;2;1;0;0;0;;;;1;3
57058;Pozzaglia Sabina;30;2;0;0;0;;;;2;0;0;0;0;;;;0;2
57058;Pozzaglia Sabina;31;1;0;0;0;;;;1;0;0;0;0;;;;0;1
57058;Pozzaglia Sabina;32;1;0;0;0;;;;1;0;0;0;0;;;;0;1
57058;Pozzaglia Sabina;33;0;0;0;0;;;;0;1;0;0;0;;;;1;1
57058;Pozzaglia Sabina;34;2;0;0;0;;;;2;2;0;0;0;;;;2;4
57058;Pozzaglia Sabina;35;1;2;0;0;;;;3;0;0;0;0;;;;0;3
57058;Pozzaglia Sabina;36;2;0;0;0;;;;2;1;1;0;0;;;;2;4
57058;Pozzaglia Sabina;37;1;0;0;0;;;;1;2;1;0;0;;;;3;4
57058;Pozzaglia Sabina;38;3;0;0;0;;;;3;2;0;0;0;;;;2;5
57058;Pozzaglia Sabina;39;2;1;0;0;;;;3;0;2;0;0;;;;2;5
57058;Pozzaglia Sabina;40;2;0;0;0;;;;2;0;2;0;0;;;;2;4
57058;Pozzaglia Sabina;41;0;1;0;0;;;;1;0;1;0;0;;;;1;2
57058;Pozzaglia Sabina;42;3;1;0;0;;;;4;0;0;1;0;;;;1;5
57058;Pozzaglia Sabina;43;2;0;0;0;;;;2;0;0;0;0;;;;0;2
57058;Pozzaglia Sabina;44;1;0;0;0;;;;1;1;0;0;0;;;;1;2
57058;Pozzaglia Sabina;45;0;1;0;0;;;;1;1;0;0;0;;;;1;2
57058;Pozzaglia Sabina;46;0;0;0;0;;;;0;2;2;0;0;;;;4;4
57058;Pozzaglia Sabina;47;0;2;0;0;;;;2;0;1;0;0;;;;1;3
57058;Pozzaglia Sabina;48;2;1;0;0;;;;3;1;0;0;0;;;;1;4
57058;Pozzaglia Sabina;49;1;1;0;0;;;;2;0;0;0;0;;;;0;2
57058;Pozzaglia Sabina;50;2;1;0;0;;;;3;0;1;0;0;;;;1;4
57058;Pozzaglia Sabina;51;3;0;0;0;;;;3;1;2;0;1;;;;4;7
57058;Pozzaglia Sabina;52;0;2;0;0;;;;2;1;1;0;0;;;;2;4
57058;Pozzaglia Sabina;53;1;0;0;0;;;;1;1;1;0;1;;;;3;4
57058;Pozzaglia Sabina;54;0;1;0;0;;;;1;0;0;0;0;;;;0;1
57058;Pozzaglia Sabina;55;1;1;0;0;;;;2;1;2;0;0;;;;3;5
57058;Pozzaglia Sabina;56;0;1;1;0;;;;2;1;1;0;0;;;;2;4
57058;Pozzaglia Sabina;57;0;1;0;0;;;;1;0;1;2;0;;;;3;4
57058;Pozzaglia Sabina;58;1;2;0;0;;;;3;2;2;0;0;;;;4;7
57058;Pozzaglia Sabina;59;0;2;0;0;;;;2;1;2;0;0;;;;3;5
57058;Pozzaglia Sabina;60;0;0;0;0;;;;0;0;2;0;0;;;;2;2
57058;Pozzaglia Sabina;61;1;1;0;0;;;;2;0;1;0;0;;;;1;3
57058;Pozzaglia Sabina;62;1;2;0;0;;;;3;1;1;0;0;;;;2;5
57058;Pozzaglia Sabina;63;0;4;2;0;;;;6;1;1;0;0;;;;2;8
57058;Pozzaglia Sabina;64;1;5;0;1;;;;7;1;1;0;0;;;;2;9
57058;Pozzaglia Sabina;65;1;1;0;0;;;;2;0;5;0;0;;;;5;7
57058;Pozzaglia Sabina;66;0;2;2;0;;;;4;2;1;0;0;;;;3;7
57058;Pozzaglia Sabina;67;1;2;2;0;;;;5;1;1;0;1;;;;3;8
57058;Pozzaglia Sabina;68;2;0;1;0;;;;3;0;1;0;0;;;;1;4
57058;Pozzaglia Sabina;69;0;1;0;0;;;;1;0;4;0;1;;;;5;6
57058;Pozzaglia Sabina;70;0;3;2;0;;;;5;1;0;0;1;;;;2;7
57058;Pozzaglia Sabina;71;0;1;0;0;;;;1;0;4;0;0;;;;4;5
57058;Pozzaglia Sabina;72;1;2;0;0;;;;3;0;3;0;0;;;;3;6
57058;Pozzaglia Sabina;73;0;2;0;0;;;;2;0;1;0;0;;;;1;3
57058;Pozzaglia Sabina;74;0;0;0;0;;;;0;0;2;0;0;;;;2;2
57058;Pozzaglia Sabina;75;0;2;1;0;;;;3;0;1;0;2;;;;3;6
57058;Pozzaglia Sabina;76;0;3;0;0;;;;3;3;1;0;2;;;;6;9
57058;Pozzaglia Sabina;77;0;2;0;0;;;;2;0;1;0;0;;;;1;3
57058;Pozzaglia Sabina;78;0;2;0;0;;;;2;0;1;0;0;;;;1;3
57058;Pozzaglia Sabina;79;1;0;0;0;;;;1;0;2;0;0;;;;2;3
57058;Pozzaglia Sabina;80;0;1;0;0;;;;1;0;0;0;0;;;;0;1
57058;Pozzaglia Sabina;81;0;4;1;0;;;;5;1;1;0;1;;;;3;8
57058;Pozzaglia Sabina;82;0;0;1;0;;;;1;0;2;0;2;;;;4;5
57058;Pozzaglia Sabina;83;0;2;0;1;;;;3;0;0;0;1;;;;1;4
57058;Pozzaglia Sabina;84;0;2;0;0;;;;2;0;1;0;3;;;;4;6
57058;Pozzaglia Sabina;85;2;3;0;0;;;;5;0;0;0;3;;;;3;8
57058;Pozzaglia Sabina;86;0;2;0;1;;;;3;0;2;0;1;;;;3;6
57058;Pozzaglia Sabina;87;0;1;0;1;;;;2;0;0;0;1;;;;1;3
57058;Pozzaglia Sabina;88;0;2;0;0;;;;2;0;0;0;1;;;;1;3
57058;Pozzaglia Sabina;89;0;0;0;0;;;;0;0;1;0;3;;;;4;4
57058;Pozzaglia Sabina;90;1;1;0;0;;;;2;0;0;0;3;;;;3;5
57058;Pozzaglia Sabina;91;0;0;0;1;;;;1;0;0;0;1;;;;1;2
57058;Pozzaglia Sabina;92;0;0;0;0;;;;0;0;0;0;0;;;;0;0
57058;Pozzaglia Sabina;93;0;0;0;0;;;;0;0;1;0;0;;;;1;1
57058;Pozzaglia Sabina;94;1;0;0;0;;;;1;0;0;0;1;;;;1;2
57058;Pozzaglia Sabina;95;0;1;0;0;;;;1;0;0;0;0;;;;0;1
57058;Pozzaglia Sabina;96;0;0;0;0;;;;0;0;0;0;1;;;;1;1
57058;Pozzaglia Sabina;97;0;1;0;0;;;;1;0;0;0;0;;;;0;1
57058;Pozzaglia Sabina;98;0;0;0;0;;;;0;0;0;0;1;;;;1;1
57058;Pozzaglia Sabina;99;0;0;0;0;;;;0;0;0;0;0;;;;0;0
57058;Pozzaglia Sabina;100;0;0;0;1;;;;1;0;0;0;0;;;;0;1
57058;Pozzaglia Sabina;999;64;76;13;6;;;;159;46;65;3;32;;;;146;305
57059;Rieti;0;125;0;0;0;0;0;0;125;129;0;0;0;0;0;0;129;254
57059;Rieti;1;132;0;0;0;0;0;0;132;122;0;0;0;0;0;0;122;254
57059;Rieti;2;118;0;0;0;0;0;0;118;128;0;0;0;0;0;0;128;246
57059;Rieti;3;132;0;0;0;0;0;0;132;118;0;0;0;0;0;0;118;250
57059;Rieti;4;139;0;0;0;0;0;0;139;134;0;0;0;0;0;0;134;273
57059;Rieti;5;155;0;0;0;0;0;0;155;145;0;0;0;0;0;0;145;300
57059;Rieti;6;167;0;0;0;0;0;0;167;141;0;0;0;0;0;0;141;308
57059;Rieti;7;167;0;0;0;0;0;0;167;149;0;0;0;0;0;0;149;316
57059;Rieti;8;150;0;0;0;0;0;0;150;161;0;0;0;0;0;0;161;311
57059;Rieti;9;164;0;0;0;0;0;0;164;152;0;0;0;0;0;0;152;316
57059;Rieti;10;160;0;0;0;0;0;0;160;189;0;0;0;0;0;0;189;349
57059;Rieti;11;185;0;0;0;0;0;0;185;165;0;0;0;0;0;0;165;350
57059;Rieti;12;182;0;0;0;0;0;0;182;181;0;0;0;0;0;0;181;363
57059;Rieti;13;217;0;0;0;0;0;0;217;196;0;0;0;0;0;0;196;413
57059;Rieti;14;207;0;0;0;0;0;0;207;205;0;0;0;0;0;0;205;412
57059;Rieti;15;216;0;0;0;0;0;0;216;206;0;0;0;0;0;0;206;422
57059;Rieti;16;198;0;0;0;0;0;0;198;188;0;0;0;0;0;0;188;386
57059;Rieti;17;205;0;0;0;0;0;0;205;202;0;0;0;0;0;0;202;407
57059;Rieti;18;249;0;0;0;0;0;0;249;195;0;0;0;0;0;0;195;444
57059;Rieti;19;245;0;0;0;0;0;0;245;174;0;0;0;0;0;0;174;419
57059;Rieti;20;244;0;0;0;0;0;0;244;189;1;0;0;0;0;0;190;434
57059;Rieti;21;260;0;0;0;0;0;0;260;198;0;0;0;0;0;0;198;458
57059;Rieti;22;241;0;0;0;0;0;0;241;221;2;0;0;0;0;0;223;464
57059;Rieti;23;231;0;0;0;0;0;0;231;189;2;0;0;0;0;0;191;422
57059;Rieti;24;251;0;0;0;0;0;0;251;217;3;0;0;0;0;0;220;471
57059;Rieti;25;231;2;0;0;0;0;0;233;203;9;0;0;0;0;0;212;445
57059;Rieti;26;260;5;0;0;0;0;0;265;210;12;0;0;0;0;0;222;487
57059;Rieti;27;285;2;0;0;0;0;0;287;190;8;0;0;0;0;0;198;485
57059;Rieti;28;278;14;0;0;0;0;0;292;194;16;0;0;0;0;0;210;502
57059;Rieti;29;270;14;1;0;1;0;0;286;192;18;0;0;0;0;0;210;496
57059;Rieti;30;238;13;1;0;0;0;0;252;201;25;1;0;0;0;0;227;479
57059;Rieti;31;221;22;0;0;0;0;0;243;212;23;2;0;0;0;0;237;480
57059;Rieti;32;256;26;0;2;1;0;0;285;176;31;2;0;0;0;0;209;494
57059;Rieti;33;227;39;0;1;0;0;0;267;173;59;1;0;0;0;0;233;500
57059;Rieti;34;219;44;2;0;0;0;0;265;168;67;2;1;0;0;0;238;503
57059;Rieti;35;182;65;2;0;0;0;0;249;137;82;1;0;1;0;0;221;470
57059;Rieti;36;171;82;1;0;0;0;0;254;173;73;11;0;0;0;0;257;511
57059;Rieti;37;175;66;2;0;0;0;0;243;147;88;4;0;1;0;0;240;483
57059;Rieti;38;145;74;2;0;0;0;0;221;135;105;4;1;2;0;0;247;468
57059;Rieti;39;177;101;4;0;0;0;0;282;125;113;6;0;0;0;0;244;526
57059;Rieti;40;138;99;3;0;0;0;0;240;120;125;8;1;0;0;0;254;494
57059;Rieti;41;137;123;5;0;0;0;0;265;112;119;13;1;0;0;0;245;510
57059;Rieti;42;134;110;7;1;1;0;0;253;93;134;7;2;1;0;0;237;490
57059;Rieti;43;133;121;8;0;0;0;0;262;98;166;8;1;1;0;0;274;536
57059;Rieti;44;135;138;10;0;0;0;0;283;113;165;17;1;0;0;0;296;579
57059;Rieti;45;120;141;11;0;0;0;0;272;94;151;28;2;1;0;0;276;548
57059;Rieti;46;139;156;17;3;0;0;0;315;104;199;25;4;0;0;0;332;647
57059;Rieti;47;127;183;12;0;0;0;0;322;88;208;27;6;0;0;0;329;651
57059;Rieti;48;120;167;12;2;1;0;0;302;95;212;21;6;0;0;0;334;636
57059;Rieti;49;97;191;17;1;1;0;0;307;101;225;27;4;0;0;0;357;664
57059;Rieti;50;108;212;13;1;0;0;0;334;91;274;25;7;1;0;0;398;732
57059;Rieti;51;112;199;15;1;0;0;0;327;87;256;26;3;0;0;0;372;699
57059;Rieti;52;90;229;16;4;0;0;0;339;86;261;32;14;0;0;0;393;732
57059;Rieti;53;89;206;11;3;0;0;0;309;65;253;26;11;0;0;0;355;664
57059;Rieti;54;93;228;17;3;0;0;0;341;55;308;34;7;0;0;0;404;745
57059;Rieti;55;77;254;18;4;0;0;0;353;56;271;28;8;0;0;0;363;716
57059;Rieti;56;83;251;21;5;0;0;0;360;66;293;35;20;0;0;0;414;774
57059;Rieti;57;65;268;22;4;0;0;0;359;56;296;35;19;0;0;0;406;765
57059;Rieti;58;61;262;39;5;1;0;0;368;51;289;42;28;0;0;0;410;778
57059;Rieti;59;59;282;29;4;0;0;0;374;50;293;28;20;0;0;0;391;765
57059;Rieti;60;51;283;21;14;0;0;0;369;48;270;46;22;0;0;0;386;755
57059;Rieti;61;45;265;25;5;0;0;0;340;35;291;43;30;0;0;0;399;739
57059;Rieti;62;34;247;35;5;0;0;0;321;49;268;41;31;0;0;0;389;710
57059;Rieti;63;34;240;27;5;0;0;0;306;46;272;30;44;0;0;0;392;698
57059;Rieti;64;35;268;19;4;1;0;0;327;38;234;29;43;0;0;0;344;671
57059;Rieti;65;21;243;14;12;1;0;0;291;34;239;27;37;0;0;0;337;628
57059;Rieti;66;25;240;13;7;0;0;0;285;34;223;23;41;0;0;0;321;606
57059;Rieti;67;22;209;22;11;0;0;0;264;19;217;30;58;0;0;0;324;588
57059;Rieti;68;22;205;17;14;0;0;0;258;22;230;28;48;0;0;0;328;586
57059;Rieti;69;17;203;19;15;0;0;0;254;26;211;19;56;0;0;0;312;566
57059;Rieti;70;12;211;9;10;0;0;0;242;18;204;22;56;0;0;0;300;542
57059;Rieti;71;10;212;19;13;0;0;0;254;20;194;15;61;0;0;0;290;544
57059;Rieti;72;23;174;13;19;0;0;0;229;19;200;13;56;0;0;0;288;517
57059;Rieti;73;4;191;13;9;0;0;0;217;18;198;20;60;0;0;0;296;513
57059;Rieti;74;11;214;14;20;0;0;0;259;12;188;24;76;0;0;0;300;559
57059;Rieti;75;12;214;10;24;0;0;0;260;10;183;11;66;0;0;0;270;530
57059;Rieti;76;4;213;5;27;0;0;0;249;20;171;18;100;0;0;0;309;558
57059;Rieti;77;6;209;6;24;0;0;0;245;22;166;11;86;0;0;0;285;530
57059;Rieti;78;9;179;2;23;0;0;0;213;16;126;8;127;0;0;0;277;490
57059;Rieti;79;6;145;4;18;0;0;0;173;7;124;14;81;0;0;0;226;399
57059;Rieti;80;2;141;5;25;0;0;0;173;17;103;3;94;0;0;1;218;391
57059;Rieti;81;10;119;6;23;0;0;0;158;11;98;11;99;0;0;0;219;377
57059;Rieti;82;6;112;2;18;0;0;0;138;8;79;2;119;0;0;0;208;346
57059;Rieti;83;6;102;6;30;0;0;0;144;7;65;5;125;0;0;0;202;346
57059;Rieti;84;3;97;3;35;0;0;0;138;14;82;6;136;0;0;0;238;376
57059;Rieti;85;6;98;2;31;0;0;0;137;14;53;4;137;0;0;0;208;345
57059;Rieti;86;6;97;1;40;0;0;0;144;9;35;5;141;0;0;0;190;334
57059;Rieti;87;3;68;0;18;0;0;0;89;5;32;5;122;0;0;0;164;253
57059;Rieti;88;1;71;0;20;0;0;0;92;4;23;0;72;0;0;0;99;191
57059;Rieti;89;6;40;0;24;0;0;0;70;8;12;0;108;0;0;0;128;198
57059;Rieti;90;2;28;1;20;0;0;0;51;4;14;2;83;0;0;0;103;154
57059;Rieti;91;1;29;1;17;0;0;0;48;8;9;1;72;0;0;0;90;138
57059;Rieti;92;0;23;0;12;0;0;0;35;7;5;0;51;0;0;0;63;98
57059;Rieti;93;0;12;0;11;0;0;0;23;5;7;1;46;0;0;0;59;82
57059;Rieti;94;0;11;0;11;0;0;0;22;2;4;1;43;0;0;0;50;72
57059;Rieti;95;0;5;0;9;0;0;0;14;2;2;0;33;0;0;0;37;51
57059;Rieti;96;0;2;0;5;0;0;0;7;4;0;0;19;0;0;0;23;30
57059;Rieti;97;0;7;0;5;0;0;0;12;2;0;0;15;0;0;0;17;29
57059;Rieti;98;0;0;0;2;0;0;0;2;0;0;0;10;0;0;0;10;12
57059;Rieti;99;0;0;0;3;0;0;0;3;0;0;0;9;0;0;0;9;12
57059;Rieti;100;0;3;0;2;0;0;0;5;1;0;1;16;0;0;0;18;23
57059;Rieti;999;10647;9819;652;684;8;0;0;21810;9256;10067;1045;2896;8;0;1;23273;45083
57060;Rivodutri;0;2;0;0;0;;;;2;2;0;0;0;;;;2;4
57060;Rivodutri;1;2;0;0;0;;;;2;6;0;0;0;;;;6;8
57060;Rivodutri;2;7;0;0;0;;;;7;3;0;0;0;;;;3;10
57060;Rivodutri;3;6;0;0;0;;;;6;0;0;0;0;;;;0;6
57060;Rivodutri;4;6;0;0;0;;;;6;3;0;0;0;;;;3;9
57060;Rivodutri;5;3;0;0;0;;;;3;0;0;0;0;;;;0;3
57060;Rivodutri;6;5;0;0;0;;;;5;4;0;0;0;;;;4;9
57060;Rivodutri;7;2;0;0;0;;;;2;5;0;0;0;;;;5;7
57060;Rivodutri;8;3;0;0;0;;;;3;6;0;0;0;;;;6;9
57060;Rivodutri;9;3;0;0;0;;;;3;3;0;0;0;;;;3;6
57060;Rivodutri;10;4;0;0;0;;;;4;0;0;0;0;;;;0;4
57060;Rivodutri;11;3;0;0;0;;;;3;3;0;0;0;;;;3;6
57060;Rivodutri;12;7;0;0;0;;;;7;2;0;0;0;;;;2;9
57060;Rivodutri;13;6;0;0;0;;;;6;2;0;0;0;;;;2;8
57060;Rivodutri;14;3;0;0;0;;;;3;8;0;0;0;;;;8;11
57060;Rivodutri;15;3;0;0;0;;;;3;3;0;0;0;;;;3;6
57060;Rivodutri;16;8;0;0;0;;;;8;3;0;0;0;;;;3;11
57060;Rivodutri;17;3;0;0;0;;;;3;6;0;0;0;;;;6;9
57060;Rivodutri;18;4;0;0;0;;;;4;3;0;0;0;;;;3;7
57060;Rivodutri;19;6;0;0;0;;;;6;6;0;0;0;;;;6;12
57060;Rivodutri;20;8;0;0;0;;;;8;4;0;0;0;;;;4;12
57060;Rivodutri;21;9;0;0;0;;;;9;4;0;0;0;;;;4;13
57060;Rivodutri;22;4;0;0;0;;;;4;8;0;0;0;;;;8;12
57060;Rivodutri;23;6;0;0;0;;;;6;4;0;0;0;;;;4;10
57060;Rivodutri;24;10;0;0;0;;;;10;3;0;0;0;;;;3;13
57060;Rivodutri;25;11;0;0;0;;;;11;3;0;0;0;;;;3;14
57060;Rivodutri;26;5;0;0;0;;;;5;6;0;0;0;;;;6;11
57060;Rivodutri;27;2;0;0;0;;;;2;1;1;0;0;;;;2;4
57060;Rivodutri;28;2;0;0;0;;;;2;1;0;0;0;;;;1;3
57060;Rivodutri;29;4;0;0;0;;;;4;7;0;0;0;;;;7;11
57060;Rivodutri;30;1;0;0;0;;;;1;5;0;0;0;;;;5;6
57060;Rivodutri;31;11;1;0;0;;;;12;2;4;0;0;;;;6;18
57060;Rivodutri;32;5;3;0;0;;;;8;5;4;0;0;;;;9;17
57060;Rivodutri;33;6;2;0;0;;;;8;4;2;0;0;;;;6;14
57060;Rivodutri;34;4;2;0;0;;;;6;4;0;0;0;;;;4;10
57060;Rivodutri;35;6;1;0;0;;;;7;2;4;0;1;;;;7;14
57060;Rivodutri;36;3;1;0;0;;;;4;4;4;0;0;;;;8;12
57060;Rivodutri;37;2;1;0;0;;;;3;4;4;0;0;;;;8;11
57060;Rivodutri;38;6;1;0;0;;;;7;1;1;0;0;;;;2;9
57060;Rivodutri;39;3;3;0;0;;;;6;4;1;1;0;;;;6;12
57060;Rivodutri;40;4;0;0;0;;;;4;3;3;0;0;;;;6;10
57060;Rivodutri;41;4;4;0;0;;;;8;1;1;1;1;;;;4;12
57060;Rivodutri;42;4;2;0;0;;;;6;1;3;1;0;;;;5;11
57060;Rivodutri;43;5;5;0;0;;;;10;2;6;0;0;;;;8;18
57060;Rivodutri;44;3;1;0;0;;;;4;1;6;0;0;;;;7;11
57060;Rivodutri;45;2;4;0;0;;;;6;1;6;0;0;;;;7;13
57060;Rivodutri;46;7;4;1;0;;;;12;0;4;0;0;;;;4;16
57060;Rivodutri;47;3;6;0;0;;;;9;2;5;0;0;;;;7;16
57060;Rivodutri;48;3;6;0;0;;;;9;4;2;0;0;;;;6;15
57060;Rivodutri;49;5;6;0;0;;;;11;6;8;0;0;;;;14;25
57060;Rivodutri;50;3;4;0;0;;;;7;1;7;0;0;;;;8;15
57060;Rivodutri;51;1;1;0;0;;;;2;3;5;0;0;;;;8;10
57060;Rivodutri;52;3;6;0;0;;;;9;0;5;1;0;;;;6;15
57060;Rivodutri;53;4;7;0;0;;;;11;2;9;1;0;;;;12;23
57060;Rivodutri;54;0;1;1;0;;;;2;0;4;1;1;;;;6;8
57060;Rivodutri;55;5;5;0;0;;;;10;0;6;0;0;;;;6;16
57060;Rivodutri;56;5;3;2;0;;;;10;2;6;0;1;;;;9;19
57060;Rivodutri;57;2;9;0;0;;;;11;2;8;1;4;;;;15;26
57060;Rivodutri;58;3;5;1;0;;;;9;0;11;1;0;;;;12;21
57060;Rivodutri;59;1;12;0;0;;;;13;1;9;0;0;;;;10;23
57060;Rivodutri;60;0;9;0;0;;;;9;1;5;1;0;;;;7;16
57060;Rivodutri;61;3;6;2;0;;;;11;1;5;0;0;;;;6;17
57060;Rivodutri;62;0;11;2;0;;;;13;0;8;2;1;;;;11;24
57060;Rivodutri;63;0;7;2;0;;;;9;3;6;0;0;;;;9;18
57060;Rivodutri;64;1;7;1;0;;;;9;0;6;0;0;;;;6;15
57060;Rivodutri;65;1;8;0;0;;;;9;1;3;0;1;;;;5;14
57060;Rivodutri;66;1;11;0;0;;;;12;0;4;0;1;;;;5;17
57060;Rivodutri;67;0;3;0;0;;;;3;0;5;0;0;;;;5;8
57060;Rivodutri;68;1;7;1;1;;;;10;1;7;0;0;;;;8;18
57060;Rivodutri;69;0;5;0;0;;;;5;1;3;1;2;;;;7;12
57060;Rivodutri;70;2;2;0;0;;;;4;1;3;1;2;;;;7;11
57060;Rivodutri;71;1;5;0;1;;;;7;2;9;1;2;;;;14;21
57060;Rivodutri;72;2;5;1;0;;;;8;0;4;0;4;;;;8;16
57060;Rivodutri;73;0;5;1;0;;;;6;0;5;0;1;;;;6;12
57060;Rivodutri;74;0;6;0;1;;;;7;0;7;0;2;;;;9;16
57060;Rivodutri;75;1;8;0;2;;;;11;0;7;0;3;;;;10;21
57060;Rivodutri;76;2;11;0;0;;;;13;0;8;0;2;;;;10;23
57060;Rivodutri;77;0;4;0;2;;;;6;0;2;0;1;;;;3;9
57060;Rivodutri;78;1;3;0;1;;;;5;0;4;0;3;;;;7;12
57060;Rivodutri;79;0;4;0;0;;;;4;0;4;0;3;;;;7;11
57060;Rivodutri;80;0;4;1;1;;;;6;0;3;0;4;;;;7;13
57060;Rivodutri;81;0;6;0;0;;;;6;0;2;0;2;;;;4;10
57060;Rivodutri;82;0;2;0;3;;;;5;0;2;0;3;;;;5;10
57060;Rivodutri;83;1;2;0;1;;;;4;0;4;1;3;;;;8;12
57060;Rivodutri;84;0;3;0;0;;;;3;0;4;0;3;;;;7;10
57060;Rivodutri;85;0;2;0;1;;;;3;0;1;0;4;;;;5;8
57060;Rivodutri;86;0;1;0;0;;;;1;0;1;0;5;;;;6;7
57060;Rivodutri;87;0;3;0;1;;;;4;0;0;1;1;;;;2;6
57060;Rivodutri;88;1;3;0;2;;;;6;0;2;0;2;;;;4;10
57060;Rivodutri;89;0;1;0;1;;;;2;0;2;0;3;;;;5;7
57060;Rivodutri;90;0;1;0;2;;;;3;0;0;0;4;;;;4;7
57060;Rivodutri;91;0;0;0;0;;;;0;0;0;0;1;;;;1;1
57060;Rivodutri;92;0;0;0;0;;;;0;0;0;0;1;;;;1;1
57060;Rivodutri;93;0;1;0;0;;;;1;0;0;0;0;;;;0;1
57060;Rivodutri;94;0;1;0;1;;;;2;0;0;0;0;;;;0;2
57060;Rivodutri;95;0;0;0;0;;;;0;0;0;0;0;;;;0;0
57060;Rivodutri;96;0;1;0;0;;;;1;0;0;0;0;;;;0;1
57060;Rivodutri;97;0;0;0;0;;;;0;0;0;0;2;;;;2;2
57060;Rivodutri;98;0;0;0;0;;;;0;0;0;0;0;;;;0;0
57060;Rivodutri;99;0;0;0;0;;;;0;0;0;0;0;;;;0;0
57060;Rivodutri;100;0;0;0;0;;;;0;0;0;0;1;;;;1;1
57060;Rivodutri;999;279;264;16;21;;;;580;187;265;16;75;;;;543;1123
57061;Roccantica;0;2;0;0;0;;;;2;2;0;0;0;;;;2;4
57061;Roccantica;1;1;0;0;0;;;;1;1;0;0;0;;;;1;2
57061;Roccantica;2;4;0;0;0;;;;4;2;0;0;0;;;;2;6
57061;Roccantica;3;0;0;0;0;;;;0;0;0;0;0;;;;0;0
57061;Roccantica;4;2;0;0;0;;;;2;4;0;0;0;;;;4;6
57061;Roccantica;5;0;0;0;0;;;;0;1;0;0;0;;;;1;1
57061;Roccantica;6;5;0;0;0;;;;5;2;0;0;0;;;;2;7
57061;Roccantica;7;1;0;0;0;;;;1;1;0;0;0;;;;1;2
57061;Roccantica;8;2;0;0;0;;;;2;2;0;0;0;;;;2;4
57061;Roccantica;9;0;0;0;0;;;;0;2;0;0;0;;;;2;2
57061;Roccantica;10;3;0;0;0;;;;3;5;0;0;0;;;;5;8
57061;Roccantica;11;5;0;0;0;;;;5;2;0;0;0;;;;2;7
57061;Roccantica;12;0;0;0;0;;;;0;2;0;0;0;;;;2;2
57061;Roccantica;13;1;0;0;0;;;;1;2;0;0;0;;;;2;3
57061;Roccantica;14;2;0;0;0;;;;2;4;0;0;0;;;;4;6
57061;Roccantica;15;4;0;0;0;;;;4;0;0;0;0;;;;0;4
57061;Roccantica;16;1;0;0;0;;;;1;2;0;0;0;;;;2;3
57061;Roccantica;17;2;0;0;0;;;;2;2;0;0;0;;;;2;4
57061;Roccantica;18;1;0;0;0;;;;1;2;0;0;0;;;;2;3
57061;Roccantica;19;2;0;0;0;;;;2;0;0;0;0;;;;0;2
57061;Roccantica;20;3;0;0;0;;;;3;1;0;0;0;;;;1;4
57061;Roccantica;21;2;0;0;0;;;;2;3;0;0;0;;;;3;5
57061;Roccantica;22;0;0;0;0;;;;0;0;0;0;0;;;;0;0
57061;Roccantica;23;0;0;0;0;;;;0;1;0;0;0;;;;1;1
57061;Roccantica;24;2;0;0;0;;;;2;5;0;0;0;;;;5;7
57061;Roccantica;25;1;0;0;0;;;;1;0;0;0;0;;;;0;1
57061;Roccantica;26;0;0;0;0;;;;0;4;0;0;0;;;;4;4
57061;Roccantica;27;3;0;0;0;;;;3;2;0;0;0;;;;2;5
57061;Roccantica;28;0;0;0;0;;;;0;4;0;0;0;;;;4;4
57061;Roccantica;29;0;0;0;0;;;;0;2;0;1;0;;;;3;3
57061;Roccantica;30;2;0;0;0;;;;2;2;0;0;0;;;;2;4
57061;Roccantica;31;3;1;0;0;;;;4;1;0;0;0;;;;1;5
57061;Roccantica;32;2;0;0;0;;;;2;2;0;0;0;;;;2;4
57061;Roccantica;33;3;0;0;0;;;;3;0;1;0;0;;;;1;4
57061;Roccantica;34;3;0;0;0;;;;3;1;1;0;0;;;;2;5
57061;Roccantica;35;4;0;0;0;;;;4;2;1;0;0;;;;3;7
57061;Roccantica;36;0;2;0;0;;;;2;3;0;0;0;;;;3;5
57061;Roccantica;37;0;0;0;0;;;;0;2;1;0;0;;;;3;3
57061;Roccantica;38;2;0;0;0;;;;2;3;2;0;0;;;;5;7
57061;Roccantica;39;2;0;0;0;;;;2;3;2;0;0;;;;5;7
57061;Roccantica;40;0;2;0;0;;;;2;1;4;0;0;;;;5;7
57061;Roccantica;41;3;3;0;0;;;;6;1;3;0;0;;;;4;10
57061;Roccantica;42;3;1;0;0;;;;4;3;3;0;0;;;;6;10
57061;Roccantica;43;1;1;0;0;;;;2;3;1;0;0;;;;4;6
57061;Roccantica;44;0;1;0;0;;;;1;0;1;0;0;;;;1;2
57061;Roccantica;45;0;3;0;0;;;;3;1;3;0;0;;;;4;7
57061;Roccantica;46;3;3;1;0;;;;7;1;2;0;0;;;;3;10
57061;Roccantica;47;1;1;1;0;;;;3;2;2;0;0;;;;4;7
57061;Roccantica;48;0;0;1;0;;;;1;1;1;0;0;;;;2;3
57061;Roccantica;49;1;1;0;0;;;;2;2;1;0;0;;;;3;5
57061;Roccantica;50;2;4;0;0;;;;6;1;4;0;0;;;;5;11
57061;Roccantica;51;0;2;0;0;;;;2;0;3;0;0;;;;3;5
57061;Roccantica;52;2;0;1;0;;;;3;2;1;1;0;;;;4;7
57061;Roccantica;53;1;4;0;0;;;;5;1;3;0;0;;;;4;9
57061;Roccantica;54;1;5;0;0;;;;6;2;5;0;0;;;;7;13
57061;Roccantica;55;2;2;0;0;;;;4;0;5;1;0;;;;6;10
57061;Roccantica;56;0;1;0;0;;;;1;1;0;0;0;;;;1;2
57061;Roccantica;57;3;3;1;0;;;;7;1;6;0;0;;;;7;14
57061;Roccantica;58;2;1;1;0;;;;4;1;3;0;0;;;;4;8
57061;Roccantica;59;3;6;0;1;;;;10;1;1;0;3;;;;5;15
57061;Roccantica;60;1;1;0;0;;;;2;0;4;0;0;;;;4;6
57061;Roccantica;61;0;3;0;0;;;;3;0;2;0;0;;;;2;5
57061;Roccantica;62;0;6;0;0;;;;6;0;0;0;1;;;;1;7
57061;Roccantica;63;1;3;0;0;;;;4;1;4;0;1;;;;6;10
57061;Roccantica;64;0;2;0;0;;;;2;2;1;0;0;;;;3;5
57061;Roccantica;65;0;3;1;0;;;;4;1;3;1;0;;;;5;9
57061;Roccantica;66;0;2;0;1;;;;3;1;4;0;0;;;;5;8
57061;Roccantica;67;0;4;0;0;;;;4;1;1;0;1;;;;3;7
57061;Roccantica;68;0;0;0;0;;;;0;0;3;1;1;;;;5;5
57061;Roccantica;69;1;8;0;0;;;;9;1;2;0;0;;;;3;12
57061;Roccantica;70;3;2;0;1;;;;6;0;2;0;0;;;;2;8
57061;Roccantica;71;3;3;0;0;;;;6;0;2;0;0;;;;2;8
57061;Roccantica;72;3;3;0;0;;;;6;0;1;0;1;;;;2;8
57061;Roccantica;73;0;3;0;0;;;;3;0;1;0;1;;;;2;5
57061;Roccantica;74;0;3;0;0;;;;3;0;3;0;1;;;;4;7
57061;Roccantica;75;0;1;0;0;;;;1;0;1;0;0;;;;1;2
57061;Roccantica;76;0;4;0;0;;;;4;0;4;0;2;;;;6;10
57061;Roccantica;77;1;4;2;0;;;;7;3;3;0;0;;;;6;13
57061;Roccantica;78;0;3;0;0;;;;3;0;1;1;3;;;;5;8
57061;Roccantica;79;0;1;0;0;;;;1;1;2;0;4;;;;7;8
57061;Roccantica;80;0;3;0;2;;;;5;0;1;1;1;;;;3;8
57061;Roccantica;81;2;2;0;1;;;;5;0;0;0;1;;;;1;6
57061;Roccantica;82;0;2;0;0;;;;2;0;1;0;1;;;;2;4
57061;Roccantica;83;0;1;0;0;;;;1;0;0;0;2;;;;2;3
57061;Roccantica;84;0;3;0;0;;;;3;0;1;0;1;;;;2;5
57061;Roccantica;85;1;1;0;0;;;;2;0;2;0;1;;;;3;5
57061;Roccantica;86;0;1;0;0;;;;1;0;1;0;3;;;;4;5
57061;Roccantica;87;0;0;0;1;;;;1;0;0;0;1;;;;1;2
57061;Roccantica;88;0;1;0;0;;;;1;0;0;0;0;;;;0;1
57061;Roccantica;89;0;1;0;1;;;;2;0;0;0;3;;;;3;5
57061;Roccantica;90;0;2;0;0;;;;2;0;0;1;1;;;;2;4
57061;Roccantica;91;0;0;0;0;;;;0;0;1;0;1;;;;2;2
57061;Roccantica;92;0;0;0;0;;;;0;0;0;0;0;;;;0;0
57061;Roccantica;93;0;1;0;0;;;;1;0;0;0;0;;;;0;1
57061;Roccantica;94;0;0;0;0;;;;0;0;0;0;2;;;;2;2
57061;Roccantica;95;0;0;0;0;;;;0;0;0;0;0;;;;0;0
57061;Roccantica;96;0;0;0;0;;;;0;0;0;0;0;;;;0;0
57061;Roccantica;97;0;0;0;0;;;;0;0;0;0;0;;;;0;0
57061;Roccantica;98;0;0;0;0;;;;0;0;0;0;0;;;;0;0
57061;Roccantica;99;0;0;0;0;;;;0;0;0;0;0;;;;0;0
57061;Roccantica;100;0;0;0;0;;;;0;0;0;0;0;;;;0;0
57061;Roccantica;999;114;124;9;8;;;;255;115;111;8;37;;;;271;526
57062;Rocca Sinibalda;0;3;0;0;0;;;;3;0;0;0;0;;;;0;3
57062;Rocca Sinibalda;1;1;0;0;0;;;;1;0;0;0;0;;;;0;1
57062;Rocca Sinibalda;2;3;0;0;0;;;;3;0;0;0;0;;;;0;3
57062;Rocca Sinibalda;3;1;0;0;0;;;;1;3;0;0;0;;;;3;4
57062;Rocca Sinibalda;4;3;0;0;0;;;;3;0;0;0;0;;;;0;3
57062;Rocca Sinibalda;5;4;0;0;0;;;;4;0;0;0;0;;;;0;4
57062;Rocca Sinibalda;6;2;0;0;0;;;;2;3;0;0;0;;;;3;5
57062;Rocca Sinibalda;7;1;0;0;0;;;;1;2;0;0;0;;;;2;3
57062;Rocca Sinibalda;8;2;0;0;0;;;;2;2;0;0;0;;;;2;4
57062;Rocca Sinibalda;9;1;0;0;0;;;;1;3;0;0;0;;;;3;4
57062;Rocca Sinibalda;10;1;0;0;0;;;;1;3;0;0;0;;;;3;4
57062;Rocca Sinibalda;11;3;0;0;0;;;;3;1;0;0;0;;;;1;4
57062;Rocca Sinibalda;12;2;0;0;0;;;;2;3;0;0;0;;;;3;5
57062;Rocca Sinibalda;13;0;0;0;0;;;;0;0;0;0;0;;;;0;0
57062;Rocca Sinibalda;14;4;0;0;0;;;;4;2;0;0;0;;;;2;6
57062;Rocca Sinibalda;15;2;0;0;0;;;;2;2;0;0;0;;;;2;4
57062;Rocca Sinibalda;16;2;0;0;0;;;;2;2;0;0;0;;;;2;4
57062;Rocca Sinibalda;17;2;0;0;0;;;;2;2;0;0;0;;;;2;4
57062;Rocca Sinibalda;18;3;0;0;0;;;;3;0;0;0;0;;;;0;3
57062;Rocca Sinibalda;19;3;0;0;0;;;;3;4;0;0;0;;;;4;7
57062;Rocca Sinibalda;20;2;0;0;0;;;;2;2;0;0;0;;;;2;4
57062;Rocca Sinibalda;21;3;0;0;0;;;;3;4;0;0;0;;;;4;7
57062;Rocca Sinibalda;22;5;0;0;0;;;;5;3;0;0;0;;;;3;8
57062;Rocca Sinibalda;23;6;0;0;0;;;;6;3;0;0;0;;;;3;9
57062;Rocca Sinibalda;24;3;0;0;0;;;;3;3;0;0;0;;;;3;6
57062;Rocca Sinibalda;25;4;0;0;0;;;;4;2;0;0;0;;;;2;6
57062;Rocca Sinibalda;26;2;0;0;0;;;;2;3;0;0;0;;;;3;5
57062;Rocca Sinibalda;27;4;0;0;0;;;;4;3;0;0;0;;;;3;7
57062;Rocca Sinibalda;28;7;0;0;0;;;;7;3;0;0;0;;;;3;10
57062;Rocca Sinibalda;29;1;0;0;0;;;;1;2;0;0;0;;;;2;3
57062;Rocca Sinibalda;30;2;1;0;0;;;;3;4;1;0;0;;;;5;8
57062;Rocca Sinibalda;31;5;0;0;0;;;;5;3;0;0;0;;;;3;8
57062;Rocca Sinibalda;32;6;0;0;0;;;;6;4;2;0;0;;;;6;12
57062;Rocca Sinibalda;33;2;0;0;0;;;;2;2;1;0;0;;;;3;5
57062;Rocca Sinibalda;34;2;0;0;0;;;;2;4;1;0;0;;;;5;7
57062;Rocca Sinibalda;35;2;1;0;0;;;;3;3;1;0;0;;;;4;7
57062;Rocca Sinibalda;36;3;0;0;0;;;;3;0;1;0;0;;;;1;4
57062;Rocca Sinibalda;37;4;4;0;0;;;;8;4;1;0;0;;;;5;13
57062;Rocca Sinibalda;38;4;2;0;0;;;;6;4;1;0;0;;;;5;11
57062;Rocca Sinibalda;39;1;2;0;0;;;;3;1;3;0;0;;;;4;7
57062;Rocca Sinibalda;40;3;1;0;0;;;;4;0;2;0;0;;;;2;6
57062;Rocca Sinibalda;41;4;3;0;0;;;;7;1;2;0;0;;;;3;10
57062;Rocca Sinibalda;42;5;2;0;0;;;;7;0;2;0;0;;;;2;9
57062;Rocca Sinibalda;43;1;0;0;0;;;;1;2;1;0;0;;;;3;4
57062;Rocca Sinibalda;44;5;2;0;0;;;;7;2;1;0;0;;;;3;10
57062;Rocca Sinibalda;45;1;5;1;0;;;;7;1;0;1;0;;;;2;9
57062;Rocca Sinibalda;46;4;2;0;0;;;;6;2;2;0;0;;;;4;10
57062;Rocca Sinibalda;47;1;4;0;0;;;;5;0;3;0;0;;;;3;8
57062;Rocca Sinibalda;48;3;0;0;0;;;;3;3;1;0;0;;;;4;7
57062;Rocca Sinibalda;49;5;3;1;0;;;;9;0;3;2;0;;;;5;14
57062;Rocca Sinibalda;50;2;3;1;0;;;;6;1;2;0;0;;;;3;9
57062;Rocca Sinibalda;51;2;2;0;0;;;;4;2;3;1;0;;;;6;10
57062;Rocca Sinibalda;52;3;4;0;0;;;;7;0;5;0;0;;;;5;12
57062;Rocca Sinibalda;53;4;5;1;0;;;;10;1;5;0;1;;;;7;17
57062;Rocca Sinibalda;54;3;2;2;0;;;;7;0;2;0;2;;;;4;11
57062;Rocca Sinibalda;55;2;6;1;0;;;;9;2;5;0;0;;;;7;16
57062;Rocca Sinibalda;56;2;4;1;0;;;;7;3;6;0;0;;;;9;16
57062;Rocca Sinibalda;57;2;6;1;0;;;;9;0;6;0;0;;;;6;15
57062;Rocca Sinibalda;58;2;5;0;0;;;;7;1;9;0;1;;;;11;18
57062;Rocca Sinibalda;59;1;7;1;0;;;;9;3;6;0;1;;;;10;19
57062;Rocca Sinibalda;60;2;10;0;1;;;;13;0;8;1;0;;;;9;22
57062;Rocca Sinibalda;61;0;5;0;0;;;;5;0;6;2;3;;;;11;16
57062;Rocca Sinibalda;62;1;6;1;0;;;;8;0;3;0;1;;;;4;12
57062;Rocca Sinibalda;63;0;3;1;0;;;;4;0;6;0;0;;;;6;10
57062;Rocca Sinibalda;64;0;6;1;0;;;;7;0;4;1;1;;;;6;13
57062;Rocca Sinibalda;65;1;11;1;1;;;;14;1;4;0;0;;;;5;19
57062;Rocca Sinibalda;66;3;7;2;0;;;;12;1;3;0;2;;;;6;18
57062;Rocca Sinibalda;67;2;5;1;0;;;;8;0;2;1;1;;;;4;12
57062;Rocca Sinibalda;68;0;2;0;0;;;;2;0;8;0;2;;;;10;12
57062;Rocca Sinibalda;69;0;7;0;0;;;;7;2;7;0;2;;;;11;18
57062;Rocca Sinibalda;70;1;2;1;1;;;;5;1;2;0;1;;;;4;9
57062;Rocca Sinibalda;71;0;4;0;0;;;;4;0;4;0;0;;;;4;8
57062;Rocca Sinibalda;72;1;3;1;0;;;;5;1;5;1;4;;;;11;16
57062;Rocca Sinibalda;73;1;2;0;0;;;;3;0;1;0;3;;;;4;7
57062;Rocca Sinibalda;74;1;7;0;1;;;;9;0;2;1;1;;;;4;13
57062;Rocca Sinibalda;75;2;7;1;1;;;;11;1;7;0;4;;;;12;23
57062;Rocca Sinibalda;76;1;5;1;0;;;;7;0;4;0;2;;;;6;13
57062;Rocca Sinibalda;77;2;5;0;0;;;;7;0;2;1;3;;;;6;13
57062;Rocca Sinibalda;78;0;3;0;0;;;;3;0;2;0;3;;;;5;8
57062;Rocca Sinibalda;79;0;3;0;0;;;;3;0;1;0;1;;;;2;5
57062;Rocca Sinibalda;80;0;3;0;1;;;;4;0;2;0;2;;;;4;8
57062;Rocca Sinibalda;81;0;5;0;0;;;;5;0;0;0;1;;;;1;6
57062;Rocca Sinibalda;82;0;3;0;0;;;;3;0;2;0;1;;;;3;6
57062;Rocca Sinibalda;83;0;1;1;0;;;;2;0;1;0;3;;;;4;6
57062;Rocca Sinibalda;84;0;3;0;1;;;;4;0;2;1;2;;;;5;9
57062;Rocca Sinibalda;85;0;1;1;2;;;;4;0;2;0;2;;;;4;8
57062;Rocca Sinibalda;86;0;2;0;0;;;;2;0;2;0;2;;;;4;6
57062;Rocca Sinibalda;87;1;1;0;1;;;;3;0;0;0;2;;;;2;5
57062;Rocca Sinibalda;88;0;1;0;0;;;;1;0;2;0;3;;;;5;6
57062;Rocca Sinibalda;89;0;2;0;0;;;;2;1;0;0;1;;;;2;4
57062;Rocca Sinibalda;90;0;0;0;1;;;;1;0;0;0;0;;;;0;1
57062;Rocca Sinibalda;91;0;0;0;0;;;;0;0;1;0;2;;;;3;3
57062;Rocca Sinibalda;92;0;1;0;2;;;;3;0;0;0;3;;;;3;6
57062;Rocca Sinibalda;93;0;0;0;0;;;;0;0;0;0;1;;;;1;1
57062;Rocca Sinibalda;94;0;0;0;0;;;;0;0;0;0;2;;;;2;2
57062;Rocca Sinibalda;95;0;0;0;1;;;;1;0;0;0;1;;;;1;2
57062;Rocca Sinibalda;96;0;0;0;0;;;;0;0;0;0;1;;;;1;1
57062;Rocca Sinibalda;97;0;0;0;0;;;;0;0;1;0;0;;;;1;1
57062;Rocca Sinibalda;98;0;0;0;0;;;;0;0;0;0;0;;;;0;0
57062;Rocca Sinibalda;99;0;0;0;0;;;;0;0;0;0;1;;;;1;1
57062;Rocca Sinibalda;100;0;0;0;0;;;;0;0;0;0;0;;;;0;0
57062;Rocca Sinibalda;999;185;202;23;14;;;;424;121;174;13;69;;;;377;801
57063;Salisano;0;1;0;0;0;;;;1;0;0;0;0;;;;0;1
57063;Salisano;1;3;0;0;0;;;;3;0;0;0;0;;;;0;3
57063;Salisano;2;1;0;0;0;;;;1;2;0;0;0;;;;2;3
57063;Salisano;3;0;0;0;0;;;;0;1;0;0;0;;;;1;1
57063;Salisano;4;2;0;0;0;;;;2;0;0;0;0;;;;0;2
57063;Salisano;5;2;0;0;0;;;;2;2;0;0;0;;;;2;4
57063;Salisano;6;2;0;0;0;;;;2;1;0;0;0;;;;1;3
57063;Salisano;7;3;0;0;0;;;;3;2;0;0;0;;;;2;5
57063;Salisano;8;0;0;0;0;;;;0;1;0;0;0;;;;1;1
57063;Salisano;9;2;0;0;0;;;;2;3;0;0;0;;;;3;5
57063;Salisano;10;1;0;0;0;;;;1;7;0;0;0;;;;7;8
57063;Salisano;11;2;0;0;0;;;;2;2;0;0;0;;;;2;4
57063;Salisano;12;6;0;0;0;;;;6;1;0;0;0;;;;1;7
57063;Salisano;13;3;0;0;0;;;;3;4;0;0;0;;;;4;7
57063;Salisano;14;2;0;0;0;;;;2;0;0;0;0;;;;0;2
57063;Salisano;15;3;0;0;0;;;;3;0;0;0;0;;;;0;3
57063;Salisano;16;1;0;0;0;;;;1;2;0;0;0;;;;2;3
57063;Salisano;17;1;0;0;0;;;;1;1;0;0;0;;;;1;2
57063;Salisano;18;1;0;0;0;;;;1;1;0;0;0;;;;1;2
57063;Salisano;19;1;0;0;0;;;;1;0;0;0;0;;;;0;1
57063;Salisano;20;3;0;0;0;;;;3;4;0;0;0;;;;4;7
57063;Salisano;21;4;0;0;0;;;;4;3;0;0;0;;;;3;7
57063;Salisano;22;1;0;0;0;;;;1;1;0;0;0;;;;1;2
57063;Salisano;23;1;0;0;0;;;;1;0;0;0;0;;;;0;1
57063;Salisano;24;3;0;0;0;;;;3;0;0;0;0;;;;0;3
57063;Salisano;25;1;0;0;0;;;;1;0;0;0;0;;;;0;1
57063;Salisano;26;3;0;0;0;;;;3;1;0;0;0;;;;1;4
57063;Salisano;27;0;0;0;0;;;;0;3;1;0;0;;;;4;4
57063;Salisano;28;1;0;0;0;;;;1;1;0;0;0;;;;1;2
57063;Salisano;29;1;0;0;0;;;;1;6;0;0;0;;;;6;7
57063;Salisano;30;2;0;0;0;;;;2;2;0;0;0;;;;2;4
57063;Salisano;31;1;0;0;0;;;;1;1;0;0;0;;;;1;2
57063;Salisano;32;1;2;0;0;;;;3;1;2;0;0;;;;3;6
57063;Salisano;33;2;1;0;0;;;;3;3;0;0;0;;;;3;6
57063;Salisano;34;2;0;0;0;;;;2;2;1;0;0;;;;3;5
57063;Salisano;35;0;0;0;0;;;;0;3;4;0;0;;;;7;7
57063;Salisano;36;0;1;0;0;;;;1;1;0;0;0;;;;1;2
57063;Salisano;37;0;0;0;0;;;;0;0;0;0;0;;;;0;0
57063;Salisano;38;2;0;0;0;;;;2;1;2;0;0;;;;3;5
57063;Salisano;39;0;2;0;0;;;;2;1;1;0;0;;;;2;4
57063;Salisano;40;3;0;0;0;;;;3;1;0;0;0;;;;1;4
57063;Salisano;41;2;2;0;0;;;;4;1;5;0;0;;;;6;10
57063;Salisano;42;2;1;0;0;;;;3;1;2;0;0;;;;3;6
57063;Salisano;43;1;2;0;0;;;;3;2;0;1;0;;;;3;6
57063;Salisano;44;3;2;0;0;;;;5;1;1;0;0;;;;2;7
57063;Salisano;45;2;1;0;0;;;;3;1;1;0;0;;;;2;5
57063;Salisano;46;0;2;0;0;;;;2;0;4;0;0;;;;4;6
57063;Salisano;47;0;0;1;0;;;;1;3;3;1;0;;;;7;8
57063;Salisano;48;1;1;0;0;;;;2;2;0;0;0;;;;2;4
57063;Salisano;49;1;5;0;0;;;;6;1;0;0;0;;;;1;7
57063;Salisano;50;2;1;0;0;;;;3;3;2;0;0;;;;5;8
57063;Salisano;51;0;1;0;0;;;;1;1;2;0;0;;;;3;4
57063;Salisano;52;1;2;0;0;;;;3;1;4;0;0;;;;5;8
57063;Salisano;53;0;4;0;1;;;;5;0;4;0;0;;;;4;9
57063;Salisano;54;0;2;0;0;;;;2;1;2;1;0;;;;4;6
57063;Salisano;55;0;1;1;0;;;;2;1;5;1;0;;;;7;9
57063;Salisano;56;1;1;0;0;;;;2;0;2;0;0;;;;2;4
57063;Salisano;57;0;1;0;0;;;;1;0;2;0;0;;;;2;3
57063;Salisano;58;0;4;0;0;;;;4;1;4;0;0;;;;5;9
57063;Salisano;59;0;4;2;0;;;;6;2;2;0;1;;;;5;11
57063;Salisano;60;1;4;1;0;;;;6;1;5;0;1;;;;7;13
57063;Salisano;61;1;1;0;0;;;;2;0;4;0;0;;;;4;6
57063;Salisano;62;0;2;1;0;;;;3;0;3;1;0;;;;4;7
57063;Salisano;63;0;5;0;0;;;;5;0;3;0;0;;;;3;8
57063;Salisano;64;0;3;0;0;;;;3;0;6;1;0;;;;7;10
57063;Salisano;65;0;5;0;0;;;;5;0;3;0;0;;;;3;8
57063;Salisano;66;1;7;0;0;;;;8;0;4;1;0;;;;5;13
57063;Salisano;67;1;3;0;0;;;;4;0;4;0;0;;;;4;8
57063;Salisano;68;1;4;0;0;;;;5;0;5;0;1;;;;6;11
57063;Salisano;69;0;2;0;0;;;;2;1;3;0;0;;;;4;6
57063;Salisano;70;0;4;0;0;;;;4;0;2;0;1;;;;3;7
57063;Salisano;71;0;7;0;0;;;;7;0;2;1;1;;;;4;11
57063;Salisano;72;1;6;0;1;;;;8;0;0;0;0;;;;0;8
57063;Salisano;73;0;4;0;0;;;;4;1;1;0;1;;;;3;7
57063;Salisano;74;1;5;0;0;;;;6;0;0;0;1;;;;1;7
57063;Salisano;75;0;6;0;0;;;;6;0;2;0;1;;;;3;9
57063;Salisano;76;0;0;0;0;;;;0;0;4;0;2;;;;6;6
57063;Salisano;77;0;0;1;1;;;;2;0;1;0;1;;;;2;4
57063;Salisano;78;0;2;0;0;;;;2;1;2;0;2;;;;5;7
57063;Salisano;79;0;1;0;0;;;;1;0;2;0;0;;;;2;3
57063;Salisano;80;0;0;0;1;;;;1;0;1;0;1;;;;2;3
57063;Salisano;81;0;3;0;1;;;;4;0;1;0;0;;;;1;5
57063;Salisano;82;0;2;0;0;;;;2;0;1;0;1;;;;2;4
57063;Salisano;83;0;1;0;0;;;;1;0;0;1;1;;;;2;3
57063;Salisano;84;0;1;0;0;;;;1;0;0;0;0;;;;0;1
57063;Salisano;85;0;1;0;0;;;;1;0;1;0;3;;;;4;5
57063;Salisano;86;0;1;0;0;;;;1;0;0;0;1;;;;1;2
57063;Salisano;87;0;0;0;1;;;;1;1;0;0;1;;;;2;3
57063;Salisano;88;0;0;0;0;;;;0;0;1;0;1;;;;2;2
57063;Salisano;89;0;0;0;0;;;;0;0;0;0;1;;;;1;1
57063;Salisano;90;0;0;0;1;;;;1;0;0;0;1;;;;1;2
57063;Salisano;91;0;0;0;0;;;;0;0;1;0;0;;;;1;1
57063;Salisano;92;0;0;0;0;;;;0;0;0;0;0;;;;0;0
57063;Salisano;93;0;0;0;0;;;;0;0;1;0;0;;;;1;1
57063;Salisano;94;0;0;0;0;;;;0;0;0;0;0;;;;0;0
57063;Salisano;95;1;0;0;0;;;;1;0;0;0;1;;;;1;2
57063;Salisano;96;0;0;0;0;;;;0;0;0;0;0;;;;0;0
57063;Salisano;97;0;0;0;0;;;;0;0;0;0;0;;;;0;0
57063;Salisano;98;0;0;0;0;;;;0;0;0;0;0;;;;0;0
57063;Salisano;99;0;0;0;0;;;;0;0;0;0;0;;;;0;0
57063;Salisano;100;0;0;0;0;;;;0;0;0;0;0;;;;0;0
57063;Salisano;999;92;123;7;7;;;;229;92;119;9;25;;;;245;474
57064;Scandriglia;0;9;0;0;0;;;;9;10;0;0;0;;;;10;19
57064;Scandriglia;1;17;0;0;0;;;;17;8;0;0;0;;;;8;25
57064;Scandriglia;2;16;0;0;0;;;;16;12;0;0;0;;;;12;28
57064;Scandriglia;3;19;0;0;0;;;;19;13;0;0;0;;;;13;32
57064;Scandriglia;4;11;0;0;0;;;;11;9;0;0;0;;;;9;20
57064;Scandriglia;5;18;0;0;0;;;;18;10;0;0;0;;;;10;28
57064;Scandriglia;6;14;0;0;0;;;;14;14;0;0;0;;;;14;28
57064;Scandriglia;7;14;0;0;0;;;;14;17;0;0;0;;;;17;31
57064;Scandriglia;8;18;0;0;0;;;;18;13;0;0;0;;;;13;31
57064;Scandriglia;9;9;0;0;0;;;;9;12;0;0;0;;;;12;21
57064;Scandriglia;10;16;0;0;0;;;;16;10;0;0;0;;;;10;26
57064;Scandriglia;11;15;0;0;0;;;;15;10;0;0;0;;;;10;25
57064;Scandriglia;12;16;0;0;0;;;;16;14;0;0;0;;;;14;30
57064;Scandriglia;13;12;0;0;0;;;;12;10;0;0;0;;;;10;22
57064;Scandriglia;14;12;0;0;0;;;;12;15;0;0;0;;;;15;27
57064;Scandriglia;15;16;0;0;0;;;;16;7;0;0;0;;;;7;23
57064;Scandriglia;16;17;0;0;0;;;;17;19;0;0;0;;;;19;36
57064;Scandriglia;17;19;0;0;0;;;;19;11;0;0;0;;;;11;30
57064;Scandriglia;18;12;0;0;0;;;;12;9;0;0;0;;;;9;21
57064;Scandriglia;19;21;0;0;0;;;;21;10;0;0;0;;;;10;31
57064;Scandriglia;20;18;0;0;0;;;;18;8;0;0;0;;;;8;26
57064;Scandriglia;21;26;0;0;0;;;;26;9;0;0;0;;;;9;35
57064;Scandriglia;22;11;0;0;0;;;;11;13;0;0;0;;;;13;24
57064;Scandriglia;23;18;0;0;0;;;;18;9;0;0;0;;;;9;27
57064;Scandriglia;24;10;0;0;0;;;;10;14;1;0;0;;;;15;25
57064;Scandriglia;25;16;2;0;0;;;;18;12;1;0;0;;;;13;31
57064;Scandriglia;26;16;0;0;0;;;;16;10;1;0;0;;;;11;27
57064;Scandriglia;27;25;2;0;0;;;;27;18;2;0;0;;;;20;47
57064;Scandriglia;28;18;2;0;0;;;;20;10;4;1;0;;;;15;35
57064;Scandriglia;29;19;2;0;0;;;;21;11;0;0;0;;;;11;32
57064;Scandriglia;30;16;1;0;0;;;;17;13;6;0;0;;;;19;36
57064;Scandriglia;31;26;5;0;0;;;;31;7;4;0;0;;;;11;42
57064;Scandriglia;32;26;3;0;0;;;;29;11;6;0;0;;;;17;46
57064;Scandriglia;33;22;7;1;0;;;;30;7;5;0;0;;;;12;42
57064;Scandriglia;34;27;3;0;0;;;;30;13;6;1;0;;;;20;50
57064;Scandriglia;35;19;3;0;0;;;;22;7;11;0;0;;;;18;40
57064;Scandriglia;36;15;7;0;0;;;;22;9;11;0;1;;;;21;43
57064;Scandriglia;37;19;9;0;0;;;;28;5;5;0;0;;;;10;38
57064;Scandriglia;38;12;12;0;0;;;;24;3;11;0;0;;;;14;38
57064;Scandriglia;39;14;8;0;0;;;;22;8;12;1;0;;;;21;43
57064;Scandriglia;40;13;14;2;0;;;;29;5;6;1;0;;;;12;41
57064;Scandriglia;41;22;10;1;0;;;;33;7;12;0;0;;;;19;52
57064;Scandriglia;42;13;13;0;0;;;;26;4;8;3;1;;;;16;42
57064;Scandriglia;43;6;13;1;0;;;;20;6;15;0;0;;;;21;41
57064;Scandriglia;44;14;15;1;0;;;;30;4;13;1;0;;;;18;48
57064;Scandriglia;45;4;14;0;0;;;;18;0;16;0;0;;;;16;34
57064;Scandriglia;46;9;14;1;0;;;;24;10;19;1;0;;;;30;54
57064;Scandriglia;47;9;10;1;0;;;;20;5;14;5;1;;;;25;45
57064;Scandriglia;48;8;22;3;0;;;;33;8;20;1;0;;;;29;62
57064;Scandriglia;49;8;13;3;0;;;;24;8;17;2;1;;;;28;52
57064;Scandriglia;50;7;13;3;1;;;;24;5;17;2;0;;;;24;48
57064;Scandriglia;51;8;20;2;1;;;;31;9;26;0;1;;;;36;67
57064;Scandriglia;52;10;17;2;0;;;;29;2;18;0;0;;;;20;49
57064;Scandriglia;53;6;19;3;1;;;;29;3;16;4;2;;;;25;54
57064;Scandriglia;54;13;21;0;0;;;;34;4;18;3;0;;;;25;59
57064;Scandriglia;55;7;13;4;1;;;;25;4;19;4;1;;;;28;53
57064;Scandriglia;56;6;18;0;0;;;;24;5;15;1;1;;;;22;46
57064;Scandriglia;57;5;21;0;0;;;;26;2;17;2;1;;;;22;48
57064;Scandriglia;58;3;15;1;1;;;;20;3;14;1;1;;;;19;39
57064;Scandriglia;59;2;31;5;1;;;;39;3;20;1;4;;;;28;67
57064;Scandriglia;60;2;19;1;0;;;;22;5;26;6;4;;;;41;63
57064;Scandriglia;61;3;19;3;0;;;;25;3;12;3;4;;;;22;47
57064;Scandriglia;62;1;20;7;0;;;;28;2;12;2;4;;;;20;48
57064;Scandriglia;63;2;13;1;2;;;;18;2;12;1;2;;;;17;35
57064;Scandriglia;64;2;18;1;1;;;;22;3;18;2;4;;;;27;49
57064;Scandriglia;65;6;13;2;0;;;;21;1;22;1;2;;;;26;47
57064;Scandriglia;66;3;10;4;0;;;;17;1;7;0;1;;;;9;26
57064;Scandriglia;67;7;15;2;2;;;;26;1;13;0;4;;;;18;44
57064;Scandriglia;68;5;15;0;2;;;;22;1;17;1;2;;;;21;43
57064;Scandriglia;69;2;13;0;0;;;;15;0;13;2;4;;;;19;34
57064;Scandriglia;70;2;16;3;1;;;;22;2;12;1;7;;;;22;44
57064;Scandriglia;71;0;19;3;0;;;;22;2;11;0;3;;;;16;38
57064;Scandriglia;72;2;8;1;0;;;;11;0;15;0;6;;;;21;32
57064;Scandriglia;73;2;23;0;0;;;;25;1;17;1;9;;;;28;53
57064;Scandriglia;74;3;14;1;1;;;;19;3;11;1;7;;;;22;41
57064;Scandriglia;75;2;19;1;3;;;;25;0;7;0;7;;;;14;39
57064;Scandriglia;76;1;12;1;3;;;;17;2;12;0;7;;;;21;38
57064;Scandriglia;77;0;7;0;0;;;;7;1;5;0;5;;;;11;18
57064;Scandriglia;78;2;11;2;0;;;;15;0;6;0;5;;;;11;26
57064;Scandriglia;79;0;12;0;1;;;;13;1;6;0;6;;;;13;26
57064;Scandriglia;80;0;12;0;2;;;;14;0;3;1;5;;;;9;23
57064;Scandriglia;81;0;11;0;1;;;;12;0;8;0;8;;;;16;28
57064;Scandriglia;82;0;4;1;2;;;;7;1;4;1;7;;;;13;20
57064;Scandriglia;83;1;4;1;1;;;;7;0;7;0;8;;;;15;22
57064;Scandriglia;84;0;10;1;2;;;;13;1;3;1;8;;;;13;26
57064;Scandriglia;85;0;5;0;0;;;;5;0;2;0;4;;;;6;11
57064;Scandriglia;86;1;7;1;0;;;;9;0;4;0;4;;;;8;17
57064;Scandriglia;87;0;6;0;1;;;;7;2;1;1;7;;;;11;18
57064;Scandriglia;88;0;3;0;2;;;;5;1;0;0;5;;;;6;11
57064;Scandriglia;89;0;2;0;0;;;;2;0;0;0;9;;;;9;11
57064;Scandriglia;90;0;0;0;0;;;;0;0;0;0;5;;;;5;5
57064;Scandriglia;91;0;2;0;1;;;;3;0;0;0;5;;;;5;8
57064;Scandriglia;92;0;0;0;0;;;;0;0;0;0;1;;;;1;1
57064;Scandriglia;93;0;1;0;2;;;;3;0;0;0;2;;;;2;5
57064;Scandriglia;94;0;0;0;0;;;;0;0;0;0;6;;;;6;6
57064;Scandriglia;95;0;0;0;1;;;;1;0;0;0;2;;;;2;3
57064;Scandriglia;96;0;1;0;0;;;;1;0;0;0;0;;;;0;1
57064;Scandriglia;97;0;0;0;0;;;;0;0;0;0;0;;;;0;0
57064;Scandriglia;98;0;0;0;0;;;;0;0;0;1;2;;;;3;3
57064;Scandriglia;99;0;0;0;0;;;;0;0;0;0;1;;;;1;1
57064;Scandriglia;100;0;0;0;0;;;;0;0;0;0;5;;;;5;5
57064;Scandriglia;999;896;756;71;37;;;;1760;563;692;61;202;;;;1518;3278
57065;Selci;0;0;0;0;0;;;;0;1;0;0;0;;;;1;1
57065;Selci;1;3;0;0;0;;;;3;2;0;0;0;;;;2;5
57065;Selci;2;5;0;0;0;;;;5;2;0;0;0;;;;2;7
57065;Selci;3;3;0;0;0;;;;3;1;0;0;0;;;;1;4
57065;Selci;4;3;0;0;0;;;;3;5;0;0;0;;;;5;8
57065;Selci;5;4;0;0;0;;;;4;3;0;0;0;;;;3;7
57065;Selci;6;8;0;0;0;;;;8;3;0;0;0;;;;3;11
57065;Selci;7;8;0;0;0;;;;8;6;0;0;0;;;;6;14
57065;Selci;8;3;0;0;0;;;;3;5;0;0;0;;;;5;8
57065;Selci;9;6;0;0;0;;;;6;7;0;0;0;;;;7;13
57065;Selci;10;3;0;0;0;;;;3;7;0;0;0;;;;7;10
57065;Selci;11;4;0;0;0;;;;4;6;0;0;0;;;;6;10
57065;Selci;12;4;0;0;0;;;;4;2;0;0;0;;;;2;6
57065;Selci;13;1;0;0;0;;;;1;4;0;0;0;;;;4;5
57065;Selci;14;5;0;0;0;;;;5;2;0;0;0;;;;2;7
57065;Selci;15;6;0;0;0;;;;6;5;0;0;0;;;;5;11
57065;Selci;16;5;0;0;0;;;;5;1;0;0;0;;;;1;6
57065;Selci;17;3;0;0;0;;;;3;3;0;0;0;;;;3;6
57065;Selci;18;5;0;0;0;;;;5;4;0;0;0;;;;4;9
57065;Selci;19;4;0;0;0;;;;4;3;0;0;0;;;;3;7
57065;Selci;20;4;0;0;0;;;;4;14;0;0;0;;;;14;18
57065;Selci;21;5;0;0;0;;;;5;5;0;0;0;;;;5;10
57065;Selci;22;3;0;0;0;;;;3;3;0;0;0;;;;3;6
57065;Selci;23;6;0;0;0;;;;6;5;0;0;0;;;;5;11
57065;Selci;24;4;0;0;0;;;;4;7;0;0;0;;;;7;11
57065;Selci;25;5;0;0;0;;;;5;4;0;0;0;;;;4;9
57065;Selci;26;4;0;0;0;;;;4;4;0;0;0;;;;4;8
57065;Selci;27;7;0;0;0;;;;7;7;0;0;0;;;;7;14
57065;Selci;28;2;1;0;0;;;;3;4;0;0;0;;;;4;7
57065;Selci;29;7;0;0;0;;;;7;4;0;0;0;;;;4;11
57065;Selci;30;10;2;0;0;;;;12;4;1;0;0;;;;5;17
57065;Selci;31;8;0;0;0;;;;8;5;2;0;0;;;;7;15
57065;Selci;32;2;1;0;0;;;;3;4;2;0;0;;;;6;9
57065;Selci;33;5;2;0;0;;;;7;9;0;0;0;;;;9;16
57065;Selci;34;2;0;0;0;;;;2;2;2;0;0;;;;4;6
57065;Selci;35;6;2;0;0;;;;8;5;3;0;0;;;;8;16
57065;Selci;36;10;1;0;0;;;;11;4;2;0;0;;;;6;17
57065;Selci;37;6;1;0;0;;;;7;8;4;1;0;;;;13;20
57065;Selci;38;3;2;0;0;;;;5;3;1;0;0;;;;4;9
57065;Selci;39;6;3;0;0;;;;9;1;5;0;0;;;;6;15
57065;Selci;40;5;5;0;0;;;;10;3;2;0;0;;;;5;15
57065;Selci;41;4;3;0;0;;;;7;1;2;0;0;;;;3;10
57065;Selci;42;4;4;1;0;;;;9;0;4;0;0;;;;4;13
57065;Selci;43;3;4;0;0;;;;7;2;3;0;0;;;;5;12
57065;Selci;44;5;9;0;0;;;;14;3;4;0;0;;;;7;21
57065;Selci;45;2;5;0;0;;;;7;1;5;0;0;;;;6;13
57065;Selci;46;3;2;1;0;;;;6;1;2;0;0;;;;3;9
57065;Selci;47;3;6;0;0;;;;9;3;7;2;0;;;;12;21
57065;Selci;48;5;5;0;0;;;;10;1;6;1;0;;;;8;18
57065;Selci;49;5;9;2;0;;;;16;3;9;1;0;;;;13;29
57065;Selci;50;0;5;0;0;;;;5;4;6;1;0;;;;11;16
57065;Selci;51;2;5;0;1;;;;8;1;5;1;0;;;;7;15
57065;Selci;52;1;6;1;0;;;;8;4;4;0;0;;;;8;16
57065;Selci;53;2;2;0;0;;;;4;0;10;0;1;;;;11;15
57065;Selci;54;0;8;1;0;;;;9;1;7;0;0;;;;8;17
57065;Selci;55;1;8;1;0;;;;10;1;3;1;0;;;;5;15
57065;Selci;56;3;8;0;0;;;;11;2;3;1;0;;;;6;17
57065;Selci;57;0;3;0;1;;;;4;1;12;0;0;;;;13;17
57065;Selci;58;2;13;0;0;;;;15;3;10;0;1;;;;14;29
57065;Selci;59;1;0;0;0;;;;1;3;8;2;0;;;;13;14
57065;Selci;60;0;10;1;0;;;;11;1;4;1;0;;;;6;17
57065;Selci;61;2;7;1;0;;;;10;1;5;0;0;;;;6;16
57065;Selci;62;0;5;0;0;;;;5;0;9;1;1;;;;11;16
57065;Selci;63;1;6;0;0;;;;7;1;5;0;1;;;;7;14
57065;Selci;64;1;5;2;1;;;;9;0;4;0;3;;;;7;16
57065;Selci;65;0;12;1;0;;;;13;3;8;1;1;;;;13;26
57065;Selci;66;1;4;1;0;;;;6;0;7;1;1;;;;9;15
57065;Selci;67;1;5;1;0;;;;7;1;6;0;0;;;;7;14
57065;Selci;68;0;6;0;1;;;;7;0;5;0;0;;;;5;12
57065;Selci;69;1;6;0;0;;;;7;2;7;0;2;;;;11;18
57065;Selci;70;2;5;0;0;;;;7;1;7;0;1;;;;9;16
57065;Selci;71;0;7;0;0;;;;7;0;3;0;0;;;;3;10
57065;Selci;72;0;6;0;1;;;;7;1;7;0;0;;;;8;15
57065;Selci;73;0;7;1;0;;;;8;0;5;1;1;;;;7;15
57065;Selci;74;0;5;0;1;;;;6;2;1;0;1;;;;4;10
57065;Selci;75;0;5;0;0;;;;5;1;4;0;0;;;;5;10
57065;Selci;76;0;7;0;3;;;;10;0;4;0;3;;;;7;17
57065;Selci;77;0;10;0;1;;;;11;1;3;0;2;;;;6;17
57065;Selci;78;0;2;0;3;;;;5;0;3;1;1;;;;5;10
57065;Selci;79;1;1;1;0;;;;3;0;1;0;1;;;;2;5
57065;Selci;80;1;3;0;1;;;;5;0;0;0;4;;;;4;9
57065;Selci;81;0;4;0;3;;;;7;0;3;0;2;;;;5;12
57065;Selci;82;2;1;0;0;;;;3;0;4;0;4;;;;8;11
57065;Selci;83;0;0;0;0;;;;0;0;2;0;5;;;;7;7
57065;Selci;84;1;5;0;2;;;;8;0;3;0;2;;;;5;13
57065;Selci;85;1;3;1;2;;;;7;0;1;0;3;;;;4;11
57065;Selci;86;1;0;0;0;;;;1;1;1;0;4;;;;6;7
57065;Selci;87;0;4;0;1;;;;5;0;3;0;0;;;;3;8
57065;Selci;88;0;2;0;0;;;;2;0;0;0;1;;;;1;3
57065;Selci;89;0;3;0;1;;;;4;0;1;0;7;;;;8;12
57065;Selci;90;0;1;0;1;;;;2;0;2;0;3;;;;5;7
57065;Selci;91;0;2;0;0;;;;2;0;1;0;1;;;;2;4
57065;Selci;92;0;0;0;0;;;;0;0;0;0;3;;;;3;3
57065;Selci;93;0;1;0;0;;;;1;0;0;0;2;;;;2;3
57065;Selci;94;0;0;0;0;;;;0;0;0;0;0;;;;0;0
57065;Selci;95;0;0;0;0;;;;0;0;0;0;0;;;;0;0
57065;Selci;96;0;0;0;0;;;;0;0;0;0;1;;;;1;1
57065;Selci;97;0;0;0;0;;;;0;0;0;0;0;;;;0;0
57065;Selci;98;0;0;0;0;;;;0;0;0;0;0;;;;0;0
57065;Selci;99;0;0;0;0;;;;0;0;0;0;2;;;;2;2
57065;Selci;100;0;0;0;0;;;;0;0;0;0;1;;;;1;1
57065;Selci;999;255;275;17;24;;;;571;228;253;17;66;;;;564;1135
57066;Stimigliano;0;6;0;0;0;;;;6;10;0;0;0;;;;10;16
57066;Stimigliano;1;9;0;0;0;;;;9;11;0;0;0;;;;11;20
57066;Stimigliano;2;3;0;0;0;;;;3;8;0;0;0;;;;8;11
57066;Stimigliano;3;6;0;0;0;;;;6;8;0;0;0;;;;8;14
57066;Stimigliano;4;12;0;0;0;;;;12;4;0;0;0;;;;4;16
57066;Stimigliano;5;11;0;0;0;;;;11;9;0;0;0;;;;9;20
57066;Stimigliano;6;4;0;0;0;;;;4;6;0;0;0;;;;6;10
57066;Stimigliano;7;8;0;0;0;;;;8;8;0;0;0;;;;8;16
57066;Stimigliano;8;14;0;0;0;;;;14;6;0;0;0;;;;6;20
57066;Stimigliano;9;10;0;0;0;;;;10;13;0;0;0;;;;13;23
57066;Stimigliano;10;11;0;0;0;;;;11;8;0;0;0;;;;8;19
57066;Stimigliano;11;10;0;0;0;;;;10;12;0;0;0;;;;12;22
57066;Stimigliano;12;10;0;0;0;;;;10;8;0;0;0;;;;8;18
57066;Stimigliano;13;12;0;0;0;;;;12;11;0;0;0;;;;11;23
57066;Stimigliano;14;7;0;0;0;;;;7;6;0;0;0;;;;6;13
57066;Stimigliano;15;13;0;0;0;;;;13;9;0;0;0;;;;9;22
57066;Stimigliano;16;10;0;0;0;;;;10;12;0;0;0;;;;12;22
57066;Stimigliano;17;7;0;0;0;;;;7;14;0;0;0;;;;14;21
57066;Stimigliano;18;16;0;0;0;;;;16;7;0;0;0;;;;7;23
57066;Stimigliano;19;10;0;0;0;;;;10;11;0;0;0;;;;11;21
57066;Stimigliano;20;14;0;0;0;;;;14;5;0;0;0;;;;5;19
57066;Stimigliano;21;8;0;0;0;;;;8;9;0;0;0;;;;9;17
57066;Stimigliano;22;10;0;0;0;;;;10;9;2;0;0;;;;11;21
57066;Stimigliano;23;8;0;0;0;;;;8;11;0;0;0;;;;11;19
57066;Stimigliano;24;8;0;0;0;;;;8;8;1;0;0;;;;9;17
57066;Stimigliano;25;10;0;0;0;;;;10;13;0;0;0;;;;13;23
57066;Stimigliano;26;16;2;0;0;;;;18;8;0;0;0;;;;8;26
57066;Stimigliano;27;18;0;0;0;;;;18;16;0;0;0;;;;16;34
57066;Stimigliano;28;13;0;0;0;;;;13;10;0;0;0;;;;10;23
57066;Stimigliano;29;14;1;0;0;;;;15;8;4;0;0;;;;12;27
57066;Stimigliano;30;8;3;0;0;;;;11;11;4;1;0;;;;16;27
57066;Stimigliano;31;12;2;0;0;;;;14;5;3;0;0;;;;8;22
57066;Stimigliano;32;12;6;0;0;;;;18;4;7;0;0;;;;11;29
57066;Stimigliano;33;15;4;0;0;;;;19;3;6;1;0;;;;10;29
57066;Stimigliano;34;12;2;0;0;;;;14;7;3;0;0;;;;10;24
57066;Stimigliano;35;10;3;0;0;;;;13;7;4;0;0;;;;11;24
57066;Stimigliano;36;15;2;0;0;;;;17;7;7;1;0;;;;15;32
57066;Stimigliano;37;9;6;2;0;;;;17;4;6;0;0;;;;10;27
57066;Stimigliano;38;12;8;0;0;;;;20;8;7;0;0;;;;15;35
57066;Stimigliano;39;12;10;0;0;;;;22;8;7;0;0;;;;15;37
57066;Stimigliano;40;5;6;0;0;;;;11;6;8;0;0;;;;14;25
57066;Stimigliano;41;9;7;0;0;;;;16;2;15;1;0;;;;18;34
57066;Stimigliano;42;7;4;1;0;;;;12;3;5;0;0;;;;8;20
57066;Stimigliano;43;5;9;0;0;;;;14;5;8;0;0;;;;13;27
57066;Stimigliano;44;3;7;1;0;;;;11;2;12;1;0;;;;15;26
57066;Stimigliano;45;3;12;1;0;;;;16;4;11;1;1;;;;17;33
57066;Stimigliano;46;3;9;3;0;;;;15;5;13;0;0;;;;18;33
57066;Stimigliano;47;6;12;1;0;;;;19;7;6;0;1;;;;14;33
57066;Stimigliano;48;5;10;1;0;;;;16;5;14;4;0;;;;23;39
57066;Stimigliano;49;9;12;1;0;;;;22;2;13;1;1;;;;17;39
57066;Stimigliano;50;6;17;1;0;;;;24;3;13;2;1;;;;19;43
57066;Stimigliano;51;4;17;1;0;;;;22;3;9;2;0;;;;14;36
57066;Stimigliano;52;4;11;1;2;;;;18;5;14;1;0;;;;20;38
57066;Stimigliano;53;2;11;1;0;;;;14;0;20;2;1;;;;23;37
57066;Stimigliano;54;5;11;1;0;;;;17;0;16;5;3;;;;24;41
57066;Stimigliano;55;3;17;0;1;;;;21;6;17;0;0;;;;23;44
57066;Stimigliano;56;3;15;3;0;;;;21;1;13;1;0;;;;15;36
57066;Stimigliano;57;0;8;0;0;;;;8;1;18;1;1;;;;21;29
57066;Stimigliano;58;5;17;2;0;;;;24;0;10;0;2;;;;12;36
57066;Stimigliano;59;5;10;1;1;;;;17;0;12;0;1;;;;13;30
57066;Stimigliano;60;3;16;0;0;;;;19;0;12;0;2;;;;14;33
57066;Stimigliano;61;0;14;0;0;;;;14;3;15;2;1;;;;21;35
57066;Stimigliano;62;4;11;0;0;;;;15;2;15;2;2;;;;21;36
57066;Stimigliano;63;1;12;0;1;;;;14;4;8;0;1;;;;13;27
57066;Stimigliano;64;2;12;0;0;;;;14;3;10;1;0;;;;14;28
57066;Stimigliano;65;0;10;0;1;;;;11;0;13;1;1;;;;15;26
57066;Stimigliano;66;3;11;0;0;;;;14;1;15;1;3;;;;20;34
57066;Stimigliano;67;0;9;0;1;;;;10;1;9;2;2;;;;14;24
57066;Stimigliano;68;3;11;2;0;;;;16;1;7;3;3;;;;14;30
57066;Stimigliano;69;4;8;0;0;;;;12;0;8;1;4;;;;13;25
57066;Stimigliano;70;2;11;0;1;;;;14;0;6;1;2;;;;9;23
57066;Stimigliano;71;0;8;1;0;;;;9;2;6;2;6;;;;16;25
57066;Stimigliano;72;0;8;3;1;;;;12;0;5;0;1;;;;6;18
57066;Stimigliano;73;1;9;1;1;;;;12;0;5;1;7;;;;13;25
57066;Stimigliano;74;1;7;1;2;;;;11;0;8;1;3;;;;12;23
57066;Stimigliano;75;1;8;0;1;;;;10;1;11;0;3;;;;15;25
57066;Stimigliano;76;0;5;1;1;;;;7;0;3;1;3;;;;7;14
57066;Stimigliano;77;0;9;0;2;;;;11;1;3;1;4;;;;9;20
57066;Stimigliano;78;0;8;0;0;;;;8;0;9;0;4;;;;13;21
57066;Stimigliano;79;0;6;0;0;;;;6;0;2;1;7;;;;10;16
57066;Stimigliano;80;1;6;0;0;;;;7;0;8;0;6;;;;14;21
57066;Stimigliano;81;0;2;0;0;;;;2;0;4;0;5;;;;9;11
57066;Stimigliano;82;0;6;0;1;;;;7;0;3;0;4;;;;7;14
57066;Stimigliano;83;0;2;0;2;;;;4;0;0;0;4;;;;4;8
57066;Stimigliano;84;0;3;0;1;;;;4;2;5;0;4;;;;11;15
57066;Stimigliano;85;0;2;0;1;;;;3;0;1;0;6;;;;7;10
57066;Stimigliano;86;1;4;1;0;;;;6;1;0;0;10;;;;11;17
57066;Stimigliano;87;0;4;0;1;;;;5;0;0;0;8;;;;8;13
57066;Stimigliano;88;0;1;0;0;;;;1;0;1;0;2;;;;3;4
57066;Stimigliano;89;0;1;0;0;;;;1;0;0;0;2;;;;2;3
57066;Stimigliano;90;1;1;0;3;;;;5;0;1;0;2;;;;3;8
57066;Stimigliano;91;0;1;0;0;;;;1;0;0;0;5;;;;5;6
57066;Stimigliano;92;0;1;0;0;;;;1;0;0;0;2;;;;2;3
57066;Stimigliano;93;0;0;0;0;;;;0;0;0;0;2;;;;2;2
57066;Stimigliano;94;0;0;1;0;;;;1;1;0;0;1;;;;2;3
57066;Stimigliano;95;0;0;0;0;;;;0;0;0;0;0;;;;0;0
57066;Stimigliano;96;0;0;0;0;;;;0;0;0;0;1;;;;1;1
57066;Stimigliano;97;0;0;0;0;;;;0;0;0;0;1;;;;1;1
57066;Stimigliano;98;0;0;0;0;;;;0;0;0;0;0;;;;0;0
57066;Stimigliano;99;0;0;0;0;;;;0;0;0;0;1;;;;1;1
57066;Stimigliano;100;0;0;0;0;;;;0;0;0;0;1;;;;1;1
57066;Stimigliano;999;545;498;33;25;;;;1101;425;501;46;138;;;;1110;2211
57067;Tarano;0;2;0;0;0;;;;2;1;0;0;0;;;;1;3
57067;Tarano;1;4;0;0;0;;;;4;2;0;0;0;;;;2;6
57067;Tarano;2;0;0;0;0;;;;0;8;0;0;0;;;;8;8
57067;Tarano;3;2;0;0;0;;;;2;3;0;0;0;;;;3;5
57067;Tarano;4;3;0;0;0;;;;3;5;0;0;0;;;;5;8
57067;Tarano;5;4;0;0;0;;;;4;2;0;0;0;;;;2;6
57067;Tarano;6;1;0;0;0;;;;1;3;0;0;0;;;;3;4
57067;Tarano;7;4;0;0;0;;;;4;7;0;0;0;;;;7;11
57067;Tarano;8;1;0;0;0;;;;1;6;0;0;0;;;;6;7
57067;Tarano;9;4;0;0;0;;;;4;7;0;0;0;;;;7;11
57067;Tarano;10;10;0;0;0;;;;10;3;0;0;0;;;;3;13
57067;Tarano;11;2;0;0;0;;;;2;4;0;0;0;;;;4;6
57067;Tarano;12;6;0;0;0;;;;6;5;0;0;0;;;;5;11
57067;Tarano;13;5;0;0;0;;;;5;6;0;0;0;;;;6;11
57067;Tarano;14;7;0;0;0;;;;7;2;0;0;0;;;;2;9
57067;Tarano;15;3;0;0;0;;;;3;8;0;0;0;;;;8;11
57067;Tarano;16;7;0;0;0;;;;7;8;0;0;0;;;;8;15
57067;Tarano;17;8;0;0;0;;;;8;7;0;0;0;;;;7;15
57067;Tarano;18;9;0;0;0;;;;9;9;0;0;0;;;;9;18
57067;Tarano;19;9;0;0;0;;;;9;8;0;0;0;;;;8;17
57067;Tarano;20;5;0;0;0;;;;5;8;0;0;0;;;;8;13
57067;Tarano;21;8;0;0;0;;;;8;9;0;0;0;;;;9;17
57067;Tarano;22;9;0;0;0;;;;9;8;0;0;0;;;;8;17
57067;Tarano;23;10;0;0;0;;;;10;8;0;0;0;;;;8;18
57067;Tarano;24;5;0;0;0;;;;5;10;0;0;0;;;;10;15
57067;Tarano;25;9;0;0;0;;;;9;6;0;0;0;;;;6;15
57067;Tarano;26;8;0;0;0;;;;8;8;1;0;0;;;;9;17
57067;Tarano;27;6;1;0;0;;;;7;2;1;0;0;;;;3;10
57067;Tarano;28;6;0;0;0;;;;6;3;2;0;0;;;;5;11
57067;Tarano;29;11;0;0;0;;;;11;4;2;0;0;;;;6;17
57067;Tarano;30;5;1;0;0;;;;6;4;3;0;0;;;;7;13
57067;Tarano;31;3;1;0;0;;;;4;2;2;0;0;;;;4;8
57067;Tarano;32;3;0;0;0;;;;3;2;0;0;0;;;;2;5
57067;Tarano;33;2;2;0;0;;;;4;2;3;0;0;;;;5;9
57067;Tarano;34;1;2;0;0;;;;3;11;0;0;0;;;;11;14
57067;Tarano;35;2;2;0;0;;;;4;5;0;0;0;;;;5;9
57067;Tarano;36;5;4;0;0;;;;9;4;3;0;0;;;;7;16
57067;Tarano;37;6;4;0;0;;;;10;3;5;0;0;;;;8;18
57067;Tarano;38;4;0;0;0;;;;4;1;4;1;0;;;;6;10
57067;Tarano;39;7;3;0;0;;;;10;3;3;0;0;;;;6;16
57067;Tarano;40;5;3;0;1;;;;9;2;4;0;0;;;;6;15
57067;Tarano;41;4;6;0;0;;;;10;1;0;0;0;;;;1;11
57067;Tarano;42;2;5;0;0;;;;7;2;5;0;0;;;;7;14
57067;Tarano;43;5;4;0;0;;;;9;0;9;0;0;;;;9;18
57067;Tarano;44;3;7;0;0;;;;10;2;5;0;0;;;;7;17
57067;Tarano;45;3;6;0;0;;;;9;1;5;1;0;;;;7;16
57067;Tarano;46;3;7;0;0;;;;10;4;5;0;0;;;;9;19
57067;Tarano;47;5;12;0;0;;;;17;3;5;2;0;;;;10;27
57067;Tarano;48;3;5;0;0;;;;8;1;6;2;1;;;;10;18
57067;Tarano;49;6;7;0;1;;;;14;1;8;0;1;;;;10;24
57067;Tarano;50;4;6;0;0;;;;10;1;9;1;0;;;;11;21
57067;Tarano;51;2;6;1;0;;;;9;2;7;2;0;;;;11;20
57067;Tarano;52;4;5;1;1;;;;11;3;6;2;0;;;;11;22
57067;Tarano;53;4;7;0;0;;;;11;0;9;0;0;;;;9;20
57067;Tarano;54;6;11;2;0;;;;19;4;7;2;1;;;;14;33
57067;Tarano;55;7;10;2;0;;;;19;2;15;0;0;;;;17;36
57067;Tarano;56;1;9;0;0;;;;10;3;8;1;0;;;;12;22
57067;Tarano;57;1;15;2;0;;;;18;3;5;0;1;;;;9;27
57067;Tarano;58;0;9;0;0;;;;9;2;5;1;0;;;;8;17
57067;Tarano;59;1;12;0;0;;;;13;1;11;1;0;;;;13;26
57067;Tarano;60;3;6;0;0;;;;9;3;7;0;1;;;;11;20
57067;Tarano;61;2;9;2;0;;;;13;2;7;1;0;;;;10;23
57067;Tarano;62;1;7;0;0;;;;8;1;11;0;1;;;;13;21
57067;Tarano;63;2;10;0;1;;;;13;0;9;0;0;;;;9;22
57067;Tarano;64;0;7;1;0;;;;8;1;8;0;1;;;;10;18
57067;Tarano;65;3;4;0;0;;;;7;0;9;2;1;;;;12;19
57067;Tarano;66;0;5;0;0;;;;5;1;16;0;0;;;;17;22
57067;Tarano;67;2;12;0;0;;;;14;1;7;0;1;;;;9;23
57067;Tarano;68;0;7;0;1;;;;8;3;6;0;0;;;;9;17
57067;Tarano;69;0;8;0;0;;;;8;0;10;1;0;;;;11;19
57067;Tarano;70;1;16;1;0;;;;18;1;6;0;0;;;;7;25
57067;Tarano;71;0;5;0;0;;;;5;1;6;1;3;;;;11;16
57067;Tarano;72;2;10;0;0;;;;12;1;5;0;0;;;;6;18
57067;Tarano;73;0;7;0;1;;;;8;1;3;0;1;;;;5;13
57067;Tarano;74;2;4;0;0;;;;6;0;4;1;2;;;;7;13
57067;Tarano;75;2;5;0;1;;;;8;0;5;0;4;;;;9;17
57067;Tarano;76;0;9;1;3;;;;13;1;7;0;3;;;;11;24
57067;Tarano;77;0;2;1;0;;;;3;0;1;1;4;;;;6;9
57067;Tarano;78;2;9;0;0;;;;11;0;4;0;6;;;;10;21
57067;Tarano;79;0;5;0;0;;;;5;0;3;0;6;;;;9;14
57067;Tarano;80;0;6;0;0;;;;6;0;2;0;3;;;;5;11
57067;Tarano;81;0;6;0;1;;;;7;0;1;0;0;;;;1;8
57067;Tarano;82;0;2;0;3;;;;5;0;0;0;3;;;;3;8
57067;Tarano;83;0;2;0;0;;;;2;0;4;0;4;;;;8;10
57067;Tarano;84;0;4;0;0;;;;4;0;5;0;6;;;;11;15
57067;Tarano;85;1;2;0;1;;;;4;0;0;0;2;;;;2;6
57067;Tarano;86;1;2;1;0;;;;4;0;1;0;5;;;;6;10
57067;Tarano;87;0;2;0;0;;;;2;0;0;0;4;;;;4;6
57067;Tarano;88;0;1;0;1;;;;2;0;2;0;1;;;;3;5
57067;Tarano;89;0;3;0;1;;;;4;1;1;0;2;;;;4;8
57067;Tarano;90;0;1;0;0;;;;1;1;0;0;7;;;;8;9
57067;Tarano;91;0;1;0;0;;;;1;0;1;0;1;;;;2;3
57067;Tarano;92;0;0;0;1;;;;1;0;0;0;1;;;;1;2
57067;Tarano;93;0;1;0;0;;;;1;0;0;0;4;;;;4;5
57067;Tarano;94;0;0;0;1;;;;1;0;0;0;0;;;;0;1
57067;Tarano;95;0;0;0;0;;;;0;0;0;0;3;;;;3;3
57067;Tarano;96;0;1;0;0;;;;1;0;0;0;0;;;;0;1
57067;Tarano;97;0;0;0;0;;;;0;0;0;0;1;;;;1;1
57067;Tarano;98;0;0;0;0;;;;0;0;0;0;2;;;;2;2
57067;Tarano;99;0;0;0;0;;;;0;0;0;0;1;;;;1;1
57067;Tarano;100;0;0;0;0;;;;0;0;0;0;0;;;;0;0
57067;Tarano;999;299;353;15;19;;;;686;264;314;23;88;;;;689;1375
57068;Toffia;0;4;0;0;0;;;;4;6;0;0;0;;;;6;10
57068;Toffia;1;2;0;0;0;;;;2;4;0;0;0;;;;4;6
57068;Toffia;2;7;0;0;0;;;;7;4;0;0;0;;;;4;11
57068;Toffia;3;1;0;0;0;;;;1;4;0;0;0;;;;4;5
57068;Toffia;4;3;0;0;0;;;;3;9;0;0;0;;;;9;12
57068;Toffia;5;3;0;0;0;;;;3;2;0;0;0;;;;2;5
57068;Toffia;6;1;0;0;0;;;;1;3;0;0;0;;;;3;4
57068;Toffia;7;1;0;0;0;;;;1;4;0;0;0;;;;4;5
57068;Toffia;8;1;0;0;0;;;;1;1;0;0;0;;;;1;2
57068;Toffia;9;1;0;0;0;;;;1;9;0;0;0;;;;9;10
57068;Toffia;10;4;0;0;0;;;;4;2;0;0;0;;;;2;6
57068;Toffia;11;7;0;0;0;;;;7;3;0;0;0;;;;3;10
57068;Toffia;12;2;0;0;0;;;;2;8;0;0;0;;;;8;10
57068;Toffia;13;4;0;0;0;;;;4;5;0;0;0;;;;5;9
57068;Toffia;14;3;0;0;0;;;;3;2;0;0;0;;;;2;5
57068;Toffia;15;8;0;0;0;;;;8;2;0;0;0;;;;2;10
57068;Toffia;16;3;0;0;0;;;;3;5;0;0;0;;;;5;8
57068;Toffia;17;4;0;0;0;;;;4;9;0;0;0;;;;9;13
57068;Toffia;18;4;0;0;0;;;;4;3;0;0;0;;;;3;7
57068;Toffia;19;6;0;0;0;;;;6;4;0;0;0;;;;4;10
57068;Toffia;20;9;0;0;0;;;;9;4;0;0;0;;;;4;13
57068;Toffia;21;6;0;0;0;;;;6;5;0;0;0;;;;5;11
57068;Toffia;22;6;0;0;0;;;;6;1;0;0;0;;;;1;7
57068;Toffia;23;5;0;0;0;;;;5;5;0;0;0;;;;5;10
57068;Toffia;24;5;0;0;0;;;;5;5;1;0;0;;;;6;11
57068;Toffia;25;9;0;0;0;;;;9;5;1;0;0;;;;6;15
57068;Toffia;26;8;0;0;0;;;;8;4;0;0;0;;;;4;12
57068;Toffia;27;2;0;0;0;;;;2;6;3;0;0;;;;9;11
57068;Toffia;28;5;0;0;0;;;;5;1;1;0;0;;;;2;7
57068;Toffia;29;5;1;0;0;;;;6;4;2;0;0;;;;6;12
57068;Toffia;30;5;2;0;0;;;;7;4;2;0;0;;;;6;13
57068;Toffia;31;8;0;0;0;;;;8;1;1;0;0;;;;2;10
57068;Toffia;32;7;1;1;0;;;;9;5;3;0;0;;;;8;17
57068;Toffia;33;3;3;0;0;;;;6;9;3;0;0;;;;12;18
57068;Toffia;34;4;3;1;0;;;;8;5;3;0;0;;;;8;16
57068;Toffia;35;8;1;0;0;;;;9;1;0;0;0;;;;1;10
57068;Toffia;36;4;2;0;0;;;;6;2;5;0;0;;;;7;13
57068;Toffia;37;7;4;0;0;;;;11;2;1;0;0;;;;3;14
57068;Toffia;38;7;2;1;0;;;;10;2;1;0;0;;;;3;13
57068;Toffia;39;4;1;0;0;;;;5;4;4;1;0;;;;9;14
57068;Toffia;40;1;2;0;1;;;;4;2;3;0;0;;;;5;9
57068;Toffia;41;4;0;1;0;;;;5;2;1;1;0;;;;4;9
57068;Toffia;42;5;4;0;0;;;;9;1;2;1;0;;;;4;13
57068;Toffia;43;6;2;0;0;;;;8;7;4;1;0;;;;12;20
57068;Toffia;44;6;5;0;0;;;;11;0;4;0;0;;;;4;15
57068;Toffia;45;4;5;0;0;;;;9;2;3;0;1;;;;6;15
57068;Toffia;46;2;1;0;0;;;;3;1;5;0;0;;;;6;9
57068;Toffia;47;5;5;2;0;;;;12;6;4;0;0;;;;10;22
57068;Toffia;48;1;9;0;0;;;;10;1;9;1;0;;;;11;21
57068;Toffia;49;6;4;0;0;;;;10;2;6;0;0;;;;8;18
57068;Toffia;50;2;6;1;0;;;;9;2;5;1;1;;;;9;18
57068;Toffia;51;4;7;0;0;;;;11;1;4;1;0;;;;6;17
57068;Toffia;52;1;6;2;0;;;;9;1;3;1;0;;;;5;14
57068;Toffia;53;2;0;1;0;;;;3;0;6;1;0;;;;7;10
57068;Toffia;54;0;5;1;0;;;;6;4;7;0;0;;;;11;17
57068;Toffia;55;3;8;0;0;;;;11;1;2;1;2;;;;6;17
57068;Toffia;56;2;3;0;0;;;;5;2;5;0;0;;;;7;12
57068;Toffia;57;1;5;2;0;;;;8;3;8;0;0;;;;11;19
57068;Toffia;58;1;15;2;0;;;;18;1;6;1;0;;;;8;26
57068;Toffia;59;2;2;0;0;;;;4;3;7;2;0;;;;12;16
57068;Toffia;60;2;7;0;0;;;;9;2;7;2;1;;;;12;21
57068;Toffia;61;0;5;0;3;;;;8;1;8;0;2;;;;11;19
57068;Toffia;62;1;5;1;1;;;;8;0;4;1;1;;;;6;14
57068;Toffia;63;1;7;1;0;;;;9;0;9;0;1;;;;10;19
57068;Toffia;64;3;8;1;1;;;;13;1;4;0;0;;;;5;18
57068;Toffia;65;1;4;1;0;;;;6;1;5;0;2;;;;8;14
57068;Toffia;66;2;3;1;0;;;;6;0;2;0;3;;;;5;11
57068;Toffia;67;1;8;0;0;;;;9;1;2;0;1;;;;4;13
57068;Toffia;68;2;6;0;0;;;;8;1;3;2;2;;;;8;16
57068;Toffia;69;2;7;0;0;;;;9;1;2;1;3;;;;7;16
57068;Toffia;70;0;7;0;0;;;;7;0;3;1;0;;;;4;11
57068;Toffia;71;0;5;1;0;;;;6;0;5;0;2;;;;7;13
57068;Toffia;72;0;3;0;0;;;;3;1;6;0;1;;;;8;11
57068;Toffia;73;0;2;0;0;;;;2;0;7;0;1;;;;8;10
57068;Toffia;74;0;6;0;1;;;;7;1;3;1;2;;;;7;14
57068;Toffia;75;0;2;0;0;;;;2;0;1;0;0;;;;1;3
57068;Toffia;76;0;6;0;1;;;;7;0;7;0;3;;;;10;17
57068;Toffia;77;2;4;1;1;;;;8;0;2;0;2;;;;4;12
57068;Toffia;78;1;5;0;0;;;;6;0;3;0;4;;;;7;13
57068;Toffia;79;0;2;0;0;;;;2;0;3;1;2;;;;6;8
57068;Toffia;80;0;2;0;0;;;;2;0;0;0;0;;;;0;2
57068;Toffia;81;0;3;0;0;;;;3;0;1;0;2;;;;3;6
57068;Toffia;82;1;3;0;1;;;;5;0;2;0;1;;;;3;8
57068;Toffia;83;1;1;0;3;;;;5;1;1;0;2;;;;4;9
57068;Toffia;84;1;4;0;0;;;;5;0;2;1;1;;;;4;9
57068;Toffia;85;0;2;0;1;;;;3;0;3;0;5;;;;8;11
57068;Toffia;86;0;2;0;0;;;;2;0;1;1;4;;;;6;8
57068;Toffia;87;0;1;0;1;;;;2;0;0;0;1;;;;1;3
57068;Toffia;88;0;1;0;0;;;;1;0;1;0;2;;;;3;4
57068;Toffia;89;0;0;0;1;;;;1;0;1;0;1;;;;2;3
57068;Toffia;90;0;2;0;0;;;;2;0;0;0;2;;;;2;4
57068;Toffia;91;0;0;0;1;;;;1;0;0;0;1;;;;1;2
57068;Toffia;92;0;0;0;0;;;;0;0;0;0;1;;;;1;1
57068;Toffia;93;0;0;0;0;;;;0;0;0;0;0;;;;0;0
57068;Toffia;94;0;1;0;0;;;;1;0;0;0;1;;;;1;2
57068;Toffia;95;0;0;0;0;;;;0;0;0;0;0;;;;0;0
57068;Toffia;96;0;0;0;0;;;;0;0;0;0;1;;;;1;1
57068;Toffia;97;0;0;0;0;;;;0;0;0;0;0;;;;0;0
57068;Toffia;98;0;0;0;0;;;;0;0;0;0;1;;;;1;1
57068;Toffia;99;0;0;0;0;;;;0;0;0;0;1;;;;1;1
57068;Toffia;100;0;0;0;0;;;;0;0;0;0;0;;;;0;0
57068;Toffia;999;265;238;22;17;;;;542;217;223;24;64;;;;528;1070
57069;Torricella in Sabina;0;3;0;0;0;;;;3;6;0;0;0;;;;6;9
57069;Torricella in Sabina;1;5;0;0;0;;;;5;2;0;0;0;;;;2;7
57069;Torricella in Sabina;2;5;0;0;0;;;;5;6;0;0;0;;;;6;11
57069;Torricella in Sabina;3;5;0;0;0;;;;5;4;0;0;0;;;;4;9
57069;Torricella in Sabina;4;2;0;0;0;;;;2;4;0;0;0;;;;4;6
57069;Torricella in Sabina;5;6;0;0;0;;;;6;1;0;0;0;;;;1;7
57069;Torricella in Sabina;6;7;0;0;0;;;;7;1;0;0;0;;;;1;8
57069;Torricella in Sabina;7;3;0;0;0;;;;3;1;0;0;0;;;;1;4
57069;Torricella in Sabina;8;5;0;0;0;;;;5;2;0;0;0;;;;2;7
57069;Torricella in Sabina;9;3;0;0;0;;;;3;8;0;0;0;;;;8;11
57069;Torricella in Sabina;10;5;0;0;0;;;;5;4;0;0;0;;;;4;9
57069;Torricella in Sabina;11;7;0;0;0;;;;7;2;0;0;0;;;;2;9
57069;Torricella in Sabina;12;6;0;0;0;;;;6;4;0;0;0;;;;4;10
57069;Torricella in Sabina;13;2;0;0;0;;;;2;7;0;0;0;;;;7;9
57069;Torricella in Sabina;14;5;0;0;0;;;;5;2;0;0;0;;;;2;7
57069;Torricella in Sabina;15;6;0;0;0;;;;6;5;0;0;0;;;;5;11
57069;Torricella in Sabina;16;2;0;0;0;;;;2;1;0;0;0;;;;1;3
57069;Torricella in Sabina;17;5;0;0;0;;;;5;3;0;0;0;;;;3;8
57069;Torricella in Sabina;18;5;0;0;0;;;;5;5;0;0;0;;;;5;10
57069;Torricella in Sabina;19;4;0;0;0;;;;4;5;0;0;0;;;;5;9
57069;Torricella in Sabina;20;2;0;0;0;;;;2;4;0;0;0;;;;4;6
57069;Torricella in Sabina;21;3;0;0;0;;;;3;6;0;0;0;;;;6;9
57069;Torricella in Sabina;22;4;0;0;0;;;;4;5;0;0;0;;;;5;9
57069;Torricella in Sabina;23;2;0;0;0;;;;2;4;0;0;0;;;;4;6
57069;Torricella in Sabina;24;7;0;0;0;;;;7;8;0;0;0;;;;8;15
57069;Torricella in Sabina;25;4;0;0;0;;;;4;10;1;0;0;;;;11;15
57069;Torricella in Sabina;26;4;0;0;0;;;;4;5;0;0;0;;;;5;9
57069;Torricella in Sabina;27;8;0;0;0;;;;8;6;1;0;0;;;;7;15
57069;Torricella in Sabina;28;9;0;0;0;;;;9;2;1;0;0;;;;3;12
57069;Torricella in Sabina;29;4;2;0;0;;;;6;5;1;0;0;;;;6;12
57069;Torricella in Sabina;30;7;1;0;0;;;;8;4;4;0;0;;;;8;16
57069;Torricella in Sabina;31;10;1;0;0;;;;11;2;1;1;0;;;;4;15
57069;Torricella in Sabina;32;9;2;0;0;;;;11;4;4;0;0;;;;8;19
57069;Torricella in Sabina;33;7;1;0;0;;;;8;4;1;0;0;;;;5;13
57069;Torricella in Sabina;34;3;2;0;0;;;;5;3;3;0;0;;;;6;11
57069;Torricella in Sabina;35;13;2;0;0;;;;15;4;5;1;0;;;;10;25
57069;Torricella in Sabina;36;1;4;0;0;;;;5;2;2;0;0;;;;4;9
57069;Torricella in Sabina;37;5;0;0;0;;;;5;1;1;0;0;;;;2;7
57069;Torricella in Sabina;38;2;5;0;0;;;;7;2;2;0;0;;;;4;11
57069;Torricella in Sabina;39;1;1;0;0;;;;2;1;6;0;0;;;;7;9
57069;Torricella in Sabina;40;1;3;0;0;;;;4;4;0;0;0;;;;4;8
57069;Torricella in Sabina;41;3;5;0;0;;;;8;3;5;0;0;;;;8;16
57069;Torricella in Sabina;42;6;5;0;0;;;;11;0;3;1;0;;;;4;15
57069;Torricella in Sabina;43;6;5;2;0;;;;13;3;7;3;0;;;;13;26
57069;Torricella in Sabina;44;4;2;0;0;;;;6;4;2;0;0;;;;6;12
57069;Torricella in Sabina;45;3;1;0;0;;;;4;3;1;0;0;;;;4;8
57069;Torricella in Sabina;46;3;7;0;0;;;;10;3;8;1;0;;;;12;22
57069;Torricella in Sabina;47;2;5;0;0;;;;7;1;6;0;0;;;;7;14
57069;Torricella in Sabina;48;3;5;2;0;;;;10;4;4;0;0;;;;8;18
57069;Torricella in Sabina;49;8;4;0;0;;;;12;2;8;1;0;;;;11;23
57069;Torricella in Sabina;50;4;6;0;0;;;;10;1;2;1;0;;;;4;14
57069;Torricella in Sabina;51;3;3;1;0;;;;7;1;9;0;1;;;;11;18
57069;Torricella in Sabina;52;3;5;0;0;;;;8;1;8;1;1;;;;11;19
57069;Torricella in Sabina;53;2;6;0;0;;;;8;3;6;2;0;;;;11;19
57069;Torricella in Sabina;54;2;7;0;0;;;;9;1;6;1;0;;;;8;17
57069;Torricella in Sabina;55;1;11;2;0;;;;14;2;7;1;0;;;;10;24
57069;Torricella in Sabina;56;4;3;1;1;;;;9;1;9;0;0;;;;10;19
57069;Torricella in Sabina;57;5;13;2;0;;;;20;1;5;1;1;;;;8;28
57069;Torricella in Sabina;58;2;5;1;0;;;;8;2;5;1;2;;;;10;18
57069;Torricella in Sabina;59;5;8;2;0;;;;15;1;7;1;1;;;;10;25
57069;Torricella in Sabina;60;2;14;0;0;;;;16;3;7;1;1;;;;12;28
57069;Torricella in Sabina;61;1;8;0;1;;;;10;2;12;1;2;;;;17;27
57069;Torricella in Sabina;62;3;4;0;1;;;;8;3;11;0;0;;;;14;22
57069;Torricella in Sabina;63;0;13;0;0;;;;13;1;9;3;1;;;;14;27
57069;Torricella in Sabina;64;0;7;1;1;;;;9;2;10;0;1;;;;13;22
57069;Torricella in Sabina;65;2;7;1;0;;;;10;2;8;1;1;;;;12;22
57069;Torricella in Sabina;66;1;12;1;0;;;;14;0;13;0;0;;;;13;27
57069;Torricella in Sabina;67;1;10;0;0;;;;11;0;7;0;3;;;;10;21
57069;Torricella in Sabina;68;0;10;0;0;;;;10;1;3;0;2;;;;6;16
57069;Torricella in Sabina;69;2;6;0;2;;;;10;1;5;1;0;;;;7;17
57069;Torricella in Sabina;70;2;10;1;1;;;;14;0;4;0;2;;;;6;20
57069;Torricella in Sabina;71;1;7;2;0;;;;10;1;6;0;5;;;;12;22
57069;Torricella in Sabina;72;2;7;1;0;;;;10;0;8;0;5;;;;13;23
57069;Torricella in Sabina;73;0;7;1;1;;;;9;1;4;1;1;;;;7;16
57069;Torricella in Sabina;74;0;8;2;1;;;;11;3;5;1;3;;;;12;23
57069;Torricella in Sabina;75;0;5;2;0;;;;7;0;6;0;1;;;;7;14
57069;Torricella in Sabina;76;0;8;1;0;;;;9;0;8;0;4;;;;12;21
57069;Torricella in Sabina;77;1;6;0;3;;;;10;0;1;1;1;;;;3;13
57069;Torricella in Sabina;78;1;2;1;1;;;;5;0;4;1;4;;;;9;14
57069;Torricella in Sabina;79;1;3;0;0;;;;4;1;2;1;2;;;;6;10
57069;Torricella in Sabina;80;0;2;1;2;;;;5;0;3;0;3;;;;6;11
57069;Torricella in Sabina;81;0;3;0;1;;;;4;1;2;1;2;;;;6;10
57069;Torricella in Sabina;82;0;2;0;0;;;;2;0;0;0;2;;;;2;4
57069;Torricella in Sabina;83;0;4;0;0;;;;4;1;1;1;4;;;;7;11
57069;Torricella in Sabina;84;0;4;0;1;;;;5;0;2;0;9;;;;11;16
57069;Torricella in Sabina;85;0;4;0;0;;;;4;0;1;0;2;;;;3;7
57069;Torricella in Sabina;86;0;3;0;2;;;;5;0;1;0;4;;;;5;10
57069;Torricella in Sabina;87;1;1;0;0;;;;2;1;1;1;4;;;;7;9
57069;Torricella in Sabina;88;0;0;1;0;;;;1;0;1;0;5;;;;6;7
57069;Torricella in Sabina;89;0;3;0;0;;;;3;0;2;0;4;;;;6;9
57069;Torricella in Sabina;90;0;2;0;2;;;;4;0;1;0;2;;;;3;7
57069;Torricella in Sabina;91;0;2;0;0;;;;2;0;0;0;1;;;;1;3
57069;Torricella in Sabina;92;0;0;0;0;;;;0;0;1;0;2;;;;3;3
57069;Torricella in Sabina;93;0;0;0;1;;;;1;0;0;0;1;;;;1;2
57069;Torricella in Sabina;94;0;2;0;1;;;;3;0;0;0;0;;;;0;3
57069;Torricella in Sabina;95;0;0;0;0;;;;0;0;0;0;1;;;;1;1
57069;Torricella in Sabina;96;0;0;0;0;;;;0;0;0;0;0;;;;0;0
57069;Torricella in Sabina;97;0;0;0;0;;;;0;0;0;0;1;;;;1;1
57069;Torricella in Sabina;98;0;0;0;0;;;;0;0;0;0;0;;;;0;0
57069;Torricella in Sabina;99;0;0;0;0;;;;0;0;0;0;0;;;;0;0
57069;Torricella in Sabina;100;0;0;0;0;;;;0;0;0;0;1;;;;1;1
57069;Torricella in Sabina;999;287;316;29;23;;;;655;220;290;32;93;;;;635;1290
57070;Torri in Sabina;0;2;0;0;0;;;;2;1;0;0;0;;;;1;3
57070;Torri in Sabina;1;6;0;0;0;;;;6;2;0;0;0;;;;2;8
57070;Torri in Sabina;2;4;0;0;0;;;;4;3;0;0;0;;;;3;7
57070;Torri in Sabina;3;7;0;0;0;;;;7;2;0;0;0;;;;2;9
57070;Torri in Sabina;4;4;0;0;0;;;;4;3;0;0;0;;;;3;7
57070;Torri in Sabina;5;6;0;0;0;;;;6;4;0;0;0;;;;4;10
57070;Torri in Sabina;6;2;0;0;0;;;;2;3;0;0;0;;;;3;5
57070;Torri in Sabina;7;4;0;0;0;;;;4;2;0;0;0;;;;2;6
57070;Torri in Sabina;8;4;0;0;0;;;;4;2;0;0;0;;;;2;6
57070;Torri in Sabina;9;3;0;0;0;;;;3;3;0;0;0;;;;3;6
57070;Torri in Sabina;10;8;0;0;0;;;;8;2;0;0;0;;;;2;10
57070;Torri in Sabina;11;6;0;0;0;;;;6;2;0;0;0;;;;2;8
57070;Torri in Sabina;12;2;0;0;0;;;;2;6;0;0;0;;;;6;8
57070;Torri in Sabina;13;7;0;0;0;;;;7;4;0;0;0;;;;4;11
57070;Torri in Sabina;14;5;0;0;0;;;;5;4;0;0;0;;;;4;9
57070;Torri in Sabina;15;5;0;0;0;;;;5;3;0;0;0;;;;3;8
57070;Torri in Sabina;16;5;0;0;0;;;;5;4;0;0;0;;;;4;9
57070;Torri in Sabina;17;4;0;0;0;;;;4;3;0;0;0;;;;3;7
57070;Torri in Sabina;18;7;0;0;0;;;;7;7;0;0;0;;;;7;14
57070;Torri in Sabina;19;2;0;0;0;;;;2;7;0;0;0;;;;7;9
57070;Torri in Sabina;20;2;0;0;0;;;;2;7;0;0;0;;;;7;9
57070;Torri in Sabina;21;4;0;0;0;;;;4;3;0;0;0;;;;3;7
57070;Torri in Sabina;22;7;0;0;0;;;;7;5;0;0;0;;;;5;12
57070;Torri in Sabina;23;5;0;0;0;;;;5;6;0;0;0;;;;6;11
57070;Torri in Sabina;24;7;1;0;0;;;;8;8;1;0;0;;;;9;17
57070;Torri in Sabina;25;7;0;0;0;;;;7;11;0;0;0;;;;11;18
57070;Torri in Sabina;26;6;0;0;0;;;;6;4;0;0;0;;;;4;10
57070;Torri in Sabina;27;4;0;0;0;;;;4;2;2;0;0;;;;4;8
57070;Torri in Sabina;28;5;0;0;0;;;;5;4;0;0;0;;;;4;9
57070;Torri in Sabina;29;12;1;0;0;;;;13;3;0;0;0;;;;3;16
57070;Torri in Sabina;30;3;0;0;0;;;;3;7;2;0;0;;;;9;12
57070;Torri in Sabina;31;7;0;0;0;;;;7;6;0;0;0;;;;6;13
57070;Torri in Sabina;32;10;2;0;0;;;;12;3;2;1;0;;;;6;18
57070;Torri in Sabina;33;6;0;0;0;;;;6;3;1;0;0;;;;4;10
57070;Torri in Sabina;34;6;2;0;0;;;;8;7;0;0;0;;;;7;15
57070;Torri in Sabina;35;3;2;0;0;;;;5;4;0;0;0;;;;4;9
57070;Torri in Sabina;36;2;3;0;0;;;;5;2;3;1;0;;;;6;11
57070;Torri in Sabina;37;4;1;0;0;;;;5;2;3;0;0;;;;5;10
57070;Torri in Sabina;38;5;2;0;0;;;;7;3;5;0;0;;;;8;15
57070;Torri in Sabina;39;2;1;0;0;;;;3;4;2;0;0;;;;6;9
57070;Torri in Sabina;40;3;1;0;0;;;;4;2;3;0;0;;;;5;9
57070;Torri in Sabina;41;5;2;0;0;;;;7;0;4;0;0;;;;4;11
57070;Torri in Sabina;42;3;4;0;0;;;;7;1;3;0;0;;;;4;11
57070;Torri in Sabina;43;1;2;0;0;;;;3;1;3;0;0;;;;4;7
57070;Torri in Sabina;44;5;2;0;0;;;;7;1;5;0;0;;;;6;13
57070;Torri in Sabina;45;3;3;0;0;;;;6;5;3;0;0;;;;8;14
57070;Torri in Sabina;46;3;5;1;1;;;;10;2;2;1;0;;;;5;15
57070;Torri in Sabina;47;2;11;0;0;;;;13;6;6;0;0;;;;12;25
57070;Torri in Sabina;48;5;6;1;0;;;;12;5;3;1;0;;;;9;21
57070;Torri in Sabina;49;3;2;0;0;;;;5;1;6;1;0;;;;8;13
57070;Torri in Sabina;50;5;5;0;0;;;;10;2;6;0;0;;;;8;18
57070;Torri in Sabina;51;6;6;0;0;;;;12;3;3;0;0;;;;6;18
57070;Torri in Sabina;52;6;6;0;0;;;;12;2;6;1;1;;;;10;22
57070;Torri in Sabina;53;2;5;0;0;;;;7;0;11;1;0;;;;12;19
57070;Torri in Sabina;54;3;6;0;0;;;;9;6;7;0;0;;;;13;22
57070;Torri in Sabina;55;2;6;0;0;;;;8;0;8;1;0;;;;9;17
57070;Torri in Sabina;56;1;12;1;0;;;;14;0;7;0;0;;;;7;21
57070;Torri in Sabina;57;2;7;0;0;;;;9;1;4;1;1;;;;7;16
57070;Torri in Sabina;58;1;7;0;0;;;;8;2;8;0;1;;;;11;19
57070;Torri in Sabina;59;2;5;1;0;;;;8;2;10;1;0;;;;13;21
57070;Torri in Sabina;60;6;8;1;0;;;;15;1;9;0;0;;;;10;25
57070;Torri in Sabina;61;3;7;1;0;;;;11;0;8;0;1;;;;9;20
57070;Torri in Sabina;62;1;4;0;1;;;;6;2;6;0;1;;;;9;15
57070;Torri in Sabina;63;2;11;1;1;;;;15;1;8;1;1;;;;11;26
57070;Torri in Sabina;64;1;14;1;1;;;;17;1;6;0;0;;;;7;24
57070;Torri in Sabina;65;1;9;0;0;;;;10;1;5;0;3;;;;9;19
57070;Torri in Sabina;66;1;8;0;0;;;;9;1;2;0;0;;;;3;12
57070;Torri in Sabina;67;2;5;0;2;;;;9;1;10;0;0;;;;11;20
57070;Torri in Sabina;68;2;7;1;0;;;;10;0;5;1;1;;;;7;17
57070;Torri in Sabina;69;2;7;0;1;;;;10;1;7;0;1;;;;9;19
57070;Torri in Sabina;70;0;4;1;0;;;;5;0;4;2;4;;;;10;15
57070;Torri in Sabina;71;2;8;0;0;;;;10;2;5;1;2;;;;10;20
57070;Torri in Sabina;72;0;9;2;0;;;;11;1;4;1;4;;;;10;21
57070;Torri in Sabina;73;1;6;0;2;;;;9;0;4;1;0;;;;5;14
57070;Torri in Sabina;74;1;6;0;0;;;;7;2;4;0;1;;;;7;14
57070;Torri in Sabina;75;0;3;1;0;;;;4;0;5;0;1;;;;6;10
57070;Torri in Sabina;76;0;9;0;0;;;;9;1;12;0;1;;;;14;23
57070;Torri in Sabina;77;0;4;0;1;;;;5;0;8;0;1;;;;9;14
57070;Torri in Sabina;78;0;7;1;1;;;;9;0;5;0;3;;;;8;17
57070;Torri in Sabina;79;0;4;0;0;;;;4;1;2;0;3;;;;6;10
57070;Torri in Sabina;80;1;4;1;0;;;;6;2;5;0;0;;;;7;13
57070;Torri in Sabina;81;2;4;0;3;;;;9;2;2;0;5;;;;9;18
57070;Torri in Sabina;82;1;4;0;1;;;;6;0;1;0;1;;;;2;8
57070;Torri in Sabina;83;3;4;1;1;;;;9;1;1;0;4;;;;6;15
57070;Torri in Sabina;84;0;6;0;1;;;;7;1;3;0;4;;;;8;15
57070;Torri in Sabina;85;0;2;0;0;;;;2;0;0;0;6;;;;6;8
57070;Torri in Sabina;86;1;3;0;0;;;;4;0;0;0;3;;;;3;7
57070;Torri in Sabina;87;0;0;0;2;;;;2;0;1;0;5;;;;6;8
57070;Torri in Sabina;88;0;2;0;1;;;;3;1;0;0;1;;;;2;5
57070;Torri in Sabina;89;1;1;0;2;;;;4;0;0;0;3;;;;3;7
57070;Torri in Sabina;90;0;2;0;2;;;;4;0;0;0;3;;;;3;7
57070;Torri in Sabina;91;0;0;0;0;;;;0;0;0;0;0;;;;0;0
57070;Torri in Sabina;92;0;1;0;0;;;;1;0;0;0;1;;;;1;2
57070;Torri in Sabina;93;0;1;0;0;;;;1;0;1;0;2;;;;3;4
57070;Torri in Sabina;94;0;0;0;0;;;;0;0;0;0;1;;;;1;1
57070;Torri in Sabina;95;0;1;0;0;;;;1;0;2;0;2;;;;4;5
57070;Torri in Sabina;96;0;0;0;1;;;;1;0;0;0;2;;;;2;3
57070;Torri in Sabina;97;1;0;0;0;;;;1;0;1;0;1;;;;2;3
57070;Torri in Sabina;98;0;0;0;0;;;;0;0;0;0;0;;;;0;0
57070;Torri in Sabina;99;0;0;0;0;;;;0;1;0;0;0;;;;1;1
57070;Torri in Sabina;100;0;0;0;0;;;;0;0;0;0;0;;;;0;0
57070;Torri in Sabina;999;298;293;16;25;;;;632;227;265;17;75;;;;584;1216
57071;Turania;0;0;0;0;0;;;;0;0;0;0;0;;;;0;0
57071;Turania;1;0;0;0;0;;;;0;0;0;0;0;;;;0;0
57071;Turania;2;0;0;0;0;;;;0;1;0;0;0;;;;1;1
57071;Turania;3;1;0;0;0;;;;1;0;0;0;0;;;;0;1
57071;Turania;4;1;0;0;0;;;;1;0;0;0;0;;;;0;1
57071;Turania;5;0;0;0;0;;;;0;1;0;0;0;;;;1;1
57071;Turania;6;0;0;0;0;;;;0;1;0;0;0;;;;1;1
57071;Turania;7;0;0;0;0;;;;0;0;0;0;0;;;;0;0
57071;Turania;8;1;0;0;0;;;;1;0;0;0;0;;;;0;1
57071;Turania;9;0;0;0;0;;;;0;0;0;0;0;;;;0;0
57071;Turania;10;1;0;0;0;;;;1;0;0;0;0;;;;0;1
57071;Turania;11;2;0;0;0;;;;2;1;0;0;0;;;;1;3
57071;Turania;12;2;0;0;0;;;;2;1;0;0;0;;;;1;3
57071;Turania;13;1;0;0;0;;;;1;1;0;0;0;;;;1;2
57071;Turania;14;1;0;0;0;;;;1;1;0;0;0;;;;1;2
57071;Turania;15;2;0;0;0;;;;2;0;0;0;0;;;;0;2
57071;Turania;16;1;0;0;0;;;;1;0;0;0;0;;;;0;1
57071;Turania;17;1;0;0;0;;;;1;0;0;0;0;;;;0;1
57071;Turania;18;0;0;0;0;;;;0;1;0;0;0;;;;1;1
57071;Turania;19;3;0;0;0;;;;3;0;0;0;0;;;;0;3
57071;Turania;20;0;0;0;0;;;;0;0;0;0;0;;;;0;0
57071;Turania;21;1;0;0;0;;;;1;0;0;0;0;;;;0;1
57071;Turania;22;2;0;0;0;;;;2;1;0;0;0;;;;1;3
57071;Turania;23;2;0;0;0;;;;2;1;0;0;0;;;;1;3
57071;Turania;24;0;0;0;0;;;;0;0;0;0;0;;;;0;0
57071;Turania;25;2;0;0;0;;;;2;1;0;0;0;;;;1;3
57071;Turania;26;3;0;0;0;;;;3;0;0;0;0;;;;0;3
57071;Turania;27;0;0;0;0;;;;0;1;0;0;0;;;;1;1
57071;Turania;28;0;0;0;0;;;;0;0;0;0;0;;;;0;0
57071;Turania;29;3;0;0;0;;;;3;0;1;0;0;;;;1;4
57071;Turania;30;1;0;0;0;;;;1;1;0;0;0;;;;1;2
57071;Turania;31;1;0;0;0;;;;1;1;0;0;0;;;;1;2
57071;Turania;32;0;1;0;0;;;;1;0;0;0;0;;;;0;1
57071;Turania;33;1;0;0;0;;;;1;2;0;0;0;;;;2;3
57071;Turania;34;0;0;0;0;;;;0;0;1;0;0;;;;1;1
57071;Turania;35;2;1;0;0;;;;3;0;0;0;0;;;;0;3
57071;Turania;36;1;0;0;0;;;;1;0;0;0;0;;;;0;1
57071;Turania;37;2;0;0;0;;;;2;0;0;0;0;;;;0;2
57071;Turania;38;1;0;0;0;;;;1;1;0;0;0;;;;1;2
57071;Turania;39;1;1;1;0;;;;3;0;2;0;0;;;;2;5
57071;Turania;40;3;0;0;0;;;;3;0;0;0;0;;;;0;3
57071;Turania;41;0;0;0;0;;;;0;0;1;0;0;;;;1;1
57071;Turania;42;1;0;0;0;;;;1;1;0;0;0;;;;1;2
57071;Turania;43;3;0;0;0;;;;3;0;2;0;0;;;;2;5
57071;Turania;44;0;0;0;0;;;;0;0;0;0;0;;;;0;0
57071;Turania;45;2;1;0;0;;;;3;0;1;0;0;;;;1;4
57071;Turania;46;1;0;0;0;;;;1;0;1;0;0;;;;1;2
57071;Turania;47;1;1;0;0;;;;2;2;0;1;0;;;;3;5
57071;Turania;48;0;2;1;0;;;;3;0;1;2;0;;;;3;6
57071;Turania;49;0;1;0;0;;;;1;2;1;0;0;;;;3;4
57071;Turania;50;0;1;0;0;;;;1;0;0;1;0;;;;1;2
57071;Turania;51;1;2;0;0;;;;3;0;0;0;0;;;;0;3
57071;Turania;52;2;1;0;0;;;;3;0;0;0;0;;;;0;3
57071;Turania;53;1;1;0;0;;;;2;0;3;0;0;;;;3;5
57071;Turania;54;0;3;0;0;;;;3;0;1;0;0;;;;1;4
57071;Turania;55;1;3;0;0;;;;4;0;1;0;0;;;;1;5
57071;Turania;56;1;1;0;0;;;;2;0;4;0;0;;;;4;6
57071;Turania;57;0;0;0;0;;;;0;3;1;0;0;;;;4;4
57071;Turania;58;0;2;0;0;;;;2;0;2;0;0;;;;2;4
57071;Turania;59;1;3;0;0;;;;4;0;2;0;0;;;;2;6
57071;Turania;60;0;1;0;0;;;;1;1;0;0;1;;;;2;3
57071;Turania;61;0;4;0;0;;;;4;0;0;0;0;;;;0;4
57071;Turania;62;1;1;1;0;;;;3;0;1;0;0;;;;1;4
57071;Turania;63;0;3;1;0;;;;4;0;1;0;0;;;;1;5
57071;Turania;64;0;3;0;0;;;;3;1;1;0;1;;;;3;6
57071;Turania;65;1;1;0;0;;;;2;0;2;0;0;;;;2;4
57071;Turania;66;0;0;0;0;;;;0;0;3;0;1;;;;4;4
57071;Turania;67;0;3;1;0;;;;4;0;2;0;0;;;;2;6
57071;Turania;68;1;1;1;0;;;;3;0;2;0;0;;;;2;5
57071;Turania;69;0;3;0;0;;;;3;0;1;0;0;;;;1;4
57071;Turania;70;0;1;0;0;;;;1;0;2;0;0;;;;2;3
57071;Turania;71;1;0;0;0;;;;1;0;0;0;1;;;;1;2
57071;Turania;72;0;1;0;0;;;;1;0;2;0;0;;;;2;3
57071;Turania;73;0;2;0;0;;;;2;0;0;0;0;;;;0;2
57071;Turania;74;0;1;0;0;;;;1;0;0;0;1;;;;1;2
57071;Turania;75;0;0;0;0;;;;0;0;1;0;0;;;;1;1
57071;Turania;76;0;2;0;0;;;;2;0;2;0;0;;;;2;4
57071;Turania;77;2;1;1;1;;;;5;0;1;0;1;;;;2;7
57071;Turania;78;0;1;0;0;;;;1;0;0;0;0;;;;0;1
57071;Turania;79;0;1;0;0;;;;1;0;0;0;0;;;;0;1
57071;Turania;80;0;3;0;0;;;;3;0;1;1;0;;;;2;5
57071;Turania;81;1;1;0;0;;;;2;0;0;0;0;;;;0;2
57071;Turania;82;0;2;0;0;;;;2;0;2;0;1;;;;3;5
57071;Turania;83;0;0;0;0;;;;0;0;0;0;1;;;;1;1
57071;Turania;84;0;0;0;0;;;;0;0;1;0;3;;;;4;4
57071;Turania;85;0;0;0;0;;;;0;0;0;0;0;;;;0;0
57071;Turania;86;0;1;0;0;;;;1;0;0;0;0;;;;0;1
57071;Turania;87;0;0;0;0;;;;0;0;0;0;3;;;;3;3
57071;Turania;88;0;0;0;0;;;;0;0;1;0;0;;;;1;1
57071;Turania;89;0;1;0;0;;;;1;0;0;0;0;;;;0;1
57071;Turania;90;0;0;0;0;;;;0;0;0;0;0;;;;0;0
57071;Turania;91;0;0;0;0;;;;0;0;0;0;0;;;;0;0
57071;Turania;92;0;0;0;0;;;;0;0;0;0;0;;;;0;0
57071;Turania;93;1;0;0;0;;;;1;0;0;0;0;;;;0;1
57071;Turania;94;0;0;0;0;;;;0;0;0;0;2;;;;2;2
57071;Turania;95;0;0;0;0;;;;0;0;0;0;0;;;;0;0
57071;Turania;96;0;0;0;0;;;;0;0;0;0;1;;;;1;1
57071;Turania;97;0;0;0;0;;;;0;0;0;0;0;;;;0;0
57071;Turania;98;0;0;0;0;;;;0;0;0;0;0;;;;0;0
57071;Turania;99;0;0;0;0;;;;0;0;0;0;0;;;;0;0
57071;Turania;100;0;0;0;0;;;;0;0;0;0;1;;;;1;1
57071;Turania;999;66;63;7;1;;;;137;27;51;5;18;;;;101;238
57072;Vacone;0;0;0;0;0;;;;0;0;0;0;0;;;;0;0
57072;Vacone;1;0;0;0;0;;;;0;0;0;0;0;;;;0;0
57072;Vacone;2;0;0;0;0;;;;0;1;0;0;0;;;;1;1
57072;Vacone;3;0;0;0;0;;;;0;0;0;0;0;;;;0;0
57072;Vacone;4;1;0;0;0;;;;1;0;0;0;0;;;;0;1
57072;Vacone;5;0;0;0;0;;;;0;0;0;0;0;;;;0;0
57072;Vacone;6;0;0;0;0;;;;0;1;0;0;0;;;;1;1
57072;Vacone;7;0;0;0;0;;;;0;0;0;0;0;;;;0;0
57072;Vacone;8;0;0;0;0;;;;0;1;0;0;0;;;;1;1
57072;Vacone;9;0;0;0;0;;;;0;2;0;0;0;;;;2;2
57072;Vacone;10;0;0;0;0;;;;0;0;0;0;0;;;;0;0
57072;Vacone;11;0;0;0;0;;;;0;0;0;0;0;;;;0;0
57072;Vacone;12;0;0;0;0;;;;0;0;0;0;0;;;;0;0
57072;Vacone;13;0;0;0;0;;;;0;0;0;0;0;;;;0;0
57072;Vacone;14;1;0;0;0;;;;1;1;0;0;0;;;;1;2
57072;Vacone;15;0;0;0;0;;;;0;1;0;0;0;;;;1;1
57072;Vacone;16;0;0;0;0;;;;0;0;0;0;0;;;;0;0
57072;Vacone;17;0;0;0;0;;;;0;1;0;0;0;;;;1;1
57072;Vacone;18;2;0;0;0;;;;2;0;0;0;0;;;;0;2
57072;Vacone;19;2;0;0;0;;;;2;2;0;0;0;;;;2;4
57072;Vacone;20;0;0;0;0;;;;0;2;0;0;0;;;;2;2
57072;Vacone;21;0;0;0;0;;;;0;1;0;0;0;;;;1;1
57072;Vacone;22;0;0;0;0;;;;0;1;0;0;0;;;;1;1
57072;Vacone;23;0;0;0;0;;;;0;2;0;0;0;;;;2;2
57072;Vacone;24;0;0;0;0;;;;0;1;0;0;0;;;;1;1
57072;Vacone;25;2;0;0;0;;;;2;4;1;0;0;;;;5;7
57072;Vacone;26;0;0;0;0;;;;0;0;0;0;0;;;;0;0
57072;Vacone;27;1;1;0;0;;;;2;0;0;0;0;;;;0;2
57072;Vacone;28;2;0;0;0;;;;2;0;0;0;0;;;;0;2
57072;Vacone;29;0;0;0;0;;;;0;0;0;0;0;;;;0;0
57072;Vacone;30;0;0;0;0;;;;0;1;0;0;0;;;;1;1
57072;Vacone;31;0;0;0;0;;;;0;0;0;0;0;;;;0;0
57072;Vacone;32;3;0;0;0;;;;3;0;0;0;0;;;;0;3
57072;Vacone;33;1;0;0;0;;;;1;0;0;0;0;;;;0;1
57072;Vacone;34;0;0;0;0;;;;0;0;0;0;0;;;;0;0
57072;Vacone;35;1;0;0;0;;;;1;0;1;0;0;;;;1;2
57072;Vacone;36;1;0;0;0;;;;1;0;0;0;0;;;;0;1
57072;Vacone;37;1;0;0;0;;;;1;0;1;0;0;;;;1;2
57072;Vacone;38;1;0;0;0;;;;1;1;0;0;0;;;;1;2
57072;Vacone;39;0;0;0;0;;;;0;0;0;0;0;;;;0;0
57072;Vacone;40;1;0;0;0;;;;1;0;0;0;0;;;;0;1
57072;Vacone;41;2;0;0;0;;;;2;1;1;0;0;;;;2;4
57072;Vacone;42;1;1;0;0;;;;2;1;0;0;0;;;;1;3
57072;Vacone;43;2;1;0;0;;;;3;0;0;0;0;;;;0;3
57072;Vacone;44;0;0;0;0;;;;0;1;2;0;0;;;;3;3
57072;Vacone;45;0;1;0;0;;;;1;0;0;0;0;;;;0;1
57072;Vacone;46;1;1;0;0;;;;2;0;0;0;0;;;;0;2
57072;Vacone;47;0;1;0;0;;;;1;2;0;0;0;;;;2;3
57072;Vacone;48;0;0;0;0;;;;0;3;0;0;0;;;;3;3
57072;Vacone;49;2;3;0;0;;;;5;1;1;0;0;;;;2;7
57072;Vacone;50;0;0;0;0;;;;0;2;2;0;0;;;;4;4
57072;Vacone;51;2;1;0;0;;;;3;0;0;0;0;;;;0;3
57072;Vacone;52;0;0;0;0;;;;0;1;1;0;0;;;;2;2
57072;Vacone;53;1;1;0;0;;;;2;0;1;0;0;;;;1;3
57072;Vacone;54;2;3;0;0;;;;5;1;1;0;0;;;;2;7
57072;Vacone;55;1;0;1;0;;;;2;0;1;0;0;;;;1;3
57072;Vacone;56;0;2;1;0;;;;3;2;0;0;0;;;;2;5
57072;Vacone;57;1;1;0;0;;;;2;1;1;1;0;;;;3;5
57072;Vacone;58;1;1;0;0;;;;2;1;2;0;0;;;;3;5
57072;Vacone;59;1;2;1;0;;;;4;0;3;0;0;;;;3;7
57072;Vacone;60;1;1;0;0;;;;2;2;0;0;1;;;;3;5
57072;Vacone;61;0;0;0;0;;;;0;1;2;0;0;;;;3;3
57072;Vacone;62;0;3;0;0;;;;3;1;0;0;0;;;;1;4
57072;Vacone;63;0;1;0;0;;;;1;0;1;0;1;;;;2;3
57072;Vacone;64;0;1;0;0;;;;1;0;0;0;0;;;;0;1
57072;Vacone;65;0;3;0;0;;;;3;0;3;1;0;;;;4;7
57072;Vacone;66;0;0;2;0;;;;2;0;0;0;0;;;;0;2
57072;Vacone;67;1;0;0;0;;;;1;2;0;0;0;;;;2;3
57072;Vacone;68;0;1;0;0;;;;1;0;1;0;0;;;;1;2
57072;Vacone;69;1;0;0;0;;;;1;0;0;1;0;;;;1;2
57072;Vacone;70;0;2;0;0;;;;2;0;1;0;0;;;;1;3
57072;Vacone;71;0;0;0;0;;;;0;0;2;0;0;;;;2;2
57072;Vacone;72;0;0;0;0;;;;0;0;1;0;0;;;;1;1
57072;Vacone;73;0;2;0;0;;;;2;1;1;0;0;;;;2;4
57072;Vacone;74;0;0;1;0;;;;1;0;3;0;1;;;;4;5
57072;Vacone;75;0;2;0;1;;;;3;0;2;0;2;;;;4;7
57072;Vacone;76;1;1;1;0;;;;3;0;2;0;0;;;;2;5
57072;Vacone;77;0;0;0;0;;;;0;0;1;0;0;;;;1;1
57072;Vacone;78;0;1;0;0;;;;1;0;1;0;0;;;;1;2
57072;Vacone;79;1;3;0;0;;;;4;0;1;0;0;;;;1;5
57072;Vacone;80;0;2;0;0;;;;2;0;3;0;1;;;;4;6
57072;Vacone;81;2;1;0;0;;;;3;0;0;1;0;;;;1;4
57072;Vacone;82;0;2;1;0;;;;3;0;0;0;1;;;;1;4
57072;Vacone;83;0;0;0;1;;;;1;0;2;0;1;;;;3;4
57072;Vacone;84;1;2;0;0;;;;3;0;1;0;0;;;;1;4
57072;Vacone;85;0;1;0;0;;;;1;0;1;0;0;;;;1;2
57072;Vacone;86;0;1;0;0;;;;1;0;0;0;1;;;;1;2
57072;Vacone;87;0;0;0;0;;;;0;0;0;0;0;;;;0;0
57072;Vacone;88;0;0;0;0;;;;0;0;0;0;2;;;;2;2
57072;Vacone;89;0;0;0;1;;;;1;0;0;0;0;;;;0;1
57072;Vacone;90;0;0;0;0;;;;0;0;0;0;0;;;;0;0
57072;Vacone;91;0;1;0;0;;;;1;0;0;0;0;;;;0;1
57072;Vacone;92;0;0;0;0;;;;0;0;0;0;0;;;;0;0
57072;Vacone;93;0;1;0;0;;;;1;0;0;0;0;;;;0;1
57072;Vacone;94;0;1;0;0;;;;1;1;0;0;0;;;;1;2
57072;Vacone;95;0;0;0;1;;;;1;0;0;0;2;;;;2;3
57072;Vacone;96;0;0;0;0;;;;0;0;0;0;0;;;;0;0
57072;Vacone;97;0;0;0;0;;;;0;0;0;0;0;;;;0;0
57072;Vacone;98;0;0;0;0;;;;0;0;0;0;0;;;;0;0
57072;Vacone;99;0;0;0;0;;;;0;0;0;0;0;;;;0;0
57072;Vacone;100;0;0;0;0;;;;0;0;0;0;0;;;;0;0
57072;Vacone;999;45;53;8;4;;;;110;48;48;4;13;;;;113;223
57073;Varco Sabino;0;0;0;0;0;;;;0;0;0;0;0;;;;0;0
57073;Varco Sabino;1;0;0;0;0;;;;0;1;0;0;0;;;;1;1
57073;Varco Sabino;2;0;0;0;0;;;;0;1;0;0;0;;;;1;1
57073;Varco Sabino;3;0;0;0;0;;;;0;0;0;0;0;;;;0;0
57073;Varco Sabino;4;1;0;0;0;;;;1;0;0;0;0;;;;0;1
57073;Varco Sabino;5;0;0;0;0;;;;0;0;0;0;0;;;;0;0
57073;Varco Sabino;6;2;0;0;0;;;;2;0;0;0;0;;;;0;2
57073;Varco Sabino;7;0;0;0;0;;;;0;0;0;0;0;;;;0;0
57073;Varco Sabino;8;1;0;0;0;;;;1;1;0;0;0;;;;1;2
57073;Varco Sabino;9;0;0;0;0;;;;0;0;0;0;0;;;;0;0
57073;Varco Sabino;10;0;0;0;0;;;;0;1;0;0;0;;;;1;1
57073;Varco Sabino;11;0;0;0;0;;;;0;0;0;0;0;;;;0;0
57073;Varco Sabino;12;0;0;0;0;;;;0;0;0;0;0;;;;0;0
57073;Varco Sabino;13;0;0;0;0;;;;0;0;0;0;0;;;;0;0
57073;Varco Sabino;14;0;0;0;0;;;;0;1;0;0;0;;;;1;1
57073;Varco Sabino;15;0;0;0;0;;;;0;0;0;0;0;;;;0;0
57073;Varco Sabino;16;0;0;0;0;;;;0;0;0;0;0;;;;0;0
57073;Varco Sabino;17;0;0;0;0;;;;0;0;0;0;0;;;;0;0
57073;Varco Sabino;18;0;0;0;0;;;;0;0;0;0;0;;;;0;0
57073;Varco Sabino;19;0;0;0;0;;;;0;1;0;0;0;;;;1;1
57073;Varco Sabino;20;1;0;0;0;;;;1;0;0;0;0;;;;0;1
57073;Varco Sabino;21;2;0;0;0;;;;2;1;0;0;0;;;;1;3
57073;Varco Sabino;22;0;0;0;0;;;;0;2;0;0;0;;;;2;2
57073;Varco Sabino;23;0;0;0;0;;;;0;1;0;0;0;;;;1;1
57073;Varco Sabino;24;0;0;0;0;;;;0;0;0;0;0;;;;0;0
57073;Varco Sabino;25;0;0;0;0;;;;0;1;0;0;0;;;;1;1
57073;Varco Sabino;26;1;0;0;0;;;;1;2;0;0;0;;;;2;3
57073;Varco Sabino;27;0;0;0;0;;;;0;0;0;0;0;;;;0;0
57073;Varco Sabino;28;3;0;0;0;;;;3;0;1;0;0;;;;1;4
57073;Varco Sabino;29;1;0;0;0;;;;1;1;0;0;0;;;;1;2
57073;Varco Sabino;30;1;0;0;0;;;;1;0;0;0;0;;;;0;1
57073;Varco Sabino;31;1;0;0;0;;;;1;0;0;0;0;;;;0;1
57073;Varco Sabino;32;2;0;0;0;;;;2;1;0;0;0;;;;1;3
57073;Varco Sabino;33;2;0;0;0;;;;2;0;0;0;0;;;;0;2
57073;Varco Sabino;34;1;0;0;0;;;;1;0;0;0;0;;;;0;1
57073;Varco Sabino;35;4;1;0;0;;;;5;0;0;0;0;;;;0;5
57073;Varco Sabino;36;0;0;0;0;;;;0;1;0;0;0;;;;1;1
57073;Varco Sabino;37;0;0;0;0;;;;0;0;0;0;0;;;;0;0
57073;Varco Sabino;38;0;1;0;0;;;;1;0;0;0;0;;;;0;1
57073;Varco Sabino;39;0;1;0;0;;;;1;0;0;0;0;;;;0;1
57073;Varco Sabino;40;1;1;0;0;;;;2;1;1;0;0;;;;2;4
57073;Varco Sabino;41;1;3;0;0;;;;4;0;0;0;0;;;;0;4
57073;Varco Sabino;42;2;0;0;0;;;;2;0;0;1;0;;;;1;3
57073;Varco Sabino;43;1;0;0;0;;;;1;0;0;0;0;;;;0;1
57073;Varco Sabino;44;0;0;0;0;;;;0;0;0;0;0;;;;0;0
57073;Varco Sabino;45;0;0;0;0;;;;0;0;1;0;0;;;;1;1
57073;Varco Sabino;46;1;0;0;0;;;;1;0;1;0;0;;;;1;2
57073;Varco Sabino;47;0;1;0;0;;;;1;1;0;0;0;;;;1;2
57073;Varco Sabino;48;0;1;0;0;;;;1;0;0;0;0;;;;0;1
57073;Varco Sabino;49;0;1;0;0;;;;1;1;1;0;0;;;;2;3
57073;Varco Sabino;50;0;1;0;0;;;;1;0;1;0;0;;;;1;2
57073;Varco Sabino;51;0;1;0;0;;;;1;0;0;0;0;;;;0;1
57073;Varco Sabino;52;1;0;0;1;;;;2;0;0;0;0;;;;0;2
57073;Varco Sabino;53;0;2;1;0;;;;3;0;1;0;0;;;;1;4
57073;Varco Sabino;54;1;1;0;0;;;;2;0;2;0;0;;;;2;4
57073;Varco Sabino;55;2;2;0;0;;;;4;0;2;0;0;;;;2;6
57073;Varco Sabino;56;1;0;1;0;;;;2;1;0;0;0;;;;1;3
57073;Varco Sabino;57;0;0;0;0;;;;0;0;0;0;0;;;;0;0
57073;Varco Sabino;58;0;0;1;0;;;;1;0;1;0;0;;;;1;2
57073;Varco Sabino;59;0;3;0;0;;;;3;0;0;0;0;;;;0;3
57073;Varco Sabino;60;0;3;0;0;;;;3;0;0;0;0;;;;0;3
57073;Varco Sabino;61;0;2;0;0;;;;2;0;1;0;1;;;;2;4
57073;Varco Sabino;62;0;0;0;0;;;;0;0;0;0;0;;;;0;0
57073;Varco Sabino;63;0;0;0;0;;;;0;0;1;0;0;;;;1;1
57073;Varco Sabino;64;0;2;0;0;;;;2;0;0;0;0;;;;0;2
57073;Varco Sabino;65;0;1;1;0;;;;2;0;1;0;0;;;;1;3
57073;Varco Sabino;66;0;1;0;0;;;;1;0;0;0;0;;;;0;1
57073;Varco Sabino;67;0;0;0;0;;;;0;0;0;0;1;;;;1;1
57073;Varco Sabino;68;1;0;1;1;;;;3;0;0;0;0;;;;0;3
57073;Varco Sabino;69;0;0;1;0;;;;1;0;1;0;0;;;;1;2
57073;Varco Sabino;70;0;1;0;0;;;;1;0;2;0;0;;;;2;3
57073;Varco Sabino;71;1;0;0;0;;;;1;1;2;0;0;;;;3;4
57073;Varco Sabino;72;3;0;0;0;;;;3;0;0;0;0;;;;0;3
57073;Varco Sabino;73;1;0;0;0;;;;1;0;0;0;0;;;;0;1
57073;Varco Sabino;74;0;2;0;0;;;;2;0;3;0;0;;;;3;5
57073;Varco Sabino;75;1;2;0;0;;;;3;0;0;0;0;;;;0;3
57073;Varco Sabino;76;0;2;0;0;;;;2;0;0;0;2;;;;2;4
57073;Varco Sabino;77;0;0;0;0;;;;0;0;0;1;0;;;;1;1
57073;Varco Sabino;78;0;1;0;0;;;;1;0;0;0;0;;;;0;1
57073;Varco Sabino;79;0;1;0;0;;;;1;0;0;0;0;;;;0;1
57073;Varco Sabino;80;0;1;0;0;;;;1;0;0;0;1;;;;1;2
57073;Varco Sabino;81;0;0;0;0;;;;0;0;0;0;0;;;;0;0
57073;Varco Sabino;82;0;0;0;0;;;;0;0;1;0;0;;;;1;1
57073;Varco Sabino;83;0;0;0;0;;;;0;0;0;0;0;;;;0;0
57073;Varco Sabino;84;0;0;0;0;;;;0;0;0;0;0;;;;0;0
57073;Varco Sabino;85;0;0;0;1;;;;1;0;0;0;2;;;;2;3
57073;Varco Sabino;86;0;0;0;0;;;;0;0;0;0;0;;;;0;0
57073;Varco Sabino;87;0;0;0;0;;;;0;0;0;0;0;;;;0;0
57073;Varco Sabino;88;0;0;0;0;;;;0;0;0;0;0;;;;0;0
57073;Varco Sabino;89;1;0;0;0;;;;1;0;0;0;1;;;;1;2
57073;Varco Sabino;90;0;0;0;0;;;;0;1;0;0;0;;;;1;1
57073;Varco Sabino;91;0;0;0;0;;;;0;0;0;0;0;;;;0;0
57073;Varco Sabino;92;0;0;0;1;;;;1;0;0;0;0;;;;0;1
57073;Varco Sabino;93;0;0;0;0;;;;0;0;0;0;0;;;;0;0
57073;Varco Sabino;94;0;0;0;0;;;;0;0;0;0;1;;;;1;1
57073;Varco Sabino;95;0;0;0;0;;;;0;0;0;0;0;;;;0;0
57073;Varco Sabino;96;0;0;0;0;;;;0;0;0;0;1;;;;1;1
57073;Varco Sabino;97;0;0;0;0;;;;0;0;0;0;0;;;;0;0
57073;Varco Sabino;98;0;0;0;1;;;;1;0;0;0;0;;;;0;1
57073;Varco Sabino;99;0;0;0;0;;;;0;0;0;0;1;;;;1;1
57073;Varco Sabino;100;0;0;0;0;;;;0;0;0;0;0;;;;0;0
57073;Varco Sabino;999;42;39;6;5;;;;92;22;24;2;11;;;;59;151
