Popolazione residente per età, sesso e stato civile al 1° gennaio 2025;;;;;;;;;;;;;;;;;;;
Codice comune;Comune;Età;Celibi;Coniugati;Divorziati;Vedovi;Uniti civilmente;Maschi già in unione civile (per scioglimento unione);Maschi già in unione civile (per decesso del partner);Totale maschi;Nubili;Coniugate;Divorziate;Vedove;Unite civilmente;Femmine già in unione civile (per scioglimento unione);Femmine già in unione civile (per decesso del partner);Totale femmine;Totale
58001;Affile;0;1;0;0;0;;;;1;3;0;0;0;;;;3;4
58001;Affile;1;2;0;0;0;;;;2;3;0;0;0;;;;3;5
58001;Affile;2;3;0;0;0;;;;3;9;0;0;0;;;;9;12
58001;Affile;3;5;0;0;0;;;;5;4;0;0;0;;;;4;9
58001;Affile;4;2;0;0;0;;;;2;4;0;0;0;;;;4;6
58001;Affile;5;3;0;0;0;;;;3;9;0;0;0;;;;9;12
58001;Affile;6;6;0;0;0;;;;6;7;0;0;0;;;;7;13
58001;Affile;7;9;0;0;0;;;;9;3;0;0;0;;;;3;12
58001;Affile;8;5;0;0;0;;;;5;6;0;0;0;;;;6;11
58001;Affile;9;8;0;0;0;;;;8;6;0;0;0;;;;6;14
58001;Affile;10;5;0;0;0;;;;5;3;0;0;0;;;;3;8
58001;Affile;11;6;0;0;0;;;;6;4;0;0;0;;;;4;10
58001;Affile;12;5;0;0;0;;;;5;5;0;0;0;;;;5;10
58001;Affile;13;4;0;0;0;;;;4;6;0;0;0;;;;6;10
58001;Affile;14;3;0;0;0;;;;3;6;0;0;0;;;;6;9
58001;Affile;15;5;0;0;0;;;;5;8;0;0;0;;;;8;13
58001;Affile;16;5;0;0;0;;;;5;7;0;0;0;;;;7;12
58001;Affile;17;9;0;0;0;;;;9;3;0;0;0;;;;3;12
58001;Affile;18;5;0;0;0;;;;5;4;0;0;0;;;;4;9
58001;Affile;19;5;0;0;0;;;;5;7;0;0;0;;;;7;12
58001;Affile;20;5;0;0;0;;;;5;6;0;0;0;;;;6;11
58001;Affile;21;8;0;0;0;;;;8;8;0;0;0;;;;8;16
58001;Affile;22;5;0;0;0;;;;5;3;0;0;0;;;;3;8
58001;Affile;23;7;0;0;0;;;;7;4;0;0;0;;;;4;11
58001;Affile;24;5;1;0;0;;;;6;6;0;0;0;;;;6;12
58001;Affile;25;7;0;0;0;;;;7;7;0;0;0;;;;7;14
58001;Affile;26;4;0;0;0;;;;4;6;0;0;0;;;;6;10
58001;Affile;27;7;0;0;0;;;;7;14;0;0;0;;;;14;21
58001;Affile;28;9;0;0;0;;;;9;10;1;0;0;;;;11;20
58001;Affile;29;6;0;0;0;;;;6;4;0;0;0;;;;4;10
58001;Affile;30;5;0;0;0;;;;5;6;0;0;0;;;;6;11
58001;Affile;31;8;1;0;0;;;;9;9;1;0;0;;;;10;19
58001;Affile;32;17;0;1;0;;;;18;2;3;0;0;;;;5;23
58001;Affile;33;9;3;0;0;;;;12;6;3;0;0;;;;9;21
58001;Affile;34;7;1;0;0;;;;8;2;0;0;0;;;;2;10
58001;Affile;35;8;3;0;0;;;;11;6;2;0;0;;;;8;19
58001;Affile;36;7;2;0;0;;;;9;4;2;0;0;;;;6;15
58001;Affile;37;6;1;0;0;;;;7;4;5;0;0;;;;9;16
58001;Affile;38;3;1;0;0;;;;4;6;3;0;0;;;;9;13
58001;Affile;39;5;5;0;0;;;;10;1;3;0;0;;;;4;14
58001;Affile;40;5;3;0;0;;;;8;4;7;0;0;;;;11;19
58001;Affile;41;5;3;0;0;;;;8;4;5;0;0;;;;9;17
58001;Affile;42;6;2;0;0;;;;8;7;8;0;0;;;;15;23
58001;Affile;43;2;3;0;0;;;;5;2;4;0;0;;;;6;11
58001;Affile;44;5;7;0;0;;;;12;3;5;0;0;;;;8;20
58001;Affile;45;2;3;0;0;;;;5;4;8;1;0;;;;13;18
58001;Affile;46;4;3;0;0;;;;7;0;3;0;0;;;;3;10
58001;Affile;47;11;5;0;0;;;;16;1;4;0;0;;;;5;21
58001;Affile;48;7;8;0;0;;;;15;1;7;0;0;;;;8;23
58001;Affile;49;3;4;2;0;;;;9;6;6;0;0;;;;12;21
58001;Affile;50;2;4;1;0;;;;7;1;5;0;0;;;;6;13
58001;Affile;51;1;9;0;0;;;;10;3;8;0;0;;;;11;21
58001;Affile;52;4;6;0;1;;;;11;1;4;0;1;;;;6;17
58001;Affile;53;3;5;1;0;;;;9;4;7;0;1;;;;12;21
58001;Affile;54;5;5;0;0;;;;10;3;8;0;0;;;;11;21
58001;Affile;55;2;6;0;0;;;;8;2;6;0;0;;;;8;16
58001;Affile;56;1;6;0;0;;;;7;1;5;0;0;;;;6;13
58001;Affile;57;2;6;2;0;;;;10;1;9;0;1;;;;11;21
58001;Affile;58;1;12;0;1;;;;14;2;9;0;0;;;;11;25
58001;Affile;59;3;4;0;0;;;;7;0;12;0;0;;;;12;19
58001;Affile;60;5;7;0;0;;;;12;4;7;1;1;;;;13;25
58001;Affile;61;4;6;1;0;;;;11;2;11;0;1;;;;14;25
58001;Affile;62;2;12;0;0;;;;14;1;9;0;2;;;;12;26
58001;Affile;63;0;7;1;0;;;;8;1;10;0;0;;;;11;19
58001;Affile;64;2;14;1;2;;;;19;1;5;0;4;;;;10;29
58001;Affile;65;1;11;0;0;;;;12;1;9;2;2;;;;14;26
58001;Affile;66;2;8;0;0;;;;10;1;7;0;2;;;;10;20
58001;Affile;67;3;5;2;2;;;;12;1;14;0;1;;;;16;28
58001;Affile;68;1;10;0;0;;;;11;0;4;0;2;;;;6;17
58001;Affile;69;1;10;1;0;;;;12;0;11;1;0;;;;12;24
58001;Affile;70;3;9;0;0;;;;12;0;9;0;5;;;;14;26
58001;Affile;71;2;10;0;0;;;;12;2;1;0;4;;;;7;19
58001;Affile;72;1;7;0;2;;;;10;1;7;0;0;;;;8;18
58001;Affile;73;0;7;0;1;;;;8;1;9;0;2;;;;12;20
58001;Affile;74;1;13;0;0;;;;14;0;8;1;2;;;;11;25
58001;Affile;75;0;5;0;0;;;;5;0;2;0;4;;;;6;11
58001;Affile;76;0;12;0;0;;;;12;0;0;1;2;;;;3;15
58001;Affile;77;0;5;0;0;;;;5;1;7;0;1;;;;9;14
58001;Affile;78;1;3;1;3;;;;8;1;4;0;2;;;;7;15
58001;Affile;79;1;3;1;0;;;;5;1;1;0;7;;;;9;14
58001;Affile;80;0;6;1;0;;;;7;0;4;1;2;;;;7;14
58001;Affile;81;0;4;0;0;;;;4;0;3;0;6;;;;9;13
58001;Affile;82;1;2;0;1;;;;4;0;1;0;3;;;;4;8
58001;Affile;83;3;2;0;2;;;;7;0;1;0;3;;;;4;11
58001;Affile;84;0;4;0;1;;;;5;0;1;0;4;;;;5;10
58001;Affile;85;0;4;0;0;;;;4;3;0;0;3;;;;6;10
58001;Affile;86;0;1;0;2;;;;3;0;2;1;4;;;;7;10
58001;Affile;87;0;2;0;2;;;;4;0;0;0;4;;;;4;8
58001;Affile;88;0;1;0;1;;;;2;0;0;0;1;;;;1;3
58001;Affile;89;0;3;0;0;;;;3;0;1;1;3;;;;5;8
58001;Affile;90;0;1;0;2;;;;3;0;0;0;2;;;;2;5
58001;Affile;91;0;1;0;0;;;;1;0;0;0;7;;;;7;8
58001;Affile;92;0;0;0;0;;;;0;0;0;0;4;;;;4;4
58001;Affile;93;0;0;0;0;;;;0;0;0;0;1;;;;1;1
58001;Affile;94;0;0;0;1;;;;1;0;0;0;3;;;;3;4
58001;Affile;95;0;0;0;0;;;;0;0;0;0;0;;;;0;0
58001;Affile;96;0;0;0;0;;;;0;0;0;0;0;;;;0;0
58001;Affile;97;0;0;0;0;;;;0;0;0;0;0;;;;0;0
58001;Affile;98;0;0;0;0;;;;0;0;0;0;2;;;;2;2
58001;Affile;99;0;0;0;0;;;;0;0;0;0;1;;;;1;1
58001;Affile;100;0;0;0;0;;;;0;0;0;0;0;;;;0;0
58001;Affile;999;342;317;16;24;;;;699;293;301;10;100;;;;704;1403
58002;Agosta;0;5;0;0;0;;;;5;6;0;0;0;;;;6;11
58002;Agosta;1;6;0;0;0;;;;6;6;0;0;0;;;;6;12
58002;Agosta;2;5;0;0;0;;;;5;4;0;0;0;;;;4;9
58002;Agosta;3;7;0;0;0;;;;7;6;0;0;0;;;;6;13
58002;Agosta;4;7;0;0;0;;;;7;6;0;0;0;;;;6;13
58002;Agosta;5;3;0;0;0;;;;3;10;0;0;0;;;;10;13
58002;Agosta;6;7;0;0;0;;;;7;10;0;0;0;;;;10;17
58002;Agosta;7;6;0;0;0;;;;6;15;0;0;0;;;;15;21
58002;Agosta;8;4;0;0;0;;;;4;12;0;0;0;;;;12;16
58002;Agosta;9;6;0;0;0;;;;6;6;0;0;0;;;;6;12
58002;Agosta;10;6;0;0;0;;;;6;5;0;0;0;;;;5;11
58002;Agosta;11;4;0;0;0;;;;4;3;0;0;0;;;;3;7
58002;Agosta;12;2;0;0;0;;;;2;11;0;0;0;;;;11;13
58002;Agosta;13;5;0;0;0;;;;5;6;0;0;0;;;;6;11
58002;Agosta;14;10;0;0;0;;;;10;9;0;0;0;;;;9;19
58002;Agosta;15;8;0;0;0;;;;8;9;0;0;0;;;;9;17
58002;Agosta;16;12;0;0;0;;;;12;5;0;0;0;;;;5;17
58002;Agosta;17;10;0;0;0;;;;10;9;0;0;0;;;;9;19
58002;Agosta;18;11;0;0;0;;;;11;7;0;0;0;;;;7;18
58002;Agosta;19;8;0;0;0;;;;8;8;0;0;0;;;;8;16
58002;Agosta;20;5;0;0;0;;;;5;5;0;0;0;;;;5;10
58002;Agosta;21;10;0;0;0;;;;10;5;0;0;0;;;;5;15
58002;Agosta;22;4;0;0;0;;;;4;5;0;0;0;;;;5;9
58002;Agosta;23;3;0;0;0;;;;3;9;0;0;0;;;;9;12
58002;Agosta;24;11;0;0;0;;;;11;8;0;0;0;;;;8;19
58002;Agosta;25;8;0;0;0;;;;8;4;0;0;0;;;;4;12
58002;Agosta;26;11;0;0;0;;;;11;5;0;0;0;;;;5;16
58002;Agosta;27;6;0;0;0;;;;6;7;0;0;0;;;;7;13
58002;Agosta;28;4;0;0;0;;;;4;6;0;0;0;;;;6;10
58002;Agosta;29;9;0;0;0;;;;9;8;0;0;0;;;;8;17
58002;Agosta;30;9;1;0;0;;;;10;6;2;0;0;;;;8;18
58002;Agosta;31;9;0;0;0;;;;9;6;1;0;0;;;;7;16
58002;Agosta;32;12;1;0;0;;;;13;4;3;0;0;;;;7;20
58002;Agosta;33;9;1;0;0;;;;10;4;4;0;0;;;;8;18
58002;Agosta;34;9;1;0;0;;;;10;7;3;0;0;;;;10;20
58002;Agosta;35;4;4;0;0;;;;8;4;7;0;0;;;;11;19
58002;Agosta;36;5;5;0;0;;;;10;8;5;0;0;;;;13;23
58002;Agosta;37;7;2;0;0;;;;9;4;6;0;0;;;;10;19
58002;Agosta;38;6;8;0;0;;;;14;4;4;0;0;;;;8;22
58002;Agosta;39;5;3;0;0;;;;8;8;6;0;0;;;;14;22
58002;Agosta;40;4;5;0;0;;;;9;3;10;0;0;;;;13;22
58002;Agosta;41;5;2;0;0;;;;7;1;2;1;0;;;;4;11
58002;Agosta;42;5;6;0;0;;;;11;5;6;1;0;;;;12;23
58002;Agosta;43;3;3;1;0;;;;7;2;7;0;0;;;;9;16
58002;Agosta;44;4;4;0;0;;;;8;2;7;1;0;;;;10;18
58002;Agosta;45;5;6;0;0;;;;11;6;4;0;0;;;;10;21
58002;Agosta;46;5;4;0;0;;;;9;2;8;0;0;;;;10;19
58002;Agosta;47;7;13;0;0;;;;20;5;17;1;1;;;;24;44
58002;Agosta;48;3;5;0;0;;;;8;5;5;1;0;;;;11;19
58002;Agosta;49;3;10;0;0;;;;13;0;7;0;0;;;;7;20
58002;Agosta;50;5;9;1;0;;;;15;6;10;1;0;;;;17;32
58002;Agosta;51;1;11;0;0;;;;12;4;5;1;1;;;;11;23
58002;Agosta;52;5;6;0;0;;;;11;1;11;2;0;;;;14;25
58002;Agosta;53;5;3;0;0;;;;8;3;5;1;0;;;;9;17
58002;Agosta;54;4;6;1;0;;;;11;1;14;0;0;;;;15;26
58002;Agosta;55;1;12;1;1;;;;15;0;15;0;1;;;;16;31
58002;Agosta;56;2;5;0;0;;;;7;0;12;2;0;;;;14;21
58002;Agosta;57;2;15;1;0;;;;18;2;6;0;1;;;;9;27
58002;Agosta;58;3;20;0;0;;;;23;1;9;2;1;;;;13;36
58002;Agosta;59;1;10;1;0;;;;12;0;9;2;1;;;;12;24
58002;Agosta;60;0;11;1;0;;;;12;1;10;1;3;;;;15;27
58002;Agosta;61;5;16;0;1;;;;22;0;12;1;1;;;;14;36
58002;Agosta;62;2;12;0;0;;;;14;0;14;1;2;;;;17;31
58002;Agosta;63;1;12;0;0;;;;13;1;12;0;2;;;;15;28
58002;Agosta;64;2;9;0;0;;;;11;1;9;0;1;;;;11;22
58002;Agosta;65;0;11;1;1;;;;13;1;7;0;1;;;;9;22
58002;Agosta;66;1;10;1;0;;;;12;1;5;2;1;;;;9;21
58002;Agosta;67;2;10;2;0;;;;14;0;12;2;2;;;;16;30
58002;Agosta;68;0;9;0;1;;;;10;1;10;2;3;;;;16;26
58002;Agosta;69;1;5;0;0;;;;6;3;9;0;0;;;;12;18
58002;Agosta;70;3;12;0;0;;;;15;0;11;1;2;;;;14;29
58002;Agosta;71;0;8;0;1;;;;9;1;7;1;2;;;;11;20
58002;Agosta;72;0;9;1;1;;;;11;1;4;0;3;;;;8;19
58002;Agosta;73;0;6;0;1;;;;7;0;5;0;2;;;;7;14
58002;Agosta;74;0;7;1;3;;;;11;0;3;0;3;;;;6;17
58002;Agosta;75;0;11;1;0;;;;12;2;6;0;1;;;;9;21
58002;Agosta;76;0;10;0;1;;;;11;1;6;0;2;;;;9;20
58002;Agosta;77;0;8;0;2;;;;10;0;3;0;4;;;;7;17
58002;Agosta;78;0;8;0;1;;;;9;2;4;0;1;;;;7;16
58002;Agosta;79;0;4;1;1;;;;6;1;2;0;4;;;;7;13
58002;Agosta;80;2;3;1;1;;;;7;1;4;0;3;;;;8;15
58002;Agosta;81;0;3;0;1;;;;4;0;3;0;4;;;;7;11
58002;Agosta;82;0;5;0;2;;;;7;1;5;0;3;;;;9;16
58002;Agosta;83;0;7;0;0;;;;7;0;1;0;5;;;;6;13
58002;Agosta;84;1;1;0;2;;;;4;0;2;0;6;;;;8;12
58002;Agosta;85;0;6;0;0;;;;6;0;3;0;3;;;;6;12
58002;Agosta;86;0;2;0;0;;;;2;0;0;0;3;;;;3;5
58002;Agosta;87;1;1;0;0;;;;2;0;3;0;1;;;;4;6
58002;Agosta;88;1;2;0;0;;;;3;0;0;0;5;;;;5;8
58002;Agosta;89;0;3;0;2;;;;5;0;0;0;4;;;;4;9
58002;Agosta;90;0;1;0;2;;;;3;0;1;0;3;;;;4;7
58002;Agosta;91;0;0;0;1;;;;1;0;0;0;7;;;;7;8
58002;Agosta;92;0;0;0;0;;;;0;0;0;0;3;;;;3;3
58002;Agosta;93;0;1;0;0;;;;1;0;0;0;2;;;;2;3
58002;Agosta;94;0;0;0;0;;;;0;0;0;0;2;;;;2;2
58002;Agosta;95;0;0;0;1;;;;1;0;0;0;2;;;;2;3
58002;Agosta;96;0;0;0;0;;;;0;0;0;0;1;;;;1;1
58002;Agosta;97;0;0;0;0;;;;0;0;0;0;1;;;;1;1
58002;Agosta;98;0;0;0;1;;;;1;0;0;0;0;;;;0;1
58002;Agosta;99;0;0;0;0;;;;0;0;0;0;1;;;;1;1
58002;Agosta;100;0;0;0;0;;;;0;0;0;0;1;;;;1;1
58002;Agosta;999;373;404;16;28;;;;821;338;383;27;106;;;;854;1675
58003;Albano Laziale;0;114;0;0;0;0;0;0;114;111;0;0;0;0;0;0;111;225
58003;Albano Laziale;1;123;0;0;0;0;0;0;123;113;0;0;0;0;0;0;113;236
58003;Albano Laziale;2;128;0;0;0;0;0;0;128;128;0;0;0;0;0;0;128;256
58003;Albano Laziale;3;121;0;0;0;0;0;0;121;128;0;0;0;0;0;0;128;249
58003;Albano Laziale;4;144;0;0;0;0;0;0;144;114;0;0;0;0;0;0;114;258
58003;Albano Laziale;5;144;0;0;0;0;0;0;144;145;0;0;0;0;0;0;145;289
58003;Albano Laziale;6;138;0;0;0;0;0;0;138;124;0;0;0;0;0;0;124;262
58003;Albano Laziale;7;173;0;0;0;0;0;0;173;163;0;0;0;0;0;0;163;336
58003;Albano Laziale;8;154;0;0;0;0;0;0;154;189;0;0;0;0;0;0;189;343
58003;Albano Laziale;9;184;0;0;0;0;0;0;184;179;0;0;0;0;0;0;179;363
58003;Albano Laziale;10;189;0;0;0;0;0;0;189;149;0;0;0;0;0;0;149;338
58003;Albano Laziale;11;191;0;0;0;0;0;0;191;192;0;0;0;0;0;0;192;383
58003;Albano Laziale;12;221;0;0;0;0;0;0;221;204;0;0;0;0;0;0;204;425
58003;Albano Laziale;13;215;0;0;0;0;0;0;215;210;0;0;0;0;0;0;210;425
58003;Albano Laziale;14;232;0;0;0;0;0;0;232;184;0;0;0;0;0;0;184;416
58003;Albano Laziale;15;195;0;0;0;0;0;0;195;219;0;0;0;0;0;0;219;414
58003;Albano Laziale;16;232;0;0;0;0;0;0;232;212;0;0;0;0;0;0;212;444
58003;Albano Laziale;17;219;0;0;0;0;0;0;219;215;0;0;0;0;0;0;215;434
58003;Albano Laziale;18;238;0;0;0;0;0;0;238;203;0;0;0;0;0;0;203;441
58003;Albano Laziale;19;234;0;0;0;0;0;0;234;217;1;0;0;0;0;0;218;452
58003;Albano Laziale;20;202;0;0;0;0;0;0;202;214;0;0;0;0;0;0;214;416
58003;Albano Laziale;21;222;0;0;0;0;0;0;222;196;2;0;0;0;0;0;198;420
58003;Albano Laziale;22;212;1;0;0;0;0;0;213;190;1;0;0;0;0;0;191;404
58003;Albano Laziale;23;198;2;0;0;0;0;0;200;188;4;0;0;0;0;0;192;392
58003;Albano Laziale;24;208;0;1;0;0;0;0;209;174;4;0;0;0;0;0;178;387
58003;Albano Laziale;25;189;2;0;0;0;0;0;191;169;5;0;0;0;0;0;174;365
58003;Albano Laziale;26;199;2;0;0;0;0;0;201;174;13;0;0;0;0;0;187;388
58003;Albano Laziale;27;193;2;0;0;0;0;0;195;189;14;0;0;0;0;0;203;398
58003;Albano Laziale;28;164;4;0;0;0;0;0;168;131;13;0;0;0;0;0;144;312
58003;Albano Laziale;29;170;16;0;0;0;0;0;186;160;30;0;0;0;0;0;190;376
58003;Albano Laziale;30;161;19;0;0;0;0;0;180;160;36;0;0;0;0;0;196;376
58003;Albano Laziale;31;185;28;0;0;0;0;0;213;126;33;0;0;1;0;0;160;373
58003;Albano Laziale;32;179;30;0;0;1;0;0;210;131;72;0;0;0;0;0;203;413
58003;Albano Laziale;33;166;45;1;0;0;1;0;213;136;61;1;0;0;0;0;198;411
58003;Albano Laziale;34;175;52;0;0;1;0;0;228;134;94;2;1;0;0;0;231;459
58003;Albano Laziale;35;153;58;1;0;1;0;0;213;105;87;4;1;0;0;0;197;410
58003;Albano Laziale;36;155;87;1;0;0;0;0;243;122;85;6;0;0;0;0;213;456
58003;Albano Laziale;37;131;77;4;1;1;0;0;214;109;107;7;1;0;0;0;224;438
58003;Albano Laziale;38;130;103;1;0;0;0;0;234;102;121;7;1;0;0;0;231;465
58003;Albano Laziale;39;144;97;2;0;0;0;0;243;95;129;9;1;0;0;0;234;477
58003;Albano Laziale;40;116;122;4;0;0;0;0;242;119;145;9;0;2;0;0;275;517
58003;Albano Laziale;41;127;135;5;1;1;0;0;269;105;121;9;1;0;0;0;236;505
58003;Albano Laziale;42;106;133;2;0;2;0;0;243;90;148;17;1;0;0;0;256;499
58003;Albano Laziale;43;97;120;6;0;0;0;0;223;84;170;10;4;0;0;0;268;491
58003;Albano Laziale;44;102;129;7;0;2;0;0;240;72;173;18;1;1;0;0;265;505
58003;Albano Laziale;45;90;170;11;1;0;0;0;272;95;214;22;5;1;0;0;337;609
58003;Albano Laziale;46;118;169;13;0;0;0;0;300;74;201;13;3;0;0;0;291;591
58003;Albano Laziale;47;99;195;11;0;0;0;0;305;87;217;24;1;0;0;0;329;634
58003;Albano Laziale;48;102;176;14;2;1;0;0;295;75;206;23;8;0;0;0;312;607
58003;Albano Laziale;49;108;231;23;2;0;0;0;364;89;221;27;5;0;0;0;342;706
58003;Albano Laziale;50;98;188;19;0;1;0;0;306;102;246;24;7;1;0;0;380;686
58003;Albano Laziale;51;92;204;13;1;0;0;0;310;64;249;30;3;0;0;0;346;656
58003;Albano Laziale;52;93;230;14;0;1;0;0;338;70;254;28;7;0;0;0;359;697
58003;Albano Laziale;53;77;252;21;0;1;0;0;351;64;255;33;6;1;0;0;359;710
58003;Albano Laziale;54;65;231;19;1;1;0;0;317;60;231;46;6;0;0;0;343;660
58003;Albano Laziale;55;66;235;40;4;1;0;0;346;65;246;35;10;0;0;0;356;702
58003;Albano Laziale;56;63;241;17;1;0;0;0;322;49;241;37;9;0;0;0;336;658
58003;Albano Laziale;57;60;238;31;2;1;0;0;332;48;255;32;13;0;0;0;348;680
58003;Albano Laziale;58;49;240;34;4;1;0;0;328;57;238;34;9;0;0;0;338;666
58003;Albano Laziale;59;31;220;32;3;1;0;0;287;43;238;33;9;0;0;0;323;610
58003;Albano Laziale;60;38;229;33;5;0;0;0;305;31;269;37;30;0;0;0;367;672
58003;Albano Laziale;61;37;237;22;4;1;0;0;301;46;205;30;20;0;0;0;301;602
58003;Albano Laziale;62;30;226;28;2;0;0;0;286;25;218;41;24;0;0;0;308;594
58003;Albano Laziale;63;24;181;13;4;0;0;0;222;24;226;23;23;1;0;0;297;519
58003;Albano Laziale;64;29;200;19;10;2;0;0;260;30;185;32;21;0;0;0;268;528
58003;Albano Laziale;65;25;188;19;4;0;0;0;236;21;202;20;38;0;0;0;281;517
58003;Albano Laziale;66;20;179;13;7;0;0;0;219;22;193;18;39;0;0;0;272;491
58003;Albano Laziale;67;9;179;16;12;0;0;0;216;21;179;18;32;0;0;0;250;466
58003;Albano Laziale;68;19;189;12;6;0;0;0;226;17;202;19;36;0;0;0;274;500
58003;Albano Laziale;69;23;189;9;11;0;0;0;232;24;175;17;34;0;0;0;250;482
58003;Albano Laziale;70;10;183;13;14;0;0;0;220;14;188;11;55;0;0;0;268;488
58003;Albano Laziale;71;12;154;7;6;0;0;0;179;12;149;21;43;0;0;0;225;404
58003;Albano Laziale;72;15;174;7;12;0;0;0;208;14;147;9;40;0;0;0;210;418
58003;Albano Laziale;73;10;160;10;12;0;0;0;192;10;123;16;52;0;0;0;201;393
58003;Albano Laziale;74;12;182;9;12;0;0;0;215;17;135;8;66;0;0;0;226;441
58003;Albano Laziale;75;13;158;6;15;0;0;0;192;12;117;16;75;0;0;0;220;412
58003;Albano Laziale;76;9;161;9;22;0;0;0;201;16;132;11;78;0;0;0;237;438
58003;Albano Laziale;77;9;144;10;20;0;0;0;183;14;138;10;93;0;0;0;255;438
58003;Albano Laziale;78;8;148;4;24;0;0;0;184;19;96;6;74;0;0;0;195;379
58003;Albano Laziale;79;11;86;6;14;0;0;0;117;10;68;4;70;0;0;0;152;269
58003;Albano Laziale;80;3;102;5;17;0;0;0;127;14;73;7;46;0;0;0;140;267
58003;Albano Laziale;81;5;70;4;19;0;0;0;98;22;62;5;75;0;0;0;164;262
58003;Albano Laziale;82;8;91;1;15;0;0;0;115;17;46;5;86;0;0;0;154;269
58003;Albano Laziale;83;1;74;0;9;0;0;0;84;20;36;1;88;0;0;0;145;229
58003;Albano Laziale;84;5;93;1;20;0;0;0;119;18;46;4;87;0;0;0;155;274
58003;Albano Laziale;85;1;82;1;16;0;0;0;100;13;42;2;82;0;0;0;139;239
58003;Albano Laziale;86;1;55;1;15;0;0;0;72;26;30;2;88;0;0;0;146;218
58003;Albano Laziale;87;4;44;0;11;0;0;0;59;17;17;0;73;0;0;0;107;166
58003;Albano Laziale;88;1;24;0;11;0;0;0;36;14;24;2;61;0;0;0;101;137
58003;Albano Laziale;89;3;17;0;13;0;0;0;33;15;12;1;66;0;0;0;94;127
58003;Albano Laziale;90;5;13;0;19;0;0;0;37;14;7;1;58;0;0;0;80;117
58003;Albano Laziale;91;0;16;2;6;0;0;0;24;13;11;0;50;0;0;0;74;98
58003;Albano Laziale;92;0;15;0;7;0;0;0;22;9;6;0;40;0;0;0;55;77
58003;Albano Laziale;93;1;11;0;8;0;0;0;20;6;2;1;31;0;0;0;40;60
58003;Albano Laziale;94;0;7;0;4;0;0;0;11;6;4;1;19;0;0;0;30;41
58003;Albano Laziale;95;1;6;0;3;0;0;0;10;4;0;1;23;0;0;0;28;38
58003;Albano Laziale;96;1;3;0;2;0;0;0;6;5;1;0;10;0;0;0;16;22
58003;Albano Laziale;97;0;0;0;0;0;0;0;0;3;1;1;14;0;0;0;19;19
58003;Albano Laziale;98;0;1;0;1;0;0;0;2;4;0;1;8;0;0;0;13;15
58003;Albano Laziale;99;0;1;0;0;0;0;0;1;1;0;0;2;0;0;0;3;4
58003;Albano Laziale;100;0;1;0;4;0;0;0;5;3;1;0;9;0;0;0;13;18
58003;Albano Laziale;999;9287;8757;627;439;21;1;0;19132;8559;8949;942;2072;8;0;0;20530;39662
58004;Allumiere;0;12;0;0;0;;;;12;13;0;0;0;;;;13;25
58004;Allumiere;1;11;0;0;0;;;;11;10;0;0;0;;;;10;21
58004;Allumiere;2;12;0;0;0;;;;12;14;0;0;0;;;;14;26
58004;Allumiere;3;9;0;0;0;;;;9;6;0;0;0;;;;6;15
58004;Allumiere;4;18;0;0;0;;;;18;12;0;0;0;;;;12;30
58004;Allumiere;5;12;0;0;0;;;;12;8;0;0;0;;;;8;20
58004;Allumiere;6;6;0;0;0;;;;6;11;0;0;0;;;;11;17
58004;Allumiere;7;10;0;0;0;;;;10;17;0;0;0;;;;17;27
58004;Allumiere;8;12;0;0;0;;;;12;19;0;0;0;;;;19;31
58004;Allumiere;9;20;0;0;0;;;;20;19;0;0;0;;;;19;39
58004;Allumiere;10;13;0;0;0;;;;13;21;0;0;0;;;;21;34
58004;Allumiere;11;22;0;0;0;;;;22;14;0;0;0;;;;14;36
58004;Allumiere;12;21;0;0;0;;;;21;14;0;0;0;;;;14;35
58004;Allumiere;13;19;0;0;0;;;;19;18;0;0;0;;;;18;37
58004;Allumiere;14;21;0;0;0;;;;21;16;0;0;0;;;;16;37
58004;Allumiere;15;21;0;0;0;;;;21;14;0;0;0;;;;14;35
58004;Allumiere;16;16;0;0;0;;;;16;16;0;0;0;;;;16;32
58004;Allumiere;17;17;0;0;0;;;;17;12;0;0;0;;;;12;29
58004;Allumiere;18;24;0;0;0;;;;24;10;0;0;0;;;;10;34
58004;Allumiere;19;16;0;0;0;;;;16;17;0;0;0;;;;17;33
58004;Allumiere;20;11;0;0;0;;;;11;22;0;0;0;;;;22;33
58004;Allumiere;21;11;0;0;0;;;;11;13;0;0;0;;;;13;24
58004;Allumiere;22;25;0;0;0;;;;25;10;0;0;0;;;;10;35
58004;Allumiere;23;19;0;0;0;;;;19;20;0;0;0;;;;20;39
58004;Allumiere;24;16;0;0;0;;;;16;18;0;0;0;;;;18;34
58004;Allumiere;25;18;0;0;0;;;;18;15;0;0;0;;;;15;33
58004;Allumiere;26;15;0;0;0;;;;15;15;0;0;0;;;;15;30
58004;Allumiere;27;18;0;0;0;;;;18;24;0;0;0;;;;24;42
58004;Allumiere;28;13;0;0;0;;;;13;14;4;0;0;;;;18;31
58004;Allumiere;29;21;1;0;0;;;;22;16;0;0;0;;;;16;38
58004;Allumiere;30;15;2;0;0;;;;17;13;1;0;0;;;;14;31
58004;Allumiere;31;21;2;0;0;;;;23;18;6;0;0;;;;24;47
58004;Allumiere;32;28;3;0;0;;;;31;10;2;0;0;;;;12;43
58004;Allumiere;33;19;2;0;0;;;;21;5;11;1;0;;;;17;38
58004;Allumiere;34;12;5;1;0;;;;18;6;7;1;0;;;;14;32
58004;Allumiere;35;18;1;0;0;;;;19;11;5;0;0;;;;16;35
58004;Allumiere;36;13;7;0;0;;;;20;15;8;1;0;;;;24;44
58004;Allumiere;37;12;4;0;0;;;;16;10;6;0;0;;;;16;32
58004;Allumiere;38;9;9;0;0;;;;18;10;11;2;0;;;;23;41
58004;Allumiere;39;11;10;0;0;;;;21;6;21;1;0;;;;28;49
58004;Allumiere;40;13;7;1;0;;;;21;13;15;1;0;;;;29;50
58004;Allumiere;41;12;11;1;0;;;;24;8;16;0;0;;;;24;48
58004;Allumiere;42;16;13;0;0;;;;29;9;17;0;0;;;;26;55
58004;Allumiere;43;10;18;1;0;;;;29;4;19;1;1;;;;25;54
58004;Allumiere;44;12;13;1;0;;;;26;8;15;1;0;;;;24;50
58004;Allumiere;45;10;15;0;0;;;;25;20;16;1;0;;;;37;62
58004;Allumiere;46;11;13;0;0;;;;24;5;19;5;0;;;;29;53
58004;Allumiere;47;13;19;3;1;;;;36;7;22;1;0;;;;30;66
58004;Allumiere;48;13;17;0;0;;;;30;10;22;1;0;;;;33;63
58004;Allumiere;49;10;22;2;0;;;;34;8;17;2;1;;;;28;62
58004;Allumiere;50;13;19;3;0;;;;35;4;16;5;2;;;;27;62
58004;Allumiere;51;7;21;2;0;;;;30;2;25;2;0;;;;29;59
58004;Allumiere;52;10;23;2;0;;;;35;2;24;1;0;;;;27;62
58004;Allumiere;53;7;17;1;0;;;;25;4;31;2;2;;;;39;64
58004;Allumiere;54;11;22;1;0;;;;34;2;11;3;2;;;;18;52
58004;Allumiere;55;10;15;1;1;;;;27;3;13;2;5;;;;23;50
58004;Allumiere;56;0;19;1;0;;;;20;1;20;2;5;;;;28;48
58004;Allumiere;57;7;24;5;0;;;;36;3;23;2;0;;;;28;64
58004;Allumiere;58;5;28;2;0;;;;35;3;27;1;2;;;;33;68
58004;Allumiere;59;4;25;3;0;;;;32;2;29;3;2;;;;36;68
58004;Allumiere;60;3;17;1;0;;;;21;1;22;1;2;;;;26;47
58004;Allumiere;61;3;27;4;1;;;;35;0;31;0;4;;;;35;70
58004;Allumiere;62;3;23;0;1;;;;27;1;21;1;3;;;;26;53
58004;Allumiere;63;4;14;0;1;;;;19;2;16;1;2;;;;21;40
58004;Allumiere;64;2;24;4;1;;;;31;0;29;1;5;;;;35;66
58004;Allumiere;65;0;20;1;0;;;;21;2;25;0;3;;;;30;51
58004;Allumiere;66;3;24;0;1;;;;28;0;29;0;7;;;;36;64
58004;Allumiere;67;1;25;1;0;;;;27;1;20;4;3;;;;28;55
58004;Allumiere;68;2;32;2;1;;;;37;1;15;0;6;;;;22;59
58004;Allumiere;69;3;26;1;0;;;;30;1;22;0;4;;;;27;57
58004;Allumiere;70;2;24;3;2;;;;31;1;16;0;6;;;;23;54
58004;Allumiere;71;1;17;2;1;;;;21;2;19;0;9;;;;30;51
58004;Allumiere;72;0;19;1;2;;;;22;0;17;0;6;;;;23;45
58004;Allumiere;73;1;13;1;1;;;;16;1;18;1;5;;;;25;41
58004;Allumiere;74;0;21;1;0;;;;22;2;13;1;3;;;;19;41
58004;Allumiere;75;3;15;1;2;;;;21;1;18;1;8;;;;28;49
58004;Allumiere;76;1;17;2;3;;;;23;0;15;1;6;;;;22;45
58004;Allumiere;77;0;21;2;0;;;;23;2;13;0;15;;;;30;53
58004;Allumiere;78;2;18;1;0;;;;21;1;10;0;8;;;;19;40
58004;Allumiere;79;1;8;0;1;;;;10;0;10;0;11;;;;21;31
58004;Allumiere;80;3;15;1;2;;;;21;1;2;0;12;;;;15;36
58004;Allumiere;81;1;12;0;1;;;;14;0;6;1;4;;;;11;25
58004;Allumiere;82;0;8;1;1;;;;10;1;8;0;10;;;;19;29
58004;Allumiere;83;0;16;0;1;;;;17;0;5;0;12;;;;17;34
58004;Allumiere;84;1;8;0;2;;;;11;1;7;0;14;;;;22;33
58004;Allumiere;85;1;14;0;3;;;;18;2;5;0;8;;;;15;33
58004;Allumiere;86;0;7;0;0;;;;7;0;4;0;6;;;;10;17
58004;Allumiere;87;1;7;0;0;;;;8;0;2;0;10;;;;12;20
58004;Allumiere;88;1;3;0;1;;;;5;1;0;0;7;;;;8;13
58004;Allumiere;89;1;4;0;1;;;;6;1;0;0;8;;;;9;15
58004;Allumiere;90;0;3;0;1;;;;4;0;0;0;6;;;;6;10
58004;Allumiere;91;0;0;0;1;;;;1;1;0;0;6;;;;7;8
58004;Allumiere;92;0;0;0;0;;;;0;0;0;0;3;;;;3;3
58004;Allumiere;93;0;1;0;0;;;;1;0;1;0;4;;;;5;6
58004;Allumiere;94;0;0;0;0;;;;0;0;0;0;2;;;;2;2
58004;Allumiere;95;0;0;0;0;;;;0;0;0;0;1;;;;1;1
58004;Allumiere;96;0;0;0;0;;;;0;0;0;0;2;;;;2;2
58004;Allumiere;97;0;0;0;0;;;;0;0;0;0;2;;;;2;2
58004;Allumiere;98;0;0;0;0;;;;0;0;0;0;1;;;;1;1
58004;Allumiere;99;0;0;0;0;;;;0;0;0;0;0;;;;0;0
58004;Allumiere;100;0;0;0;0;;;;0;0;0;0;1;;;;1;1
58004;Allumiere;999;875;910;61;34;;;;1880;697;898;55;257;;;;1907;3787
58005;Anguillara Sabazia;0;65;0;0;0;;;;65;37;0;0;0;;;;37;102
58005;Anguillara Sabazia;1;56;0;0;0;;;;56;47;0;0;0;;;;47;103
58005;Anguillara Sabazia;2;56;0;0;0;;;;56;51;0;0;0;;;;51;107
58005;Anguillara Sabazia;3;74;0;0;0;;;;74;74;0;0;0;;;;74;148
58005;Anguillara Sabazia;4;64;0;0;0;;;;64;49;0;0;0;;;;49;113
58005;Anguillara Sabazia;5;75;0;0;0;;;;75;66;0;0;0;;;;66;141
58005;Anguillara Sabazia;6;66;0;0;0;;;;66;81;0;0;0;;;;81;147
58005;Anguillara Sabazia;7;89;0;0;0;;;;89;81;0;0;0;;;;81;170
58005;Anguillara Sabazia;8;99;0;0;0;;;;99;92;0;0;0;;;;92;191
58005;Anguillara Sabazia;9;79;0;0;0;;;;79;94;0;0;0;;;;94;173
58005;Anguillara Sabazia;10;90;0;0;0;;;;90;83;0;0;0;;;;83;173
58005;Anguillara Sabazia;11;101;0;0;0;;;;101;88;0;0;0;;;;88;189
58005;Anguillara Sabazia;12;98;0;0;0;;;;98;94;0;0;0;;;;94;192
58005;Anguillara Sabazia;13;105;0;0;0;;;;105;99;0;0;0;;;;99;204
58005;Anguillara Sabazia;14;131;0;0;0;;;;131;85;0;0;0;;;;85;216
58005;Anguillara Sabazia;15;124;0;0;0;;;;124;117;0;0;0;;;;117;241
58005;Anguillara Sabazia;16;117;0;0;0;;;;117;104;0;0;0;;;;104;221
58005;Anguillara Sabazia;17;110;0;0;0;;;;110;109;0;0;0;;;;109;219
58005;Anguillara Sabazia;18;87;0;0;0;;;;87;96;0;0;0;;;;96;183
58005;Anguillara Sabazia;19;106;0;0;0;;;;106;101;0;0;0;;;;101;207
58005;Anguillara Sabazia;20;120;0;0;0;;;;120;95;0;0;0;;;;95;215
58005;Anguillara Sabazia;21;100;0;0;0;;;;100;107;0;0;0;;;;107;207
58005;Anguillara Sabazia;22;137;0;0;0;;;;137;94;0;0;0;;;;94;231
58005;Anguillara Sabazia;23;105;0;0;0;;;;105;89;2;0;0;;;;91;196
58005;Anguillara Sabazia;24;89;0;0;0;;;;89;111;0;0;0;;;;111;200
58005;Anguillara Sabazia;25;98;0;0;0;;;;98;84;0;0;0;;;;84;182
58005;Anguillara Sabazia;26;93;0;0;0;;;;93;90;1;0;0;;;;91;184
58005;Anguillara Sabazia;27;66;5;0;0;;;;71;82;10;0;0;;;;92;163
58005;Anguillara Sabazia;28;85;1;0;0;;;;86;77;8;0;0;;;;85;171
58005;Anguillara Sabazia;29;87;4;0;0;;;;91;75;12;0;0;;;;87;178
58005;Anguillara Sabazia;30;84;8;1;0;;;;93;67;14;0;0;;;;81;174
58005;Anguillara Sabazia;31;68;10;0;0;;;;78;77;23;1;1;;;;102;180
58005;Anguillara Sabazia;32;78;17;0;0;;;;95;64;30;1;0;;;;95;190
58005;Anguillara Sabazia;33;76;16;1;0;;;;93;68;35;1;1;;;;105;198
58005;Anguillara Sabazia;34;63;13;1;0;;;;77;69;33;2;0;;;;104;181
58005;Anguillara Sabazia;35;71;20;2;0;;;;93;64;36;2;0;;;;102;195
58005;Anguillara Sabazia;36;68;31;0;0;;;;99;56;42;4;1;;;;103;202
58005;Anguillara Sabazia;37;58;26;2;0;;;;86;50;49;2;0;;;;101;187
58005;Anguillara Sabazia;38;61;43;1;0;;;;105;39;58;3;0;;;;100;205
58005;Anguillara Sabazia;39;67;45;4;0;;;;116;44;55;3;0;;;;102;218
58005;Anguillara Sabazia;40;56;50;2;0;;;;108;49;58;4;0;;;;111;219
58005;Anguillara Sabazia;41;60;48;3;0;;;;111;38;74;1;1;;;;114;225
58005;Anguillara Sabazia;42;56;54;4;0;;;;114;55;59;4;0;;;;118;232
58005;Anguillara Sabazia;43;58;55;0;0;;;;113;45;71;5;0;;;;121;234
58005;Anguillara Sabazia;44;43;64;2;0;;;;109;43;77;6;1;;;;127;236
58005;Anguillara Sabazia;45;51;70;5;0;;;;126;48;71;5;1;;;;125;251
58005;Anguillara Sabazia;46;50;58;2;0;;;;110;45;99;12;3;;;;159;269
58005;Anguillara Sabazia;47;54;81;7;0;;;;142;54;101;13;4;;;;172;314
58005;Anguillara Sabazia;48;47;72;7;0;;;;126;39;113;13;2;;;;167;293
58005;Anguillara Sabazia;49;63;86;8;1;;;;158;40;105;14;4;;;;163;321
58005;Anguillara Sabazia;50;55;102;10;3;;;;170;57;119;15;0;;;;191;361
58005;Anguillara Sabazia;51;61;97;10;1;;;;169;46;115;22;3;;;;186;355
58005;Anguillara Sabazia;52;50;112;9;0;;;;171;23;120;13;6;;;;162;333
58005;Anguillara Sabazia;53;43;109;11;0;;;;163;34;116;21;3;;;;174;337
58005;Anguillara Sabazia;54;38;141;11;0;;;;190;21;103;23;5;;;;152;342
58005;Anguillara Sabazia;55;38;114;12;1;;;;165;23;122;23;8;;;;176;341
58005;Anguillara Sabazia;56;30;121;12;1;;;;164;21;117;19;6;;;;163;327
58005;Anguillara Sabazia;57;28;100;17;3;;;;148;20;124;21;8;;;;173;321
58005;Anguillara Sabazia;58;27;122;17;1;;;;167;21;132;15;3;;;;171;338
58005;Anguillara Sabazia;59;25;114;18;4;;;;161;18;138;19;8;;;;183;344
58005;Anguillara Sabazia;60;24;135;17;3;;;;179;19;122;18;10;;;;169;348
58005;Anguillara Sabazia;61;20;126;14;2;;;;162;15;104;19;19;;;;157;319
58005;Anguillara Sabazia;62;11;87;13;2;;;;113;11;109;15;10;;;;145;258
58005;Anguillara Sabazia;63;21;131;9;3;;;;164;9;93;14;9;;;;125;289
58005;Anguillara Sabazia;64;13;100;16;3;;;;132;13;107;7;16;;;;143;275
58005;Anguillara Sabazia;65;12;89;9;3;;;;113;5;90;19;12;;;;126;239
58005;Anguillara Sabazia;66;17;89;10;2;;;;118;6;105;15;17;;;;143;261
58005;Anguillara Sabazia;67;9;99;12;6;;;;126;6;86;9;13;;;;114;240
58005;Anguillara Sabazia;68;10;95;6;5;;;;116;7;88;11;17;;;;123;239
58005;Anguillara Sabazia;69;5;97;6;2;;;;110;6;77;10;27;;;;120;230
58005;Anguillara Sabazia;70;6;76;10;5;;;;97;6;74;9;20;;;;109;206
58005;Anguillara Sabazia;71;6;82;9;3;;;;100;6;79;7;23;;;;115;215
58005;Anguillara Sabazia;72;2;76;1;12;;;;91;5;72;6;29;;;;112;203
58005;Anguillara Sabazia;73;6;79;4;9;;;;98;4;49;9;22;;;;84;182
58005;Anguillara Sabazia;74;3;66;7;8;;;;84;3;56;7;21;;;;87;171
58005;Anguillara Sabazia;75;1;82;2;8;;;;93;5;61;7;30;;;;103;196
58005;Anguillara Sabazia;76;2;78;4;9;;;;93;8;60;5;27;;;;100;193
58005;Anguillara Sabazia;77;2;70;2;7;;;;81;2;51;3;29;;;;85;166
58005;Anguillara Sabazia;78;3;60;3;11;;;;77;6;59;4;26;;;;95;172
58005;Anguillara Sabazia;79;3;50;2;6;;;;61;4;42;2;26;;;;74;135
58005;Anguillara Sabazia;80;1;52;2;8;;;;63;4;29;5;32;;;;70;133
58005;Anguillara Sabazia;81;0;34;0;11;;;;45;2;40;2;43;;;;87;132
58005;Anguillara Sabazia;82;2;46;1;7;;;;56;0;20;1;43;;;;64;120
58005;Anguillara Sabazia;83;1;42;5;10;;;;58;0;23;3;32;;;;58;116
58005;Anguillara Sabazia;84;0;37;1;12;;;;50;2;20;1;51;;;;74;124
58005;Anguillara Sabazia;85;1;40;2;14;;;;57;1;12;1;34;;;;48;105
58005;Anguillara Sabazia;86;1;23;1;9;;;;34;3;19;1;31;;;;54;88
58005;Anguillara Sabazia;87;1;19;0;6;;;;26;3;10;0;28;;;;41;67
58005;Anguillara Sabazia;88;0;20;0;7;;;;27;1;9;1;30;;;;41;68
58005;Anguillara Sabazia;89;1;10;0;14;;;;25;2;6;1;31;;;;40;65
58005;Anguillara Sabazia;90;0;6;0;5;;;;11;0;5;1;27;;;;33;44
58005;Anguillara Sabazia;91;0;9;0;4;;;;13;0;4;0;22;;;;26;39
58005;Anguillara Sabazia;92;0;2;0;5;;;;7;1;0;1;13;;;;15;22
58005;Anguillara Sabazia;93;0;2;0;1;;;;3;2;1;0;12;;;;15;18
58005;Anguillara Sabazia;94;0;2;0;4;;;;6;0;0;2;10;;;;12;18
58005;Anguillara Sabazia;95;0;1;0;3;;;;4;0;0;0;17;;;;17;21
58005;Anguillara Sabazia;96;0;0;0;5;;;;5;2;1;0;6;;;;9;14
58005;Anguillara Sabazia;97;0;3;0;0;;;;3;0;0;0;5;;;;5;8
58005;Anguillara Sabazia;98;0;0;0;1;;;;1;0;0;0;1;;;;1;2
58005;Anguillara Sabazia;99;0;0;0;1;;;;1;0;0;0;2;;;;2;3
58005;Anguillara Sabazia;100;0;0;0;0;;;;0;0;1;0;3;;;;4;4
58005;Anguillara Sabazia;999;4583;4124;347;251;;;;9305;4059;4226;503;945;;;;9733;19038
58006;Anticoli Corrado;0;3;0;0;0;;;;3;4;0;0;0;;;;4;7
58006;Anticoli Corrado;1;3;0;0;0;;;;3;2;0;0;0;;;;2;5
58006;Anticoli Corrado;2;1;0;0;0;;;;1;1;0;0;0;;;;1;2
58006;Anticoli Corrado;3;4;0;0;0;;;;4;1;0;0;0;;;;1;5
58006;Anticoli Corrado;4;0;0;0;0;;;;0;2;0;0;0;;;;2;2
58006;Anticoli Corrado;5;5;0;0;0;;;;5;1;0;0;0;;;;1;6
58006;Anticoli Corrado;6;0;0;0;0;;;;0;0;0;0;0;;;;0;0
58006;Anticoli Corrado;7;4;0;0;0;;;;4;8;0;0;0;;;;8;12
58006;Anticoli Corrado;8;5;0;0;0;;;;5;2;0;0;0;;;;2;7
58006;Anticoli Corrado;9;2;0;0;0;;;;2;4;0;0;0;;;;4;6
58006;Anticoli Corrado;10;4;0;0;0;;;;4;2;0;0;0;;;;2;6
58006;Anticoli Corrado;11;2;0;0;0;;;;2;4;0;0;0;;;;4;6
58006;Anticoli Corrado;12;4;0;0;0;;;;4;3;0;0;0;;;;3;7
58006;Anticoli Corrado;13;3;0;0;0;;;;3;2;0;0;0;;;;2;5
58006;Anticoli Corrado;14;3;0;0;0;;;;3;3;0;0;0;;;;3;6
58006;Anticoli Corrado;15;4;0;0;0;;;;4;2;0;0;0;;;;2;6
58006;Anticoli Corrado;16;3;0;0;0;;;;3;3;0;0;0;;;;3;6
58006;Anticoli Corrado;17;3;0;0;0;;;;3;4;0;0;0;;;;4;7
58006;Anticoli Corrado;18;1;0;0;0;;;;1;4;0;0;0;;;;4;5
58006;Anticoli Corrado;19;4;0;0;0;;;;4;4;0;0;0;;;;4;8
58006;Anticoli Corrado;20;7;0;0;0;;;;7;8;0;0;0;;;;8;15
58006;Anticoli Corrado;21;3;0;0;0;;;;3;6;0;0;0;;;;6;9
58006;Anticoli Corrado;22;4;0;0;0;;;;4;4;0;0;0;;;;4;8
58006;Anticoli Corrado;23;6;0;0;0;;;;6;1;0;0;0;;;;1;7
58006;Anticoli Corrado;24;4;0;0;0;;;;4;3;0;0;0;;;;3;7
58006;Anticoli Corrado;25;4;0;0;0;;;;4;8;0;0;0;;;;8;12
58006;Anticoli Corrado;26;3;0;0;0;;;;3;6;0;0;0;;;;6;9
58006;Anticoli Corrado;27;3;0;0;0;;;;3;1;0;0;0;;;;1;4
58006;Anticoli Corrado;28;5;0;0;0;;;;5;4;0;0;0;;;;4;9
58006;Anticoli Corrado;29;5;0;0;0;;;;5;3;0;0;0;;;;3;8
58006;Anticoli Corrado;30;2;0;0;0;;;;2;5;0;0;0;;;;5;7
58006;Anticoli Corrado;31;4;0;0;0;;;;4;3;0;0;0;;;;3;7
58006;Anticoli Corrado;32;5;0;0;0;;;;5;2;1;0;0;;;;3;8
58006;Anticoli Corrado;33;1;1;0;0;;;;2;2;0;1;0;;;;3;5
58006;Anticoli Corrado;34;4;1;0;0;;;;5;2;1;0;0;;;;3;8
58006;Anticoli Corrado;35;6;0;0;0;;;;6;3;1;0;0;;;;4;10
58006;Anticoli Corrado;36;5;2;1;0;;;;8;8;1;0;0;;;;9;17
58006;Anticoli Corrado;37;5;0;0;0;;;;5;4;3;0;0;;;;7;12
58006;Anticoli Corrado;38;2;1;0;0;;;;3;4;1;0;0;;;;5;8
58006;Anticoli Corrado;39;4;0;1;0;;;;5;1;2;0;0;;;;3;8
58006;Anticoli Corrado;40;6;4;0;0;;;;10;3;2;0;0;;;;5;15
58006;Anticoli Corrado;41;3;3;0;0;;;;6;2;2;0;0;;;;4;10
58006;Anticoli Corrado;42;3;2;0;0;;;;5;4;2;0;0;;;;6;11
58006;Anticoli Corrado;43;5;0;0;0;;;;5;0;3;0;1;;;;4;9
58006;Anticoli Corrado;44;5;0;0;0;;;;5;2;5;0;0;;;;7;12
58006;Anticoli Corrado;45;4;4;0;0;;;;8;0;5;0;0;;;;5;13
58006;Anticoli Corrado;46;5;3;1;0;;;;9;2;3;0;0;;;;5;14
58006;Anticoli Corrado;47;3;3;0;0;;;;6;0;2;0;0;;;;2;8
58006;Anticoli Corrado;48;3;4;0;0;;;;7;2;2;0;0;;;;4;11
58006;Anticoli Corrado;49;0;2;0;0;;;;2;0;2;0;0;;;;2;4
58006;Anticoli Corrado;50;1;7;0;0;;;;8;0;4;0;0;;;;4;12
58006;Anticoli Corrado;51;1;1;1;0;;;;3;2;4;0;0;;;;6;9
58006;Anticoli Corrado;52;3;5;1;0;;;;9;3;6;0;0;;;;9;18
58006;Anticoli Corrado;53;1;2;0;0;;;;3;0;6;0;0;;;;6;9
58006;Anticoli Corrado;54;1;4;0;0;;;;5;1;6;1;0;;;;8;13
58006;Anticoli Corrado;55;1;1;0;0;;;;2;1;6;0;0;;;;7;9
58006;Anticoli Corrado;56;1;11;1;0;;;;13;2;2;1;1;;;;6;19
58006;Anticoli Corrado;57;1;2;0;0;;;;3;1;6;1;2;;;;10;13
58006;Anticoli Corrado;58;0;5;0;0;;;;5;0;8;1;0;;;;9;14
58006;Anticoli Corrado;59;3;8;0;0;;;;11;0;6;0;0;;;;6;17
58006;Anticoli Corrado;60;0;7;0;0;;;;7;0;9;0;0;;;;9;16
58006;Anticoli Corrado;61;2;5;1;1;;;;9;2;6;0;1;;;;9;18
58006;Anticoli Corrado;62;0;7;0;0;;;;7;2;3;1;0;;;;6;13
58006;Anticoli Corrado;63;3;4;1;0;;;;8;1;11;1;3;;;;16;24
58006;Anticoli Corrado;64;1;9;1;0;;;;11;1;5;0;1;;;;7;18
58006;Anticoli Corrado;65;1;8;0;0;;;;9;0;5;0;1;;;;6;15
58006;Anticoli Corrado;66;0;4;0;0;;;;4;2;5;0;1;;;;8;12
58006;Anticoli Corrado;67;0;4;0;0;;;;4;0;5;1;1;;;;7;11
58006;Anticoli Corrado;68;0;7;0;0;;;;7;1;3;1;1;;;;6;13
58006;Anticoli Corrado;69;0;6;1;2;;;;9;0;7;1;1;;;;9;18
58006;Anticoli Corrado;70;1;7;0;0;;;;8;2;6;0;0;;;;8;16
58006;Anticoli Corrado;71;1;6;0;0;;;;7;0;3;0;1;;;;4;11
58006;Anticoli Corrado;72;0;6;0;0;;;;6;1;5;0;0;;;;6;12
58006;Anticoli Corrado;73;0;7;0;0;;;;7;0;5;0;1;;;;6;13
58006;Anticoli Corrado;74;0;10;0;0;;;;10;0;3;0;3;;;;6;16
58006;Anticoli Corrado;75;0;2;0;0;;;;2;0;3;0;1;;;;4;6
58006;Anticoli Corrado;76;0;2;0;0;;;;2;0;1;0;1;;;;2;4
58006;Anticoli Corrado;77;2;5;0;1;;;;8;0;2;0;2;;;;4;12
58006;Anticoli Corrado;78;0;0;0;0;;;;0;0;2;0;1;;;;3;3
58006;Anticoli Corrado;79;1;1;0;0;;;;2;1;1;0;2;;;;4;6
58006;Anticoli Corrado;80;0;2;0;1;;;;3;0;2;0;2;;;;4;7
58006;Anticoli Corrado;81;0;3;0;0;;;;3;0;0;0;2;;;;2;5
58006;Anticoli Corrado;82;0;2;0;0;;;;2;0;0;1;1;;;;2;4
58006;Anticoli Corrado;83;1;1;0;0;;;;2;0;2;0;2;;;;4;6
58006;Anticoli Corrado;84;0;2;0;0;;;;2;1;0;0;2;;;;3;5
58006;Anticoli Corrado;85;0;0;0;1;;;;1;0;2;0;2;;;;4;5
58006;Anticoli Corrado;86;0;1;0;0;;;;1;0;0;0;0;;;;0;1
58006;Anticoli Corrado;87;0;1;0;0;;;;1;0;1;0;4;;;;5;6
58006;Anticoli Corrado;88;0;1;0;0;;;;1;0;1;0;1;;;;2;3
58006;Anticoli Corrado;89;0;0;0;0;;;;0;0;0;0;3;;;;3;3
58006;Anticoli Corrado;90;0;1;0;0;;;;1;0;0;0;2;;;;2;3
58006;Anticoli Corrado;91;0;0;0;0;;;;0;0;0;0;0;;;;0;0
58006;Anticoli Corrado;92;0;1;0;0;;;;1;0;0;0;1;;;;1;2
58006;Anticoli Corrado;93;0;0;0;0;;;;0;0;0;0;0;;;;0;0
58006;Anticoli Corrado;94;0;0;0;0;;;;0;0;0;0;0;;;;0;0
58006;Anticoli Corrado;95;0;0;0;0;;;;0;0;0;0;0;;;;0;0
58006;Anticoli Corrado;96;0;0;0;0;;;;0;0;0;0;0;;;;0;0
58006;Anticoli Corrado;97;0;0;0;0;;;;0;0;0;0;0;;;;0;0
58006;Anticoli Corrado;98;0;0;0;0;;;;0;0;0;0;0;;;;0;0
58006;Anticoli Corrado;99;0;0;0;0;;;;0;0;0;0;0;;;;0;0
58006;Anticoli Corrado;100;0;0;0;0;;;;0;0;0;0;0;;;;0;0
58006;Anticoli Corrado;999;203;198;10;6;;;;417;173;190;11;48;;;;422;839
58007;Anzio;0;208;0;0;0;0;0;0;208;161;0;0;0;0;0;0;161;369
58007;Anzio;1;186;0;0;0;0;0;0;186;207;0;0;0;0;0;0;207;393
58007;Anzio;2;225;0;0;0;0;0;0;225;203;0;0;0;0;0;0;203;428
58007;Anzio;3;212;0;0;0;0;0;0;212;207;0;0;0;0;0;0;207;419
58007;Anzio;4;213;0;0;0;0;0;0;213;212;0;0;0;0;0;0;212;425
58007;Anzio;5;223;0;0;0;0;0;0;223;218;0;0;0;0;0;0;218;441
58007;Anzio;6;241;0;0;0;0;0;0;241;250;0;0;0;0;0;0;250;491
58007;Anzio;7;259;0;0;0;0;0;0;259;276;0;0;0;0;0;0;276;535
58007;Anzio;8;253;0;0;0;0;0;0;253;259;0;0;0;0;0;0;259;512
58007;Anzio;9;297;0;0;0;0;0;0;297;255;0;0;0;0;0;0;255;552
58007;Anzio;10;268;0;0;0;0;0;0;268;265;0;0;0;0;0;0;265;533
58007;Anzio;11;306;0;0;0;0;0;0;306;278;0;0;0;0;0;0;278;584
58007;Anzio;12;336;0;0;0;0;0;0;336;302;0;0;0;0;0;0;302;638
58007;Anzio;13;288;0;0;0;0;0;0;288;311;0;0;0;0;0;0;311;599
58007;Anzio;14;312;0;0;0;0;0;0;312;306;0;0;0;0;0;0;306;618
58007;Anzio;15;335;0;0;0;0;0;0;335;295;0;0;0;0;0;0;295;630
58007;Anzio;16;318;0;0;0;0;0;0;318;293;0;0;0;0;0;0;293;611
58007;Anzio;17;359;0;0;0;0;0;0;359;288;0;0;0;0;0;0;288;647
58007;Anzio;18;335;0;0;0;0;0;0;335;261;0;0;0;0;0;0;261;596
58007;Anzio;19;326;0;0;0;0;0;0;326;294;0;0;0;0;0;0;294;620
58007;Anzio;20;322;0;0;0;0;0;0;322;318;2;0;0;0;0;0;320;642
58007;Anzio;21;332;0;0;0;0;0;0;332;278;3;0;0;0;0;0;281;613
58007;Anzio;22;286;0;0;0;0;0;0;286;281;4;0;0;0;0;0;285;571
58007;Anzio;23;323;1;0;0;0;0;0;324;271;5;0;0;0;0;0;276;600
58007;Anzio;24;280;1;0;0;0;0;0;281;253;9;2;0;0;0;0;264;545
58007;Anzio;25;306;3;0;0;0;0;0;309;260;11;0;0;0;0;0;271;580
58007;Anzio;26;291;8;1;0;0;0;0;300;234;21;1;0;0;0;0;256;556
58007;Anzio;27;269;17;0;0;0;0;0;286;225;31;1;0;0;0;0;257;543
58007;Anzio;28;238;16;1;0;0;0;0;255;192;24;2;0;1;0;0;219;474
58007;Anzio;29;271;17;0;0;0;0;0;288;198;62;1;0;1;0;0;262;550
58007;Anzio;30;276;37;1;0;0;0;0;314;197;64;0;0;1;0;0;262;576
58007;Anzio;31;255;44;6;0;1;0;0;306;225;87;1;0;0;0;0;313;619
58007;Anzio;32;248;71;0;0;0;0;0;319;209;107;4;0;2;0;0;322;641
58007;Anzio;33;262;59;1;0;0;0;0;322;197;99;1;1;0;0;0;298;620
58007;Anzio;34;238;92;1;0;0;0;0;331;195;130;6;0;0;0;0;331;662
58007;Anzio;35;243;111;1;0;0;0;0;355;154;129;6;0;1;0;0;290;645
58007;Anzio;36;254;112;3;0;2;0;0;371;164;182;5;4;0;0;0;355;726
58007;Anzio;37;257;130;3;1;0;0;0;391;146;201;9;0;2;0;0;358;749
58007;Anzio;38;248;135;3;0;0;0;0;386;152;192;12;2;0;0;0;358;744
58007;Anzio;39;213;180;8;0;1;0;0;402;121;188;7;4;1;0;0;321;723
58007;Anzio;40;211;182;0;2;2;0;0;397;141;210;14;2;0;0;0;367;764
58007;Anzio;41;208;209;6;1;0;0;0;424;143;218;15;2;1;0;0;379;803
58007;Anzio;42;176;207;7;1;0;0;0;391;113;268;10;2;2;0;0;395;786
58007;Anzio;43;178;235;12;0;0;0;0;425;124;258;16;2;0;0;0;400;825
58007;Anzio;44;180;263;6;4;2;0;0;455;106;235;20;3;0;0;0;364;819
58007;Anzio;45;175;282;16;4;1;0;0;478;121;267;26;8;1;0;0;423;901
58007;Anzio;46;172;251;23;3;0;0;0;449;107;324;23;7;1;0;0;462;911
58007;Anzio;47;173;281;13;2;0;0;0;469;111;326;14;3;0;0;0;454;923
58007;Anzio;48;166;327;15;4;0;0;0;512;111;313;15;4;1;0;0;444;956
58007;Anzio;49;197;332;18;3;1;0;0;551;117;336;27;5;0;0;0;485;1036
58007;Anzio;50;166;355;26;2;0;0;0;549;120;364;37;17;1;0;0;539;1088
58007;Anzio;51;143;339;27;2;1;0;0;512;103;364;29;15;2;0;0;513;1025
58007;Anzio;52;159;346;25;1;1;0;0;532;72;405;45;11;0;0;0;533;1065
58007;Anzio;53;136;334;32;5;2;0;0;509;95;378;47;16;0;0;0;536;1045
58007;Anzio;54;129;358;26;3;1;0;0;517;78;379;43;7;0;0;0;507;1024
58007;Anzio;55;111;362;47;4;3;0;0;527;92;371;44;18;1;0;0;526;1053
58007;Anzio;56;99;359;38;2;0;0;0;498;67;376;46;21;1;0;0;511;1009
58007;Anzio;57;90;328;37;5;3;0;0;463;66;379;43;29;1;1;0;519;982
58007;Anzio;58;71;416;37;5;0;0;0;529;61;359;47;26;0;0;0;493;1022
58007;Anzio;59;84;375;37;6;0;0;0;502;58;373;59;35;0;0;0;525;1027
58007;Anzio;60;73;367;34;6;3;0;0;483;51;348;60;35;0;0;0;494;977
58007;Anzio;61;48;387;38;6;1;0;0;480;51;352;38;38;0;0;0;479;959
58007;Anzio;62;62;344;32;10;1;0;0;449;54;296;51;37;1;0;0;439;888
58007;Anzio;63;44;359;37;11;0;0;0;451;32;303;36;40;0;0;0;411;862
58007;Anzio;64;42;346;30;15;1;0;0;434;38;325;38;41;0;0;0;442;876
58007;Anzio;65;34;298;27;10;1;0;0;370;29;294;34;33;0;0;0;390;760
58007;Anzio;66;23;317;28;14;1;0;0;383;36;259;31;46;0;0;0;372;755
58007;Anzio;67;48;315;26;13;0;0;0;402;31;242;40;52;0;0;0;365;767
58007;Anzio;68;27;289;21;14;0;0;0;351;30;213;37;57;0;0;0;337;688
58007;Anzio;69;26;263;23;14;0;0;0;326;25;222;34;53;0;0;0;334;660
58007;Anzio;70;16;255;21;16;0;0;0;308;22;248;28;53;0;0;0;351;659
58007;Anzio;71;15;258;19;12;0;0;0;304;20;215;20;59;0;0;0;314;618
58007;Anzio;72;14;209;15;14;0;0;0;252;25;203;32;69;0;0;0;329;581
58007;Anzio;73;14;235;15;22;0;0;0;286;25;214;19;63;0;0;0;321;607
58007;Anzio;74;12;244;19;17;0;0;0;292;23;193;32;80;0;0;0;328;620
58007;Anzio;75;4;222;19;21;0;0;0;266;20;206;18;91;1;0;0;336;602
58007;Anzio;76;10;225;11;25;0;0;0;271;16;202;16;97;0;0;0;331;602
58007;Anzio;77;6;237;11;39;0;0;0;293;15;171;15;110;0;0;1;312;605
58007;Anzio;78;11;228;10;28;0;0;0;277;17;146;22;93;0;0;0;278;555
58007;Anzio;79;7;171;7;17;0;0;0;202;20;105;15;99;0;0;0;239;441
58007;Anzio;80;7;145;11;10;0;0;0;173;7;126;16;77;0;0;0;226;399
58007;Anzio;81;3;147;3;28;0;0;0;181;11;111;12;110;0;0;0;244;425
58007;Anzio;82;8;136;6;24;0;0;0;174;17;86;13;91;0;0;0;207;381
58007;Anzio;83;5;116;7;29;1;0;0;158;8;73;6;95;0;0;0;182;340
58007;Anzio;84;4;117;5;22;1;0;0;149;14;54;2;110;0;0;0;180;329
58007;Anzio;85;6;99;4;35;0;0;0;144;9;54;4;105;0;0;0;172;316
58007;Anzio;86;3;79;2;30;0;0;0;114;12;52;0;90;0;0;0;154;268
58007;Anzio;87;4;59;0;24;0;0;0;87;4;27;7;85;0;0;0;123;210
58007;Anzio;88;7;47;2;25;0;0;0;81;12;35;4;69;0;0;0;120;201
58007;Anzio;89;2;41;1;19;0;0;0;63;8;18;3;72;0;0;0;101;164
58007;Anzio;90;3;34;2;16;0;0;0;55;4;18;2;75;0;0;0;99;154
58007;Anzio;91;2;28;1;12;0;0;0;43;7;13;1;47;0;0;0;68;111
58007;Anzio;92;1;17;0;6;0;0;0;24;4;9;2;45;0;0;0;60;84
58007;Anzio;93;0;17;0;5;0;0;0;22;2;5;1;35;0;0;0;43;65
58007;Anzio;94;1;10;0;4;0;0;0;15;1;3;0;29;0;0;0;33;48
58007;Anzio;95;0;6;0;6;0;0;0;12;3;1;1;19;0;0;0;24;36
58007;Anzio;96;0;2;1;4;0;0;0;7;0;1;0;18;0;0;0;19;26
58007;Anzio;97;0;1;0;2;0;0;0;3;1;3;0;17;0;0;0;21;24
58007;Anzio;98;0;1;0;3;0;0;0;4;0;0;0;7;0;0;0;7;11
58007;Anzio;99;0;0;0;1;0;0;0;1;2;0;0;7;0;0;0;9;10
58007;Anzio;100;1;1;0;3;0;0;0;5;4;1;1;10;0;0;0;16;21
58007;Anzio;999;14529;13847;965;692;31;0;0;30064;12127;13501;1369;2703;23;1;1;29725;59789
58008;Arcinazzo Romano;0;5;0;0;0;;;;5;4;0;0;0;;;;4;9
58008;Arcinazzo Romano;1;5;0;0;0;;;;5;1;0;0;0;;;;1;6
58008;Arcinazzo Romano;2;1;0;0;0;;;;1;5;0;0;0;;;;5;6
58008;Arcinazzo Romano;3;2;0;0;0;;;;2;3;0;0;0;;;;3;5
58008;Arcinazzo Romano;4;3;0;0;0;;;;3;2;0;0;0;;;;2;5
58008;Arcinazzo Romano;5;4;0;0;0;;;;4;2;0;0;0;;;;2;6
58008;Arcinazzo Romano;6;4;0;0;0;;;;4;5;0;0;0;;;;5;9
58008;Arcinazzo Romano;7;3;0;0;0;;;;3;3;0;0;0;;;;3;6
58008;Arcinazzo Romano;8;2;0;0;0;;;;2;3;0;0;0;;;;3;5
58008;Arcinazzo Romano;9;4;0;0;0;;;;4;4;0;0;0;;;;4;8
58008;Arcinazzo Romano;10;1;0;0;0;;;;1;4;0;0;0;;;;4;5
58008;Arcinazzo Romano;11;2;0;0;0;;;;2;4;0;0;0;;;;4;6
58008;Arcinazzo Romano;12;2;0;0;0;;;;2;4;0;0;0;;;;4;6
58008;Arcinazzo Romano;13;0;0;0;0;;;;0;6;0;0;0;;;;6;6
58008;Arcinazzo Romano;14;4;0;0;0;;;;4;3;0;0;0;;;;3;7
58008;Arcinazzo Romano;15;7;0;0;0;;;;7;4;0;0;0;;;;4;11
58008;Arcinazzo Romano;16;4;0;0;0;;;;4;3;0;0;0;;;;3;7
58008;Arcinazzo Romano;17;4;0;0;0;;;;4;3;0;0;0;;;;3;7
58008;Arcinazzo Romano;18;5;0;0;0;;;;5;1;0;0;0;;;;1;6
58008;Arcinazzo Romano;19;4;0;0;0;;;;4;1;0;0;0;;;;1;5
58008;Arcinazzo Romano;20;7;0;0;0;;;;7;0;0;0;0;;;;0;7
58008;Arcinazzo Romano;21;4;0;0;0;;;;4;10;0;0;0;;;;10;14
58008;Arcinazzo Romano;22;8;0;0;0;;;;8;2;0;0;0;;;;2;10
58008;Arcinazzo Romano;23;3;0;0;0;;;;3;4;0;0;0;;;;4;7
58008;Arcinazzo Romano;24;9;0;0;0;;;;9;8;0;0;0;;;;8;17
58008;Arcinazzo Romano;25;3;0;0;0;;;;3;6;0;0;0;;;;6;9
58008;Arcinazzo Romano;26;12;0;0;0;;;;12;4;0;0;0;;;;4;16
58008;Arcinazzo Romano;27;5;0;0;0;;;;5;5;0;0;0;;;;5;10
58008;Arcinazzo Romano;28;7;0;0;0;;;;7;7;1;0;0;;;;8;15
58008;Arcinazzo Romano;29;10;0;0;0;;;;10;1;1;0;0;;;;2;12
58008;Arcinazzo Romano;30;13;0;0;0;;;;13;5;0;0;0;;;;5;18
58008;Arcinazzo Romano;31;6;0;0;0;;;;6;8;0;0;0;;;;8;14
58008;Arcinazzo Romano;32;13;1;0;0;;;;14;3;0;0;0;;;;3;17
58008;Arcinazzo Romano;33;5;0;0;0;;;;5;4;1;0;0;;;;5;10
58008;Arcinazzo Romano;34;7;1;0;0;;;;8;4;1;0;0;;;;5;13
58008;Arcinazzo Romano;35;3;2;0;0;;;;5;4;3;0;0;;;;7;12
58008;Arcinazzo Romano;36;7;1;0;0;;;;8;8;5;0;0;;;;13;21
58008;Arcinazzo Romano;37;5;0;0;0;;;;5;3;2;0;0;;;;5;10
58008;Arcinazzo Romano;38;4;2;0;0;;;;6;6;4;0;0;;;;10;16
58008;Arcinazzo Romano;39;6;1;0;0;;;;7;4;3;0;0;;;;7;14
58008;Arcinazzo Romano;40;0;0;1;0;;;;1;4;3;0;0;;;;7;8
58008;Arcinazzo Romano;41;10;5;0;0;;;;15;3;0;0;0;;;;3;18
58008;Arcinazzo Romano;42;3;5;0;0;;;;8;3;2;0;0;;;;5;13
58008;Arcinazzo Romano;43;5;2;0;0;;;;7;1;1;0;0;;;;2;9
58008;Arcinazzo Romano;44;1;3;1;0;;;;5;4;0;1;0;;;;5;10
58008;Arcinazzo Romano;45;4;1;0;0;;;;5;1;6;0;0;;;;7;12
58008;Arcinazzo Romano;46;3;2;1;0;;;;6;0;3;0;0;;;;3;9
58008;Arcinazzo Romano;47;4;3;0;0;;;;7;3;5;1;0;;;;9;16
58008;Arcinazzo Romano;48;4;3;0;0;;;;7;1;7;0;0;;;;8;15
58008;Arcinazzo Romano;49;5;3;0;0;;;;8;3;1;0;1;;;;5;13
58008;Arcinazzo Romano;50;3;4;1;0;;;;8;3;7;0;0;;;;10;18
58008;Arcinazzo Romano;51;2;6;0;0;;;;8;2;5;0;0;;;;7;15
58008;Arcinazzo Romano;52;6;3;1;0;;;;10;4;4;1;0;;;;9;19
58008;Arcinazzo Romano;53;4;5;0;0;;;;9;3;8;2;0;;;;13;22
58008;Arcinazzo Romano;54;1;8;0;0;;;;9;1;6;1;0;;;;8;17
58008;Arcinazzo Romano;55;2;8;0;0;;;;10;2;10;1;0;;;;13;23
58008;Arcinazzo Romano;56;4;8;1;0;;;;13;2;9;0;1;;;;12;25
58008;Arcinazzo Romano;57;2;10;0;0;;;;12;2;6;0;0;;;;8;20
58008;Arcinazzo Romano;58;5;8;1;0;;;;14;2;7;0;1;;;;10;24
58008;Arcinazzo Romano;59;3;9;1;0;;;;13;2;6;1;1;;;;10;23
58008;Arcinazzo Romano;60;5;16;0;0;;;;21;0;9;2;1;;;;12;33
58008;Arcinazzo Romano;61;3;6;2;0;;;;11;3;8;2;0;;;;13;24
58008;Arcinazzo Romano;62;1;13;0;0;;;;14;1;14;3;1;;;;19;33
58008;Arcinazzo Romano;63;4;5;0;0;;;;9;1;11;0;3;;;;15;24
58008;Arcinazzo Romano;64;2;5;1;0;;;;8;1;9;0;4;;;;14;22
58008;Arcinazzo Romano;65;2;10;0;0;;;;12;1;6;0;1;;;;8;20
58008;Arcinazzo Romano;66;1;7;0;0;;;;8;1;11;1;4;;;;17;25
58008;Arcinazzo Romano;67;1;6;0;0;;;;7;0;12;0;0;;;;12;19
58008;Arcinazzo Romano;68;1;10;0;0;;;;11;1;9;0;0;;;;10;21
58008;Arcinazzo Romano;69;1;10;0;0;;;;11;3;8;0;2;;;;13;24
58008;Arcinazzo Romano;70;0;10;0;1;;;;11;1;5;0;0;;;;6;17
58008;Arcinazzo Romano;71;1;11;1;0;;;;13;0;7;0;4;;;;11;24
58008;Arcinazzo Romano;72;0;6;0;1;;;;7;1;6;0;3;;;;10;17
58008;Arcinazzo Romano;73;0;9;1;0;;;;10;1;3;0;1;;;;5;15
58008;Arcinazzo Romano;74;2;3;1;1;;;;7;0;4;0;1;;;;5;12
58008;Arcinazzo Romano;75;0;9;0;1;;;;10;1;10;0;3;;;;14;24
58008;Arcinazzo Romano;76;2;7;0;1;;;;10;2;1;0;3;;;;6;16
58008;Arcinazzo Romano;77;1;5;0;0;;;;6;1;3;0;3;;;;7;13
58008;Arcinazzo Romano;78;0;3;0;0;;;;3;0;1;1;1;;;;3;6
58008;Arcinazzo Romano;79;0;4;0;1;;;;5;0;1;0;0;;;;1;6
58008;Arcinazzo Romano;80;0;1;0;0;;;;1;1;2;0;2;;;;5;6
58008;Arcinazzo Romano;81;1;4;2;2;;;;9;0;2;0;3;;;;5;14
58008;Arcinazzo Romano;82;1;2;0;1;;;;4;1;1;0;4;;;;6;10
58008;Arcinazzo Romano;83;1;10;0;0;;;;11;0;2;0;5;;;;7;18
58008;Arcinazzo Romano;84;1;5;0;0;;;;6;2;3;0;6;;;;11;17
58008;Arcinazzo Romano;85;0;5;0;0;;;;5;0;3;0;3;;;;6;11
58008;Arcinazzo Romano;86;0;3;0;0;;;;3;0;0;0;3;;;;3;6
58008;Arcinazzo Romano;87;0;2;0;1;;;;3;0;0;0;3;;;;3;6
58008;Arcinazzo Romano;88;0;0;0;0;;;;0;0;0;0;4;;;;4;4
58008;Arcinazzo Romano;89;0;1;1;0;;;;2;0;1;0;5;;;;6;8
58008;Arcinazzo Romano;90;0;1;0;1;;;;2;0;1;0;0;;;;1;3
58008;Arcinazzo Romano;91;0;1;0;0;;;;1;0;0;0;4;;;;4;5
58008;Arcinazzo Romano;92;0;0;0;1;;;;1;0;0;0;0;;;;0;1
58008;Arcinazzo Romano;93;0;0;0;0;;;;0;0;0;0;2;;;;2;2
58008;Arcinazzo Romano;94;0;0;0;0;;;;0;1;0;0;0;;;;1;1
58008;Arcinazzo Romano;95;0;0;0;0;;;;0;0;0;0;1;;;;1;1
58008;Arcinazzo Romano;96;0;0;0;0;;;;0;0;0;0;0;;;;0;0
58008;Arcinazzo Romano;97;0;0;0;0;;;;0;0;0;0;1;;;;1;1
58008;Arcinazzo Romano;98;0;0;0;0;;;;0;0;0;0;1;;;;1;1
58008;Arcinazzo Romano;99;0;0;0;0;;;;0;0;0;0;0;;;;0;0
58008;Arcinazzo Romano;100;0;0;0;0;;;;0;0;0;0;0;;;;0;0
58008;Arcinazzo Romano;999;305;294;17;12;;;;628;231;270;17;86;;;;604;1232
58117;Ardea;0;151;0;0;0;0;0;0;151;128;0;0;0;0;0;0;128;279
58117;Ardea;1;180;0;0;0;0;0;0;180;150;0;0;0;0;0;0;150;330
58117;Ardea;2;163;0;0;0;0;0;0;163;162;0;0;0;0;0;0;162;325
58117;Ardea;3;182;0;0;0;0;0;0;182;198;0;0;0;0;0;0;198;380
58117;Ardea;4;176;0;0;0;0;0;0;176;192;0;0;0;0;0;0;192;368
58117;Ardea;5;197;0;0;0;0;0;0;197;188;0;0;0;0;0;0;188;385
58117;Ardea;6;201;0;0;0;0;0;0;201;202;0;0;0;0;0;0;202;403
58117;Ardea;7;213;0;0;0;0;0;0;213;198;0;0;0;0;0;0;198;411
58117;Ardea;8;186;0;0;0;0;0;0;186;224;0;0;0;0;0;0;224;410
58117;Ardea;9;232;0;0;0;0;0;0;232;229;0;0;0;0;0;0;229;461
58117;Ardea;10;223;0;0;0;0;0;0;223;225;0;0;0;0;0;0;225;448
58117;Ardea;11;250;0;0;0;0;0;0;250;210;0;0;0;0;0;0;210;460
58117;Ardea;12;265;0;0;0;0;0;0;265;257;0;0;0;0;0;0;257;522
58117;Ardea;13;267;0;0;0;0;0;0;267;208;0;0;0;0;0;0;208;475
58117;Ardea;14;272;0;0;0;0;0;0;272;265;0;0;0;0;0;0;265;537
58117;Ardea;15;303;0;0;0;0;0;0;303;261;0;0;0;0;0;0;261;564
58117;Ardea;16;305;0;0;0;0;0;0;305;274;0;0;0;0;0;0;274;579
58117;Ardea;17;298;0;0;0;0;0;0;298;278;0;0;0;0;0;0;278;576
58117;Ardea;18;257;0;0;0;0;0;0;257;257;0;0;0;0;0;0;257;514
58117;Ardea;19;276;0;0;0;0;0;0;276;282;0;0;0;0;0;0;282;558
58117;Ardea;20;267;0;0;0;0;0;0;267;274;2;0;0;0;0;0;276;543
58117;Ardea;21;290;0;0;0;0;0;0;290;236;5;0;0;0;0;0;241;531
58117;Ardea;22;269;0;0;0;0;0;0;269;226;1;0;0;0;0;0;227;496
58117;Ardea;23;275;0;0;0;0;0;0;275;253;2;0;0;0;0;0;255;530
58117;Ardea;24;278;1;0;0;0;0;0;279;294;3;1;0;0;0;0;298;577
58117;Ardea;25;248;2;0;0;0;0;0;250;239;9;0;0;0;0;0;248;498
58117;Ardea;26;263;2;0;0;0;0;0;265;224;14;0;0;0;0;0;238;503
58117;Ardea;27;289;11;0;0;0;0;0;300;207;24;0;0;0;0;0;231;531
58117;Ardea;28;245;7;0;0;0;0;0;252;198;26;0;0;0;0;0;224;476
58117;Ardea;29;230;25;0;0;0;0;0;255;176;33;0;0;0;0;0;209;464
58117;Ardea;30;231;25;0;0;0;0;0;256;157;44;1;0;1;0;0;203;459
58117;Ardea;31;227;39;0;0;0;0;0;266;170;65;1;1;0;0;0;237;503
58117;Ardea;32;229;50;1;1;0;0;0;281;164;61;3;0;0;0;0;228;509
58117;Ardea;33;215;62;0;0;1;0;0;278;164;79;2;0;0;0;0;245;523
58117;Ardea;34;193;74;1;0;0;0;0;268;174;117;2;0;1;0;0;294;562
58117;Ardea;35;209;76;0;0;0;0;0;285;131;114;5;2;0;0;0;252;537
58117;Ardea;36;187;93;5;0;0;0;0;285;131;115;7;1;0;0;0;254;539
58117;Ardea;37;171;87;6;0;0;0;0;264;124;151;8;0;1;0;0;284;548
58117;Ardea;38;174;116;6;0;1;0;0;297;128;134;8;1;0;0;0;271;568
58117;Ardea;39;206;110;10;0;1;0;0;327;134;154;13;0;0;0;0;301;628
58117;Ardea;40;198;136;6;0;0;0;0;340;116;158;8;1;0;0;0;283;623
58117;Ardea;41;170;151;16;0;0;0;0;337;108;167;9;3;0;0;0;287;624
58117;Ardea;42;172;175;4;0;2;0;0;353;121;196;8;2;0;1;0;328;681
58117;Ardea;43;175;177;12;1;0;0;0;365;108;184;16;3;0;0;0;311;676
58117;Ardea;44;156;207;12;0;2;0;0;377;107;228;13;4;0;0;0;352;729
58117;Ardea;45;152;220;18;0;1;0;0;391;122;274;19;8;0;0;0;423;814
58117;Ardea;46;173;252;17;1;0;0;0;443;114;278;26;5;0;0;0;423;866
58117;Ardea;47;134;275;29;3;0;0;0;441;92;263;36;6;0;0;0;397;838
58117;Ardea;48;161;285;21;3;1;1;0;472;110;296;20;13;1;0;0;440;912
58117;Ardea;49;166;276;27;5;1;0;0;475;106;279;51;8;1;0;0;445;920
58117;Ardea;50;148;299;36;1;2;0;0;486;90;339;31;12;2;0;0;474;960
58117;Ardea;51;145;305;44;2;1;0;0;497;104;334;44;11;0;0;0;493;990
58117;Ardea;52;126;335;48;1;0;0;0;510;93;338;41;13;0;0;0;485;995
58117;Ardea;53;129;326;37;1;0;0;0;493;70;336;45;17;1;0;0;469;962
58117;Ardea;54;118;349;27;4;1;0;0;499;66;322;54;17;0;0;0;459;958
58117;Ardea;55;107;339;45;7;1;0;0;499;62;321;50;20;0;0;0;453;952
58117;Ardea;56;85;374;54;9;1;0;0;523;62;329;54;24;1;0;0;470;993
58117;Ardea;57;90;334;33;3;0;0;0;460;54;327;53;30;1;0;0;465;925
58117;Ardea;58;82;369;45;3;2;0;0;501;55;327;51;23;0;0;0;456;957
58117;Ardea;59;74;334;50;8;0;0;0;466;53;314;50;33;1;0;0;451;917
58117;Ardea;60;69;348;49;6;1;0;0;473;44;301;37;30;0;0;0;412;885
58117;Ardea;61;47;301;34;8;1;0;0;391;30;294;51;25;3;0;0;403;794
58117;Ardea;62;34;304;55;9;0;0;0;402;27;267;50;27;1;0;0;372;774
58117;Ardea;63;42;274;25;7;0;0;0;348;31;263;39;34;0;0;0;367;715
58117;Ardea;64;35;283;35;10;0;0;0;363;21;262;35;41;0;0;0;359;722
58117;Ardea;65;28;265;27;8;0;0;0;328;24;223;34;39;0;0;0;320;648
58117;Ardea;66;23;267;36;13;1;0;0;340;18;240;33;32;0;0;0;323;663
58117;Ardea;67;26;196;23;9;0;0;0;254;13;221;32;44;1;0;0;311;565
58117;Ardea;68;17;219;33;6;0;0;0;275;19;213;23;47;0;0;0;302;577
58117;Ardea;69;23;260;31;11;0;0;0;325;13;211;18;52;0;0;0;294;619
58117;Ardea;70;22;242;35;16;0;0;0;315;17;194;32;69;0;0;0;312;627
58117;Ardea;71;12;210;22;10;0;0;0;254;16;155;19;44;0;0;0;234;488
58117;Ardea;72;14;175;14;16;0;0;0;219;15;160;34;63;0;0;0;272;491
58117;Ardea;73;6;191;16;10;0;0;0;223;10;138;16;54;0;0;0;218;441
58117;Ardea;74;6;201;16;16;0;0;0;239;14;141;17;55;0;0;0;227;466
58117;Ardea;75;8;181;14;15;0;0;0;218;11;135;13;65;0;0;0;224;442
58117;Ardea;76;3;151;11;17;0;0;0;182;8;129;14;75;0;0;0;226;408
58117;Ardea;77;11;174;9;36;0;0;0;230;9;144;13;82;0;0;0;248;478
58117;Ardea;78;7;175;7;30;0;0;0;219;8;142;9;73;0;0;0;232;451
58117;Ardea;79;4;123;10;14;0;0;0;151;4;90;8;69;0;0;0;171;322
58117;Ardea;80;4;107;10;22;0;0;0;143;6;63;9;72;0;0;0;150;293
58117;Ardea;81;6;122;8;15;0;0;0;151;7;77;6;79;0;0;0;169;320
58117;Ardea;82;3;89;9;19;1;0;0;121;4;74;11;61;0;0;0;150;271
58117;Ardea;83;5;92;8;23;0;0;0;128;4;79;9;60;0;0;0;152;280
58117;Ardea;84;3;66;5;22;0;0;0;96;2;54;5;72;0;0;0;133;229
58117;Ardea;85;2;66;5;24;0;0;0;97;6;31;1;68;0;0;0;106;203
58117;Ardea;86;2;53;2;15;0;0;0;72;2;38;6;74;0;0;0;120;192
58117;Ardea;87;2;51;3;16;0;0;0;72;1;24;1;55;0;0;0;81;153
58117;Ardea;88;2;43;4;18;0;0;0;67;1;13;1;55;0;0;0;70;137
58117;Ardea;89;1;28;1;9;0;0;0;39;2;12;1;43;0;0;0;58;97
58117;Ardea;90;1;30;2;10;0;0;0;43;0;12;2;43;0;0;0;57;100
58117;Ardea;91;0;12;0;7;0;0;0;19;1;4;0;33;0;0;0;38;57
58117;Ardea;92;1;5;0;8;0;0;0;14;3;5;2;30;0;0;0;40;54
58117;Ardea;93;0;14;0;7;0;0;0;21;1;3;1;23;0;0;0;28;49
58117;Ardea;94;0;5;0;5;0;0;0;10;0;0;0;27;0;0;0;27;37
58117;Ardea;95;0;1;0;1;0;0;0;2;1;2;0;14;0;0;0;17;19
58117;Ardea;96;0;0;0;1;0;0;0;1;0;0;1;6;0;0;0;7;8
58117;Ardea;97;0;0;0;2;0;0;0;2;0;0;0;8;0;0;0;8;10
58117;Ardea;98;1;0;0;2;0;0;0;3;0;0;0;1;0;0;0;1;4
58117;Ardea;99;0;0;0;0;0;0;0;0;0;3;0;5;0;0;0;8;8
58117;Ardea;100;1;0;0;2;0;0;0;3;1;0;0;5;0;0;0;6;9
58117;Ardea;999;12525;11622;1169;548;22;1;0;25887;10399;11180;1313;2112;16;1;0;25021;50908
58009;Ariccia;0;52;0;0;0;;;;52;45;0;0;0;;;;45;97
58009;Ariccia;1;62;0;0;0;;;;62;46;0;0;0;;;;46;108
58009;Ariccia;2;58;0;0;0;;;;58;49;0;0;0;;;;49;107
58009;Ariccia;3;45;0;0;0;;;;45;53;0;0;0;;;;53;98
58009;Ariccia;4;46;0;0;0;;;;46;52;0;0;0;;;;52;98
58009;Ariccia;5;65;0;0;0;;;;65;60;0;0;0;;;;60;125
58009;Ariccia;6;60;0;0;0;;;;60;61;0;0;0;;;;61;121
58009;Ariccia;7;78;0;0;0;;;;78;61;0;0;0;;;;61;139
58009;Ariccia;8;73;0;0;0;;;;73;77;0;0;0;;;;77;150
58009;Ariccia;9;71;0;0;0;;;;71;75;0;0;0;;;;75;146
58009;Ariccia;10;79;0;0;0;;;;79;62;0;0;0;;;;62;141
58009;Ariccia;11;73;0;0;0;;;;73;84;0;0;0;;;;84;157
58009;Ariccia;12;96;0;0;0;;;;96;73;0;0;0;;;;73;169
58009;Ariccia;13;82;0;0;0;;;;82;84;0;0;0;;;;84;166
58009;Ariccia;14;90;0;0;0;;;;90;83;0;0;0;;;;83;173
58009;Ariccia;15;97;0;0;0;;;;97;95;0;0;0;;;;95;192
58009;Ariccia;16;63;0;0;0;;;;63;104;0;0;0;;;;104;167
58009;Ariccia;17;99;0;0;0;;;;99;110;0;0;0;;;;110;209
58009;Ariccia;18;89;0;0;0;;;;89;90;0;0;0;;;;90;179
58009;Ariccia;19;91;0;0;0;;;;91;90;1;0;0;;;;91;182
58009;Ariccia;20;114;0;0;0;;;;114;104;0;0;0;;;;104;218
58009;Ariccia;21;105;0;0;0;;;;105;88;0;0;0;;;;88;193
58009;Ariccia;22;83;0;0;0;;;;83;83;1;0;0;;;;84;167
58009;Ariccia;23;103;1;0;0;;;;104;78;3;0;0;;;;81;185
58009;Ariccia;24;90;1;0;0;;;;91;87;0;0;0;;;;87;178
58009;Ariccia;25;100;1;0;0;;;;101;89;2;0;0;;;;91;192
58009;Ariccia;26;83;2;0;0;;;;85;85;3;0;0;;;;88;173
58009;Ariccia;27;91;1;0;0;;;;92;91;5;0;0;;;;96;188
58009;Ariccia;28;81;2;0;0;;;;83;70;7;0;0;;;;77;160
58009;Ariccia;29;92;2;1;0;;;;95;68;13;1;0;;;;82;177
58009;Ariccia;30;82;6;0;0;;;;88;76;16;0;0;;;;92;180
58009;Ariccia;31;65;8;0;0;;;;73;67;11;0;0;;;;78;151
58009;Ariccia;32;72;20;0;0;;;;92;63;21;0;0;;;;84;176
58009;Ariccia;33;77;16;1;0;;;;94;66;22;1;0;;;;89;183
58009;Ariccia;34;76;20;0;0;;;;96;53;38;0;0;;;;91;187
58009;Ariccia;35;53;32;2;0;;;;87;41;25;1;0;;;;67;154
58009;Ariccia;36;54;42;0;0;;;;96;51;46;0;0;;;;97;193
58009;Ariccia;37;58;29;1;0;;;;88;53;40;3;1;;;;97;185
58009;Ariccia;38;63;28;4;0;;;;95;50;60;3;0;;;;113;208
58009;Ariccia;39;47;37;4;0;;;;88;42;59;1;1;;;;103;191
58009;Ariccia;40;45;43;1;0;;;;89;50;47;3;1;;;;101;190
58009;Ariccia;41;54;46;1;0;;;;101;36;54;10;0;;;;100;201
58009;Ariccia;42;58;64;1;0;;;;123;38;62;2;0;;;;102;225
58009;Ariccia;43;45;52;2;1;;;;100;45;61;4;3;;;;113;213
58009;Ariccia;44;48;64;3;0;;;;115;30;72;8;0;;;;110;225
58009;Ariccia;45;48;60;4;0;;;;112;41;77;7;0;;;;125;237
58009;Ariccia;46;43;62;6;0;;;;111;38;70;9;3;;;;120;231
58009;Ariccia;47;47;57;3;0;;;;107;30;97;12;0;;;;139;246
58009;Ariccia;48;42;75;4;0;;;;121;41;86;8;2;;;;137;258
58009;Ariccia;49;47;85;10;0;;;;142;32;90;11;0;;;;133;275
58009;Ariccia;50;49;91;11;1;;;;152;37;118;22;4;;;;181;333
58009;Ariccia;51;47;72;4;0;;;;123;28;108;13;4;;;;153;276
58009;Ariccia;52;46;109;10;1;;;;166;41;118;8;4;;;;171;337
58009;Ariccia;53;27;90;15;1;;;;133;20;96;22;4;;;;142;275
58009;Ariccia;54;46;101;10;2;;;;159;27;117;17;1;;;;162;321
58009;Ariccia;55;27;115;13;0;;;;155;24;121;12;4;;;;161;316
58009;Ariccia;56;30;104;13;0;;;;147;25;116;22;8;;;;171;318
58009;Ariccia;57;27;101;11;2;;;;141;30;113;19;6;;;;168;309
58009;Ariccia;58;23;111;8;2;;;;144;18;131;7;6;;;;162;306
58009;Ariccia;59;23;112;14;7;;;;156;12;112;20;10;;;;154;310
58009;Ariccia;60;24;114;9;3;;;;150;18;127;16;7;;;;168;318
58009;Ariccia;61;24;117;5;3;;;;149;14;105;21;9;;;;149;298
58009;Ariccia;62;16;103;15;1;;;;135;11;109;13;14;;;;147;282
58009;Ariccia;63;15;106;7;2;;;;130;20;105;12;17;;;;154;284
58009;Ariccia;64;14;100;5;2;;;;121;11;92;7;14;;;;124;245
58009;Ariccia;65;11;115;13;4;;;;143;15;114;8;10;;;;147;290
58009;Ariccia;66;4;107;8;4;;;;123;7;91;10;18;;;;126;249
58009;Ariccia;67;12;110;10;3;;;;135;9;77;10;19;;;;115;250
58009;Ariccia;68;6;81;5;5;;;;97;6;81;8;15;;;;110;207
58009;Ariccia;69;6;86;2;4;;;;98;7;87;9;23;;;;126;224
58009;Ariccia;70;10;82;3;3;;;;98;5;62;5;22;;;;94;192
58009;Ariccia;71;7;73;4;8;;;;92;5;92;8;22;;;;127;219
58009;Ariccia;72;3;94;1;8;;;;106;4;88;9;26;;;;127;233
58009;Ariccia;73;6;70;5;6;;;;87;2;74;6;34;;;;116;203
58009;Ariccia;74;5;81;8;10;;;;104;6;78;5;32;;;;121;225
58009;Ariccia;75;3;81;2;9;;;;95;5;68;4;27;;;;104;199
58009;Ariccia;76;4;88;1;13;;;;106;3;60;1;38;;;;102;208
58009;Ariccia;77;4;82;2;12;;;;100;6;58;7;36;;;;107;207
58009;Ariccia;78;3;71;1;12;;;;87;7;66;3;49;;;;125;212
58009;Ariccia;79;4;58;1;3;;;;66;3;38;2;41;;;;84;150
58009;Ariccia;80;2;53;2;9;;;;66;0;48;1;39;;;;88;154
58009;Ariccia;81;0;44;1;8;;;;53;4;28;3;31;;;;66;119
58009;Ariccia;82;2;38;0;12;;;;52;1;35;1;35;;;;72;124
58009;Ariccia;83;1;42;0;5;;;;48;4;21;2;41;;;;68;116
58009;Ariccia;84;3;45;1;10;;;;59;5;17;2;42;;;;66;125
58009;Ariccia;85;0;27;2;12;;;;41;4;17;1;34;;;;56;97
58009;Ariccia;86;0;32;0;11;;;;43;4;15;2;48;;;;69;112
58009;Ariccia;87;1;20;2;4;;;;27;4;9;2;35;;;;50;77
58009;Ariccia;88;0;13;0;7;;;;20;0;9;0;27;;;;36;56
58009;Ariccia;89;1;20;0;12;;;;33;3;7;0;27;;;;37;70
58009;Ariccia;90;0;11;0;8;;;;19;2;4;1;25;;;;32;51
58009;Ariccia;91;0;7;0;2;;;;9;1;2;0;21;;;;24;33
58009;Ariccia;92;0;5;0;4;;;;9;0;1;0;21;;;;22;31
58009;Ariccia;93;0;3;0;7;;;;10;1;1;0;20;;;;22;32
58009;Ariccia;94;0;2;0;1;;;;3;0;3;0;8;;;;11;14
58009;Ariccia;95;0;2;0;1;;;;3;1;0;0;5;;;;6;9
58009;Ariccia;96;0;0;0;0;;;;0;1;0;0;4;;;;5;5
58009;Ariccia;97;0;1;0;5;;;;6;3;0;0;6;;;;9;15
58009;Ariccia;98;0;1;0;1;;;;2;0;0;0;4;;;;4;6
58009;Ariccia;99;0;1;0;1;;;;2;1;0;0;2;;;;3;5
58009;Ariccia;100;0;0;0;0;;;;0;1;0;0;5;;;;6;6
58009;Ariccia;999;4071;4048;272;252;;;;8643;3706;4128;425;1015;;;;9274;17917
58010;Arsoli;0;0;0;0;0;;;;0;2;0;0;0;;;;2;2
58010;Arsoli;1;5;0;0;0;;;;5;5;0;0;0;;;;5;10
58010;Arsoli;2;4;0;0;0;;;;4;4;0;0;0;;;;4;8
58010;Arsoli;3;2;0;0;0;;;;2;0;0;0;0;;;;0;2
58010;Arsoli;4;0;0;0;0;;;;0;4;0;0;0;;;;4;4
58010;Arsoli;5;1;0;0;0;;;;1;2;0;0;0;;;;2;3
58010;Arsoli;6;4;0;0;0;;;;4;3;0;0;0;;;;3;7
58010;Arsoli;7;3;0;0;0;;;;3;3;0;0;0;;;;3;6
58010;Arsoli;8;3;0;0;0;;;;3;5;0;0;0;;;;5;8
58010;Arsoli;9;5;0;0;0;;;;5;6;0;0;0;;;;6;11
58010;Arsoli;10;5;0;0;0;;;;5;4;0;0;0;;;;4;9
58010;Arsoli;11;9;0;0;0;;;;9;4;0;0;0;;;;4;13
58010;Arsoli;12;7;0;0;0;;;;7;5;0;0;0;;;;5;12
58010;Arsoli;13;5;0;0;0;;;;5;9;0;0;0;;;;9;14
58010;Arsoli;14;5;0;0;0;;;;5;6;0;0;0;;;;6;11
58010;Arsoli;15;2;0;0;0;;;;2;6;0;0;0;;;;6;8
58010;Arsoli;16;0;0;0;0;;;;0;11;0;0;0;;;;11;11
58010;Arsoli;17;5;0;0;0;;;;5;6;0;0;0;;;;6;11
58010;Arsoli;18;7;0;0;0;;;;7;4;0;0;0;;;;4;11
58010;Arsoli;19;3;0;0;0;;;;3;5;0;0;0;;;;5;8
58010;Arsoli;20;9;0;0;0;;;;9;6;0;0;0;;;;6;15
58010;Arsoli;21;4;0;0;0;;;;4;8;0;0;0;;;;8;12
58010;Arsoli;22;5;0;0;0;;;;5;5;0;0;0;;;;5;10
58010;Arsoli;23;5;0;0;0;;;;5;5;0;0;0;;;;5;10
58010;Arsoli;24;5;0;0;0;;;;5;5;0;0;0;;;;5;10
58010;Arsoli;25;4;0;0;0;;;;4;6;0;0;0;;;;6;10
58010;Arsoli;26;7;0;0;0;;;;7;4;0;0;0;;;;4;11
58010;Arsoli;27;4;0;0;0;;;;4;7;0;0;0;;;;7;11
58010;Arsoli;28;3;0;0;0;;;;3;3;0;0;0;;;;3;6
58010;Arsoli;29;2;0;0;0;;;;2;3;0;0;0;;;;3;5
58010;Arsoli;30;5;0;0;0;;;;5;8;0;0;0;;;;8;13
58010;Arsoli;31;7;0;0;0;;;;7;4;1;0;0;;;;5;12
58010;Arsoli;32;5;0;0;0;;;;5;6;0;0;0;;;;6;11
58010;Arsoli;33;6;0;0;0;;;;6;9;2;0;0;;;;11;17
58010;Arsoli;34;2;4;0;0;;;;6;6;4;0;0;;;;10;16
58010;Arsoli;35;0;1;0;0;;;;1;1;2;0;0;;;;3;4
58010;Arsoli;36;3;0;1;0;;;;4;7;1;0;0;;;;8;12
58010;Arsoli;37;8;1;0;0;;;;9;6;1;0;0;;;;7;16
58010;Arsoli;38;3;1;0;0;;;;4;7;1;0;0;;;;8;12
58010;Arsoli;39;4;4;0;0;;;;8;6;2;0;0;;;;8;16
58010;Arsoli;40;4;2;0;0;;;;6;3;4;1;0;;;;8;14
58010;Arsoli;41;5;2;0;0;;;;7;1;3;0;0;;;;4;11
58010;Arsoli;42;4;3;0;0;;;;7;4;3;0;0;;;;7;14
58010;Arsoli;43;5;3;0;0;;;;8;5;5;0;0;;;;10;18
58010;Arsoli;44;5;5;0;0;;;;10;2;2;1;0;;;;5;15
58010;Arsoli;45;8;5;0;0;;;;13;4;1;0;1;;;;6;19
58010;Arsoli;46;4;2;0;0;;;;6;3;5;2;1;;;;11;17
58010;Arsoli;47;2;4;1;0;;;;7;3;5;0;0;;;;8;15
58010;Arsoli;48;7;3;0;0;;;;10;0;10;2;1;;;;13;23
58010;Arsoli;49;2;5;0;0;;;;7;4;10;0;2;;;;16;23
58010;Arsoli;50;2;7;1;0;;;;10;4;9;2;0;;;;15;25
58010;Arsoli;51;5;9;2;1;;;;17;1;13;1;0;;;;15;32
58010;Arsoli;52;7;7;0;0;;;;14;0;3;0;0;;;;3;17
58010;Arsoli;53;3;8;0;0;;;;11;4;10;0;0;;;;14;25
58010;Arsoli;54;2;9;0;1;;;;12;1;4;0;1;;;;6;18
58010;Arsoli;55;5;5;1;0;;;;11;2;12;3;1;;;;18;29
58010;Arsoli;56;5;4;1;0;;;;10;1;7;1;1;;;;10;20
58010;Arsoli;57;4;11;1;0;;;;16;3;8;2;1;;;;14;30
58010;Arsoli;58;5;10;1;0;;;;16;1;7;1;0;;;;9;25
58010;Arsoli;59;4;5;1;0;;;;10;3;5;1;1;;;;10;20
58010;Arsoli;60;2;10;0;0;;;;12;2;8;2;3;;;;15;27
58010;Arsoli;61;2;7;2;0;;;;11;1;9;3;1;;;;14;25
58010;Arsoli;62;1;10;0;1;;;;12;2;12;0;1;;;;15;27
58010;Arsoli;63;3;4;0;0;;;;7;2;5;0;1;;;;8;15
58010;Arsoli;64;1;11;2;1;;;;15;1;6;1;4;;;;12;27
58010;Arsoli;65;2;11;1;0;;;;14;1;3;2;2;;;;8;22
58010;Arsoli;66;1;8;0;0;;;;9;0;4;3;1;;;;8;17
58010;Arsoli;67;4;3;2;1;;;;10;1;6;3;0;;;;10;20
58010;Arsoli;68;0;3;1;0;;;;4;2;8;0;0;;;;10;14
58010;Arsoli;69;0;5;0;0;;;;5;0;15;1;2;;;;18;23
58010;Arsoli;70;3;11;0;0;;;;14;2;8;1;5;;;;16;30
58010;Arsoli;71;1;7;1;1;;;;10;2;4;0;5;;;;11;21
58010;Arsoli;72;0;10;1;1;;;;12;0;6;0;2;;;;8;20
58010;Arsoli;73;0;5;1;0;;;;6;1;4;0;2;;;;7;13
58010;Arsoli;74;1;5;0;0;;;;6;0;8;0;0;;;;8;14
58010;Arsoli;75;1;4;0;3;;;;8;1;5;0;3;;;;9;17
58010;Arsoli;76;0;6;0;1;;;;7;4;5;0;6;;;;15;22
58010;Arsoli;77;1;13;1;1;;;;16;1;9;0;5;;;;15;31
58010;Arsoli;78;0;4;0;1;;;;5;2;2;0;5;;;;9;14
58010;Arsoli;79;0;6;2;1;;;;9;2;5;0;0;;;;7;16
58010;Arsoli;80;0;2;0;0;;;;2;1;2;0;2;;;;5;7
58010;Arsoli;81;0;7;0;1;;;;8;0;0;0;7;;;;7;15
58010;Arsoli;82;0;2;0;0;;;;2;0;2;0;4;;;;6;8
58010;Arsoli;83;0;4;0;0;;;;4;0;2;0;4;;;;6;10
58010;Arsoli;84;0;4;0;1;;;;5;0;3;0;5;;;;8;13
58010;Arsoli;85;0;2;0;3;;;;5;0;3;0;2;;;;5;10
58010;Arsoli;86;0;4;0;2;;;;6;0;2;0;2;;;;4;10
58010;Arsoli;87;0;2;0;4;;;;6;0;1;0;6;;;;7;13
58010;Arsoli;88;0;2;0;2;;;;4;1;0;1;4;;;;6;10
58010;Arsoli;89;0;1;0;2;;;;3;0;0;0;4;;;;4;7
58010;Arsoli;90;0;0;0;0;;;;0;0;0;0;4;;;;4;4
58010;Arsoli;91;0;0;0;1;;;;1;1;0;0;2;;;;3;4
58010;Arsoli;92;0;1;0;2;;;;3;0;0;0;4;;;;4;7
58010;Arsoli;93;0;0;0;1;;;;1;0;0;0;3;;;;3;4
58010;Arsoli;94;0;0;0;2;;;;2;0;0;0;0;;;;0;2
58010;Arsoli;95;0;0;0;0;;;;0;0;0;0;0;;;;0;0
58010;Arsoli;96;0;0;0;0;;;;0;0;0;0;0;;;;0;0
58010;Arsoli;97;0;0;0;1;;;;1;0;0;0;0;;;;0;1
58010;Arsoli;98;0;1;0;0;;;;1;0;0;0;1;;;;1;2
58010;Arsoli;99;0;0;0;0;;;;0;0;0;0;0;;;;0;0
58010;Arsoli;100;0;0;0;0;;;;0;0;1;0;1;;;;2;2
58010;Arsoli;999;277;295;24;36;;;;632;285;288;34;113;;;;720;1352
58011;Artena;0;49;0;0;0;;;;49;48;0;0;0;;;;48;97
58011;Artena;1;57;0;0;0;;;;57;58;0;0;0;;;;58;115
58011;Artena;2;51;0;0;0;;;;51;46;0;0;0;;;;46;97
58011;Artena;3;50;0;0;0;;;;50;47;0;0;0;;;;47;97
58011;Artena;4;45;0;0;0;;;;45;57;0;0;0;;;;57;102
58011;Artena;5;58;0;0;0;;;;58;54;0;0;0;;;;54;112
58011;Artena;6;58;0;0;0;;;;58;50;0;0;0;;;;50;108
58011;Artena;7;61;0;0;0;;;;61;65;0;0;0;;;;65;126
58011;Artena;8;71;0;0;0;;;;71;71;0;0;0;;;;71;142
58011;Artena;9;69;0;0;0;;;;69;57;0;0;0;;;;57;126
58011;Artena;10;62;0;0;0;;;;62;58;0;0;0;;;;58;120
58011;Artena;11;69;0;0;0;;;;69;62;0;0;0;;;;62;131
58011;Artena;12;76;0;0;0;;;;76;67;0;0;0;;;;67;143
58011;Artena;13;74;0;0;0;;;;74;73;0;0;0;;;;73;147
58011;Artena;14;84;0;0;0;;;;84;66;0;0;0;;;;66;150
58011;Artena;15;93;0;0;0;;;;93;68;0;0;0;;;;68;161
58011;Artena;16;67;0;0;0;;;;67;67;0;0;0;;;;67;134
58011;Artena;17;86;0;0;0;;;;86;76;0;0;0;;;;76;162
58011;Artena;18;72;0;0;0;;;;72;81;0;0;0;;;;81;153
58011;Artena;19;73;0;0;0;;;;73;71;0;0;0;;;;71;144
58011;Artena;20;79;0;0;0;;;;79;58;0;0;0;;;;58;137
58011;Artena;21;74;0;0;0;;;;74;65;0;0;0;;;;65;139
58011;Artena;22;55;0;0;0;;;;55;82;1;0;0;;;;83;138
58011;Artena;23;51;1;0;0;;;;52;66;1;0;0;;;;67;119
58011;Artena;24;73;0;0;0;;;;73;73;4;0;0;;;;77;150
58011;Artena;25;79;2;0;0;;;;81;48;4;0;0;;;;52;133
58011;Artena;26;65;2;0;0;;;;67;47;3;0;0;;;;50;117
58011;Artena;27;71;4;0;0;;;;75;57;9;0;0;;;;66;141
58011;Artena;28;85;4;0;0;;;;89;53;6;2;0;;;;61;150
58011;Artena;29;59;5;0;0;;;;64;50;14;1;0;;;;65;129
58011;Artena;30;48;8;1;0;;;;57;51;11;2;0;;;;64;121
58011;Artena;31;51;19;0;0;;;;70;42;30;2;0;;;;74;144
58011;Artena;32;64;19;0;0;;;;83;41;33;0;0;;;;74;157
58011;Artena;33;61;17;0;0;;;;78;45;29;0;1;;;;75;153
58011;Artena;34;64;17;0;0;;;;81;47;37;1;0;;;;85;166
58011;Artena;35;59;22;0;0;;;;81;39;35;0;0;;;;74;155
58011;Artena;36;45;40;0;0;;;;85;36;58;1;0;;;;95;180
58011;Artena;37;47;34;2;0;;;;83;30;52;0;0;;;;82;165
58011;Artena;38;56;33;1;0;;;;90;35;45;6;1;;;;87;177
58011;Artena;39;25;46;1;0;;;;72;31;60;4;0;;;;95;167
58011;Artena;40;48;48;1;0;;;;97;25;59;3;0;;;;87;184
58011;Artena;41;45;61;3;0;;;;109;27;63;4;0;;;;94;203
58011;Artena;42;41;65;1;0;;;;107;19;64;2;1;;;;86;193
58011;Artena;43;43;48;1;0;;;;92;23;61;3;1;;;;88;180
58011;Artena;44;38;52;2;0;;;;92;25;59;5;1;;;;90;182
58011;Artena;45;18;55;0;0;;;;73;23;76;5;1;;;;105;178
58011;Artena;46;31;63;4;1;;;;99;19;73;4;0;;;;96;195
58011;Artena;47;26;78;6;0;;;;110;19;74;6;2;;;;101;211
58011;Artena;48;25;79;2;0;;;;106;19;67;6;3;;;;95;201
58011;Artena;49;26;74;0;1;;;;101;16;71;8;1;;;;96;197
58011;Artena;50;26;77;5;0;;;;108;13;85;7;1;;;;106;214
58011;Artena;51;21;81;4;0;;;;106;14;87;4;6;;;;111;217
58011;Artena;52;26;73;3;0;;;;102;22;86;8;5;;;;121;223
58011;Artena;53;29;85;3;1;;;;118;11;96;5;3;;;;115;233
58011;Artena;54;20;98;4;1;;;;123;10;91;5;4;;;;110;233
58011;Artena;55;22;82;7;1;;;;112;17;92;5;4;;;;118;230
58011;Artena;56;16;100;4;0;;;;120;16;89;8;9;;;;122;242
58011;Artena;57;22;89;8;0;;;;119;15;99;9;9;;;;132;251
58011;Artena;58;12;70;3;2;;;;87;9;96;5;7;;;;117;204
58011;Artena;59;12;93;5;2;;;;112;7;78;9;5;;;;99;211
58011;Artena;60;19;90;8;1;;;;118;8;70;4;13;;;;95;213
58011;Artena;61;10;93;7;1;;;;111;9;101;2;12;;;;124;235
58011;Artena;62;9;71;4;5;;;;89;9;90;4;8;;;;111;200
58011;Artena;63;9;96;8;0;;;;113;4;83;5;9;;;;101;214
58011;Artena;64;12;85;3;2;;;;102;5;77;6;11;;;;99;201
58011;Artena;65;7;78;3;0;;;;88;7;82;2;10;;;;101;189
58011;Artena;66;6;70;5;4;;;;85;3;68;4;15;;;;90;175
58011;Artena;67;11;78;2;1;;;;92;4;49;1;17;;;;71;163
58011;Artena;68;5;76;2;2;;;;85;5;66;3;16;;;;90;175
58011;Artena;69;10;74;3;5;;;;92;3;49;6;18;;;;76;168
58011;Artena;70;6;66;1;3;;;;76;3;60;3;14;;;;80;156
58011;Artena;71;3;54;2;5;;;;64;7;48;2;16;;;;73;137
58011;Artena;72;4;50;3;2;;;;59;3;37;2;25;;;;67;126
58011;Artena;73;6;45;3;11;;;;65;4;35;1;19;;;;59;124
58011;Artena;74;5;60;3;6;;;;74;4;35;0;20;;;;59;133
58011;Artena;75;1;49;2;3;;;;55;2;42;2;26;;;;72;127
58011;Artena;76;2;51;1;3;;;;57;4;40;0;29;;;;73;130
58011;Artena;77;6;43;0;4;;;;53;0;29;1;27;;;;57;110
58011;Artena;78;4;46;1;4;;;;55;3;29;2;23;;;;57;112
58011;Artena;79;4;23;0;4;;;;31;1;24;4;18;;;;47;78
58011;Artena;80;1;21;0;4;;;;26;5;13;2;32;;;;52;78
58011;Artena;81;0;29;0;1;;;;30;0;15;0;24;;;;39;69
58011;Artena;82;1;29;2;3;;;;35;1;9;2;33;;;;45;80
58011;Artena;83;1;30;1;6;;;;38;3;12;0;25;;;;40;78
58011;Artena;84;3;21;0;6;;;;30;4;10;1;30;;;;45;75
58011;Artena;85;2;14;0;5;;;;21;1;6;0;31;;;;38;59
58011;Artena;86;0;15;0;3;;;;18;3;7;1;44;;;;55;73
58011;Artena;87;2;17;0;3;;;;22;1;7;0;31;;;;39;61
58011;Artena;88;2;12;0;5;;;;19;0;3;0;24;;;;27;46
58011;Artena;89;0;6;0;4;;;;10;0;5;0;29;;;;34;44
58011;Artena;90;0;9;0;2;;;;11;0;1;1;21;;;;23;34
58011;Artena;91;2;3;0;6;;;;11;0;1;1;17;;;;19;30
58011;Artena;92;0;4;0;1;;;;5;1;1;0;12;;;;14;19
58011;Artena;93;0;4;0;2;;;;6;1;0;0;10;;;;11;17
58011;Artena;94;0;0;0;2;;;;2;0;1;0;11;;;;12;14
58011;Artena;95;0;0;0;0;;;;0;0;0;0;7;;;;7;7
58011;Artena;96;0;0;0;1;;;;1;0;0;0;2;;;;2;3
58011;Artena;97;0;0;0;0;;;;0;0;0;0;4;;;;4;4
58011;Artena;98;1;0;0;0;;;;1;1;0;0;3;;;;4;5
58011;Artena;99;0;0;0;0;;;;0;0;0;0;1;;;;1;1
58011;Artena;100;0;0;0;0;;;;0;0;0;0;2;;;;2;2
58011;Artena;999;3237;3256;135;129;;;;6757;2696;3203;192;804;;;;6895;13652
58012;Bellegra;0;7;0;0;0;;;;7;3;0;0;0;;;;3;10
58012;Bellegra;1;12;0;0;0;;;;12;8;0;0;0;;;;8;20
58012;Bellegra;2;7;0;0;0;;;;7;6;0;0;0;;;;6;13
58012;Bellegra;3;4;0;0;0;;;;4;5;0;0;0;;;;5;9
58012;Bellegra;4;8;0;0;0;;;;8;7;0;0;0;;;;7;15
58012;Bellegra;5;8;0;0;0;;;;8;9;0;0;0;;;;9;17
58012;Bellegra;6;4;0;0;0;;;;4;10;0;0;0;;;;10;14
58012;Bellegra;7;8;0;0;0;;;;8;8;0;0;0;;;;8;16
58012;Bellegra;8;6;0;0;0;;;;6;14;0;0;0;;;;14;20
58012;Bellegra;9;7;0;0;0;;;;7;6;0;0;0;;;;6;13
58012;Bellegra;10;5;0;0;0;;;;5;12;0;0;0;;;;12;17
58012;Bellegra;11;9;0;0;0;;;;9;10;0;0;0;;;;10;19
58012;Bellegra;12;16;0;0;0;;;;16;15;0;0;0;;;;15;31
58012;Bellegra;13;12;0;0;0;;;;12;8;0;0;0;;;;8;20
58012;Bellegra;14;10;0;0;0;;;;10;13;0;0;0;;;;13;23
58012;Bellegra;15;10;0;0;0;;;;10;8;0;0;0;;;;8;18
58012;Bellegra;16;12;0;0;0;;;;12;9;0;0;0;;;;9;21
58012;Bellegra;17;9;0;0;0;;;;9;11;0;0;0;;;;11;20
58012;Bellegra;18;17;0;0;0;;;;17;12;0;0;0;;;;12;29
58012;Bellegra;19;13;0;0;0;;;;13;14;0;0;0;;;;14;27
58012;Bellegra;20;12;0;0;0;;;;12;9;0;0;0;;;;9;21
58012;Bellegra;21;16;0;0;0;;;;16;10;0;0;0;;;;10;26
58012;Bellegra;22;6;0;0;0;;;;6;23;0;0;0;;;;23;29
58012;Bellegra;23;15;0;0;0;;;;15;13;1;0;0;;;;14;29
58012;Bellegra;24;11;0;0;0;;;;11;12;0;0;0;;;;12;23
58012;Bellegra;25;8;0;0;0;;;;8;9;0;0;0;;;;9;17
58012;Bellegra;26;7;0;0;0;;;;7;16;0;0;0;;;;16;23
58012;Bellegra;27;13;0;0;0;;;;13;11;1;0;0;;;;12;25
58012;Bellegra;28;11;0;0;0;;;;11;14;0;0;0;;;;14;25
58012;Bellegra;29;9;0;0;0;;;;9;10;2;0;0;;;;12;21
58012;Bellegra;30;11;1;0;0;;;;12;11;1;0;0;;;;12;24
58012;Bellegra;31;7;0;0;0;;;;7;12;2;0;0;;;;14;21
58012;Bellegra;32;10;1;0;0;;;;11;9;3;0;0;;;;12;23
58012;Bellegra;33;7;1;1;0;;;;9;13;2;0;0;;;;15;24
58012;Bellegra;34;11;2;0;0;;;;13;6;3;0;0;;;;9;22
58012;Bellegra;35;10;2;0;0;;;;12;11;7;0;0;;;;18;30
58012;Bellegra;36;17;8;0;0;;;;25;15;5;0;0;;;;20;45
58012;Bellegra;37;7;3;0;0;;;;10;6;10;0;0;;;;16;26
58012;Bellegra;38;8;2;0;0;;;;10;10;8;0;0;;;;18;28
58012;Bellegra;39;6;5;1;0;;;;12;7;7;2;0;;;;16;28
58012;Bellegra;40;9;11;1;0;;;;21;5;4;0;1;;;;10;31
58012;Bellegra;41;9;8;0;0;;;;17;9;8;0;0;;;;17;34
58012;Bellegra;42;9;6;0;0;;;;15;6;7;0;0;;;;13;28
58012;Bellegra;43;13;7;0;0;;;;20;5;16;1;0;;;;22;42
58012;Bellegra;44;8;10;0;0;;;;18;2;13;2;0;;;;17;35
58012;Bellegra;45;4;11;0;0;;;;15;4;9;0;0;;;;13;28
58012;Bellegra;46;5;7;1;0;;;;13;2;14;0;1;;;;17;30
58012;Bellegra;47;6;9;0;0;;;;15;2;14;0;1;;;;17;32
58012;Bellegra;48;3;12;0;0;;;;15;3;10;0;0;;;;13;28
58012;Bellegra;49;11;10;1;1;;;;23;4;13;0;0;;;;17;40
58012;Bellegra;50;12;9;2;0;;;;23;3;17;2;0;;;;22;45
58012;Bellegra;51;5;13;2;0;;;;20;4;9;0;1;;;;14;34
58012;Bellegra;52;7;11;0;0;;;;18;1;17;3;1;;;;22;40
58012;Bellegra;53;5;14;0;0;;;;19;0;11;2;1;;;;14;33
58012;Bellegra;54;10;9;1;0;;;;20;2;11;0;0;;;;13;33
58012;Bellegra;55;8;8;1;0;;;;17;4;13;0;2;;;;19;36
58012;Bellegra;56;4;11;1;1;;;;17;1;28;2;1;;;;32;49
58012;Bellegra;57;5;28;3;0;;;;36;3;22;1;0;;;;26;62
58012;Bellegra;58;3;18;3;0;;;;24;6;19;0;3;;;;28;52
58012;Bellegra;59;7;14;1;0;;;;22;2;17;1;0;;;;20;42
58012;Bellegra;60;4;28;0;1;;;;33;5;18;4;5;;;;32;65
58012;Bellegra;61;4;22;0;0;;;;26;2;18;1;4;;;;25;51
58012;Bellegra;62;5;17;0;0;;;;22;1;28;1;0;;;;30;52
58012;Bellegra;63;1;17;2;0;;;;20;2;18;0;4;;;;24;44
58012;Bellegra;64;2;21;2;2;;;;27;0;8;0;8;;;;16;43
58012;Bellegra;65;7;9;5;0;;;;21;0;17;1;1;;;;19;40
58012;Bellegra;66;1;23;1;1;;;;26;3;17;0;2;;;;22;48
58012;Bellegra;67;7;13;2;0;;;;22;0;15;1;3;;;;19;41
58012;Bellegra;68;0;23;0;0;;;;23;0;10;0;4;;;;14;37
58012;Bellegra;69;3;11;1;1;;;;16;2;15;0;9;;;;26;42
58012;Bellegra;70;2;15;0;2;;;;19;1;7;0;2;;;;10;29
58012;Bellegra;71;2;17;1;2;;;;22;0;12;1;1;;;;14;36
58012;Bellegra;72;1;16;0;2;;;;19;1;10;0;7;;;;18;37
58012;Bellegra;73;2;17;1;3;;;;23;0;12;1;6;;;;19;42
58012;Bellegra;74;1;15;1;2;;;;19;2;7;0;2;;;;11;30
58012;Bellegra;75;2;13;1;2;;;;18;0;7;1;3;;;;11;29
58012;Bellegra;76;1;14;1;2;;;;18;2;11;0;9;;;;22;40
58012;Bellegra;77;0;10;0;1;;;;11;2;7;1;12;;;;22;33
58012;Bellegra;78;0;9;1;1;;;;11;1;7;1;6;;;;15;26
58012;Bellegra;79;4;8;0;3;;;;15;0;3;2;3;;;;8;23
58012;Bellegra;80;2;3;0;0;;;;5;1;4;0;13;;;;18;23
58012;Bellegra;81;1;8;0;2;;;;11;0;5;0;6;;;;11;22
58012;Bellegra;82;1;4;0;1;;;;6;0;1;0;8;;;;9;15
58012;Bellegra;83;0;0;0;0;;;;0;1;0;0;4;;;;5;5
58012;Bellegra;84;1;9;0;0;;;;10;1;6;0;9;;;;16;26
58012;Bellegra;85;2;9;0;0;;;;11;2;2;0;4;;;;8;19
58012;Bellegra;86;0;5;0;2;;;;7;0;2;0;7;;;;9;16
58012;Bellegra;87;0;1;0;0;;;;1;1;2;0;9;;;;12;13
58012;Bellegra;88;0;1;0;0;;;;1;0;2;0;6;;;;8;9
58012;Bellegra;89;2;3;0;0;;;;5;0;0;0;3;;;;3;8
58012;Bellegra;90;1;3;0;1;;;;5;0;1;1;5;;;;7;12
58012;Bellegra;91;0;1;0;1;;;;2;0;0;0;0;;;;0;2
58012;Bellegra;92;0;1;0;1;;;;2;0;0;0;1;;;;1;3
58012;Bellegra;93;0;1;0;1;;;;2;0;1;0;4;;;;5;7
58012;Bellegra;94;0;0;0;0;;;;0;1;0;0;2;;;;3;3
58012;Bellegra;95;0;1;0;0;;;;1;0;0;0;0;;;;0;1
58012;Bellegra;96;0;0;0;0;;;;0;0;0;0;3;;;;3;3
58012;Bellegra;97;0;0;0;0;;;;0;0;0;0;1;;;;1;1
58012;Bellegra;98;0;0;0;0;;;;0;0;0;0;0;;;;0;0
58012;Bellegra;99;0;0;0;0;;;;0;0;0;0;0;;;;0;0
58012;Bellegra;100;0;0;0;0;;;;0;0;0;0;0;;;;0;0
58012;Bellegra;999;588;619;38;36;;;;1281;514;597;32;188;;;;1331;2612
58013;Bracciano;0;43;0;0;0;;;;43;48;0;0;0;;;;48;91
58013;Bracciano;1;58;0;0;0;;;;58;52;0;0;0;;;;52;110
58013;Bracciano;2;48;0;0;0;;;;48;44;0;0;0;;;;44;92
58013;Bracciano;3;48;0;0;0;;;;48;47;0;0;0;;;;47;95
58013;Bracciano;4;55;0;0;0;;;;55;55;0;0;0;;;;55;110
58013;Bracciano;5;58;0;0;0;;;;58;60;0;0;0;;;;60;118
58013;Bracciano;6;77;0;0;0;;;;77;54;0;0;0;;;;54;131
58013;Bracciano;7;71;0;0;0;;;;71;79;0;0;0;;;;79;150
58013;Bracciano;8;69;0;0;0;;;;69;78;0;0;0;;;;78;147
58013;Bracciano;9;80;0;0;0;;;;80;68;0;0;0;;;;68;148
58013;Bracciano;10;82;0;0;0;;;;82;75;0;0;0;;;;75;157
58013;Bracciano;11;106;0;0;0;;;;106;112;0;0;0;;;;112;218
58013;Bracciano;12;89;0;0;0;;;;89;97;0;0;0;;;;97;186
58013;Bracciano;13;88;0;0;0;;;;88;78;0;0;0;;;;78;166
58013;Bracciano;14;104;0;0;0;;;;104;89;0;0;0;;;;89;193
58013;Bracciano;15;117;0;0;0;;;;117;107;0;0;0;;;;107;224
58013;Bracciano;16;97;0;0;0;;;;97;81;0;0;0;;;;81;178
58013;Bracciano;17;101;0;0;0;;;;101;95;0;0;0;;;;95;196
58013;Bracciano;18;107;0;0;0;;;;107;99;0;0;0;;;;99;206
58013;Bracciano;19;113;0;0;0;;;;113;107;0;0;0;;;;107;220
58013;Bracciano;20;94;0;0;0;;;;94;72;0;0;0;;;;72;166
58013;Bracciano;21;83;0;0;0;;;;83;102;0;0;0;;;;102;185
58013;Bracciano;22;86;0;0;0;;;;86;79;0;0;0;;;;79;165
58013;Bracciano;23;104;0;0;0;;;;104;99;1;1;0;;;;101;205
58013;Bracciano;24;88;2;0;0;;;;90;85;0;0;0;;;;85;175
58013;Bracciano;25;92;0;0;0;;;;92;97;2;0;0;;;;99;191
58013;Bracciano;26;105;4;0;0;;;;109;80;4;0;0;;;;84;193
58013;Bracciano;27;79;1;0;0;;;;80;96;3;0;0;;;;99;179
58013;Bracciano;28;96;3;0;0;;;;99;84;7;0;0;;;;91;190
58013;Bracciano;29;73;4;0;0;;;;77;79;15;0;0;;;;94;171
58013;Bracciano;30;94;8;0;0;;;;102;60;25;0;0;;;;85;187
58013;Bracciano;31;79;6;0;0;;;;85;62;21;0;0;;;;83;168
58013;Bracciano;32;86;16;0;0;;;;102;55;26;0;0;;;;81;183
58013;Bracciano;33;74;15;1;0;;;;90;62;32;0;0;;;;94;184
58013;Bracciano;34;69;24;1;0;;;;94;53;42;0;1;;;;96;190
58013;Bracciano;35;68;32;1;0;;;;101;45;41;0;0;;;;86;187
58013;Bracciano;36;50;43;0;0;;;;93;49;48;0;0;;;;97;190
58013;Bracciano;37;62;29;0;0;;;;91;43;55;1;0;;;;99;190
58013;Bracciano;38;45;25;2;0;;;;72;43;44;3;0;;;;90;162
58013;Bracciano;39;42;35;1;0;;;;78;39;67;4;1;;;;111;189
58013;Bracciano;40;47;53;1;0;;;;101;33;54;4;0;;;;91;192
58013;Bracciano;41;45;53;2;0;;;;100;25;70;5;2;;;;102;202
58013;Bracciano;42;37;54;4;0;;;;95;34;75;7;0;;;;116;211
58013;Bracciano;43;47;72;2;0;;;;121;39;64;3;1;;;;107;228
58013;Bracciano;44;38;74;1;1;;;;114;38;93;5;0;;;;136;250
58013;Bracciano;45;35;81;8;0;;;;124;28;92;12;1;;;;133;257
58013;Bracciano;46;40;80;10;0;;;;130;37;91;7;1;;;;136;266
58013;Bracciano;47;47;81;5;0;;;;133;38;103;13;4;;;;158;291
58013;Bracciano;48;38;95;7;1;;;;141;33;97;16;4;;;;150;291
58013;Bracciano;49;48;93;4;1;;;;146;36;112;15;1;;;;164;310
58013;Bracciano;50;45;98;7;0;;;;150;32;115;12;3;;;;162;312
58013;Bracciano;51;45;89;8;1;;;;143;30;139;11;3;;;;183;326
58013;Bracciano;52;28;109;4;0;;;;141;26;110;18;5;;;;159;300
58013;Bracciano;53;48;82;5;0;;;;135;38;105;19;2;;;;164;299
58013;Bracciano;54;45;110;14;2;;;;171;39;122;23;6;;;;190;361
58013;Bracciano;55;30;113;12;1;;;;156;34;121;21;4;;;;180;336
58013;Bracciano;56;30;120;17;0;;;;167;32;106;22;8;;;;168;335
58013;Bracciano;57;36;128;16;2;;;;182;23;120;23;4;;;;170;352
58013;Bracciano;58;27;122;22;2;;;;173;23;141;24;11;;;;199;372
58013;Bracciano;59;19;130;12;1;;;;162;20;89;24;5;;;;138;300
58013;Bracciano;60;23;123;19;2;;;;167;16;134;23;6;;;;179;346
58013;Bracciano;61;21;123;15;3;;;;162;15;127;23;9;;;;174;336
58013;Bracciano;62;17;118;10;1;;;;146;13;113;22;12;;;;160;306
58013;Bracciano;63;13;102;11;2;;;;128;11;105;23;4;;;;143;271
58013;Bracciano;64;15;104;14;7;;;;140;15;81;15;16;;;;127;267
58013;Bracciano;65;10;99;18;5;;;;132;11;86;18;22;;;;137;269
58013;Bracciano;66;10;77;12;1;;;;100;8;76;20;16;;;;120;220
58013;Bracciano;67;11;87;9;4;;;;111;10;77;19;8;;;;114;225
58013;Bracciano;68;13;66;6;2;;;;87;8;72;14;18;;;;112;199
58013;Bracciano;69;10;94;7;1;;;;112;6;71;9;14;;;;100;212
58013;Bracciano;70;9;65;6;5;;;;85;3;56;14;14;;;;87;172
58013;Bracciano;71;7;72;14;2;;;;95;10;63;6;11;;;;90;185
58013;Bracciano;72;5;55;4;6;;;;70;7;57;14;24;;;;102;172
58013;Bracciano;73;6;74;9;3;;;;92;3;55;8;27;;;;93;185
58013;Bracciano;74;4;75;3;2;;;;84;6;48;7;31;;;;92;176
58013;Bracciano;75;4;42;6;9;;;;61;7;52;9;35;;;;103;164
58013;Bracciano;76;5;61;4;6;;;;76;6;55;8;31;;;;100;176
58013;Bracciano;77;2;61;9;13;;;;85;6;59;11;34;;;;110;195
58013;Bracciano;78;4;60;3;7;;;;74;6;41;7;43;;;;97;171
58013;Bracciano;79;5;52;4;11;;;;72;5;51;5;34;;;;95;167
58013;Bracciano;80;3;52;3;10;;;;68;8;37;7;29;;;;81;149
58013;Bracciano;81;2;49;1;13;;;;65;2;31;3;35;;;;71;136
58013;Bracciano;82;0;36;2;9;;;;47;3;24;6;47;;;;80;127
58013;Bracciano;83;0;33;2;7;;;;42;4;16;5;33;;;;58;100
58013;Bracciano;84;2;42;0;12;;;;56;2;23;2;51;;;;78;134
58013;Bracciano;85;2;28;2;9;;;;41;7;24;3;45;;;;79;120
58013;Bracciano;86;1;37;1;11;;;;50;1;10;1;43;;;;55;105
58013;Bracciano;87;2;25;1;15;;;;43;2;19;0;41;;;;62;105
58013;Bracciano;88;0;20;1;6;;;;27;4;9;2;32;;;;47;74
58013;Bracciano;89;2;21;1;11;;;;35;3;8;1;34;;;;46;81
58013;Bracciano;90;0;11;1;7;;;;19;1;5;1;45;;;;52;71
58013;Bracciano;91;0;13;0;5;;;;18;3;3;0;18;;;;24;42
58013;Bracciano;92;0;9;0;7;;;;16;1;1;1;19;;;;22;38
58013;Bracciano;93;0;7;0;3;;;;10;0;3;0;14;;;;17;27
58013;Bracciano;94;0;2;0;4;;;;6;1;0;0;21;;;;22;28
58013;Bracciano;95;0;0;0;2;;;;2;2;1;1;14;;;;18;20
58013;Bracciano;96;0;0;0;1;;;;1;0;0;0;7;;;;7;8
58013;Bracciano;97;0;1;0;0;;;;1;0;0;0;8;;;;8;9
58013;Bracciano;98;1;1;0;0;;;;2;0;0;0;6;;;;6;8
58013;Bracciano;99;0;0;0;0;;;;0;0;0;0;1;;;;1;1
58013;Bracciano;100;0;0;0;1;;;;1;0;0;0;4;;;;4;5
58013;Bracciano;999;4164;4081;365;237;;;;8847;3763;4145;601;1023;;;;9532;18379
58014;Camerata Nuova;0;0;0;0;0;;;;0;2;0;0;0;;;;2;2
58014;Camerata Nuova;1;0;0;0;0;;;;0;1;0;0;0;;;;1;1
58014;Camerata Nuova;2;0;0;0;0;;;;0;0;0;0;0;;;;0;0
58014;Camerata Nuova;3;2;0;0;0;;;;2;0;0;0;0;;;;0;2
58014;Camerata Nuova;4;0;0;0;0;;;;0;0;0;0;0;;;;0;0
58014;Camerata Nuova;5;0;0;0;0;;;;0;1;0;0;0;;;;1;1
58014;Camerata Nuova;6;2;0;0;0;;;;2;0;0;0;0;;;;0;2
58014;Camerata Nuova;7;0;0;0;0;;;;0;0;0;0;0;;;;0;0
58014;Camerata Nuova;8;2;0;0;0;;;;2;0;0;0;0;;;;0;2
58014;Camerata Nuova;9;0;0;0;0;;;;0;0;0;0;0;;;;0;0
58014;Camerata Nuova;10;0;0;0;0;;;;0;1;0;0;0;;;;1;1
58014;Camerata Nuova;11;1;0;0;0;;;;1;1;0;0;0;;;;1;2
58014;Camerata Nuova;12;4;0;0;0;;;;4;1;0;0;0;;;;1;5
58014;Camerata Nuova;13;0;0;0;0;;;;0;1;0;0;0;;;;1;1
58014;Camerata Nuova;14;0;0;0;0;;;;0;2;0;0;0;;;;2;2
58014;Camerata Nuova;15;3;0;0;0;;;;3;2;0;0;0;;;;2;5
58014;Camerata Nuova;16;1;0;0;0;;;;1;2;0;0;0;;;;2;3
58014;Camerata Nuova;17;8;0;0;0;;;;8;3;0;0;0;;;;3;11
58014;Camerata Nuova;18;2;0;0;0;;;;2;1;0;0;0;;;;1;3
58014;Camerata Nuova;19;4;0;0;0;;;;4;1;0;0;0;;;;1;5
58014;Camerata Nuova;20;4;0;0;0;;;;4;2;0;0;0;;;;2;6
58014;Camerata Nuova;21;1;0;0;0;;;;1;3;0;0;0;;;;3;4
58014;Camerata Nuova;22;2;0;0;0;;;;2;3;0;0;0;;;;3;5
58014;Camerata Nuova;23;1;0;0;0;;;;1;1;0;0;0;;;;1;2
58014;Camerata Nuova;24;5;0;0;0;;;;5;1;0;0;0;;;;1;6
58014;Camerata Nuova;25;3;0;0;0;;;;3;1;0;0;0;;;;1;4
58014;Camerata Nuova;26;4;0;0;0;;;;4;0;0;0;0;;;;0;4
58014;Camerata Nuova;27;2;0;0;0;;;;2;0;0;0;0;;;;0;2
58014;Camerata Nuova;28;2;0;0;0;;;;2;2;0;0;0;;;;2;4
58014;Camerata Nuova;29;3;0;0;0;;;;3;2;0;0;0;;;;2;5
58014;Camerata Nuova;30;2;0;0;0;;;;2;2;0;0;0;;;;2;4
58014;Camerata Nuova;31;1;0;0;0;;;;1;2;0;0;0;;;;2;3
58014;Camerata Nuova;32;1;0;0;0;;;;1;0;0;0;0;;;;0;1
58014;Camerata Nuova;33;0;0;0;0;;;;0;0;2;0;0;;;;2;2
58014;Camerata Nuova;34;4;0;0;0;;;;4;1;0;0;0;;;;1;5
58014;Camerata Nuova;35;2;0;0;0;;;;2;1;1;0;0;;;;2;4
58014;Camerata Nuova;36;4;0;0;0;;;;4;1;0;0;0;;;;1;5
58014;Camerata Nuova;37;2;0;0;0;;;;2;1;0;0;0;;;;1;3
58014;Camerata Nuova;38;2;1;0;0;;;;3;0;1;0;0;;;;1;4
58014;Camerata Nuova;39;1;0;0;0;;;;1;1;0;0;0;;;;1;2
58014;Camerata Nuova;40;1;0;0;0;;;;1;0;0;0;0;;;;0;1
58014;Camerata Nuova;41;2;1;0;0;;;;3;1;0;0;0;;;;1;4
58014;Camerata Nuova;42;2;1;0;0;;;;3;0;1;0;0;;;;1;4
58014;Camerata Nuova;43;3;2;0;0;;;;5;0;1;0;0;;;;1;6
58014;Camerata Nuova;44;2;1;0;0;;;;3;0;0;1;0;;;;1;4
58014;Camerata Nuova;45;2;3;0;0;;;;5;1;4;0;0;;;;5;10
58014;Camerata Nuova;46;1;0;0;0;;;;1;0;1;0;0;;;;1;2
58014;Camerata Nuova;47;3;1;0;0;;;;4;1;0;0;0;;;;1;5
58014;Camerata Nuova;48;1;0;0;0;;;;1;1;1;1;0;;;;3;4
58014;Camerata Nuova;49;0;2;0;0;;;;2;2;3;0;0;;;;5;7
58014;Camerata Nuova;50;2;2;0;0;;;;4;2;1;0;0;;;;3;7
58014;Camerata Nuova;51;1;0;0;0;;;;1;0;3;0;0;;;;3;4
58014;Camerata Nuova;52;1;3;0;0;;;;4;0;3;0;0;;;;3;7
58014;Camerata Nuova;53;2;2;0;0;;;;4;0;1;0;0;;;;1;5
58014;Camerata Nuova;54;0;3;0;0;;;;3;2;5;0;0;;;;7;10
58014;Camerata Nuova;55;1;4;0;0;;;;5;0;1;0;0;;;;1;6
58014;Camerata Nuova;56;0;2;0;1;;;;3;0;3;0;0;;;;3;6
58014;Camerata Nuova;57;0;1;0;0;;;;1;2;3;1;0;;;;6;7
58014;Camerata Nuova;58;3;2;0;0;;;;5;0;2;0;1;;;;3;8
58014;Camerata Nuova;59;1;4;0;0;;;;5;1;3;0;1;;;;5;10
58014;Camerata Nuova;60;1;1;0;0;;;;2;0;4;0;2;;;;6;8
58014;Camerata Nuova;61;0;2;1;0;;;;3;0;3;0;0;;;;3;6
58014;Camerata Nuova;62;5;2;0;0;;;;7;0;1;0;1;;;;2;9
58014;Camerata Nuova;63;1;1;0;0;;;;2;0;4;0;0;;;;4;6
58014;Camerata Nuova;64;1;2;0;1;;;;4;1;7;0;0;;;;8;12
58014;Camerata Nuova;65;0;3;0;0;;;;3;0;0;0;2;;;;2;5
58014;Camerata Nuova;66;0;1;0;0;;;;1;0;3;0;0;;;;3;4
58014;Camerata Nuova;67;1;4;0;0;;;;5;0;2;0;1;;;;3;8
58014;Camerata Nuova;68;1;3;0;0;;;;4;0;2;0;0;;;;2;6
58014;Camerata Nuova;69;0;6;1;0;;;;7;1;1;1;1;;;;4;11
58014;Camerata Nuova;70;0;3;0;0;;;;3;0;1;0;0;;;;1;4
58014;Camerata Nuova;71;0;2;0;0;;;;2;0;2;0;1;;;;3;5
58014;Camerata Nuova;72;0;1;0;0;;;;1;0;1;1;0;;;;2;3
58014;Camerata Nuova;73;1;2;0;0;;;;3;0;2;0;0;;;;2;5
58014;Camerata Nuova;74;0;1;0;0;;;;1;0;4;0;0;;;;4;5
58014;Camerata Nuova;75;0;2;0;0;;;;2;1;1;0;0;;;;2;4
58014;Camerata Nuova;76;0;3;0;2;;;;5;0;0;0;1;;;;1;6
58014;Camerata Nuova;77;1;3;0;0;;;;4;0;0;0;0;;;;0;4
58014;Camerata Nuova;78;0;1;0;0;;;;1;0;1;0;2;;;;3;4
58014;Camerata Nuova;79;1;1;0;0;;;;2;0;2;0;1;;;;3;5
58014;Camerata Nuova;80;0;0;0;0;;;;0;0;1;0;2;;;;3;3
58014;Camerata Nuova;81;0;1;0;0;;;;1;1;1;0;0;;;;2;3
58014;Camerata Nuova;82;0;3;0;0;;;;3;0;1;0;1;;;;2;5
58014;Camerata Nuova;83;0;1;0;1;;;;2;0;0;0;0;;;;0;2
58014;Camerata Nuova;84;0;2;0;1;;;;3;1;1;0;0;;;;2;5
58014;Camerata Nuova;85;0;0;0;0;;;;0;0;1;0;1;;;;2;2
58014;Camerata Nuova;86;0;1;0;2;;;;3;0;3;0;2;;;;5;8
58014;Camerata Nuova;87;0;2;0;0;;;;2;0;0;0;2;;;;2;4
58014;Camerata Nuova;88;0;0;0;0;;;;0;0;0;0;1;;;;1;1
58014;Camerata Nuova;89;0;1;0;0;;;;1;0;0;0;2;;;;2;3
58014;Camerata Nuova;90;0;0;0;0;;;;0;0;0;0;0;;;;0;0
58014;Camerata Nuova;91;1;1;0;0;;;;2;0;0;0;0;;;;0;2
58014;Camerata Nuova;92;0;0;0;0;;;;0;0;0;0;2;;;;2;2
58014;Camerata Nuova;93;0;1;0;0;;;;1;0;0;0;0;;;;0;1
58014;Camerata Nuova;94;0;0;0;1;;;;1;0;0;0;0;;;;0;1
58014;Camerata Nuova;95;0;0;0;0;;;;0;0;0;0;0;;;;0;0
58014;Camerata Nuova;96;0;0;0;0;;;;0;0;0;0;0;;;;0;0
58014;Camerata Nuova;97;0;0;0;0;;;;0;0;0;0;0;;;;0;0
58014;Camerata Nuova;98;0;0;0;0;;;;0;0;0;0;0;;;;0;0
58014;Camerata Nuova;99;0;0;0;0;;;;0;0;0;0;0;;;;0;0
58014;Camerata Nuova;100;0;0;0;0;;;;0;0;0;0;0;;;;0;0
58014;Camerata Nuova;999;117;92;2;9;;;;220;61;89;5;27;;;;182;402
58015;Campagnano di Roma;0;31;0;0;0;;;;31;30;0;0;0;;;;30;61
58015;Campagnano di Roma;1;39;0;0;0;;;;39;28;0;0;0;;;;28;67
58015;Campagnano di Roma;2;36;0;0;0;;;;36;31;0;0;0;;;;31;67
58015;Campagnano di Roma;3;48;0;0;0;;;;48;36;0;0;0;;;;36;84
58015;Campagnano di Roma;4;40;0;0;0;;;;40;43;0;0;0;;;;43;83
58015;Campagnano di Roma;5;34;0;0;0;;;;34;43;0;0;0;;;;43;77
58015;Campagnano di Roma;6;30;0;0;0;;;;30;32;0;0;0;;;;32;62
58015;Campagnano di Roma;7;53;0;0;0;;;;53;44;0;0;0;;;;44;97
58015;Campagnano di Roma;8;53;0;0;0;;;;53;52;0;0;0;;;;52;105
58015;Campagnano di Roma;9;70;0;0;0;;;;70;44;0;0;0;;;;44;114
58015;Campagnano di Roma;10;53;0;0;0;;;;53;54;0;0;0;;;;54;107
58015;Campagnano di Roma;11;67;0;0;0;;;;67;50;0;0;0;;;;50;117
58015;Campagnano di Roma;12;60;0;0;0;;;;60;64;0;0;0;;;;64;124
58015;Campagnano di Roma;13;62;0;0;0;;;;62;59;0;0;0;;;;59;121
58015;Campagnano di Roma;14;60;0;0;0;;;;60;57;0;0;0;;;;57;117
58015;Campagnano di Roma;15;64;0;0;0;;;;64;59;0;0;0;;;;59;123
58015;Campagnano di Roma;16;60;0;0;0;;;;60;60;0;0;0;;;;60;120
58015;Campagnano di Roma;17;56;0;0;0;;;;56;64;0;0;0;;;;64;120
58015;Campagnano di Roma;18;59;0;0;0;;;;59;64;0;0;0;;;;64;123
58015;Campagnano di Roma;19;59;0;0;0;;;;59;60;0;0;0;;;;60;119
58015;Campagnano di Roma;20;44;0;0;0;;;;44;46;0;0;0;;;;46;90
58015;Campagnano di Roma;21;59;0;0;0;;;;59;47;0;0;0;;;;47;106
58015;Campagnano di Roma;22;59;0;0;0;;;;59;53;1;0;0;;;;54;113
58015;Campagnano di Roma;23;52;0;0;0;;;;52;51;2;0;0;;;;53;105
58015;Campagnano di Roma;24;68;0;0;0;;;;68;67;0;0;0;;;;67;135
58015;Campagnano di Roma;25;56;0;0;0;;;;56;43;3;0;0;;;;46;102
58015;Campagnano di Roma;26;52;0;0;0;;;;52;49;3;0;0;;;;52;104
58015;Campagnano di Roma;27;59;2;0;0;;;;61;46;8;0;0;;;;54;115
58015;Campagnano di Roma;28;60;0;0;0;;;;60;45;13;0;0;;;;58;118
58015;Campagnano di Roma;29;42;1;0;0;;;;43;45;6;0;0;;;;51;94
58015;Campagnano di Roma;30;45;5;0;0;;;;50;44;10;1;0;;;;55;105
58015;Campagnano di Roma;31;52;10;0;0;;;;62;35;18;0;0;;;;53;115
58015;Campagnano di Roma;32;63;11;0;0;;;;74;41;16;0;0;;;;57;131
58015;Campagnano di Roma;33;47;10;1;0;;;;58;41;21;0;0;;;;62;120
58015;Campagnano di Roma;34;46;11;0;0;;;;57;27;19;1;0;;;;47;104
58015;Campagnano di Roma;35;44;18;0;0;;;;62;36;23;2;0;;;;61;123
58015;Campagnano di Roma;36;44;18;1;0;;;;63;30;28;0;0;;;;58;121
58015;Campagnano di Roma;37;33;16;0;0;;;;49;33;25;0;0;;;;58;107
58015;Campagnano di Roma;38;42;23;0;1;;;;66;32;18;1;0;;;;51;117
58015;Campagnano di Roma;39;31;27;3;0;;;;61;18;39;1;0;;;;58;119
58015;Campagnano di Roma;40;33;24;2;0;;;;59;27;32;2;0;;;;61;120
58015;Campagnano di Roma;41;33;29;3;0;;;;65;25;39;4;0;;;;68;133
58015;Campagnano di Roma;42;35;27;5;0;;;;67;25;33;6;1;;;;65;132
58015;Campagnano di Roma;43;23;43;5;0;;;;71;22;46;11;0;;;;79;150
58015;Campagnano di Roma;44;30;43;3;0;;;;76;28;51;5;0;;;;84;160
58015;Campagnano di Roma;45;32;34;1;0;;;;67;22;59;9;3;;;;93;160
58015;Campagnano di Roma;46;32;36;5;0;;;;73;20;48;3;0;;;;71;144
58015;Campagnano di Roma;47;27;40;2;0;;;;69;17;53;6;3;;;;79;148
58015;Campagnano di Roma;48;28;41;2;0;;;;71;14;60;7;3;;;;84;155
58015;Campagnano di Roma;49;26;53;5;1;;;;85;28;55;7;2;;;;92;177
58015;Campagnano di Roma;50;24;48;6;0;;;;78;20;65;13;3;;;;101;179
58015;Campagnano di Roma;51;33;60;6;1;;;;100;27;68;10;1;;;;106;206
58015;Campagnano di Roma;52;24;66;4;0;;;;94;19;59;10;2;;;;90;184
58015;Campagnano di Roma;53;16;62;5;2;;;;85;18;52;7;0;;;;77;162
58015;Campagnano di Roma;54;22;56;6;2;;;;86;18;53;7;10;;;;88;174
58015;Campagnano di Roma;55;23;71;6;1;;;;101;24;68;10;5;;;;107;208
58015;Campagnano di Roma;56;23;68;9;0;;;;100;22;65;5;4;;;;96;196
58015;Campagnano di Roma;57;19;73;14;0;;;;106;17;78;16;3;;;;114;220
58015;Campagnano di Roma;58;18;51;9;1;;;;79;12;74;6;8;;;;100;179
58015;Campagnano di Roma;59;17;59;9;2;;;;87;12;64;10;7;;;;93;180
58015;Campagnano di Roma;60;12;72;9;1;;;;94;18;74;9;4;;;;105;199
58015;Campagnano di Roma;61;14;72;12;3;;;;101;9;61;12;12;;;;94;195
58015;Campagnano di Roma;62;11;59;10;1;;;;81;14;53;12;7;;;;86;167
58015;Campagnano di Roma;63;16;64;6;0;;;;86;15;74;9;13;;;;111;197
58015;Campagnano di Roma;64;5;61;5;1;;;;72;19;60;7;7;;;;93;165
58015;Campagnano di Roma;65;6;63;6;1;;;;76;5;46;5;16;;;;72;148
58015;Campagnano di Roma;66;7;54;6;1;;;;68;10;46;5;7;;;;68;136
58015;Campagnano di Roma;67;9;53;5;2;;;;69;8;43;16;12;;;;79;148
58015;Campagnano di Roma;68;4;57;6;4;;;;71;9;36;5;18;;;;68;139
58015;Campagnano di Roma;69;10;43;7;2;;;;62;4;41;7;15;;;;67;129
58015;Campagnano di Roma;70;5;41;4;4;;;;54;10;42;6;15;;;;73;127
58015;Campagnano di Roma;71;1;44;4;2;;;;51;5;49;2;15;;;;71;122
58015;Campagnano di Roma;72;7;46;3;3;;;;59;9;35;3;17;;;;64;123
58015;Campagnano di Roma;73;5;29;6;4;;;;44;4;32;4;18;;;;58;102
58015;Campagnano di Roma;74;2;42;3;4;;;;51;5;34;8;23;;;;70;121
58015;Campagnano di Roma;75;1;46;3;3;;;;53;3;35;7;15;;;;60;113
58015;Campagnano di Roma;76;2;34;3;2;;;;41;1;28;4;14;;;;47;88
58015;Campagnano di Roma;77;4;39;3;4;;;;50;3;24;6;13;;;;46;96
58015;Campagnano di Roma;78;0;30;3;4;;;;37;2;19;3;23;;;;47;84
58015;Campagnano di Roma;79;1;33;2;4;;;;40;2;20;2;9;;;;33;73
58015;Campagnano di Roma;80;2;19;1;7;;;;29;4;11;3;19;;;;37;66
58015;Campagnano di Roma;81;4;22;0;4;;;;30;1;15;3;18;;;;37;67
58015;Campagnano di Roma;82;0;18;2;3;;;;23;2;13;1;16;;;;32;55
58015;Campagnano di Roma;83;1;17;0;3;;;;21;2;12;2;17;;;;33;54
58015;Campagnano di Roma;84;2;16;5;5;;;;28;2;11;0;24;;;;37;65
58015;Campagnano di Roma;85;1;12;2;6;;;;21;1;9;2;29;;;;41;62
58015;Campagnano di Roma;86;0;13;1;6;;;;20;1;11;2;14;;;;28;48
58015;Campagnano di Roma;87;1;9;1;0;;;;11;0;4;1;23;;;;28;39
58015;Campagnano di Roma;88;0;9;2;1;;;;12;0;3;0;17;;;;20;32
58015;Campagnano di Roma;89;0;3;0;1;;;;4;2;2;0;19;;;;23;27
58015;Campagnano di Roma;90;2;9;1;7;;;;19;1;2;1;11;;;;15;34
58015;Campagnano di Roma;91;0;0;0;0;;;;0;1;3;0;13;;;;17;17
58015;Campagnano di Roma;92;0;4;0;3;;;;7;2;1;2;8;;;;13;20
58015;Campagnano di Roma;93;0;2;0;0;;;;2;1;0;0;14;;;;15;17
58015;Campagnano di Roma;94;0;2;0;1;;;;3;0;1;0;8;;;;9;12
58015;Campagnano di Roma;95;0;1;0;0;;;;1;0;1;0;4;;;;5;6
58015;Campagnano di Roma;96;0;1;0;1;;;;2;0;2;0;2;;;;4;6
58015;Campagnano di Roma;97;0;0;0;1;;;;1;1;0;0;1;;;;2;3
58015;Campagnano di Roma;98;0;0;0;0;;;;0;0;0;0;1;;;;1;1
58015;Campagnano di Roma;99;0;0;0;0;;;;0;1;0;0;2;;;;3;3
58015;Campagnano di Roma;100;0;0;0;0;;;;0;0;0;0;3;;;;3;3
58015;Campagnano di Roma;999;2685;2275;233;110;;;;5303;2397;2328;309;591;;;;5625;10928
58016;Canale Monterano;0;16;0;0;0;;;;16;9;0;0;0;;;;9;25
58016;Canale Monterano;1;12;0;0;0;;;;12;12;0;0;0;;;;12;24
58016;Canale Monterano;2;14;0;0;0;;;;14;10;0;0;0;;;;10;24
58016;Canale Monterano;3;20;0;0;0;;;;20;10;0;0;0;;;;10;30
58016;Canale Monterano;4;16;0;0;0;;;;16;17;0;0;0;;;;17;33
58016;Canale Monterano;5;8;0;0;0;;;;8;10;0;0;0;;;;10;18
58016;Canale Monterano;6;15;0;0;0;;;;15;21;0;0;0;;;;21;36
58016;Canale Monterano;7;13;0;0;0;;;;13;17;0;0;0;;;;17;30
58016;Canale Monterano;8;23;0;0;0;;;;23;15;0;0;0;;;;15;38
58016;Canale Monterano;9;21;0;0;0;;;;21;12;0;0;0;;;;12;33
58016;Canale Monterano;10;15;0;0;0;;;;15;22;0;0;0;;;;22;37
58016;Canale Monterano;11;16;0;0;0;;;;16;20;0;0;0;;;;20;36
58016;Canale Monterano;12;14;0;0;0;;;;14;21;0;0;0;;;;21;35
58016;Canale Monterano;13;24;0;0;0;;;;24;22;0;0;0;;;;22;46
58016;Canale Monterano;14;21;0;0;0;;;;21;24;0;0;0;;;;24;45
58016;Canale Monterano;15;26;0;0;0;;;;26;24;0;0;0;;;;24;50
58016;Canale Monterano;16;14;0;0;0;;;;14;16;0;0;0;;;;16;30
58016;Canale Monterano;17;15;0;0;0;;;;15;16;0;0;0;;;;16;31
58016;Canale Monterano;18;22;0;0;0;;;;22;22;0;0;0;;;;22;44
58016;Canale Monterano;19;24;0;0;0;;;;24;15;0;0;0;;;;15;39
58016;Canale Monterano;20;20;0;0;0;;;;20;15;0;0;0;;;;15;35
58016;Canale Monterano;21;20;0;0;0;;;;20;16;0;0;0;;;;16;36
58016;Canale Monterano;22;23;0;0;0;;;;23;18;0;0;0;;;;18;41
58016;Canale Monterano;23;10;0;0;0;;;;10;21;0;0;0;;;;21;31
58016;Canale Monterano;24;18;0;0;0;;;;18;13;0;0;0;;;;13;31
58016;Canale Monterano;25;20;0;0;0;;;;20;14;0;0;0;;;;14;34
58016;Canale Monterano;26;25;0;0;0;;;;25;27;0;0;0;;;;27;52
58016;Canale Monterano;27;22;0;0;0;;;;22;15;2;0;0;;;;17;39
58016;Canale Monterano;28;18;1;0;0;;;;19;22;3;0;0;;;;25;44
58016;Canale Monterano;29;13;4;0;0;;;;17;17;4;0;0;;;;21;38
58016;Canale Monterano;30;21;1;0;0;;;;22;19;3;0;0;;;;22;44
58016;Canale Monterano;31;24;1;0;0;;;;25;22;3;1;0;;;;26;51
58016;Canale Monterano;32;21;3;0;0;;;;24;22;4;0;0;;;;26;50
58016;Canale Monterano;33;11;3;0;0;;;;14;14;7;0;0;;;;21;35
58016;Canale Monterano;34;24;5;0;0;;;;29;12;2;0;0;;;;14;43
58016;Canale Monterano;35;23;6;0;0;;;;29;11;8;0;0;;;;19;48
58016;Canale Monterano;36;21;4;0;0;;;;25;19;13;0;0;;;;32;57
58016;Canale Monterano;37;10;5;0;0;;;;15;23;4;0;0;;;;27;42
58016;Canale Monterano;38;10;3;0;0;;;;13;8;8;1;0;;;;17;30
58016;Canale Monterano;39;16;6;0;0;;;;22;4;12;1;0;;;;17;39
58016;Canale Monterano;40;7;11;0;0;;;;18;11;23;2;0;;;;36;54
58016;Canale Monterano;41;14;8;1;0;;;;23;9;10;3;0;;;;22;45
58016;Canale Monterano;42;10;12;0;0;;;;22;8;10;0;0;;;;18;40
58016;Canale Monterano;43;10;15;1;0;;;;26;5;11;0;0;;;;16;42
58016;Canale Monterano;44;8;18;0;0;;;;26;5;15;0;2;;;;22;48
58016;Canale Monterano;45;8;9;0;0;;;;17;11;14;0;0;;;;25;42
58016;Canale Monterano;46;5;8;2;0;;;;15;8;15;1;0;;;;24;39
58016;Canale Monterano;47;18;14;2;0;;;;34;12;26;2;0;;;;40;74
58016;Canale Monterano;48;10;14;2;0;;;;26;17;22;2;0;;;;41;67
58016;Canale Monterano;49;12;13;1;0;;;;26;12;22;5;1;;;;40;66
58016;Canale Monterano;50;12;28;5;0;;;;45;12;20;0;1;;;;33;78
58016;Canale Monterano;51;10;22;2;0;;;;34;3;25;1;0;;;;29;63
58016;Canale Monterano;52;11;12;1;0;;;;24;14;30;4;3;;;;51;75
58016;Canale Monterano;53;15;17;0;0;;;;32;4;24;1;1;;;;30;62
58016;Canale Monterano;54;7;19;2;0;;;;28;9;17;4;1;;;;31;59
58016;Canale Monterano;55;5;32;5;0;;;;42;1;39;1;3;;;;44;86
58016;Canale Monterano;56;4;17;6;0;;;;27;4;27;3;1;;;;35;62
58016;Canale Monterano;57;7;26;4;0;;;;37;8;17;6;3;;;;34;71
58016;Canale Monterano;58;7;31;2;0;;;;40;7;31;2;1;;;;41;81
58016;Canale Monterano;59;20;24;1;1;;;;46;9;34;4;2;;;;49;95
58016;Canale Monterano;60;3;26;2;1;;;;32;3;29;6;0;;;;38;70
58016;Canale Monterano;61;5;26;2;1;;;;34;1;31;5;6;;;;43;77
58016;Canale Monterano;62;4;27;3;0;;;;34;3;27;2;2;;;;34;68
58016;Canale Monterano;63;2;23;5;2;;;;32;2;22;2;4;;;;30;62
58016;Canale Monterano;64;0;34;2;1;;;;37;4;23;2;1;;;;30;67
58016;Canale Monterano;65;1;22;1;1;;;;25;6;22;6;4;;;;38;63
58016;Canale Monterano;66;6;31;6;1;;;;44;0;17;9;1;;;;27;71
58016;Canale Monterano;67;4;19;3;0;;;;26;3;23;2;5;;;;33;59
58016;Canale Monterano;68;6;21;2;0;;;;29;2;28;5;3;;;;38;67
58016;Canale Monterano;69;2;27;0;0;;;;29;3;19;1;3;;;;26;55
58016;Canale Monterano;70;5;21;2;1;;;;29;1;12;4;3;;;;20;49
58016;Canale Monterano;71;3;17;1;0;;;;21;4;16;2;2;;;;24;45
58016;Canale Monterano;72;1;16;3;0;;;;20;2;15;8;5;;;;30;50
58016;Canale Monterano;73;3;16;3;2;;;;24;1;15;3;4;;;;23;47
58016;Canale Monterano;74;1;19;2;0;;;;22;1;19;2;7;;;;29;51
58016;Canale Monterano;75;1;9;4;2;;;;16;1;10;0;4;;;;15;31
58016;Canale Monterano;76;2;18;2;3;;;;25;1;21;1;7;;;;30;55
58016;Canale Monterano;77;0;15;3;0;;;;18;1;11;1;14;;;;27;45
58016;Canale Monterano;78;2;19;1;0;;;;22;1;8;2;14;;;;25;47
58016;Canale Monterano;79;1;16;0;1;;;;18;2;8;1;3;;;;14;32
58016;Canale Monterano;80;1;12;0;0;;;;13;1;9;0;4;;;;14;27
58016;Canale Monterano;81;0;16;1;4;;;;21;0;6;0;9;;;;15;36
58016;Canale Monterano;82;2;9;1;3;;;;15;1;1;0;10;;;;12;27
58016;Canale Monterano;83;0;18;0;0;;;;18;0;3;0;5;;;;8;26
58016;Canale Monterano;84;3;9;1;3;;;;16;0;11;3;7;;;;21;37
58016;Canale Monterano;85;0;7;0;3;;;;10;0;5;2;8;;;;15;25
58016;Canale Monterano;86;0;5;1;1;;;;7;0;0;2;7;;;;9;16
58016;Canale Monterano;87;0;6;0;2;;;;8;0;5;0;12;;;;17;25
58016;Canale Monterano;88;0;0;0;2;;;;2;0;1;0;5;;;;6;8
58016;Canale Monterano;89;1;2;0;1;;;;4;0;2;1;7;;;;10;14
58016;Canale Monterano;90;0;2;0;0;;;;2;1;4;0;3;;;;8;10
58016;Canale Monterano;91;0;1;0;0;;;;1;0;0;0;6;;;;6;7
58016;Canale Monterano;92;0;1;0;1;;;;2;0;0;0;6;;;;6;8
58016;Canale Monterano;93;0;2;1;0;;;;3;0;0;0;6;;;;6;9
58016;Canale Monterano;94;0;1;0;0;;;;1;0;0;0;5;;;;5;6
58016;Canale Monterano;95;0;1;0;0;;;;1;0;0;0;2;;;;2;3
58016;Canale Monterano;96;0;0;0;0;;;;0;0;0;0;1;;;;1;1
58016;Canale Monterano;97;0;0;0;0;;;;0;0;0;0;4;;;;4;4
58016;Canale Monterano;98;0;0;0;0;;;;0;0;0;1;0;;;;1;1
58016;Canale Monterano;99;0;0;0;0;;;;0;0;0;0;0;;;;0;0
58016;Canale Monterano;100;0;0;0;0;;;;0;0;0;0;0;;;;0;0
58016;Canale Monterano;999;978;906;89;37;;;;2010;881;928;117;218;;;;2144;4154
58017;Canterano;0;1;0;0;0;;;;1;0;0;0;0;;;;0;1
58017;Canterano;1;0;0;0;0;;;;0;0;0;0;0;;;;0;0
58017;Canterano;2;1;0;0;0;;;;1;0;0;0;0;;;;0;1
58017;Canterano;3;0;0;0;0;;;;0;2;0;0;0;;;;2;2
58017;Canterano;4;1;0;0;0;;;;1;0;0;0;0;;;;0;1
58017;Canterano;5;1;0;0;0;;;;1;0;0;0;0;;;;0;1
58017;Canterano;6;0;0;0;0;;;;0;0;0;0;0;;;;0;0
58017;Canterano;7;1;0;0;0;;;;1;0;0;0;0;;;;0;1
58017;Canterano;8;0;0;0;0;;;;0;0;0;0;0;;;;0;0
58017;Canterano;9;1;0;0;0;;;;1;0;0;0;0;;;;0;1
58017;Canterano;10;0;0;0;0;;;;0;1;0;0;0;;;;1;1
58017;Canterano;11;0;0;0;0;;;;0;1;0;0;0;;;;1;1
58017;Canterano;12;0;0;0;0;;;;0;0;0;0;0;;;;0;0
58017;Canterano;13;3;0;0;0;;;;3;2;0;0;0;;;;2;5
58017;Canterano;14;0;0;0;0;;;;0;1;0;0;0;;;;1;1
58017;Canterano;15;0;0;0;0;;;;0;5;0;0;0;;;;5;5
58017;Canterano;16;1;0;0;0;;;;1;2;0;0;0;;;;2;3
58017;Canterano;17;2;0;0;0;;;;2;3;0;0;0;;;;3;5
58017;Canterano;18;1;0;0;0;;;;1;0;0;0;0;;;;0;1
58017;Canterano;19;0;0;0;0;;;;0;1;0;0;0;;;;1;1
58017;Canterano;20;2;0;0;0;;;;2;1;0;0;0;;;;1;3
58017;Canterano;21;2;0;0;0;;;;2;2;0;0;0;;;;2;4
58017;Canterano;22;0;0;0;0;;;;0;1;0;0;0;;;;1;1
58017;Canterano;23;2;0;0;0;;;;2;2;0;0;0;;;;2;4
58017;Canterano;24;4;0;0;0;;;;4;3;0;0;0;;;;3;7
58017;Canterano;25;1;0;0;0;;;;1;4;0;0;0;;;;4;5
58017;Canterano;26;1;0;0;0;;;;1;1;0;0;0;;;;1;2
58017;Canterano;27;5;1;0;0;;;;6;1;0;0;0;;;;1;7
58017;Canterano;28;2;0;0;0;;;;2;0;0;0;0;;;;0;2
58017;Canterano;29;2;1;0;0;;;;3;1;0;0;0;;;;1;4
58017;Canterano;30;0;0;0;0;;;;0;5;0;0;0;;;;5;5
58017;Canterano;31;3;0;0;0;;;;3;1;0;0;0;;;;1;4
58017;Canterano;32;3;0;0;0;;;;3;1;0;0;0;;;;1;4
58017;Canterano;33;3;1;0;0;;;;4;0;0;0;0;;;;0;4
58017;Canterano;34;1;1;0;0;;;;2;0;0;0;0;;;;0;2
58017;Canterano;35;1;0;0;0;;;;1;1;0;0;0;;;;1;2
58017;Canterano;36;0;2;0;0;;;;2;0;1;0;0;;;;1;3
58017;Canterano;37;3;1;0;0;;;;4;3;0;0;0;;;;3;7
58017;Canterano;38;1;2;0;0;;;;3;2;2;0;0;;;;4;7
58017;Canterano;39;2;0;0;0;;;;2;1;0;0;0;;;;1;3
58017;Canterano;40;3;1;0;0;;;;4;0;0;0;0;;;;0;4
58017;Canterano;41;1;0;0;0;;;;1;0;2;0;0;;;;2;3
58017;Canterano;42;4;0;0;0;;;;4;0;1;0;0;;;;1;5
58017;Canterano;43;0;1;0;0;;;;1;3;1;0;0;;;;4;5
58017;Canterano;44;3;1;0;0;;;;4;0;1;0;0;;;;1;5
58017;Canterano;45;1;1;0;0;;;;2;0;2;0;0;;;;2;4
58017;Canterano;46;4;1;0;0;;;;5;0;0;0;0;;;;0;5
58017;Canterano;47;0;0;0;0;;;;0;1;2;0;0;;;;3;3
58017;Canterano;48;2;0;0;0;;;;2;1;3;1;0;;;;5;7
58017;Canterano;49;0;2;0;0;;;;2;0;2;0;0;;;;2;4
58017;Canterano;50;1;2;0;0;;;;3;0;1;0;0;;;;1;4
58017;Canterano;51;1;0;0;0;;;;1;0;1;0;0;;;;1;2
58017;Canterano;52;0;4;0;0;;;;4;1;0;0;0;;;;1;5
58017;Canterano;53;1;2;0;0;;;;3;0;3;0;0;;;;3;6
58017;Canterano;54;1;3;0;0;;;;4;1;1;0;0;;;;2;6
58017;Canterano;55;0;1;0;0;;;;1;0;1;1;0;;;;2;3
58017;Canterano;56;1;2;0;0;;;;3;0;1;0;0;;;;1;4
58017;Canterano;57;1;2;1;0;;;;4;1;2;0;0;;;;3;7
58017;Canterano;58;1;1;0;0;;;;2;0;3;0;0;;;;3;5
58017;Canterano;59;1;3;1;0;;;;5;0;3;1;0;;;;4;9
58017;Canterano;60;4;3;0;0;;;;7;0;0;0;1;;;;1;8
58017;Canterano;61;0;3;0;0;;;;3;0;2;0;0;;;;2;5
58017;Canterano;62;1;0;0;0;;;;1;2;2;0;1;;;;5;6
58017;Canterano;63;2;1;1;0;;;;4;0;4;1;0;;;;5;9
58017;Canterano;64;1;1;0;0;;;;2;1;1;0;0;;;;2;4
58017;Canterano;65;1;5;0;0;;;;6;2;1;1;0;;;;4;10
58017;Canterano;66;0;1;0;1;;;;2;0;2;0;1;;;;3;5
58017;Canterano;67;2;5;0;1;;;;8;0;0;2;0;;;;2;10
58017;Canterano;68;3;3;0;0;;;;6;1;1;0;0;;;;2;8
58017;Canterano;69;1;4;0;0;;;;5;1;2;0;2;;;;5;10
58017;Canterano;70;0;1;0;0;;;;1;1;1;0;0;;;;2;3
58017;Canterano;71;0;1;0;0;;;;1;0;3;0;1;;;;4;5
58017;Canterano;72;0;3;1;0;;;;4;0;1;0;1;;;;2;6
58017;Canterano;73;0;3;0;0;;;;3;1;0;1;1;;;;3;6
58017;Canterano;74;1;3;0;0;;;;4;0;6;0;0;;;;6;10
58017;Canterano;75;0;1;0;0;;;;1;0;0;0;0;;;;0;1
58017;Canterano;76;0;2;1;0;;;;3;0;2;0;0;;;;2;5
58017;Canterano;77;0;1;0;1;;;;2;0;3;0;0;;;;3;5
58017;Canterano;78;0;2;0;0;;;;2;0;0;0;1;;;;1;3
58017;Canterano;79;0;2;0;0;;;;2;0;0;0;0;;;;0;2
58017;Canterano;80;0;0;0;0;;;;0;0;0;0;1;;;;1;1
58017;Canterano;81;0;2;0;0;;;;2;0;0;0;2;;;;2;4
58017;Canterano;82;0;1;0;0;;;;1;0;1;0;0;;;;1;2
58017;Canterano;83;0;1;0;0;;;;1;0;0;0;0;;;;0;1
58017;Canterano;84;0;1;0;1;;;;2;0;0;0;0;;;;0;2
58017;Canterano;85;0;0;0;1;;;;1;0;0;0;2;;;;2;3
58017;Canterano;86;0;1;0;0;;;;1;0;0;0;3;;;;3;4
58017;Canterano;87;0;0;0;0;;;;0;0;0;0;1;;;;1;1
58017;Canterano;88;0;0;0;0;;;;0;0;0;0;1;;;;1;1
58017;Canterano;89;0;0;0;0;;;;0;0;0;0;1;;;;1;1
58017;Canterano;90;0;0;0;0;;;;0;0;0;0;0;;;;0;0
58017;Canterano;91;0;0;0;0;;;;0;0;0;0;1;;;;1;1
58017;Canterano;92;0;0;0;0;;;;0;0;0;0;1;;;;1;1
58017;Canterano;93;0;0;0;0;;;;0;0;0;0;0;;;;0;0
58017;Canterano;94;0;0;0;0;;;;0;0;0;0;0;;;;0;0
58017;Canterano;95;0;0;0;0;;;;0;0;0;0;0;;;;0;0
58017;Canterano;96;0;0;0;0;;;;0;0;0;0;0;;;;0;0
58017;Canterano;97;0;0;0;0;;;;0;0;0;0;0;;;;0;0
58017;Canterano;98;0;0;0;0;;;;0;0;0;0;0;;;;0;0
58017;Canterano;99;0;0;0;0;;;;0;0;0;0;0;;;;0;0
58017;Canterano;100;0;0;0;0;;;;0;0;0;0;0;;;;0;0
58017;Canterano;999;93;87;5;5;;;;190;65;65;8;22;;;;160;350
58018;Capena;0;29;0;0;0;;;;29;43;0;0;0;;;;43;72
58018;Capena;1;45;0;0;0;;;;45;54;0;0;0;;;;54;99
58018;Capena;2;48;0;0;0;;;;48;40;0;0;0;;;;40;88
58018;Capena;3;39;0;0;0;;;;39;35;0;0;0;;;;35;74
58018;Capena;4;49;0;0;0;;;;49;49;0;0;0;;;;49;98
58018;Capena;5;40;0;0;0;;;;40;61;0;0;0;;;;61;101
58018;Capena;6;54;0;0;0;;;;54;49;0;0;0;;;;49;103
58018;Capena;7;65;0;0;0;;;;65;54;0;0;0;;;;54;119
58018;Capena;8;58;0;0;0;;;;58;53;0;0;0;;;;53;111
58018;Capena;9;63;0;0;0;;;;63;47;0;0;0;;;;47;110
58018;Capena;10;57;0;0;0;;;;57;58;0;0;0;;;;58;115
58018;Capena;11;80;0;0;0;;;;80;57;0;0;0;;;;57;137
58018;Capena;12;73;0;0;0;;;;73;60;0;0;0;;;;60;133
58018;Capena;13;72;0;0;0;;;;72;68;0;0;0;;;;68;140
58018;Capena;14;67;0;0;0;;;;67;55;0;0;0;;;;55;122
58018;Capena;15;67;0;0;0;;;;67;59;0;0;0;;;;59;126
58018;Capena;16;83;0;0;0;;;;83;45;0;0;0;;;;45;128
58018;Capena;17;64;0;0;0;;;;64;52;0;0;0;;;;52;116
58018;Capena;18;52;0;0;0;;;;52;58;0;0;0;;;;58;110
58018;Capena;19;47;0;0;0;;;;47;44;1;0;0;;;;45;92
58018;Capena;20;70;0;0;0;;;;70;57;0;0;0;;;;57;127
58018;Capena;21;43;0;0;0;;;;43;56;1;0;0;;;;57;100
58018;Capena;22;62;0;0;0;;;;62;51;1;0;0;;;;52;114
58018;Capena;23;74;1;0;0;;;;75;38;3;0;0;;;;41;116
58018;Capena;24;47;6;0;0;;;;53;39;3;0;0;;;;42;95
58018;Capena;25;44;1;0;0;;;;45;50;2;0;0;;;;52;97
58018;Capena;26;65;1;0;0;;;;66;50;10;0;0;;;;60;126
58018;Capena;27;40;4;0;0;;;;44;43;6;0;0;;;;49;93
58018;Capena;28;51;1;0;0;;;;52;44;6;0;0;;;;50;102
58018;Capena;29;52;6;0;0;;;;58;25;11;0;0;;;;36;94
58018;Capena;30;46;5;0;0;;;;51;49;13;0;0;;;;62;113
58018;Capena;31;44;9;0;0;;;;53;45;23;1;0;;;;69;122
58018;Capena;32;45;8;1;0;;;;54;37;22;1;0;;;;60;114
58018;Capena;33;44;19;0;0;;;;63;39;15;0;0;;;;54;117
58018;Capena;34;46;17;0;0;;;;63;35;28;1;0;;;;64;127
58018;Capena;35;40;26;2;0;;;;68;43;25;2;0;;;;70;138
58018;Capena;36;47;22;1;0;;;;70;31;54;1;0;;;;86;156
58018;Capena;37;43;29;1;0;;;;73;30;35;2;0;;;;67;140
58018;Capena;38;36;25;1;0;;;;62;34;34;2;0;;;;70;132
58018;Capena;39;36;41;2;0;;;;79;34;39;2;0;;;;75;154
58018;Capena;40;41;43;1;0;;;;85;34;39;1;0;;;;74;159
58018;Capena;41;40;34;1;0;;;;75;23;47;2;0;;;;72;147
58018;Capena;42;34;43;3;0;;;;80;34;51;4;1;;;;90;170
58018;Capena;43;46;46;1;2;;;;95;24;63;2;1;;;;90;185
58018;Capena;44;39;49;0;0;;;;88;27;51;3;1;;;;82;170
58018;Capena;45;34;59;3;1;;;;97;11;33;4;5;;;;53;150
58018;Capena;46;37;43;1;1;;;;82;18;57;9;0;;;;84;166
58018;Capena;47;33;51;7;1;;;;92;25;55;6;2;;;;88;180
58018;Capena;48;46;61;4;1;;;;112;30;65;14;3;;;;112;224
58018;Capena;49;30;65;2;2;;;;99;31;70;6;1;;;;108;207
58018;Capena;50;33;66;8;0;;;;107;25;81;8;3;;;;117;224
58018;Capena;51;31;59;10;1;;;;101;16;65;10;0;;;;91;192
58018;Capena;52;33;54;8;1;;;;96;13;58;10;3;;;;84;180
58018;Capena;53;23;75;7;0;;;;105;11;55;11;1;;;;78;183
58018;Capena;54;24;65;5;1;;;;95;18;77;13;1;;;;109;204
58018;Capena;55;26;65;8;1;;;;100;13;60;13;6;;;;92;192
58018;Capena;56;20;62;11;0;;;;93;11;64;11;5;;;;91;184
58018;Capena;57;18;63;10;1;;;;92;12;63;10;2;;;;87;179
58018;Capena;58;16;65;13;1;;;;95;17;55;6;6;;;;84;179
58018;Capena;59;7;70;7;2;;;;86;5;66;8;8;;;;87;173
58018;Capena;60;13;62;9;2;;;;86;9;80;14;5;;;;108;194
58018;Capena;61;18;77;12;1;;;;108;10;55;8;8;;;;81;189
58018;Capena;62;12;54;1;3;;;;70;7;51;5;2;;;;65;135
58018;Capena;63;8;54;8;0;;;;70;8;51;15;10;;;;84;154
58018;Capena;64;7;48;5;2;;;;62;4;40;11;5;;;;60;122
58018;Capena;65;0;74;5;1;;;;80;3;33;3;9;;;;48;128
58018;Capena;66;7;57;7;1;;;;72;3;38;10;11;;;;62;134
58018;Capena;67;5;41;10;3;;;;59;4;33;4;9;;;;50;109
58018;Capena;68;5;45;7;1;;;;58;7;45;2;9;;;;63;121
58018;Capena;69;3;38;9;4;;;;54;3;41;6;9;;;;59;113
58018;Capena;70;4;47;7;6;;;;64;4;29;7;11;;;;51;115
58018;Capena;71;3;41;2;2;;;;48;1;40;6;11;;;;58;106
58018;Capena;72;4;36;4;1;;;;45;0;35;2;15;;;;52;97
58018;Capena;73;3;42;4;6;;;;55;1;24;1;13;;;;39;94
58018;Capena;74;2;25;0;2;;;;29;2;23;1;8;;;;34;63
58018;Capena;75;0;30;1;2;;;;33;0;21;3;18;;;;42;75
58018;Capena;76;4;30;0;4;;;;38;6;19;3;13;;;;41;79
58018;Capena;77;1;20;1;5;;;;27;3;25;5;18;;;;51;78
58018;Capena;78;3;30;1;4;;;;38;3;20;1;17;;;;41;79
58018;Capena;79;1;27;2;4;;;;34;2;10;2;11;;;;25;59
58018;Capena;80;1;21;1;5;;;;28;1;7;5;10;;;;23;51
58018;Capena;81;1;20;1;1;;;;23;0;20;1;19;;;;40;63
58018;Capena;82;1;19;1;5;;;;26;2;17;0;24;;;;43;69
58018;Capena;83;0;16;2;8;;;;26;0;5;2;14;;;;21;47
58018;Capena;84;1;9;2;4;;;;16;1;5;0;21;;;;27;43
58018;Capena;85;0;7;0;4;;;;11;1;5;1;19;;;;26;37
58018;Capena;86;2;13;0;1;;;;16;0;6;0;19;;;;25;41
58018;Capena;87;0;6;0;1;;;;7;1;7;1;20;;;;29;36
58018;Capena;88;0;6;0;3;;;;9;1;1;0;15;;;;17;26
58018;Capena;89;0;5;0;4;;;;9;0;2;1;8;;;;11;20
58018;Capena;90;0;3;0;3;;;;6;0;3;0;12;;;;15;21
58018;Capena;91;0;3;0;3;;;;6;1;0;0;10;;;;11;17
58018;Capena;92;0;3;0;1;;;;4;0;2;0;2;;;;4;8
58018;Capena;93;0;1;0;0;;;;1;0;1;0;8;;;;9;10
58018;Capena;94;1;0;0;5;;;;6;0;3;0;5;;;;8;14
58018;Capena;95;0;0;0;1;;;;1;0;0;0;3;;;;3;4
58018;Capena;96;0;0;0;0;;;;0;1;0;0;2;;;;3;3
58018;Capena;97;0;1;0;0;;;;1;0;0;0;1;;;;1;2
58018;Capena;98;0;0;0;0;;;;0;0;0;0;1;;;;1;1
58018;Capena;99;0;0;0;0;;;;0;0;0;0;1;;;;1;1
58018;Capena;100;0;0;0;0;;;;0;0;0;0;3;;;;3;3
58018;Capena;999;2848;2370;220;119;;;;5557;2358;2304;283;478;;;;5423;10980
58019;Capranica Prenestina;0;0;0;0;0;;;;0;1;0;0;0;;;;1;1
58019;Capranica Prenestina;1;2;0;0;0;;;;2;2;0;0;0;;;;2;4
58019;Capranica Prenestina;2;1;0;0;0;;;;1;2;0;0;0;;;;2;3
58019;Capranica Prenestina;3;1;0;0;0;;;;1;0;0;0;0;;;;0;1
58019;Capranica Prenestina;4;0;0;0;0;;;;0;0;0;0;0;;;;0;0
58019;Capranica Prenestina;5;1;0;0;0;;;;1;1;0;0;0;;;;1;2
58019;Capranica Prenestina;6;1;0;0;0;;;;1;0;0;0;0;;;;0;1
58019;Capranica Prenestina;7;0;0;0;0;;;;0;1;0;0;0;;;;1;1
58019;Capranica Prenestina;8;1;0;0;0;;;;1;0;0;0;0;;;;0;1
58019;Capranica Prenestina;9;0;0;0;0;;;;0;2;0;0;0;;;;2;2
58019;Capranica Prenestina;10;1;0;0;0;;;;1;1;0;0;0;;;;1;2
58019;Capranica Prenestina;11;0;0;0;0;;;;0;0;0;0;0;;;;0;0
58019;Capranica Prenestina;12;1;0;0;0;;;;1;1;0;0;0;;;;1;2
58019;Capranica Prenestina;13;0;0;0;0;;;;0;0;0;0;0;;;;0;0
58019;Capranica Prenestina;14;0;0;0;0;;;;0;1;0;0;0;;;;1;1
58019;Capranica Prenestina;15;1;0;0;0;;;;1;0;0;0;0;;;;0;1
58019;Capranica Prenestina;16;1;0;0;0;;;;1;0;0;0;0;;;;0;1
58019;Capranica Prenestina;17;0;0;0;0;;;;0;0;0;0;0;;;;0;0
58019;Capranica Prenestina;18;2;0;0;0;;;;2;2;0;0;0;;;;2;4
58019;Capranica Prenestina;19;0;0;0;0;;;;0;2;0;0;0;;;;2;2
58019;Capranica Prenestina;20;1;0;0;0;;;;1;2;0;0;0;;;;2;3
58019;Capranica Prenestina;21;0;0;0;0;;;;0;1;0;0;0;;;;1;1
58019;Capranica Prenestina;22;3;0;0;0;;;;3;1;0;0;0;;;;1;4
58019;Capranica Prenestina;23;1;0;0;0;;;;1;3;0;0;0;;;;3;4
58019;Capranica Prenestina;24;1;0;0;0;;;;1;1;0;0;0;;;;1;2
58019;Capranica Prenestina;25;1;0;0;0;;;;1;1;0;0;0;;;;1;2
58019;Capranica Prenestina;26;3;0;0;0;;;;3;0;0;0;0;;;;0;3
58019;Capranica Prenestina;27;3;1;0;0;;;;4;2;0;0;0;;;;2;6
58019;Capranica Prenestina;28;1;0;0;0;;;;1;2;0;0;0;;;;2;3
58019;Capranica Prenestina;29;0;0;0;0;;;;0;1;0;0;0;;;;1;1
58019;Capranica Prenestina;30;2;0;0;0;;;;2;0;0;0;0;;;;0;2
58019;Capranica Prenestina;31;1;0;0;0;;;;1;3;0;0;0;;;;3;4
58019;Capranica Prenestina;32;4;0;0;0;;;;4;1;1;0;0;;;;2;6
58019;Capranica Prenestina;33;1;1;0;0;;;;2;1;1;0;0;;;;2;4
58019;Capranica Prenestina;34;1;0;0;0;;;;1;1;0;0;0;;;;1;2
58019;Capranica Prenestina;35;1;0;0;0;;;;1;1;2;0;0;;;;3;4
58019;Capranica Prenestina;36;2;0;0;0;;;;2;0;1;0;0;;;;1;3
58019;Capranica Prenestina;37;3;1;0;0;;;;4;2;1;0;0;;;;3;7
58019;Capranica Prenestina;38;2;1;0;0;;;;3;0;0;0;0;;;;0;3
58019;Capranica Prenestina;39;0;3;0;0;;;;3;1;0;0;0;;;;1;4
58019;Capranica Prenestina;40;5;0;0;0;;;;5;0;1;0;0;;;;1;6
58019;Capranica Prenestina;41;1;0;0;0;;;;1;0;0;0;0;;;;0;1
58019;Capranica Prenestina;42;0;0;0;0;;;;0;2;1;0;0;;;;3;3
58019;Capranica Prenestina;43;4;0;0;0;;;;4;2;1;0;0;;;;3;7
58019;Capranica Prenestina;44;1;1;0;0;;;;2;0;0;0;0;;;;0;2
58019;Capranica Prenestina;45;1;2;0;0;;;;3;0;0;0;0;;;;0;3
58019;Capranica Prenestina;46;4;3;0;0;;;;7;1;1;0;0;;;;2;9
58019;Capranica Prenestina;47;1;4;0;0;;;;5;3;2;1;0;;;;6;11
58019;Capranica Prenestina;48;1;0;0;0;;;;1;2;2;0;0;;;;4;5
58019;Capranica Prenestina;49;1;0;0;0;;;;1;0;1;0;0;;;;1;2
58019;Capranica Prenestina;50;2;1;0;0;;;;3;0;1;0;0;;;;1;4
58019;Capranica Prenestina;51;0;3;0;0;;;;3;0;0;0;0;;;;0;3
58019;Capranica Prenestina;52;0;3;0;0;;;;3;0;2;0;0;;;;2;5
58019;Capranica Prenestina;53;2;3;0;0;;;;5;0;1;0;0;;;;1;6
58019;Capranica Prenestina;54;1;2;0;0;;;;3;0;3;0;1;;;;4;7
58019;Capranica Prenestina;55;1;2;0;0;;;;3;2;1;0;0;;;;3;6
58019;Capranica Prenestina;56;2;2;1;0;;;;5;2;1;0;1;;;;4;9
58019;Capranica Prenestina;57;2;1;0;0;;;;3;0;2;0;0;;;;2;5
58019;Capranica Prenestina;58;1;3;0;0;;;;4;0;1;0;1;;;;2;6
58019;Capranica Prenestina;59;1;2;0;0;;;;3;0;2;0;0;;;;2;5
58019;Capranica Prenestina;60;2;1;2;0;;;;5;0;2;0;0;;;;2;7
58019;Capranica Prenestina;61;2;3;0;0;;;;5;1;3;0;1;;;;5;10
58019;Capranica Prenestina;62;1;3;0;0;;;;4;0;3;0;1;;;;4;8
58019;Capranica Prenestina;63;1;3;0;0;;;;4;0;3;0;0;;;;3;7
58019;Capranica Prenestina;64;0;5;0;0;;;;5;0;3;1;2;;;;6;11
58019;Capranica Prenestina;65;1;3;0;0;;;;4;1;2;0;1;;;;4;8
58019;Capranica Prenestina;66;0;2;0;0;;;;2;0;1;0;0;;;;1;3
58019;Capranica Prenestina;67;0;0;0;0;;;;0;0;2;0;0;;;;2;2
58019;Capranica Prenestina;68;0;1;0;0;;;;1;0;1;0;0;;;;1;2
58019;Capranica Prenestina;69;0;2;0;0;;;;2;0;1;0;0;;;;1;3
58019;Capranica Prenestina;70;0;3;0;0;;;;3;0;2;0;1;;;;3;6
58019;Capranica Prenestina;71;2;1;1;0;;;;4;0;1;0;0;;;;1;5
58019;Capranica Prenestina;72;1;0;0;0;;;;1;0;1;0;0;;;;1;2
58019;Capranica Prenestina;73;1;0;0;1;;;;2;0;1;0;0;;;;1;3
58019;Capranica Prenestina;74;1;2;0;0;;;;3;0;1;0;1;;;;2;5
58019;Capranica Prenestina;75;0;1;0;0;;;;1;0;1;0;0;;;;1;2
58019;Capranica Prenestina;76;0;3;0;0;;;;3;0;1;0;0;;;;1;4
58019;Capranica Prenestina;77;0;2;0;0;;;;2;1;0;0;1;;;;2;4
58019;Capranica Prenestina;78;0;2;0;0;;;;2;0;1;0;0;;;;1;3
58019;Capranica Prenestina;79;0;0;0;0;;;;0;0;2;0;0;;;;2;2
58019;Capranica Prenestina;80;0;1;0;0;;;;1;0;0;0;0;;;;0;1
58019;Capranica Prenestina;81;0;1;0;0;;;;1;0;2;0;0;;;;2;3
58019;Capranica Prenestina;82;0;0;0;0;;;;0;0;1;0;0;;;;1;1
58019;Capranica Prenestina;83;1;0;0;0;;;;1;0;1;0;0;;;;1;2
58019;Capranica Prenestina;84;0;0;0;1;;;;1;0;0;0;1;;;;1;2
58019;Capranica Prenestina;85;0;2;1;0;;;;3;0;0;0;2;;;;2;5
58019;Capranica Prenestina;86;0;2;0;0;;;;2;0;0;0;1;;;;1;3
58019;Capranica Prenestina;87;0;0;0;0;;;;0;0;0;0;0;;;;0;0
58019;Capranica Prenestina;88;0;0;0;2;;;;2;0;0;0;2;;;;2;4
58019;Capranica Prenestina;89;0;1;0;0;;;;1;0;0;0;0;;;;0;1
58019;Capranica Prenestina;90;0;0;0;0;;;;0;0;0;0;1;;;;1;1
58019;Capranica Prenestina;91;0;0;0;0;;;;0;0;0;0;1;;;;1;1
58019;Capranica Prenestina;92;0;0;0;0;;;;0;0;0;0;1;;;;1;1
58019;Capranica Prenestina;93;0;0;0;0;;;;0;0;1;0;0;;;;1;1
58019;Capranica Prenestina;94;0;0;0;0;;;;0;0;0;0;0;;;;0;0
58019;Capranica Prenestina;95;0;0;0;0;;;;0;0;0;0;0;;;;0;0
58019;Capranica Prenestina;96;0;0;0;0;;;;0;0;0;0;0;;;;0;0
58019;Capranica Prenestina;97;0;0;0;0;;;;0;0;0;0;0;;;;0;0
58019;Capranica Prenestina;98;0;0;0;0;;;;0;0;0;0;0;;;;0;0
58019;Capranica Prenestina;99;0;0;0;0;;;;0;0;0;0;0;;;;0;0
58019;Capranica Prenestina;100;0;0;0;0;;;;0;0;0;0;0;;;;0;0
58019;Capranica Prenestina;999;88;83;5;4;;;;180;57;66;2;20;;;;145;325
58020;Carpineto Romano;0;12;0;0;0;;;;12;9;0;0;0;;;;9;21
58020;Carpineto Romano;1;8;0;0;0;;;;8;11;0;0;0;;;;11;19
58020;Carpineto Romano;2;17;0;0;0;;;;17;9;0;0;0;;;;9;26
58020;Carpineto Romano;3;18;0;0;0;;;;18;8;0;0;0;;;;8;26
58020;Carpineto Romano;4;11;0;0;0;;;;11;11;0;0;0;;;;11;22
58020;Carpineto Romano;5;12;0;0;0;;;;12;15;0;0;0;;;;15;27
58020;Carpineto Romano;6;10;0;0;0;;;;10;7;0;0;0;;;;7;17
58020;Carpineto Romano;7;17;0;0;0;;;;17;17;0;0;0;;;;17;34
58020;Carpineto Romano;8;17;0;0;0;;;;17;26;0;0;0;;;;26;43
58020;Carpineto Romano;9;18;0;0;0;;;;18;12;0;0;0;;;;12;30
58020;Carpineto Romano;10;16;0;0;0;;;;16;15;0;0;0;;;;15;31
58020;Carpineto Romano;11;22;0;0;0;;;;22;10;0;0;0;;;;10;32
58020;Carpineto Romano;12;12;0;0;0;;;;12;13;0;0;0;;;;13;25
58020;Carpineto Romano;13;15;0;0;0;;;;15;11;0;0;0;;;;11;26
58020;Carpineto Romano;14;20;0;0;0;;;;20;18;0;0;0;;;;18;38
58020;Carpineto Romano;15;18;0;0;0;;;;18;16;0;0;0;;;;16;34
58020;Carpineto Romano;16;25;0;0;0;;;;25;12;0;0;0;;;;12;37
58020;Carpineto Romano;17;15;0;0;0;;;;15;14;0;0;0;;;;14;29
58020;Carpineto Romano;18;19;0;0;0;;;;19;22;0;0;0;;;;22;41
58020;Carpineto Romano;19;13;0;0;0;;;;13;28;0;0;0;;;;28;41
58020;Carpineto Romano;20;16;0;0;0;;;;16;13;0;0;0;;;;13;29
58020;Carpineto Romano;21;16;0;0;0;;;;16;13;0;0;0;;;;13;29
58020;Carpineto Romano;22;20;0;0;0;;;;20;14;0;0;0;;;;14;34
58020;Carpineto Romano;23;12;0;0;0;;;;12;12;0;0;0;;;;12;24
58020;Carpineto Romano;24;23;0;0;0;;;;23;15;0;0;0;;;;15;38
58020;Carpineto Romano;25;12;0;0;0;;;;12;16;0;0;0;;;;16;28
58020;Carpineto Romano;26;17;0;0;0;;;;17;14;0;0;0;;;;14;31
58020;Carpineto Romano;27;16;0;0;0;;;;16;18;1;0;0;;;;19;35
58020;Carpineto Romano;28;15;0;0;0;;;;15;13;1;0;0;;;;14;29
58020;Carpineto Romano;29;16;0;0;0;;;;16;17;2;0;0;;;;19;35
58020;Carpineto Romano;30;8;1;0;0;;;;9;18;1;0;0;;;;19;28
58020;Carpineto Romano;31;16;0;0;0;;;;16;15;1;0;0;;;;16;32
58020;Carpineto Romano;32;12;0;0;0;;;;12;13;3;0;0;;;;16;28
58020;Carpineto Romano;33;9;3;0;0;;;;12;6;7;0;0;;;;13;25
58020;Carpineto Romano;34;9;2;0;0;;;;11;13;3;0;0;;;;16;27
58020;Carpineto Romano;35;15;2;0;0;;;;17;11;8;0;0;;;;19;36
58020;Carpineto Romano;36;10;4;0;0;;;;14;11;7;1;0;;;;19;33
58020;Carpineto Romano;37;17;4;0;0;;;;21;15;9;0;0;;;;24;45
58020;Carpineto Romano;38;17;4;0;0;;;;21;15;6;1;0;;;;22;43
58020;Carpineto Romano;39;17;4;0;0;;;;21;5;12;0;0;;;;17;38
58020;Carpineto Romano;40;12;6;0;0;;;;18;5;10;0;0;;;;15;33
58020;Carpineto Romano;41;17;10;0;0;;;;27;7;16;1;0;;;;24;51
58020;Carpineto Romano;42;7;11;0;0;;;;18;10;15;1;0;;;;26;44
58020;Carpineto Romano;43;11;18;0;0;;;;29;12;5;0;1;;;;18;47
58020;Carpineto Romano;44;7;15;1;0;;;;23;7;13;0;0;;;;20;43
58020;Carpineto Romano;45;18;14;1;0;;;;33;14;23;1;0;;;;38;71
58020;Carpineto Romano;46;11;9;0;0;;;;20;9;22;0;1;;;;32;52
58020;Carpineto Romano;47;16;15;0;1;;;;32;4;21;3;0;;;;28;60
58020;Carpineto Romano;48;13;19;1;0;;;;33;4;14;0;1;;;;19;52
58020;Carpineto Romano;49;13;17;0;0;;;;30;5;16;3;2;;;;26;56
58020;Carpineto Romano;50;12;13;0;1;;;;26;8;25;1;0;;;;34;60
58020;Carpineto Romano;51;11;10;0;0;;;;21;8;22;0;0;;;;30;51
58020;Carpineto Romano;52;14;27;2;0;;;;43;7;22;2;2;;;;33;76
58020;Carpineto Romano;53;14;21;5;0;;;;40;9;32;0;0;;;;41;81
58020;Carpineto Romano;54;10;17;1;0;;;;28;4;11;3;0;;;;18;46
58020;Carpineto Romano;55;10;12;2;0;;;;24;4;33;2;3;;;;42;66
58020;Carpineto Romano;56;7;22;0;0;;;;29;3;27;0;2;;;;32;61
58020;Carpineto Romano;57;11;27;3;0;;;;41;3;24;0;2;;;;29;70
58020;Carpineto Romano;58;11;32;0;1;;;;44;5;19;1;1;;;;26;70
58020;Carpineto Romano;59;7;22;0;1;;;;30;7;25;2;3;;;;37;67
58020;Carpineto Romano;60;7;19;1;0;;;;27;3;31;4;0;;;;38;65
58020;Carpineto Romano;61;8;17;2;0;;;;27;3;22;0;2;;;;27;54
58020;Carpineto Romano;62;5;28;1;0;;;;34;3;28;2;5;;;;38;72
58020;Carpineto Romano;63;3;20;2;0;;;;25;5;19;3;3;;;;30;55
58020;Carpineto Romano;64;7;19;2;1;;;;29;4;28;1;3;;;;36;65
58020;Carpineto Romano;65;5;24;1;1;;;;31;3;21;1;6;;;;31;62
58020;Carpineto Romano;66;4;19;1;1;;;;25;5;15;0;5;;;;25;50
58020;Carpineto Romano;67;6;24;0;1;;;;31;0;25;0;8;;;;33;64
58020;Carpineto Romano;68;5;15;0;2;;;;22;3;23;0;8;;;;34;56
58020;Carpineto Romano;69;4;18;1;1;;;;24;2;16;0;10;;;;28;52
58020;Carpineto Romano;70;1;23;0;3;;;;27;1;18;1;9;;;;29;56
58020;Carpineto Romano;71;2;14;0;1;;;;17;1;23;0;10;;;;34;51
58020;Carpineto Romano;72;1;25;2;0;;;;28;2;15;0;4;;;;21;49
58020;Carpineto Romano;73;3;28;1;1;;;;33;1;20;0;11;;;;32;65
58020;Carpineto Romano;74;0;18;0;2;;;;20;0;17;2;8;;;;27;47
58020;Carpineto Romano;75;2;21;0;2;;;;25;0;14;1;11;;;;26;51
58020;Carpineto Romano;76;2;22;0;5;;;;29;0;26;0;15;;;;41;70
58020;Carpineto Romano;77;4;15;0;1;;;;20;0;22;0;11;;;;33;53
58020;Carpineto Romano;78;0;19;1;2;;;;22;0;10;0;4;;;;14;36
58020;Carpineto Romano;79;1;15;0;2;;;;18;2;10;0;9;;;;21;39
58020;Carpineto Romano;80;0;10;0;1;;;;11;1;10;1;7;;;;19;30
58020;Carpineto Romano;81;2;17;0;3;;;;22;2;10;1;14;;;;27;49
58020;Carpineto Romano;82;1;19;0;2;;;;22;0;8;0;7;;;;15;37
58020;Carpineto Romano;83;1;8;0;4;;;;13;0;8;0;10;;;;18;31
58020;Carpineto Romano;84;0;13;0;1;;;;14;2;6;1;16;;;;25;39
58020;Carpineto Romano;85;1;13;0;6;;;;20;2;3;0;15;;;;20;40
58020;Carpineto Romano;86;2;17;0;5;;;;24;1;2;1;15;;;;19;43
58020;Carpineto Romano;87;1;6;0;0;;;;7;1;5;0;8;;;;14;21
58020;Carpineto Romano;88;0;8;0;0;;;;8;0;3;0;5;;;;8;16
58020;Carpineto Romano;89;1;4;0;2;;;;7;0;0;0;9;;;;9;16
58020;Carpineto Romano;90;0;4;0;3;;;;7;2;1;0;7;;;;10;17
58020;Carpineto Romano;91;0;8;0;4;;;;12;1;1;0;7;;;;9;21
58020;Carpineto Romano;92;0;1;0;3;;;;4;1;0;0;11;;;;12;16
58020;Carpineto Romano;93;0;6;0;2;;;;8;0;1;0;5;;;;6;14
58020;Carpineto Romano;94;0;2;0;1;;;;3;1;0;0;6;;;;7;10
58020;Carpineto Romano;95;0;0;0;1;;;;1;0;1;0;8;;;;9;10
58020;Carpineto Romano;96;0;0;0;1;;;;1;0;0;0;7;;;;7;8
58020;Carpineto Romano;97;0;0;0;0;;;;0;1;0;0;1;;;;2;2
58020;Carpineto Romano;98;0;0;0;1;;;;1;1;0;0;3;;;;4;5
58020;Carpineto Romano;99;0;0;0;0;;;;0;2;0;0;1;;;;3;3
58020;Carpineto Romano;100;0;0;0;0;;;;0;0;0;0;4;;;;4;4
58020;Carpineto Romano;999;919;900;31;70;;;;1920;742;918;41;326;;;;2027;3947
58021;Casape;0;2;0;0;0;;;;2;4;0;0;0;;;;4;6
58021;Casape;1;0;0;0;0;;;;0;2;0;0;0;;;;2;2
58021;Casape;2;2;0;0;0;;;;2;0;0;0;0;;;;0;2
58021;Casape;3;1;0;0;0;;;;1;2;0;0;0;;;;2;3
58021;Casape;4;0;0;0;0;;;;0;0;0;0;0;;;;0;0
58021;Casape;5;2;0;0;0;;;;2;2;0;0;0;;;;2;4
58021;Casape;6;2;0;0;0;;;;2;2;0;0;0;;;;2;4
58021;Casape;7;1;0;0;0;;;;1;1;0;0;0;;;;1;2
58021;Casape;8;0;0;0;0;;;;0;4;0;0;0;;;;4;4
58021;Casape;9;1;0;0;0;;;;1;2;0;0;0;;;;2;3
58021;Casape;10;2;0;0;0;;;;2;2;0;0;0;;;;2;4
58021;Casape;11;1;0;0;0;;;;1;1;0;0;0;;;;1;2
58021;Casape;12;0;0;0;0;;;;0;2;0;0;0;;;;2;2
58021;Casape;13;3;0;0;0;;;;3;1;0;0;0;;;;1;4
58021;Casape;14;2;0;0;0;;;;2;1;0;0;0;;;;1;3
58021;Casape;15;1;0;0;0;;;;1;5;0;0;0;;;;5;6
58021;Casape;16;6;0;0;0;;;;6;4;0;0;0;;;;4;10
58021;Casape;17;2;0;0;0;;;;2;3;0;0;0;;;;3;5
58021;Casape;18;0;0;0;0;;;;0;1;0;0;0;;;;1;1
58021;Casape;19;3;0;0;0;;;;3;3;0;0;0;;;;3;6
58021;Casape;20;3;0;0;0;;;;3;2;0;0;0;;;;2;5
58021;Casape;21;0;0;0;0;;;;0;1;0;0;0;;;;1;1
58021;Casape;22;6;0;0;0;;;;6;2;0;0;0;;;;2;8
58021;Casape;23;6;0;0;0;;;;6;2;0;0;0;;;;2;8
58021;Casape;24;5;0;0;0;;;;5;2;0;0;0;;;;2;7
58021;Casape;25;1;0;0;0;;;;1;2;0;0;0;;;;2;3
58021;Casape;26;1;0;0;0;;;;1;4;0;0;0;;;;4;5
58021;Casape;27;4;0;0;0;;;;4;2;0;0;0;;;;2;6
58021;Casape;28;3;0;0;0;;;;3;4;1;0;0;;;;5;8
58021;Casape;29;1;0;0;0;;;;1;2;0;0;0;;;;2;3
58021;Casape;30;0;2;0;0;;;;2;4;0;0;0;;;;4;6
58021;Casape;31;3;0;0;0;;;;3;1;2;0;0;;;;3;6
58021;Casape;32;3;0;0;0;;;;3;2;0;0;0;;;;2;5
58021;Casape;33;4;0;0;0;;;;4;2;0;0;0;;;;2;6
58021;Casape;34;4;0;0;0;;;;4;0;1;0;0;;;;1;5
58021;Casape;35;7;1;0;0;;;;8;0;2;1;0;;;;3;11
58021;Casape;36;8;2;0;0;;;;10;2;1;0;0;;;;3;13
58021;Casape;37;4;1;0;0;;;;5;0;0;0;0;;;;0;5
58021;Casape;38;2;1;0;0;;;;3;1;1;1;0;;;;3;6
58021;Casape;39;2;1;0;0;;;;3;1;2;0;0;;;;3;6
58021;Casape;40;2;2;0;0;;;;4;3;4;0;0;;;;7;11
58021;Casape;41;1;1;0;0;;;;2;0;0;0;0;;;;0;2
58021;Casape;42;3;0;0;0;;;;3;0;1;0;0;;;;1;4
58021;Casape;43;1;4;0;0;;;;5;1;2;0;0;;;;3;8
58021;Casape;44;2;2;0;0;;;;4;2;0;0;0;;;;2;6
58021;Casape;45;0;0;0;0;;;;0;2;1;0;0;;;;3;3
58021;Casape;46;2;1;0;0;;;;3;0;3;0;0;;;;3;6
58021;Casape;47;3;1;0;0;;;;4;1;3;0;0;;;;4;8
58021;Casape;48;2;2;0;0;;;;4;2;1;0;0;;;;3;7
58021;Casape;49;4;2;0;0;;;;6;1;3;0;0;;;;4;10
58021;Casape;50;1;1;0;0;;;;2;4;3;0;0;;;;7;9
58021;Casape;51;4;4;0;0;;;;8;4;3;0;1;;;;8;16
58021;Casape;52;2;3;0;0;;;;5;1;6;0;0;;;;7;12
58021;Casape;53;0;1;0;0;;;;1;1;5;0;1;;;;7;8
58021;Casape;54;0;5;0;0;;;;5;1;2;1;0;;;;4;9
58021;Casape;55;2;4;0;0;;;;6;1;1;0;0;;;;2;8
58021;Casape;56;2;5;1;0;;;;8;1;5;1;0;;;;7;15
58021;Casape;57;1;3;1;0;;;;5;0;5;2;0;;;;7;12
58021;Casape;58;1;5;0;0;;;;6;1;3;0;0;;;;4;10
58021;Casape;59;3;5;1;0;;;;9;0;5;1;1;;;;7;16
58021;Casape;60;0;6;1;0;;;;7;1;4;0;0;;;;5;12
58021;Casape;61;2;5;1;0;;;;8;2;5;0;1;;;;8;16
58021;Casape;62;3;3;0;0;;;;6;0;6;0;0;;;;6;12
58021;Casape;63;3;3;0;0;;;;6;2;3;0;1;;;;6;12
58021;Casape;64;2;2;0;0;;;;4;0;5;0;1;;;;6;10
58021;Casape;65;0;4;0;0;;;;4;0;4;0;0;;;;4;8
58021;Casape;66;0;5;1;0;;;;6;0;3;1;0;;;;4;10
58021;Casape;67;0;4;0;1;;;;5;1;0;0;1;;;;2;7
58021;Casape;68;0;2;0;0;;;;2;1;3;0;1;;;;5;7
58021;Casape;69;0;9;0;0;;;;9;1;6;0;0;;;;7;16
58021;Casape;70;1;3;1;0;;;;5;0;3;0;0;;;;3;8
58021;Casape;71;0;0;0;0;;;;0;0;2;0;2;;;;4;4
58021;Casape;72;0;3;0;0;;;;3;0;2;0;0;;;;2;5
58021;Casape;73;0;4;0;0;;;;4;0;5;0;0;;;;5;9
58021;Casape;74;0;4;0;0;;;;4;1;4;0;3;;;;8;12
58021;Casape;75;0;3;0;1;;;;4;0;2;1;2;;;;5;9
58021;Casape;76;0;4;1;0;;;;5;0;2;1;2;;;;5;10
58021;Casape;77;0;4;0;0;;;;4;0;1;0;1;;;;2;6
58021;Casape;78;0;2;1;0;;;;3;1;1;1;2;;;;5;8
58021;Casape;79;0;0;1;0;;;;1;0;2;2;1;;;;5;6
58021;Casape;80;0;2;0;0;;;;2;0;0;0;2;;;;2;4
58021;Casape;81;0;2;0;0;;;;2;0;1;0;4;;;;5;7
58021;Casape;82;0;2;0;0;;;;2;1;0;0;2;;;;3;5
58021;Casape;83;0;0;0;0;;;;0;0;0;0;1;;;;1;1
58021;Casape;84;0;0;0;0;;;;0;0;1;0;2;;;;3;3
58021;Casape;85;0;2;0;0;;;;2;0;1;0;3;;;;4;6
58021;Casape;86;0;0;0;0;;;;0;0;0;0;2;;;;2;2
58021;Casape;87;0;0;0;0;;;;0;1;0;0;0;;;;1;1
58021;Casape;88;0;0;0;0;;;;0;0;1;0;1;;;;2;2
58021;Casape;89;0;1;1;0;;;;2;0;0;0;4;;;;4;6
58021;Casape;90;0;1;0;0;;;;1;0;0;0;1;;;;1;2
58021;Casape;91;0;0;0;0;;;;0;0;0;0;2;;;;2;2
58021;Casape;92;0;0;0;0;;;;0;0;0;0;2;;;;2;2
58021;Casape;93;0;0;0;0;;;;0;0;0;0;0;;;;0;0
58021;Casape;94;0;0;0;1;;;;1;0;0;0;0;;;;0;1
58021;Casape;95;0;0;0;0;;;;0;0;0;0;2;;;;2;2
58021;Casape;96;0;0;0;0;;;;0;0;0;0;1;;;;1;1
58021;Casape;97;0;0;0;0;;;;0;0;0;0;0;;;;0;0
58021;Casape;98;0;0;0;0;;;;0;0;0;0;0;;;;0;0
58021;Casape;99;0;0;0;0;;;;0;0;0;0;0;;;;0;0
58021;Casape;100;0;0;0;0;;;;0;0;0;0;1;;;;1;1
58021;Casape;999;145;139;11;3;;;;298;116;133;13;51;;;;313;611
58022;Castel Gandolfo;0;20;0;0;0;;;;20;18;0;0;0;;;;18;38
58022;Castel Gandolfo;1;17;0;0;0;;;;17;25;0;0;0;;;;25;42
58022;Castel Gandolfo;2;20;0;0;0;;;;20;33;0;0;0;;;;33;53
58022;Castel Gandolfo;3;26;0;0;0;;;;26;26;0;0;0;;;;26;52
58022;Castel Gandolfo;4;38;0;0;0;;;;38;25;0;0;0;;;;25;63
58022;Castel Gandolfo;5;27;0;0;0;;;;27;22;0;0;0;;;;22;49
58022;Castel Gandolfo;6;28;0;0;0;;;;28;32;0;0;0;;;;32;60
58022;Castel Gandolfo;7;30;0;0;0;;;;30;39;0;0;0;;;;39;69
58022;Castel Gandolfo;8;34;0;0;0;;;;34;29;0;0;0;;;;29;63
58022;Castel Gandolfo;9;41;0;0;0;;;;41;32;0;0;0;;;;32;73
58022;Castel Gandolfo;10;34;0;0;0;;;;34;31;0;0;0;;;;31;65
58022;Castel Gandolfo;11;43;0;0;0;;;;43;30;0;0;0;;;;30;73
58022;Castel Gandolfo;12;41;0;0;0;;;;41;42;0;0;0;;;;42;83
58022;Castel Gandolfo;13;46;0;0;0;;;;46;33;0;0;0;;;;33;79
58022;Castel Gandolfo;14;47;0;0;0;;;;47;44;0;0;0;;;;44;91
58022;Castel Gandolfo;15;45;0;0;0;;;;45;40;0;0;0;;;;40;85
58022;Castel Gandolfo;16;55;0;0;0;;;;55;45;0;0;0;;;;45;100
58022;Castel Gandolfo;17;35;0;0;0;;;;35;46;0;0;0;;;;46;81
58022;Castel Gandolfo;18;44;0;0;0;;;;44;35;0;0;0;;;;35;79
58022;Castel Gandolfo;19;48;0;0;0;;;;48;37;0;0;0;;;;37;85
58022;Castel Gandolfo;20;35;0;0;0;;;;35;44;0;0;0;;;;44;79
58022;Castel Gandolfo;21;50;0;0;0;;;;50;42;0;0;0;;;;42;92
58022;Castel Gandolfo;22;40;0;0;0;;;;40;48;0;0;0;;;;48;88
58022;Castel Gandolfo;23;46;1;0;0;;;;47;38;4;0;0;;;;42;89
58022;Castel Gandolfo;24;44;0;0;0;;;;44;50;2;0;0;;;;52;96
58022;Castel Gandolfo;25;31;0;0;0;;;;31;34;0;0;0;;;;34;65
58022;Castel Gandolfo;26;45;1;0;0;;;;46;49;0;0;0;;;;49;95
58022;Castel Gandolfo;27;38;1;0;0;;;;39;38;2;0;0;;;;40;79
58022;Castel Gandolfo;28;38;3;0;0;;;;41;35;4;0;0;;;;39;80
58022;Castel Gandolfo;29;32;2;0;0;;;;34;45;8;0;0;;;;53;87
58022;Castel Gandolfo;30;55;2;0;0;;;;57;32;10;0;0;;;;42;99
58022;Castel Gandolfo;31;44;3;0;0;;;;47;44;13;0;0;;;;57;104
58022;Castel Gandolfo;32;28;9;0;0;;;;37;52;10;0;0;;;;62;99
58022;Castel Gandolfo;33;41;8;0;0;;;;49;48;20;2;0;;;;70;119
58022;Castel Gandolfo;34;33;14;0;0;;;;47;38;16;0;0;;;;54;101
58022;Castel Gandolfo;35;35;15;0;0;;;;50;20;14;0;0;;;;34;84
58022;Castel Gandolfo;36;23;12;0;0;;;;35;49;19;2;0;;;;70;105
58022;Castel Gandolfo;37;18;23;0;0;;;;41;44;14;2;0;;;;60;101
58022;Castel Gandolfo;38;24;12;0;0;;;;36;28;23;1;0;;;;52;88
58022;Castel Gandolfo;39;33;15;0;0;;;;48;40;27;1;0;;;;68;116
58022;Castel Gandolfo;40;14;20;0;0;;;;34;21;21;1;0;;;;43;77
58022;Castel Gandolfo;41;24;22;3;0;;;;49;23;27;0;0;;;;50;99
58022;Castel Gandolfo;42;35;29;0;0;;;;64;15;27;4;0;;;;46;110
58022;Castel Gandolfo;43;29;30;0;0;;;;59;20;24;3;0;;;;47;106
58022;Castel Gandolfo;44;24;31;2;0;;;;57;21;27;1;0;;;;49;106
58022;Castel Gandolfo;45;21;29;1;0;;;;51;21;46;1;0;;;;68;119
58022;Castel Gandolfo;46;21;35;5;0;;;;61;18;37;6;0;;;;61;122
58022;Castel Gandolfo;47;18;45;3;0;;;;66;18;44;9;0;;;;71;137
58022;Castel Gandolfo;48;21;35;3;0;;;;59;21;59;6;0;;;;86;145
58022;Castel Gandolfo;49;21;37;3;0;;;;61;19;44;8;3;;;;74;135
58022;Castel Gandolfo;50;15;49;4;0;;;;68;13;52;4;2;;;;71;139
58022;Castel Gandolfo;51;21;42;5;0;;;;68;25;46;5;2;;;;78;146
58022;Castel Gandolfo;52;23;41;3;0;;;;67;18;57;7;2;;;;84;151
58022;Castel Gandolfo;53;22;48;4;0;;;;74;15;58;10;1;;;;84;158
58022;Castel Gandolfo;54;15;45;3;0;;;;63;9;53;14;3;;;;79;142
58022;Castel Gandolfo;55;11;59;5;3;;;;78;13;42;7;3;;;;65;143
58022;Castel Gandolfo;56;18;52;7;0;;;;77;6;51;12;2;;;;71;148
58022;Castel Gandolfo;57;17;58;3;2;;;;80;10;53;9;4;;;;76;156
58022;Castel Gandolfo;58;10;51;5;0;;;;66;12;45;8;5;;;;70;136
58022;Castel Gandolfo;59;3;53;9;0;;;;65;9;62;4;5;;;;80;145
58022;Castel Gandolfo;60;15;52;6;0;;;;73;15;61;3;4;;;;83;156
58022;Castel Gandolfo;61;8;53;5;0;;;;66;10;62;7;8;;;;87;153
58022;Castel Gandolfo;62;9;54;7;0;;;;70;12;50;6;2;;;;70;140
58022;Castel Gandolfo;63;7;53;2;2;;;;64;7;41;3;4;;;;55;119
58022;Castel Gandolfo;64;7;38;8;1;;;;54;9;31;6;5;;;;51;105
58022;Castel Gandolfo;65;8;53;5;2;;;;68;6;49;3;6;;;;64;132
58022;Castel Gandolfo;66;4;40;6;2;;;;52;5;41;5;5;;;;56;108
58022;Castel Gandolfo;67;4;41;4;0;;;;49;3;53;7;12;;;;75;124
58022;Castel Gandolfo;68;8;38;1;0;;;;47;7;29;7;2;;;;45;92
58022;Castel Gandolfo;69;3;39;2;0;;;;44;6;35;1;9;;;;51;95
58022;Castel Gandolfo;70;1;37;4;1;;;;43;2;34;1;7;;;;44;87
58022;Castel Gandolfo;71;1;34;5;2;;;;42;0;36;3;10;;;;49;91
58022;Castel Gandolfo;72;3;33;1;1;;;;38;4;37;4;11;;;;56;94
58022;Castel Gandolfo;73;2;30;2;0;;;;34;9;20;0;10;;;;39;73
58022;Castel Gandolfo;74;0;34;4;1;;;;39;4;24;1;19;;;;48;87
58022;Castel Gandolfo;75;3;26;3;7;;;;39;4;22;2;10;;;;38;77
58022;Castel Gandolfo;76;1;34;0;2;;;;37;5;26;2;11;;;;44;81
58022;Castel Gandolfo;77;2;42;0;3;;;;47;5;20;2;13;;;;40;87
58022;Castel Gandolfo;78;2;30;1;4;;;;37;7;23;0;18;;;;48;85
58022;Castel Gandolfo;79;0;24;1;4;;;;29;4;18;2;11;;;;35;64
58022;Castel Gandolfo;80;0;20;0;1;;;;21;1;16;3;17;;;;37;58
58022;Castel Gandolfo;81;0;27;1;2;;;;30;1;18;0;6;;;;25;55
58022;Castel Gandolfo;82;2;17;1;4;;;;24;5;13;1;19;;;;38;62
58022;Castel Gandolfo;83;1;14;0;3;;;;18;3;11;0;26;;;;40;58
58022;Castel Gandolfo;84;3;22;0;4;;;;29;9;15;2;19;;;;45;74
58022;Castel Gandolfo;85;1;16;0;5;;;;22;6;6;0;19;;;;31;53
58022;Castel Gandolfo;86;1;13;0;2;;;;16;5;7;0;21;;;;33;49
58022;Castel Gandolfo;87;0;8;0;2;;;;10;8;5;0;13;;;;26;36
58022;Castel Gandolfo;88;0;11;0;1;;;;12;3;4;1;20;;;;28;40
58022;Castel Gandolfo;89;1;6;0;4;;;;11;1;3;0;17;;;;21;32
58022;Castel Gandolfo;90;0;4;0;1;;;;5;4;3;0;12;;;;19;24
58022;Castel Gandolfo;91;0;1;0;2;;;;3;2;0;0;12;;;;14;17
58022;Castel Gandolfo;92;0;5;0;3;;;;8;1;1;0;6;;;;8;16
58022;Castel Gandolfo;93;0;5;0;0;;;;5;1;0;0;9;;;;10;15
58022;Castel Gandolfo;94;0;1;0;1;;;;2;3;1;0;6;;;;10;12
58022;Castel Gandolfo;95;0;0;0;0;;;;0;0;0;0;2;;;;2;2
58022;Castel Gandolfo;96;0;0;0;0;;;;0;2;0;0;3;;;;5;5
58022;Castel Gandolfo;97;0;0;0;0;;;;0;1;0;0;4;;;;5;5
58022;Castel Gandolfo;98;0;0;0;2;;;;2;0;0;0;1;;;;1;3
58022;Castel Gandolfo;99;0;0;0;0;;;;0;0;0;0;1;;;;1;1
58022;Castel Gandolfo;100;0;0;0;1;;;;1;1;0;0;5;;;;6;7
58022;Castel Gandolfo;999;1932;1887;137;75;;;;4031;1990;1876;199;447;;;;4512;8543
58023;Castel Madama;0;21;0;0;0;;;;21;26;0;0;0;;;;26;47
58023;Castel Madama;1;25;0;0;0;;;;25;17;0;0;0;;;;17;42
58023;Castel Madama;2;23;0;0;0;;;;23;22;0;0;0;;;;22;45
58023;Castel Madama;3;27;0;0;0;;;;27;29;0;0;0;;;;29;56
58023;Castel Madama;4;24;0;0;0;;;;24;31;0;0;0;;;;31;55
58023;Castel Madama;5;19;0;0;0;;;;19;22;0;0;0;;;;22;41
58023;Castel Madama;6;28;0;0;0;;;;28;25;0;0;0;;;;25;53
58023;Castel Madama;7;25;0;0;0;;;;25;31;0;0;0;;;;31;56
58023;Castel Madama;8;27;0;0;0;;;;27;32;0;0;0;;;;32;59
58023;Castel Madama;9;42;0;0;0;;;;42;28;0;0;0;;;;28;70
58023;Castel Madama;10;44;0;0;0;;;;44;30;0;0;0;;;;30;74
58023;Castel Madama;11;38;0;0;0;;;;38;29;0;0;0;;;;29;67
58023;Castel Madama;12;32;0;0;0;;;;32;28;0;0;0;;;;28;60
58023;Castel Madama;13;41;0;0;0;;;;41;36;0;0;0;;;;36;77
58023;Castel Madama;14;28;0;0;0;;;;28;38;0;0;0;;;;38;66
58023;Castel Madama;15;56;0;0;0;;;;56;35;0;0;0;;;;35;91
58023;Castel Madama;16;36;0;0;0;;;;36;41;0;0;0;;;;41;77
58023;Castel Madama;17;35;0;0;0;;;;35;26;0;0;0;;;;26;61
58023;Castel Madama;18;35;0;0;0;;;;35;31;0;0;0;;;;31;66
58023;Castel Madama;19;44;0;0;0;;;;44;29;0;0;0;;;;29;73
58023;Castel Madama;20;31;0;0;0;;;;31;34;0;0;0;;;;34;65
58023;Castel Madama;21;36;0;0;0;;;;36;42;0;0;0;;;;42;78
58023;Castel Madama;22;46;0;0;0;;;;46;25;1;0;0;;;;26;72
58023;Castel Madama;23;32;0;0;0;;;;32;25;2;0;0;;;;27;59
58023;Castel Madama;24;25;1;0;0;;;;26;17;2;0;0;;;;19;45
58023;Castel Madama;25;39;0;0;0;;;;39;27;1;0;0;;;;28;67
58023;Castel Madama;26;29;1;0;0;;;;30;40;2;0;0;;;;42;72
58023;Castel Madama;27;36;1;0;0;;;;37;29;1;0;0;;;;30;67
58023;Castel Madama;28;30;1;0;0;;;;31;35;1;0;0;;;;36;67
58023;Castel Madama;29;24;2;0;0;;;;26;23;6;0;0;;;;29;55
58023;Castel Madama;30;34;1;0;0;;;;35;34;3;0;0;;;;37;72
58023;Castel Madama;31;28;0;0;0;;;;28;15;6;1;0;;;;22;50
58023;Castel Madama;32;29;7;0;0;;;;36;30;7;0;0;;;;37;73
58023;Castel Madama;33;36;4;1;0;;;;41;26;7;0;0;;;;33;74
58023;Castel Madama;34;27;9;0;0;;;;36;23;11;0;0;;;;34;70
58023;Castel Madama;35;32;9;0;0;;;;41;17;11;0;0;;;;28;69
58023;Castel Madama;36;37;8;0;0;;;;45;23;17;0;0;;;;40;85
58023;Castel Madama;37;32;14;0;0;;;;46;28;23;0;0;;;;51;97
58023;Castel Madama;38;22;14;0;0;;;;36;27;20;1;1;;;;49;85
58023;Castel Madama;39;30;13;0;0;;;;43;18;24;0;0;;;;42;85
58023;Castel Madama;40;27;23;0;0;;;;50;21;20;1;0;;;;42;92
58023;Castel Madama;41;22;28;0;0;;;;50;16;34;1;0;;;;51;101
58023;Castel Madama;42;28;17;0;0;;;;45;16;30;1;1;;;;48;93
58023;Castel Madama;43;17;16;3;0;;;;36;16;25;3;1;;;;45;81
58023;Castel Madama;44;19;21;0;0;;;;40;11;21;1;1;;;;34;74
58023;Castel Madama;45;13;28;3;0;;;;44;12;34;3;0;;;;49;93
58023;Castel Madama;46;25;25;2;0;;;;52;20;41;1;0;;;;62;114
58023;Castel Madama;47;22;27;1;0;;;;50;5;29;3;0;;;;37;87
58023;Castel Madama;48;18;39;0;0;;;;57;17;40;3;0;;;;60;117
58023;Castel Madama;49;21;41;5;1;;;;68;9;33;5;5;;;;52;120
58023;Castel Madama;50;24;44;3;0;;;;71;11;38;2;1;;;;52;123
58023;Castel Madama;51;12;27;5;0;;;;44;7;38;6;0;;;;51;95
58023;Castel Madama;52;18;39;2;1;;;;60;11;48;3;2;;;;64;124
58023;Castel Madama;53;12;43;4;0;;;;59;6;32;7;0;;;;45;104
58023;Castel Madama;54;18;36;1;0;;;;55;4;33;5;3;;;;45;100
58023;Castel Madama;55;21;39;11;2;;;;73;11;36;6;3;;;;56;129
58023;Castel Madama;56;17;40;3;1;;;;61;6;40;3;4;;;;53;114
58023;Castel Madama;57;10;47;2;0;;;;59;9;43;9;3;;;;64;123
58023;Castel Madama;58;12;37;4;2;;;;55;10;47;5;5;;;;67;122
58023;Castel Madama;59;10;49;6;1;;;;66;5;38;3;3;;;;49;115
58023;Castel Madama;60;5;49;2;1;;;;57;4;51;3;6;;;;64;121
58023;Castel Madama;61;7;42;6;2;;;;57;7;48;4;8;;;;67;124
58023;Castel Madama;62;2;27;2;1;;;;32;6;41;2;7;;;;56;88
58023;Castel Madama;63;12;50;5;0;;;;67;4;38;1;6;;;;49;116
58023;Castel Madama;64;3;56;4;1;;;;64;4;42;4;8;;;;58;122
58023;Castel Madama;65;3;40;3;2;;;;48;9;39;6;6;;;;60;108
58023;Castel Madama;66;2;38;3;1;;;;44;6;36;0;8;;;;50;94
58023;Castel Madama;67;1;43;6;0;;;;50;2;43;1;6;;;;52;102
58023;Castel Madama;68;1;34;2;1;;;;38;2;31;2;7;;;;42;80
58023;Castel Madama;69;0;39;5;2;;;;46;4;39;1;6;;;;50;96
58023;Castel Madama;70;3;34;3;1;;;;41;3;40;1;7;;;;51;92
58023;Castel Madama;71;0;29;1;1;;;;31;2;29;2;11;;;;44;75
58023;Castel Madama;72;2;34;0;3;;;;39;0;28;1;11;;;;40;79
58023;Castel Madama;73;1;33;1;5;;;;40;2;22;1;10;;;;35;75
58023;Castel Madama;74;1;33;0;4;;;;38;1;23;2;14;;;;40;78
58023;Castel Madama;75;1;29;2;2;;;;34;2;18;0;6;;;;26;60
58023;Castel Madama;76;0;35;0;0;;;;35;0;24;1;19;;;;44;79
58023;Castel Madama;77;3;27;2;2;;;;34;1;24;0;19;;;;44;78
58023;Castel Madama;78;3;26;0;1;;;;30;2;16;1;16;;;;35;65
58023;Castel Madama;79;1;18;1;4;;;;24;0;8;2;11;;;;21;45
58023;Castel Madama;80;0;15;0;2;;;;17;2;7;0;16;;;;25;42
58023;Castel Madama;81;2;15;1;2;;;;20;3;9;1;15;;;;28;48
58023;Castel Madama;82;1;21;1;3;;;;26;1;9;0;18;;;;28;54
58023;Castel Madama;83;1;6;0;5;;;;12;1;13;0;15;;;;29;41
58023;Castel Madama;84;0;14;0;1;;;;15;0;8;1;17;;;;26;41
58023;Castel Madama;85;1;14;1;2;;;;18;0;5;0;17;;;;22;40
58023;Castel Madama;86;1;6;0;3;;;;10;2;4;0;23;;;;29;39
58023;Castel Madama;87;0;12;0;5;;;;17;0;3;2;14;;;;19;36
58023;Castel Madama;88;1;6;0;5;;;;12;0;5;0;13;;;;18;30
58023;Castel Madama;89;0;3;1;3;;;;7;1;2;0;8;;;;11;18
58023;Castel Madama;90;0;2;0;4;;;;6;1;2;0;12;;;;15;21
58023;Castel Madama;91;0;6;0;2;;;;8;0;0;1;11;;;;12;20
58023;Castel Madama;92;0;3;0;1;;;;4;1;1;0;10;;;;12;16
58023;Castel Madama;93;0;3;0;2;;;;5;0;0;0;5;;;;5;10
58023;Castel Madama;94;0;1;0;0;;;;1;0;1;0;7;;;;8;9
58023;Castel Madama;95;0;1;0;0;;;;1;0;1;0;5;;;;6;7
58023;Castel Madama;96;0;0;0;1;;;;1;0;1;0;5;;;;6;7
58023;Castel Madama;97;0;0;0;0;;;;0;0;0;0;1;;;;1;1
58023;Castel Madama;98;0;0;0;0;;;;0;0;0;0;3;;;;3;3
58023;Castel Madama;99;0;1;0;0;;;;1;0;0;0;0;;;;0;1
58023;Castel Madama;100;0;0;0;2;;;;2;0;0;0;1;;;;1;3
58023;Castel Madama;999;1709;1596;108;85;;;;3498;1420;1556;113;441;;;;3530;7028
58024;Castelnuovo di Porto;0;31;0;0;0;;;;31;18;0;0;0;;;;18;49
58024;Castelnuovo di Porto;1;30;0;0;0;;;;30;31;0;0;0;;;;31;61
58024;Castelnuovo di Porto;2;25;0;0;0;;;;25;30;0;0;0;;;;30;55
58024;Castelnuovo di Porto;3;32;0;0;0;;;;32;31;0;0;0;;;;31;63
58024;Castelnuovo di Porto;4;33;0;0;0;;;;33;27;0;0;0;;;;27;60
58024;Castelnuovo di Porto;5;31;0;0;0;;;;31;30;0;0;0;;;;30;61
58024;Castelnuovo di Porto;6;31;0;0;0;;;;31;29;0;0;0;;;;29;60
58024;Castelnuovo di Porto;7;32;0;0;0;;;;32;41;0;0;0;;;;41;73
58024;Castelnuovo di Porto;8;39;0;0;0;;;;39;28;0;0;0;;;;28;67
58024;Castelnuovo di Porto;9;42;0;0;0;;;;42;45;0;0;0;;;;45;87
58024;Castelnuovo di Porto;10;41;0;0;0;;;;41;50;0;0;0;;;;50;91
58024;Castelnuovo di Porto;11;48;0;0;0;;;;48;45;0;0;0;;;;45;93
58024;Castelnuovo di Porto;12;35;0;0;0;;;;35;47;0;0;0;;;;47;82
58024;Castelnuovo di Porto;13;36;0;0;0;;;;36;41;0;0;0;;;;41;77
58024;Castelnuovo di Porto;14;40;0;0;0;;;;40;42;0;0;0;;;;42;82
58024;Castelnuovo di Porto;15;36;0;0;0;;;;36;41;0;0;0;;;;41;77
58024;Castelnuovo di Porto;16;45;0;0;0;;;;45;43;0;0;0;;;;43;88
58024;Castelnuovo di Porto;17;54;0;0;0;;;;54;45;0;0;0;;;;45;99
58024;Castelnuovo di Porto;18;49;0;0;0;;;;49;49;0;0;0;;;;49;98
58024;Castelnuovo di Porto;19;48;0;0;0;;;;48;34;0;0;0;;;;34;82
58024;Castelnuovo di Porto;20;49;0;0;0;;;;49;39;0;0;0;;;;39;88
58024;Castelnuovo di Porto;21;43;0;0;0;;;;43;43;0;0;0;;;;43;86
58024;Castelnuovo di Porto;22;37;0;0;0;;;;37;43;0;0;0;;;;43;80
58024;Castelnuovo di Porto;23;47;0;0;0;;;;47;41;1;0;0;;;;42;89
58024;Castelnuovo di Porto;24;51;0;0;0;;;;51;46;1;0;0;;;;47;98
58024;Castelnuovo di Porto;25;46;1;0;0;;;;47;38;2;0;0;;;;40;87
58024;Castelnuovo di Porto;26;53;0;0;0;;;;53;40;6;1;0;;;;47;100
58024;Castelnuovo di Porto;27;49;3;0;0;;;;52;27;4;0;0;;;;31;83
58024;Castelnuovo di Porto;28;32;0;0;0;;;;32;38;2;0;0;;;;40;72
58024;Castelnuovo di Porto;29;47;2;0;0;;;;49;41;5;0;0;;;;46;95
58024;Castelnuovo di Porto;30;51;6;0;0;;;;57;23;6;1;0;;;;30;87
58024;Castelnuovo di Porto;31;42;6;0;0;;;;48;30;20;1;0;;;;51;99
58024;Castelnuovo di Porto;32;50;4;0;0;;;;54;26;18;0;0;;;;44;98
58024;Castelnuovo di Porto;33;46;9;1;0;;;;56;34;21;0;1;;;;56;112
58024;Castelnuovo di Porto;34;38;14;1;0;;;;53;24;19;0;1;;;;44;97
58024;Castelnuovo di Porto;35;39;18;1;0;;;;58;29;11;2;0;;;;42;100
58024;Castelnuovo di Porto;36;40;16;0;0;;;;56;19;22;1;0;;;;42;98
58024;Castelnuovo di Porto;37;32;17;0;0;;;;49;26;20;2;1;;;;49;98
58024;Castelnuovo di Porto;38;20;14;1;0;;;;35;26;33;2;0;;;;61;96
58024;Castelnuovo di Porto;39;38;18;1;0;;;;57;15;17;3;0;;;;35;92
58024;Castelnuovo di Porto;40;16;24;0;0;;;;40;17;29;0;0;;;;46;86
58024;Castelnuovo di Porto;41;30;29;0;0;;;;59;25;30;3;1;;;;59;118
58024;Castelnuovo di Porto;42;19;30;2;0;;;;51;29;26;6;1;;;;62;113
58024;Castelnuovo di Porto;43;27;27;3;0;;;;57;23;35;6;3;;;;67;124
58024;Castelnuovo di Porto;44;22;28;2;0;;;;52;22;35;6;1;;;;64;116
58024;Castelnuovo di Porto;45;30;25;1;0;;;;56;17;34;1;2;;;;54;110
58024;Castelnuovo di Porto;46;27;30;5;0;;;;62;16;43;2;0;;;;61;123
58024;Castelnuovo di Porto;47;20;30;6;0;;;;56;18;40;7;2;;;;67;123
58024;Castelnuovo di Porto;48;31;34;0;1;;;;66;18;33;4;2;;;;57;123
58024;Castelnuovo di Porto;49;26;42;5;0;;;;73;17;43;5;1;;;;66;139
58024;Castelnuovo di Porto;50;24;40;2;0;;;;66;14;47;5;2;;;;68;134
58024;Castelnuovo di Porto;51;28;44;5;0;;;;77;14;36;3;4;;;;57;134
58024;Castelnuovo di Porto;52;13;36;5;2;;;;56;20;67;5;3;;;;95;151
58024;Castelnuovo di Porto;53;19;44;7;0;;;;70;21;60;14;3;;;;98;168
58024;Castelnuovo di Porto;54;24;50;4;0;;;;78;13;44;7;5;;;;69;147
58024;Castelnuovo di Porto;55;17;53;7;1;;;;78;12;43;7;4;;;;66;144
58024;Castelnuovo di Porto;56;30;54;3;1;;;;88;13;47;8;2;;;;70;158
58024;Castelnuovo di Porto;57;18;50;4;1;;;;73;6;55;8;4;;;;73;146
58024;Castelnuovo di Porto;58;14;45;9;0;;;;68;8;47;11;4;;;;70;138
58024;Castelnuovo di Porto;59;16;57;7;2;;;;82;17;56;5;4;;;;82;164
58024;Castelnuovo di Porto;60;13;58;7;1;;;;79;15;58;11;2;;;;86;165
58024;Castelnuovo di Porto;61;12;39;6;0;;;;57;19;46;11;7;;;;83;140
58024;Castelnuovo di Porto;62;18;51;8;2;;;;79;8;50;8;8;;;;74;153
58024;Castelnuovo di Porto;63;9;53;10;1;;;;73;4;43;7;6;;;;60;133
58024;Castelnuovo di Porto;64;8;42;4;2;;;;56;6;47;12;7;;;;72;128
58024;Castelnuovo di Porto;65;9;42;8;2;;;;61;7;53;13;7;;;;80;141
58024;Castelnuovo di Porto;66;4;41;6;2;;;;53;4;43;3;10;;;;60;113
58024;Castelnuovo di Porto;67;5;38;10;2;;;;55;4;33;2;12;;;;51;106
58024;Castelnuovo di Porto;68;6;45;2;1;;;;54;4;35;10;8;;;;57;111
58024;Castelnuovo di Porto;69;7;56;4;3;;;;70;1;39;5;9;;;;54;124
58024;Castelnuovo di Porto;70;1;40;6;1;;;;48;3;32;3;15;;;;53;101
58024;Castelnuovo di Porto;71;7;34;3;2;;;;46;2;33;2;15;;;;52;98
58024;Castelnuovo di Porto;72;1;35;4;4;;;;44;3;31;4;9;;;;47;91
58024;Castelnuovo di Porto;73;3;28;2;0;;;;33;2;31;2;13;;;;48;81
58024;Castelnuovo di Porto;74;1;31;2;1;;;;35;1;27;2;12;;;;42;77
58024;Castelnuovo di Porto;75;2;39;3;2;;;;46;1;17;4;10;;;;32;78
58024;Castelnuovo di Porto;76;0;24;2;2;;;;28;0;29;0;10;;;;39;67
58024;Castelnuovo di Porto;77;2;34;3;4;;;;43;2;16;3;14;;;;35;78
58024;Castelnuovo di Porto;78;1;26;2;3;;;;32;1;31;3;17;;;;52;84
58024;Castelnuovo di Porto;79;1;23;3;10;;;;37;1;19;1;14;;;;35;72
58024;Castelnuovo di Porto;80;0;19;1;2;;;;22;3;11;1;12;;;;27;49
58024;Castelnuovo di Porto;81;0;19;0;5;;;;24;2;9;0;21;;;;32;56
58024;Castelnuovo di Porto;82;1;21;3;5;;;;30;1;14;0;10;;;;25;55
58024;Castelnuovo di Porto;83;1;15;0;3;;;;19;3;12;1;6;;;;22;41
58024;Castelnuovo di Porto;84;0;10;0;4;;;;14;4;11;0;17;;;;32;46
58024;Castelnuovo di Porto;85;0;7;0;3;;;;10;1;6;1;19;;;;27;37
58024;Castelnuovo di Porto;86;0;11;1;5;;;;17;0;4;0;19;;;;23;40
58024;Castelnuovo di Porto;87;0;7;0;2;;;;9;3;5;0;20;;;;28;37
58024;Castelnuovo di Porto;88;1;6;1;2;;;;10;0;2;0;8;;;;10;20
58024;Castelnuovo di Porto;89;0;4;1;2;;;;7;0;1;0;10;;;;11;18
58024;Castelnuovo di Porto;90;0;5;0;3;;;;8;0;1;1;13;;;;15;23
58024;Castelnuovo di Porto;91;0;3;1;2;;;;6;0;2;0;9;;;;11;17
58024;Castelnuovo di Porto;92;0;4;0;4;;;;8;0;0;0;5;;;;5;13
58024;Castelnuovo di Porto;93;0;1;0;0;;;;1;0;4;0;7;;;;11;12
58024;Castelnuovo di Porto;94;0;2;0;1;;;;3;0;0;0;8;;;;8;11
58024;Castelnuovo di Porto;95;0;0;0;2;;;;2;0;0;0;6;;;;6;8
58024;Castelnuovo di Porto;96;0;0;0;2;;;;2;0;0;0;3;;;;3;5
58024;Castelnuovo di Porto;97;0;0;0;0;;;;0;0;0;0;3;;;;3;3
58024;Castelnuovo di Porto;98;0;0;0;0;;;;0;0;0;0;1;;;;1;1
58024;Castelnuovo di Porto;99;0;0;0;0;;;;0;0;0;0;3;;;;3;3
58024;Castelnuovo di Porto;100;0;0;0;0;;;;0;0;0;0;3;;;;3;3
58024;Castelnuovo di Porto;999;2172;1813;185;100;;;;4270;1840;1853;236;459;;;;4388;8658
58025;Castel San Pietro Romano;0;2;0;0;0;;;;2;1;0;0;0;;;;1;3
58025;Castel San Pietro Romano;1;1;0;0;0;;;;1;2;0;0;0;;;;2;3
58025;Castel San Pietro Romano;2;2;0;0;0;;;;2;2;0;0;0;;;;2;4
58025;Castel San Pietro Romano;3;1;0;0;0;;;;1;2;0;0;0;;;;2;3
58025;Castel San Pietro Romano;4;5;0;0;0;;;;5;2;0;0;0;;;;2;7
58025;Castel San Pietro Romano;5;1;0;0;0;;;;1;1;0;0;0;;;;1;2
58025;Castel San Pietro Romano;6;4;0;0;0;;;;4;3;0;0;0;;;;3;7
58025;Castel San Pietro Romano;7;1;0;0;0;;;;1;3;0;0;0;;;;3;4
58025;Castel San Pietro Romano;8;2;0;0;0;;;;2;5;0;0;0;;;;5;7
58025;Castel San Pietro Romano;9;1;0;0;0;;;;1;6;0;0;0;;;;6;7
58025;Castel San Pietro Romano;10;3;0;0;0;;;;3;2;0;0;0;;;;2;5
58025;Castel San Pietro Romano;11;3;0;0;0;;;;3;4;0;0;0;;;;4;7
58025;Castel San Pietro Romano;12;4;0;0;0;;;;4;1;0;0;0;;;;1;5
58025;Castel San Pietro Romano;13;5;0;0;0;;;;5;7;0;0;0;;;;7;12
58025;Castel San Pietro Romano;14;5;0;0;0;;;;5;6;0;0;0;;;;6;11
58025;Castel San Pietro Romano;15;3;0;0;0;;;;3;1;0;0;0;;;;1;4
58025;Castel San Pietro Romano;16;1;0;0;0;;;;1;1;0;0;0;;;;1;2
58025;Castel San Pietro Romano;17;5;0;0;0;;;;5;2;0;0;0;;;;2;7
58025;Castel San Pietro Romano;18;7;0;0;0;;;;7;8;0;0;0;;;;8;15
58025;Castel San Pietro Romano;19;6;0;0;0;;;;6;1;0;0;0;;;;1;7
58025;Castel San Pietro Romano;20;2;0;0;0;;;;2;3;0;0;0;;;;3;5
58025;Castel San Pietro Romano;21;3;0;0;0;;;;3;7;0;0;0;;;;7;10
58025;Castel San Pietro Romano;22;4;0;0;0;;;;4;7;0;0;0;;;;7;11
58025;Castel San Pietro Romano;23;11;0;0;0;;;;11;2;0;0;0;;;;2;13
58025;Castel San Pietro Romano;24;4;0;0;0;;;;4;3;0;0;0;;;;3;7
58025;Castel San Pietro Romano;25;3;0;0;0;;;;3;5;0;0;0;;;;5;8
58025;Castel San Pietro Romano;26;6;0;0;0;;;;6;5;0;0;0;;;;5;11
58025;Castel San Pietro Romano;27;2;0;0;0;;;;2;8;0;0;0;;;;8;10
58025;Castel San Pietro Romano;28;8;0;0;0;;;;8;3;1;0;0;;;;4;12
58025;Castel San Pietro Romano;29;3;1;0;0;;;;4;5;2;0;0;;;;7;11
58025;Castel San Pietro Romano;30;6;2;0;0;;;;8;4;2;0;0;;;;6;14
58025;Castel San Pietro Romano;31;5;1;0;0;;;;6;3;1;0;0;;;;4;10
58025;Castel San Pietro Romano;32;3;0;0;0;;;;3;4;3;0;0;;;;7;10
58025;Castel San Pietro Romano;33;5;0;0;0;;;;5;4;0;0;0;;;;4;9
58025;Castel San Pietro Romano;34;4;1;0;0;;;;5;1;2;0;0;;;;3;8
58025;Castel San Pietro Romano;35;2;0;0;0;;;;2;1;0;0;0;;;;1;3
58025;Castel San Pietro Romano;36;1;2;0;0;;;;3;0;2;1;0;;;;3;6
58025;Castel San Pietro Romano;37;4;1;0;0;;;;5;4;2;0;0;;;;6;11
58025;Castel San Pietro Romano;38;5;4;0;0;;;;9;6;2;0;0;;;;8;17
58025;Castel San Pietro Romano;39;4;1;0;0;;;;5;4;2;2;0;;;;8;13
58025;Castel San Pietro Romano;40;2;1;0;0;;;;3;4;0;0;0;;;;4;7
58025;Castel San Pietro Romano;41;3;3;0;0;;;;6;1;0;0;0;;;;1;7
58025;Castel San Pietro Romano;42;6;4;0;0;;;;10;7;7;0;0;;;;14;24
58025;Castel San Pietro Romano;43;2;3;0;0;;;;5;4;4;1;0;;;;9;14
58025;Castel San Pietro Romano;44;0;0;0;0;;;;0;1;7;0;0;;;;8;8
58025;Castel San Pietro Romano;45;2;2;0;0;;;;4;1;0;1;0;;;;2;6
58025;Castel San Pietro Romano;46;1;2;0;0;;;;3;1;5;0;0;;;;6;9
58025;Castel San Pietro Romano;47;3;1;1;0;;;;5;0;7;0;1;;;;8;13
58025;Castel San Pietro Romano;48;0;4;0;0;;;;4;2;5;0;0;;;;7;11
58025;Castel San Pietro Romano;49;3;3;1;0;;;;7;1;5;0;0;;;;6;13
58025;Castel San Pietro Romano;50;0;8;0;0;;;;8;1;1;0;0;;;;2;10
58025;Castel San Pietro Romano;51;1;5;1;0;;;;7;2;7;2;0;;;;11;18
58025;Castel San Pietro Romano;52;0;5;0;0;;;;5;1;2;2;0;;;;5;10
58025;Castel San Pietro Romano;53;4;6;0;0;;;;10;0;10;0;0;;;;10;20
58025;Castel San Pietro Romano;54;3;6;1;0;;;;10;4;7;0;0;;;;11;21
58025;Castel San Pietro Romano;55;3;8;0;0;;;;11;2;3;0;1;;;;6;17
58025;Castel San Pietro Romano;56;0;5;0;0;;;;5;2;4;0;0;;;;6;11
58025;Castel San Pietro Romano;57;2;9;0;0;;;;11;1;4;2;0;;;;7;18
58025;Castel San Pietro Romano;58;2;9;1;0;;;;12;0;12;0;0;;;;12;24
58025;Castel San Pietro Romano;59;0;5;0;1;;;;6;0;4;0;0;;;;4;10
58025;Castel San Pietro Romano;60;0;6;1;0;;;;7;0;3;0;0;;;;3;10
58025;Castel San Pietro Romano;61;2;6;1;0;;;;9;0;7;0;0;;;;7;16
58025;Castel San Pietro Romano;62;0;5;0;0;;;;5;2;2;0;2;;;;6;11
58025;Castel San Pietro Romano;63;2;5;1;1;;;;9;0;12;0;0;;;;12;21
58025;Castel San Pietro Romano;64;1;3;0;0;;;;4;1;3;1;0;;;;5;9
58025;Castel San Pietro Romano;65;0;6;0;0;;;;6;1;12;1;1;;;;15;21
58025;Castel San Pietro Romano;66;3;8;0;0;;;;11;0;5;1;1;;;;7;18
58025;Castel San Pietro Romano;67;1;6;1;0;;;;8;1;6;0;2;;;;9;17
58025;Castel San Pietro Romano;68;0;3;1;0;;;;4;0;4;0;1;;;;5;9
58025;Castel San Pietro Romano;69;1;6;1;0;;;;8;0;4;0;1;;;;5;13
58025;Castel San Pietro Romano;70;0;5;0;0;;;;5;0;3;0;0;;;;3;8
58025;Castel San Pietro Romano;71;0;0;0;0;;;;0;0;2;0;0;;;;2;2
58025;Castel San Pietro Romano;72;0;4;0;0;;;;4;0;3;0;1;;;;4;8
58025;Castel San Pietro Romano;73;0;3;1;1;;;;5;1;0;1;0;;;;2;7
58025;Castel San Pietro Romano;74;0;4;0;0;;;;4;0;4;0;1;;;;5;9
58025;Castel San Pietro Romano;75;0;3;0;1;;;;4;0;2;1;0;;;;3;7
58025;Castel San Pietro Romano;76;0;0;0;0;;;;0;1;4;0;0;;;;5;5
58025;Castel San Pietro Romano;77;0;2;0;0;;;;2;0;0;0;1;;;;1;3
58025;Castel San Pietro Romano;78;0;4;0;1;;;;5;0;0;0;3;;;;3;8
58025;Castel San Pietro Romano;79;1;1;0;0;;;;2;0;1;0;1;;;;2;4
58025;Castel San Pietro Romano;80;0;1;1;0;;;;2;0;3;0;3;;;;6;8
58025;Castel San Pietro Romano;81;0;2;0;0;;;;2;0;2;0;4;;;;6;8
58025;Castel San Pietro Romano;82;0;3;0;0;;;;3;0;0;0;0;;;;0;3
58025;Castel San Pietro Romano;83;0;1;1;0;;;;2;0;1;0;0;;;;1;3
58025;Castel San Pietro Romano;84;0;1;0;0;;;;1;1;1;0;1;;;;3;4
58025;Castel San Pietro Romano;85;0;0;0;1;;;;1;0;0;0;0;;;;0;1
58025;Castel San Pietro Romano;86;0;0;0;0;;;;0;0;0;0;3;;;;3;3
58025;Castel San Pietro Romano;87;0;2;0;0;;;;2;0;0;0;2;;;;2;4
58025;Castel San Pietro Romano;88;1;0;0;0;;;;1;0;0;0;1;;;;1;2
58025;Castel San Pietro Romano;89;0;1;0;1;;;;2;0;0;0;2;;;;2;4
58025;Castel San Pietro Romano;90;0;0;0;1;;;;1;1;1;0;2;;;;4;5
58025;Castel San Pietro Romano;91;0;0;0;0;;;;0;0;0;0;2;;;;2;2
58025;Castel San Pietro Romano;92;0;0;0;1;;;;1;0;1;0;1;;;;2;3
58025;Castel San Pietro Romano;93;0;0;0;0;;;;0;0;0;0;1;;;;1;1
58025;Castel San Pietro Romano;94;0;0;0;0;;;;0;0;0;0;0;;;;0;0
58025;Castel San Pietro Romano;95;0;0;0;0;;;;0;0;0;0;0;;;;0;0
58025;Castel San Pietro Romano;96;0;0;0;0;;;;0;0;0;0;0;;;;0;0
58025;Castel San Pietro Romano;97;0;0;0;0;;;;0;0;0;0;1;;;;1;1
58025;Castel San Pietro Romano;98;0;0;0;0;;;;0;0;0;0;0;;;;0;0
58025;Castel San Pietro Romano;99;0;0;0;0;;;;0;0;0;0;0;;;;0;0
58025;Castel San Pietro Romano;100;0;0;0;0;;;;0;0;0;0;0;;;;0;0
58025;Castel San Pietro Romano;999;196;193;14;9;;;;412;183;199;16;40;;;;438;850
58026;Cave;0;43;0;0;0;;;;43;28;0;0;0;;;;28;71
58026;Cave;1;33;0;0;0;;;;33;51;0;0;0;;;;51;84
58026;Cave;2;35;0;0;0;;;;35;40;0;0;0;;;;40;75
58026;Cave;3;42;0;0;0;;;;42;41;0;0;0;;;;41;83
58026;Cave;4;48;0;0;0;;;;48;39;0;0;0;;;;39;87
58026;Cave;5;38;0;0;0;;;;38;45;0;0;0;;;;45;83
58026;Cave;6;52;0;0;0;;;;52;37;0;0;0;;;;37;89
58026;Cave;7;54;0;0;0;;;;54;63;0;0;0;;;;63;117
58026;Cave;8;61;0;0;0;;;;61;47;0;0;0;;;;47;108
58026;Cave;9;50;0;0;0;;;;50;47;0;0;0;;;;47;97
58026;Cave;10;65;0;0;0;;;;65;51;0;0;0;;;;51;116
58026;Cave;11;62;0;0;0;;;;62;48;0;0;0;;;;48;110
58026;Cave;12;55;0;0;0;;;;55;44;0;0;0;;;;44;99
58026;Cave;13;64;0;0;0;;;;64;56;0;0;0;;;;56;120
58026;Cave;14;59;0;0;0;;;;59;55;0;0;0;;;;55;114
58026;Cave;15;58;0;0;0;;;;58;47;0;0;0;;;;47;105
58026;Cave;16;45;0;0;0;;;;45;57;0;0;0;;;;57;102
58026;Cave;17;46;0;0;0;;;;46;43;0;0;0;;;;43;89
58026;Cave;18;49;0;0;0;;;;49;46;0;0;0;;;;46;95
58026;Cave;19;73;0;0;0;;;;73;60;0;0;0;;;;60;133
58026;Cave;20;45;0;0;0;;;;45;45;0;0;0;;;;45;90
58026;Cave;21;48;0;0;0;;;;48;50;1;0;0;;;;51;99
58026;Cave;22;50;0;0;0;;;;50;50;0;0;0;;;;50;100
58026;Cave;23;51;1;0;0;;;;52;67;1;0;0;;;;68;120
58026;Cave;24;62;2;0;0;;;;64;42;3;0;0;;;;45;109
58026;Cave;25;47;0;0;0;;;;47;50;2;0;0;;;;52;99
58026;Cave;26;62;0;0;0;;;;62;39;4;0;0;;;;43;105
58026;Cave;27;66;2;0;0;;;;68;46;8;0;0;;;;54;122
58026;Cave;28;37;3;0;0;;;;40;48;7;0;0;;;;55;95
58026;Cave;29;39;7;0;0;;;;46;41;10;0;0;;;;51;97
58026;Cave;30;50;5;0;0;;;;55;49;9;0;0;;;;58;113
58026;Cave;31;68;5;0;0;;;;73;28;8;1;0;;;;37;110
58026;Cave;32;61;13;0;0;;;;74;50;20;1;0;;;;71;145
58026;Cave;33;51;10;0;0;;;;61;41;21;0;0;;;;62;123
58026;Cave;34;54;18;0;0;;;;72;33;24;1;0;;;;58;130
58026;Cave;35;45;18;0;0;;;;63;37;20;0;0;;;;57;120
58026;Cave;36;52;18;0;0;;;;70;37;23;2;0;;;;62;132
58026;Cave;37;36;17;1;0;;;;54;44;37;1;1;;;;83;137
58026;Cave;38;50;23;1;0;;;;74;16;38;5;0;;;;59;133
58026;Cave;39;37;30;1;0;;;;68;39;49;1;0;;;;89;157
58026;Cave;40;37;42;1;0;;;;80;27;35;5;0;;;;67;147
58026;Cave;41;44;33;0;0;;;;77;36;49;3;0;;;;88;165
58026;Cave;42;38;40;2;1;;;;81;30;55;2;0;;;;87;168
58026;Cave;43;24;51;4;1;;;;80;24;50;3;0;;;;77;157
58026;Cave;44;42;50;1;0;;;;93;21;46;8;1;;;;76;169
58026;Cave;45;32;49;3;1;;;;85;27;56;3;1;;;;87;172
58026;Cave;46;37;57;5;0;;;;99;17;62;5;1;;;;85;184
58026;Cave;47;27;40;0;0;;;;67;16;55;4;1;;;;76;143
58026;Cave;48;32;54;3;0;;;;89;28;56;2;2;;;;88;177
58026;Cave;49;31;50;6;0;;;;87;17;59;6;0;;;;82;169
58026;Cave;50;34;52;8;0;;;;94;15;64;7;1;;;;87;181
58026;Cave;51;29;52;6;0;;;;87;20;67;7;0;;;;94;181
58026;Cave;52;24;63;7;0;;;;94;11;74;7;3;;;;95;189
58026;Cave;53;22;56;3;2;;;;83;4;56;9;1;;;;70;153
58026;Cave;54;26;62;7;0;;;;95;8;60;5;4;;;;77;172
58026;Cave;55;22;57;6;1;;;;86;10;58;11;3;;;;82;168
58026;Cave;56;17;64;7;3;;;;91;11;74;3;5;;;;93;184
58026;Cave;57;12;74;3;1;;;;90;6;72;6;1;;;;85;175
58026;Cave;58;15;72;10;0;;;;97;6;47;8;4;;;;65;162
58026;Cave;59;19;52;7;2;;;;80;12;55;4;2;;;;73;153
58026;Cave;60;8;64;8;5;;;;85;9;71;11;2;;;;93;178
58026;Cave;61;12;62;4;0;;;;78;10;77;5;5;;;;97;175
58026;Cave;62;7;56;3;3;;;;69;5;69;2;12;;;;88;157
58026;Cave;63;8;65;1;6;;;;80;4;65;6;11;;;;86;166
58026;Cave;64;8;54;5;2;;;;69;5;63;1;11;;;;80;149
58026;Cave;65;8;52;4;3;;;;67;11;77;4;13;;;;105;172
58026;Cave;66;4;53;7;2;;;;66;5;49;5;10;;;;69;135
58026;Cave;67;4;56;6;4;;;;70;11;56;2;12;;;;81;151
58026;Cave;68;7;61;1;5;;;;74;3;55;2;10;;;;70;144
58026;Cave;69;2;61;4;1;;;;68;4;46;2;7;;;;59;127
58026;Cave;70;2;58;1;1;;;;62;2;45;3;20;;;;70;132
58026;Cave;71;8;41;1;2;;;;52;3;32;1;16;;;;52;104
58026;Cave;72;3;55;3;3;;;;64;1;31;1;19;;;;52;116
58026;Cave;73;3;48;3;7;;;;61;4;45;2;12;;;;63;124
58026;Cave;74;4;42;2;3;;;;51;8;28;2;15;;;;53;104
58026;Cave;75;1;43;2;2;;;;48;6;30;2;15;;;;53;101
58026;Cave;76;0;42;3;6;;;;51;2;21;0;22;;;;45;96
58026;Cave;77;7;42;2;4;;;;55;1;24;1;18;;;;44;99
58026;Cave;78;1;36;0;8;;;;45;1;17;2;17;;;;37;82
58026;Cave;79;1;24;0;3;;;;28;0;17;0;11;;;;28;56
58026;Cave;80;1;31;1;3;;;;36;2;11;0;24;;;;37;73
58026;Cave;81;3;19;1;2;;;;25;3;14;0;26;;;;43;68
58026;Cave;82;1;19;2;7;;;;29;0;15;1;16;;;;32;61
58026;Cave;83;0;14;0;9;;;;23;1;9;1;25;;;;36;59
58026;Cave;84;0;20;0;4;;;;24;0;7;0;22;;;;29;53
58026;Cave;85;1;10;1;8;;;;20;1;6;0;19;;;;26;46
58026;Cave;86;0;10;0;4;;;;14;2;5;0;24;;;;31;45
58026;Cave;87;0;15;0;1;;;;16;1;6;0;24;;;;31;47
58026;Cave;88;1;9;0;0;;;;10;0;2;0;20;;;;22;32
58026;Cave;89;0;9;0;3;;;;12;2;3;0;17;;;;22;34
58026;Cave;90;0;4;0;3;;;;7;0;2;0;17;;;;19;26
58026;Cave;91;0;3;0;2;;;;5;1;2;0;13;;;;16;21
58026;Cave;92;0;4;0;1;;;;5;1;0;0;10;;;;11;16
58026;Cave;93;0;0;0;0;;;;0;0;1;0;6;;;;7;7
58026;Cave;94;1;1;0;2;;;;4;0;0;0;9;;;;9;13
58026;Cave;95;0;0;0;0;;;;0;0;0;0;4;;;;4;4
58026;Cave;96;0;0;0;0;;;;0;2;1;0;5;;;;8;8
58026;Cave;97;0;0;0;2;;;;2;0;0;0;2;;;;2;4
58026;Cave;98;0;1;0;0;;;;1;0;0;0;1;;;;1;2
58026;Cave;99;0;0;0;0;;;;0;0;0;0;0;;;;0;0
58026;Cave;100;0;0;0;0;;;;0;0;0;0;2;;;;2;2
58026;Cave;999;2713;2426;157;133;;;;5429;2254;2437;176;575;;;;5442;10871
58027;Cerreto Laziale;0;3;0;0;0;;;;3;1;0;0;0;;;;1;4
58027;Cerreto Laziale;1;3;0;0;0;;;;3;4;0;0;0;;;;4;7
58027;Cerreto Laziale;2;2;0;0;0;;;;2;3;0;0;0;;;;3;5
58027;Cerreto Laziale;3;6;0;0;0;;;;6;6;0;0;0;;;;6;12
58027;Cerreto Laziale;4;3;0;0;0;;;;3;3;0;0;0;;;;3;6
58027;Cerreto Laziale;5;7;0;0;0;;;;7;3;0;0;0;;;;3;10
58027;Cerreto Laziale;6;10;0;0;0;;;;10;3;0;0;0;;;;3;13
58027;Cerreto Laziale;7;3;0;0;0;;;;3;7;0;0;0;;;;7;10
58027;Cerreto Laziale;8;3;0;0;0;;;;3;3;0;0;0;;;;3;6
58027;Cerreto Laziale;9;6;0;0;0;;;;6;2;0;0;0;;;;2;8
58027;Cerreto Laziale;10;2;0;0;0;;;;2;2;0;0;0;;;;2;4
58027;Cerreto Laziale;11;4;0;0;0;;;;4;5;0;0;0;;;;5;9
58027;Cerreto Laziale;12;4;0;0;0;;;;4;5;0;0;0;;;;5;9
58027;Cerreto Laziale;13;7;0;0;0;;;;7;6;0;0;0;;;;6;13
58027;Cerreto Laziale;14;6;0;0;0;;;;6;7;0;0;0;;;;7;13
58027;Cerreto Laziale;15;5;0;0;0;;;;5;3;0;0;0;;;;3;8
58027;Cerreto Laziale;16;3;0;0;0;;;;3;7;0;0;0;;;;7;10
58027;Cerreto Laziale;17;3;0;0;0;;;;3;1;0;0;0;;;;1;4
58027;Cerreto Laziale;18;4;0;0;0;;;;4;5;0;0;0;;;;5;9
58027;Cerreto Laziale;19;5;0;0;0;;;;5;4;0;0;0;;;;4;9
58027;Cerreto Laziale;20;2;0;0;0;;;;2;3;0;0;0;;;;3;5
58027;Cerreto Laziale;21;2;0;0;0;;;;2;2;0;0;0;;;;2;4
58027;Cerreto Laziale;22;9;0;0;0;;;;9;6;0;0;0;;;;6;15
58027;Cerreto Laziale;23;6;0;0;0;;;;6;4;0;0;0;;;;4;10
58027;Cerreto Laziale;24;7;0;0;0;;;;7;6;1;0;0;;;;7;14
58027;Cerreto Laziale;25;6;0;0;0;;;;6;3;0;0;0;;;;3;9
58027;Cerreto Laziale;26;7;0;0;0;;;;7;1;0;0;0;;;;1;8
58027;Cerreto Laziale;27;7;0;0;0;;;;7;5;0;0;0;;;;5;12
58027;Cerreto Laziale;28;5;1;0;0;;;;6;6;0;0;0;;;;6;12
58027;Cerreto Laziale;29;6;0;0;0;;;;6;8;0;0;0;;;;8;14
58027;Cerreto Laziale;30;2;1;0;0;;;;3;3;1;0;0;;;;4;7
58027;Cerreto Laziale;31;6;0;0;0;;;;6;3;1;0;0;;;;4;10
58027;Cerreto Laziale;32;6;0;0;0;;;;6;6;4;0;0;;;;10;16
58027;Cerreto Laziale;33;8;0;0;0;;;;8;2;2;0;0;;;;4;12
58027;Cerreto Laziale;34;9;0;0;0;;;;9;2;3;0;0;;;;5;14
58027;Cerreto Laziale;35;4;0;0;0;;;;4;6;5;0;0;;;;11;15
58027;Cerreto Laziale;36;5;5;0;0;;;;10;3;1;0;0;;;;4;14
58027;Cerreto Laziale;37;4;3;0;0;;;;7;3;4;0;0;;;;7;14
58027;Cerreto Laziale;38;3;1;0;0;;;;4;3;3;0;0;;;;6;10
58027;Cerreto Laziale;39;4;1;0;0;;;;5;3;3;1;0;;;;7;12
58027;Cerreto Laziale;40;2;1;0;0;;;;3;1;2;0;0;;;;3;6
58027;Cerreto Laziale;41;3;6;0;0;;;;9;3;6;0;0;;;;9;18
58027;Cerreto Laziale;42;3;3;1;0;;;;7;0;5;1;0;;;;6;13
58027;Cerreto Laziale;43;6;5;0;0;;;;11;1;8;0;0;;;;9;20
58027;Cerreto Laziale;44;4;3;0;0;;;;7;4;1;0;0;;;;5;12
58027;Cerreto Laziale;45;3;3;0;0;;;;6;3;7;1;0;;;;11;17
58027;Cerreto Laziale;46;3;4;0;0;;;;7;1;3;0;0;;;;4;11
58027;Cerreto Laziale;47;5;3;0;0;;;;8;2;8;1;0;;;;11;19
58027;Cerreto Laziale;48;2;9;0;0;;;;11;3;0;2;0;;;;5;16
58027;Cerreto Laziale;49;1;6;0;0;;;;7;1;6;0;0;;;;7;14
58027;Cerreto Laziale;50;4;2;1;0;;;;7;2;8;1;0;;;;11;18
58027;Cerreto Laziale;51;4;4;1;0;;;;9;1;3;1;1;;;;6;15
58027;Cerreto Laziale;52;2;2;1;0;;;;5;1;6;2;0;;;;9;14
58027;Cerreto Laziale;53;2;7;0;0;;;;9;1;5;0;0;;;;6;15
58027;Cerreto Laziale;54;3;3;1;0;;;;7;2;9;0;0;;;;11;18
58027;Cerreto Laziale;55;1;4;1;0;;;;6;1;4;2;0;;;;7;13
58027;Cerreto Laziale;56;3;8;0;0;;;;11;0;8;1;1;;;;10;21
58027;Cerreto Laziale;57;1;5;0;0;;;;6;1;10;2;0;;;;13;19
58027;Cerreto Laziale;58;1;5;0;0;;;;6;0;8;1;0;;;;9;15
58027;Cerreto Laziale;59;0;9;0;0;;;;9;0;6;1;1;;;;8;17
58027;Cerreto Laziale;60;0;6;1;0;;;;7;1;9;2;2;;;;14;21
58027;Cerreto Laziale;61;1;11;0;0;;;;12;1;5;0;1;;;;7;19
58027;Cerreto Laziale;62;0;4;1;0;;;;5;0;6;1;1;;;;8;13
58027;Cerreto Laziale;63;0;9;1;0;;;;10;0;3;0;1;;;;4;14
58027;Cerreto Laziale;64;1;1;0;1;;;;3;1;11;0;3;;;;15;18
58027;Cerreto Laziale;65;0;6;0;0;;;;6;0;3;0;1;;;;4;10
58027;Cerreto Laziale;66;0;5;1;0;;;;6;0;8;1;0;;;;9;15
58027;Cerreto Laziale;67;0;7;1;1;;;;9;0;3;0;1;;;;4;13
58027;Cerreto Laziale;68;0;4;0;0;;;;4;0;5;0;0;;;;5;9
58027;Cerreto Laziale;69;0;11;2;0;;;;13;1;1;0;0;;;;2;15
58027;Cerreto Laziale;70;0;5;0;0;;;;5;0;6;0;1;;;;7;12
58027;Cerreto Laziale;71;0;4;0;1;;;;5;0;3;0;1;;;;4;9
58027;Cerreto Laziale;72;0;7;0;0;;;;7;0;6;0;3;;;;9;16
58027;Cerreto Laziale;73;1;6;0;0;;;;7;0;5;0;2;;;;7;14
58027;Cerreto Laziale;74;0;3;0;0;;;;3;0;4;0;4;;;;8;11
58027;Cerreto Laziale;75;0;4;0;1;;;;5;0;1;1;3;;;;5;10
58027;Cerreto Laziale;76;0;6;2;0;;;;8;0;6;0;2;;;;8;16
58027;Cerreto Laziale;77;0;4;0;1;;;;5;0;1;1;5;;;;7;12
58027;Cerreto Laziale;78;0;4;0;1;;;;5;1;2;0;1;;;;4;9
58027;Cerreto Laziale;79;0;1;1;1;;;;3;0;3;0;0;;;;3;6
58027;Cerreto Laziale;80;0;2;0;2;;;;4;0;5;0;2;;;;7;11
58027;Cerreto Laziale;81;0;4;0;1;;;;5;1;1;0;5;;;;7;12
58027;Cerreto Laziale;82;0;0;0;0;;;;0;1;2;0;5;;;;8;8
58027;Cerreto Laziale;83;0;2;0;0;;;;2;1;1;0;3;;;;5;7
58027;Cerreto Laziale;84;0;2;0;2;;;;4;0;0;0;4;;;;4;8
58027;Cerreto Laziale;85;0;3;0;0;;;;3;0;1;0;3;;;;4;7
58027;Cerreto Laziale;86;0;4;0;1;;;;5;0;1;0;5;;;;6;11
58027;Cerreto Laziale;87;0;1;0;0;;;;1;0;2;0;0;;;;2;3
58027;Cerreto Laziale;88;0;2;0;0;;;;2;0;1;0;3;;;;4;6
58027;Cerreto Laziale;89;0;2;0;0;;;;2;0;1;0;2;;;;3;5
58027;Cerreto Laziale;90;0;1;0;0;;;;1;0;0;0;3;;;;3;4
58027;Cerreto Laziale;91;0;3;0;1;;;;4;0;0;0;1;;;;1;5
58027;Cerreto Laziale;92;0;0;0;0;;;;0;0;0;0;2;;;;2;2
58027;Cerreto Laziale;93;0;0;0;0;;;;0;0;0;0;1;;;;1;1
58027;Cerreto Laziale;94;0;0;0;0;;;;0;0;0;0;0;;;;0;0
58027;Cerreto Laziale;95;0;0;0;1;;;;1;0;0;0;0;;;;0;1
58027;Cerreto Laziale;96;0;0;0;0;;;;0;0;0;0;0;;;;0;0
58027;Cerreto Laziale;97;0;0;0;0;;;;0;0;0;0;2;;;;2;2
58027;Cerreto Laziale;98;0;0;0;0;;;;0;0;0;0;0;;;;0;0
58027;Cerreto Laziale;99;0;0;0;0;;;;0;0;0;0;0;;;;0;0
58027;Cerreto Laziale;100;0;0;0;0;;;;0;0;0;0;0;;;;0;0
58027;Cerreto Laziale;999;253;238;16;15;;;;522;194;247;23;76;;;;540;1062
58028;Cervara di Roma;0;1;0;0;0;;;;1;2;0;0;0;;;;2;3
58028;Cervara di Roma;1;1;0;0;0;;;;1;1;0;0;0;;;;1;2
58028;Cervara di Roma;2;6;0;0;0;;;;6;0;0;0;0;;;;0;6
58028;Cervara di Roma;3;0;0;0;0;;;;0;2;0;0;0;;;;2;2
58028;Cervara di Roma;4;0;0;0;0;;;;0;0;0;0;0;;;;0;0
58028;Cervara di Roma;5;0;0;0;0;;;;0;0;0;0;0;;;;0;0
58028;Cervara di Roma;6;1;0;0;0;;;;1;1;0;0;0;;;;1;2
58028;Cervara di Roma;7;2;0;0;0;;;;2;3;0;0;0;;;;3;5
58028;Cervara di Roma;8;5;0;0;0;;;;5;1;0;0;0;;;;1;6
58028;Cervara di Roma;9;0;0;0;0;;;;0;0;0;0;0;;;;0;0
58028;Cervara di Roma;10;2;0;0;0;;;;2;1;0;0;0;;;;1;3
58028;Cervara di Roma;11;1;0;0;0;;;;1;3;0;0;0;;;;3;4
58028;Cervara di Roma;12;0;0;0;0;;;;0;1;0;0;0;;;;1;1
58028;Cervara di Roma;13;0;0;0;0;;;;0;1;0;0;0;;;;1;1
58028;Cervara di Roma;14;0;0;0;0;;;;0;2;0;0;0;;;;2;2
58028;Cervara di Roma;15;0;0;0;0;;;;0;2;0;0;0;;;;2;2
58028;Cervara di Roma;16;1;0;0;0;;;;1;0;0;0;0;;;;0;1
58028;Cervara di Roma;17;0;0;0;0;;;;0;1;0;0;0;;;;1;1
58028;Cervara di Roma;18;1;0;0;0;;;;1;2;0;0;0;;;;2;3
58028;Cervara di Roma;19;3;0;0;0;;;;3;1;0;0;0;;;;1;4
58028;Cervara di Roma;20;1;0;0;0;;;;1;0;0;0;0;;;;0;1
58028;Cervara di Roma;21;0;0;0;0;;;;0;0;0;0;0;;;;0;0
58028;Cervara di Roma;22;0;0;0;0;;;;0;1;0;0;0;;;;1;1
58028;Cervara di Roma;23;3;0;0;0;;;;3;3;0;0;0;;;;3;6
58028;Cervara di Roma;24;1;0;0;0;;;;1;1;0;0;0;;;;1;2
58028;Cervara di Roma;25;2;0;0;0;;;;2;1;1;0;0;;;;2;4
58028;Cervara di Roma;26;3;0;0;0;;;;3;1;0;0;0;;;;1;4
58028;Cervara di Roma;27;0;0;0;0;;;;0;0;0;0;0;;;;0;0
58028;Cervara di Roma;28;2;1;0;0;;;;3;0;2;0;0;;;;2;5
58028;Cervara di Roma;29;2;0;0;0;;;;2;1;0;0;0;;;;1;3
58028;Cervara di Roma;30;1;0;0;0;;;;1;3;1;0;0;;;;4;5
58028;Cervara di Roma;31;3;0;0;0;;;;3;6;0;0;0;;;;6;9
58028;Cervara di Roma;32;1;0;0;0;;;;1;1;0;0;0;;;;1;2
58028;Cervara di Roma;33;1;2;1;0;;;;4;2;1;0;0;;;;3;7
58028;Cervara di Roma;34;3;0;0;0;;;;3;1;0;0;0;;;;1;4
58028;Cervara di Roma;35;2;0;0;0;;;;2;1;2;0;0;;;;3;5
58028;Cervara di Roma;36;2;0;0;0;;;;2;3;1;0;0;;;;4;6
58028;Cervara di Roma;37;0;0;0;0;;;;0;3;1;0;0;;;;4;4
58028;Cervara di Roma;38;3;2;0;0;;;;5;0;3;0;0;;;;3;8
58028;Cervara di Roma;39;4;1;0;0;;;;5;3;0;0;0;;;;3;8
58028;Cervara di Roma;40;1;0;0;0;;;;1;0;0;0;0;;;;0;1
58028;Cervara di Roma;41;3;2;0;0;;;;5;1;1;0;0;;;;2;7
58028;Cervara di Roma;42;1;2;0;0;;;;3;0;0;0;0;;;;0;3
58028;Cervara di Roma;43;4;0;0;0;;;;4;1;3;0;0;;;;4;8
58028;Cervara di Roma;44;1;0;0;0;;;;1;1;0;0;0;;;;1;2
58028;Cervara di Roma;45;1;1;0;0;;;;2;1;0;0;0;;;;1;3
58028;Cervara di Roma;46;2;1;0;0;;;;3;1;1;0;0;;;;2;5
58028;Cervara di Roma;47;3;1;0;0;;;;4;0;3;1;0;;;;4;8
58028;Cervara di Roma;48;1;3;0;0;;;;4;1;2;2;0;;;;5;9
58028;Cervara di Roma;49;2;4;1;0;;;;7;1;3;0;0;;;;4;11
58028;Cervara di Roma;50;4;0;1;0;;;;5;2;3;0;0;;;;5;10
58028;Cervara di Roma;51;0;2;1;0;;;;3;3;1;0;0;;;;4;7
58028;Cervara di Roma;52;1;2;0;0;;;;3;0;2;0;0;;;;2;5
58028;Cervara di Roma;53;0;3;0;0;;;;3;1;0;0;0;;;;1;4
58028;Cervara di Roma;54;1;4;0;0;;;;5;1;2;0;0;;;;3;8
58028;Cervara di Roma;55;3;1;1;1;;;;6;1;1;1;0;;;;3;9
58028;Cervara di Roma;56;0;3;0;0;;;;3;0;1;0;0;;;;1;4
58028;Cervara di Roma;57;2;7;1;0;;;;10;2;0;1;0;;;;3;13
58028;Cervara di Roma;58;1;4;1;0;;;;6;1;6;3;1;;;;11;17
58028;Cervara di Roma;59;0;8;0;0;;;;8;0;4;0;2;;;;6;14
58028;Cervara di Roma;60;3;6;1;0;;;;10;0;1;1;1;;;;3;13
58028;Cervara di Roma;61;0;2;0;0;;;;2;0;1;0;2;;;;3;5
58028;Cervara di Roma;62;0;4;0;0;;;;4;1;3;0;0;;;;4;8
58028;Cervara di Roma;63;1;1;0;0;;;;2;0;5;3;0;;;;8;10
58028;Cervara di Roma;64;3;6;1;0;;;;10;1;3;0;0;;;;4;14
58028;Cervara di Roma;65;1;6;0;0;;;;7;1;1;0;0;;;;2;9
58028;Cervara di Roma;66;0;1;0;0;;;;1;0;2;0;0;;;;2;3
58028;Cervara di Roma;67;2;2;0;1;;;;5;0;5;0;1;;;;6;11
58028;Cervara di Roma;68;2;2;1;0;;;;5;0;2;0;0;;;;2;7
58028;Cervara di Roma;69;0;3;0;0;;;;3;0;2;0;0;;;;2;5
58028;Cervara di Roma;70;1;5;2;0;;;;8;1;4;0;1;;;;6;14
58028;Cervara di Roma;71;0;4;0;0;;;;4;0;1;0;1;;;;2;6
58028;Cervara di Roma;72;0;2;1;0;;;;3;0;3;0;0;;;;3;6
58028;Cervara di Roma;73;1;2;1;0;;;;4;0;1;0;0;;;;1;5
58028;Cervara di Roma;74;0;4;0;0;;;;4;0;0;1;0;;;;1;5
58028;Cervara di Roma;75;1;1;0;0;;;;2;0;3;0;0;;;;3;5
58028;Cervara di Roma;76;0;2;0;0;;;;2;0;4;0;1;;;;5;7
58028;Cervara di Roma;77;0;2;0;1;;;;3;0;0;0;2;;;;2;5
58028;Cervara di Roma;78;0;1;0;0;;;;1;0;1;0;0;;;;1;2
58028;Cervara di Roma;79;1;0;0;0;;;;1;0;0;0;0;;;;0;1
58028;Cervara di Roma;80;1;0;0;0;;;;1;0;1;0;0;;;;1;2
58028;Cervara di Roma;81;0;3;0;0;;;;3;1;2;0;1;;;;4;7
58028;Cervara di Roma;82;0;1;0;1;;;;2;0;0;0;0;;;;0;2
58028;Cervara di Roma;83;1;0;0;0;;;;1;0;0;0;0;;;;0;1
58028;Cervara di Roma;84;0;2;0;0;;;;2;0;1;0;2;;;;3;5
58028;Cervara di Roma;85;0;1;0;0;;;;1;0;1;0;1;;;;2;3
58028;Cervara di Roma;86;0;0;0;0;;;;0;0;0;0;0;;;;0;0
58028;Cervara di Roma;87;1;0;0;0;;;;1;0;0;0;1;;;;1;2
58028;Cervara di Roma;88;1;1;0;0;;;;2;0;0;0;2;;;;2;4
58028;Cervara di Roma;89;0;2;0;0;;;;2;0;1;0;1;;;;2;4
58028;Cervara di Roma;90;0;1;0;1;;;;2;0;0;0;1;;;;1;3
58028;Cervara di Roma;91;0;1;0;0;;;;1;0;0;0;0;;;;0;1
58028;Cervara di Roma;92;0;0;0;1;;;;1;0;0;0;1;;;;1;2
58028;Cervara di Roma;93;0;0;0;0;;;;0;0;0;0;0;;;;0;0
58028;Cervara di Roma;94;0;0;0;0;;;;0;0;0;0;2;;;;2;2
58028;Cervara di Roma;95;0;0;0;0;;;;0;0;0;0;1;;;;1;1
58028;Cervara di Roma;96;0;0;0;0;;;;0;0;0;0;0;;;;0;0
58028;Cervara di Roma;97;0;0;0;0;;;;0;0;0;0;1;;;;1;1
58028;Cervara di Roma;98;0;0;0;0;;;;0;0;0;0;1;;;;1;1
58028;Cervara di Roma;99;0;0;0;0;;;;0;0;0;0;0;;;;0;0
58028;Cervara di Roma;100;0;0;0;0;;;;0;0;0;0;0;;;;0;0
58028;Cervara di Roma;999;109;122;14;6;;;;251;78;93;13;27;;;;211;462
58029;Cerveteri;0;99;0;0;0;0;0;0;99;78;0;0;0;0;0;0;78;177
58029;Cerveteri;1;118;0;0;0;0;0;0;118;108;0;0;0;0;0;0;108;226
58029;Cerveteri;2;102;0;0;0;0;0;0;102;113;0;0;0;0;0;0;113;215
58029;Cerveteri;3;123;0;0;0;0;0;0;123;100;0;0;0;0;0;0;100;223
58029;Cerveteri;4;165;0;0;0;0;0;0;165;125;0;0;0;0;0;0;125;290
58029;Cerveteri;5;133;0;0;0;0;0;0;133;116;0;0;0;0;0;0;116;249
58029;Cerveteri;6;151;0;0;0;0;0;0;151;130;0;0;0;0;0;0;130;281
58029;Cerveteri;7;148;0;0;0;0;0;0;148;148;0;0;0;0;0;0;148;296
58029;Cerveteri;8;148;0;0;0;0;0;0;148;162;0;0;0;0;0;0;162;310
58029;Cerveteri;9;181;0;0;0;0;0;0;181;154;0;0;0;0;0;0;154;335
58029;Cerveteri;10;171;0;0;0;0;0;0;171;165;0;0;0;0;0;0;165;336
58029;Cerveteri;11;163;0;0;0;0;0;0;163;180;0;0;0;0;0;0;180;343
58029;Cerveteri;12;190;0;0;0;0;0;0;190;174;0;0;0;0;0;0;174;364
58029;Cerveteri;13;212;0;0;0;0;0;0;212;177;0;0;0;0;0;0;177;389
58029;Cerveteri;14;203;0;0;0;0;0;0;203;165;0;0;0;0;0;0;165;368
58029;Cerveteri;15;219;0;0;0;0;0;0;219;184;0;0;0;0;0;0;184;403
58029;Cerveteri;16;196;0;0;0;0;0;0;196;192;0;0;0;0;0;0;192;388
58029;Cerveteri;17;213;0;0;0;0;0;0;213;198;0;0;0;0;0;0;198;411
58029;Cerveteri;18;215;0;0;0;0;0;0;215;194;0;0;0;0;0;0;194;409
58029;Cerveteri;19;199;0;0;0;0;0;0;199;155;1;0;0;0;0;0;156;355
58029;Cerveteri;20;194;0;0;0;0;0;0;194;180;0;0;0;0;0;0;180;374
58029;Cerveteri;21;205;0;0;0;0;0;0;205;204;0;0;0;0;0;0;204;409
58029;Cerveteri;22;203;2;0;0;0;0;0;205;174;1;0;0;0;0;0;175;380
58029;Cerveteri;23;207;0;0;0;0;0;0;207;175;0;0;0;0;0;0;175;382
58029;Cerveteri;24;197;1;0;0;0;0;0;198;172;4;0;0;0;0;0;176;374
58029;Cerveteri;25;196;1;0;0;0;0;0;197;180;7;0;0;0;0;0;187;384
58029;Cerveteri;26;189;3;0;0;0;0;0;192;182;11;0;0;0;0;0;193;385
58029;Cerveteri;27;167;5;0;0;0;0;0;172;165;11;0;0;0;0;0;176;348
58029;Cerveteri;28;166;12;0;0;0;0;0;178;115;21;0;0;0;0;0;136;314
58029;Cerveteri;29;184;21;1;0;0;0;0;206;151;31;0;0;0;0;0;182;388
58029;Cerveteri;30;154;14;0;0;0;0;0;168;148;35;1;0;0;0;0;184;352
58029;Cerveteri;31;149;16;1;0;0;0;0;166;133;46;0;0;2;0;0;181;347
58029;Cerveteri;32;147;27;0;0;0;0;0;174;139;48;1;0;0;0;0;188;362
58029;Cerveteri;33;133;44;2;0;2;0;0;181;127;64;1;0;1;0;0;193;374
58029;Cerveteri;34;143;30;3;0;0;0;0;176;137;75;1;0;0;0;0;213;389
58029;Cerveteri;35;112;44;3;0;0;0;0;159;112;85;4;0;0;0;0;201;360
58029;Cerveteri;36;148;75;4;1;1;0;0;229;107;82;5;1;0;1;0;196;425
58029;Cerveteri;37;144;70;1;0;0;0;0;215;107;90;3;1;2;0;0;203;418
58029;Cerveteri;38;121;66;3;0;0;0;0;190;94;91;10;1;0;0;0;196;386
58029;Cerveteri;39;100;84;3;0;0;0;0;187;90;108;6;0;0;0;0;204;391
58029;Cerveteri;40;113;101;8;0;1;0;0;223;100;94;8;2;1;0;0;205;428
58029;Cerveteri;41;116;92;4;1;0;0;0;213;84;120;9;2;3;0;0;218;431
58029;Cerveteri;42;113;113;7;1;1;0;0;235;84;156;8;1;0;0;0;249;484
58029;Cerveteri;43;130;135;9;0;1;0;0;275;89;146;17;3;0;0;0;255;530
58029;Cerveteri;44;91;135;13;1;1;0;0;241;78;167;16;4;0;1;0;266;507
58029;Cerveteri;45;90;142;12;0;2;0;0;246;94;156;19;4;1;0;0;274;520
58029;Cerveteri;46;114;140;13;0;0;0;0;267;89;175;26;3;0;0;0;293;560
58029;Cerveteri;47;83;159;8;3;0;0;0;253;78;182;22;2;1;0;0;285;538
58029;Cerveteri;48;112;141;17;1;1;0;0;272;81;189;21;3;0;0;0;294;566
58029;Cerveteri;49;98;201;23;1;1;0;0;324;95;203;30;2;1;0;0;331;655
58029;Cerveteri;50;99;161;14;3;0;1;0;278;76;236;29;8;1;0;0;350;628
58029;Cerveteri;51;104;185;22;2;1;0;0;314;78;205;37;8;1;0;0;329;643
58029;Cerveteri;52;93;229;28;2;0;0;0;352;75;233;44;9;2;0;0;363;715
58029;Cerveteri;53;99;215;39;1;1;0;0;355;89;251;35;15;0;0;0;390;745
58029;Cerveteri;54;89;258;29;2;1;1;0;380;60;230;42;15;0;0;0;347;727
58029;Cerveteri;55;94;248;32;3;1;0;0;378;68;268;43;10;1;0;0;390;768
58029;Cerveteri;56;76;227;28;2;1;0;0;334;75;232;42;15;0;1;0;365;699
58029;Cerveteri;57;59;246;34;5;1;0;0;345;66;231;38;19;0;0;0;354;699
58029;Cerveteri;58;67;252;40;3;0;0;1;363;53;249;47;13;0;0;0;362;725
58029;Cerveteri;59;67;278;32;5;1;0;0;383;44;268;34;14;0;0;0;360;743
58029;Cerveteri;60;52;256;42;7;0;0;1;358;47;260;43;23;2;0;0;375;733
58029;Cerveteri;61;48;247;30;5;1;0;0;331;35;252;42;18;2;0;0;349;680
58029;Cerveteri;62;39;223;41;4;1;0;0;308;34;226;32;19;0;0;0;311;619
58029;Cerveteri;63;35;232;34;4;1;0;0;306;28;192;19;27;0;0;0;266;572
58029;Cerveteri;64;32;214;37;6;1;0;0;290;26;173;33;29;0;0;0;261;551
58029;Cerveteri;65;23;176;29;3;1;0;0;232;19;192;33;34;0;0;0;278;510
58029;Cerveteri;66;12;221;24;8;0;0;0;265;19;171;34;28;0;0;0;252;517
58029;Cerveteri;67;17;193;23;6;1;0;0;240;23;184;33;29;0;0;0;269;509
58029;Cerveteri;68;14;158;31;15;0;0;0;218;20;169;27;43;0;0;0;259;477
58029;Cerveteri;69;12;179;14;4;1;0;0;210;17;149;28;54;0;0;0;248;458
58029;Cerveteri;70;13;172;19;10;1;0;0;215;16;135;16;41;0;0;0;208;423
58029;Cerveteri;71;18;142;16;12;1;0;0;189;11;129;17;51;0;0;0;208;397
58029;Cerveteri;72;11;141;14;9;1;0;0;176;9;125;15;40;0;0;0;189;365
58029;Cerveteri;73;12;121;10;9;0;0;0;152;10;118;17;39;0;0;0;184;336
58029;Cerveteri;74;13;148;15;7;0;0;0;183;22;109;16;45;0;0;0;192;375
58029;Cerveteri;75;9;157;12;17;2;0;0;197;14;121;15;45;0;0;0;195;392
58029;Cerveteri;76;12;143;9;19;1;0;0;184;5;122;13;59;0;0;0;199;383
58029;Cerveteri;77;6;146;8;22;0;0;0;182;12;116;16;72;0;0;0;216;398
58029;Cerveteri;78;5;152;10;21;0;0;0;188;5;98;16;79;0;0;0;198;386
58029;Cerveteri;79;4;97;5;16;0;0;0;122;5;84;3;68;0;0;0;160;282
58029;Cerveteri;80;9;102;9;19;0;0;0;139;12;73;7;70;0;0;0;162;301
58029;Cerveteri;81;3;95;6;20;0;0;0;124;1;72;7;83;0;0;0;163;287
58029;Cerveteri;82;3;94;3;17;0;0;0;117;9;54;7;70;0;0;0;140;257
58029;Cerveteri;83;3;88;4;22;1;0;0;118;5;53;6;75;0;0;0;139;257
58029;Cerveteri;84;6;85;2;14;0;0;0;107;8;60;6;100;0;0;0;174;281
58029;Cerveteri;85;2;57;1;22;1;0;0;83;7;46;9;64;0;0;0;126;209
58029;Cerveteri;86;2;70;4;19;0;0;0;95;6;32;2;68;0;0;0;108;203
58029;Cerveteri;87;1;48;3;16;1;0;0;69;2;21;4;61;0;0;0;88;157
58029;Cerveteri;88;1;40;1;15;0;0;0;57;3;17;1;51;0;0;0;72;129
58029;Cerveteri;89;1;26;2;21;0;0;0;50;4;11;2;52;0;0;0;69;119
58029;Cerveteri;90;0;25;1;9;0;0;0;35;2;9;1;40;0;0;0;52;87
58029;Cerveteri;91;0;18;0;10;0;0;0;28;1;3;2;47;0;0;0;53;81
58029;Cerveteri;92;0;18;0;4;0;0;0;22;1;1;1;32;0;0;0;35;57
58029;Cerveteri;93;0;6;0;7;0;0;0;13;4;1;0;25;0;0;0;30;43
58029;Cerveteri;94;0;4;1;4;0;0;0;9;1;3;0;18;0;0;0;22;31
58029;Cerveteri;95;0;4;0;3;0;0;0;7;0;0;1;11;0;0;0;12;19
58029;Cerveteri;96;0;0;0;2;0;0;0;2;1;1;0;7;0;0;0;9;11
58029;Cerveteri;97;0;1;0;1;0;0;0;2;0;1;0;10;0;0;0;11;13
58029;Cerveteri;98;0;0;0;0;0;0;0;0;0;0;0;3;0;0;0;3;3
58029;Cerveteri;99;0;1;0;2;0;0;0;3;0;0;0;3;0;0;0;3;6
58029;Cerveteri;100;0;0;0;0;0;0;0;0;0;0;0;3;0;0;0;3;3
58029;Cerveteri;999;8933;8473;893;468;34;2;2;18805;7910;8385;1123;1891;21;3;0;19333;38138
58118;Ciampino;0;138;0;0;0;0;0;0;138;127;0;0;0;0;0;0;127;265
58118;Ciampino;1;141;0;0;0;0;0;0;141;89;0;0;0;0;0;0;89;230
58118;Ciampino;2;131;0;0;0;0;0;0;131;100;0;0;0;0;0;0;100;231
58118;Ciampino;3;159;0;0;0;0;0;0;159;147;0;0;0;0;0;0;147;306
58118;Ciampino;4;149;0;0;0;0;0;0;149;130;0;0;0;0;0;0;130;279
58118;Ciampino;5;133;0;0;0;0;0;0;133;147;0;0;0;0;0;0;147;280
58118;Ciampino;6;142;0;0;0;0;0;0;142;142;0;0;0;0;0;0;142;284
58118;Ciampino;7;188;0;0;0;0;0;0;188;169;0;0;0;0;0;0;169;357
58118;Ciampino;8;176;0;0;0;0;0;0;176;162;0;0;0;0;0;0;162;338
58118;Ciampino;9;194;0;0;0;0;0;0;194;168;0;0;0;0;0;0;168;362
58118;Ciampino;10;174;0;0;0;0;0;0;174;164;0;0;0;0;0;0;164;338
58118;Ciampino;11;168;0;0;0;0;0;0;168;167;0;0;0;0;0;0;167;335
58118;Ciampino;12;184;0;0;0;0;0;0;184;169;0;0;0;0;0;0;169;353
58118;Ciampino;13;204;0;0;0;0;0;0;204;190;0;0;0;0;0;0;190;394
58118;Ciampino;14;185;0;0;0;0;0;0;185;199;0;0;0;0;0;0;199;384
58118;Ciampino;15;198;0;0;0;0;0;0;198;191;0;0;0;0;0;0;191;389
58118;Ciampino;16;207;0;0;0;0;0;0;207;185;0;0;0;0;0;0;185;392
58118;Ciampino;17;217;0;0;0;0;0;0;217;197;0;0;0;0;0;0;197;414
58118;Ciampino;18;205;0;0;0;0;0;0;205;212;0;0;0;0;0;0;212;417
58118;Ciampino;19;162;0;0;0;0;0;0;162;196;0;0;0;0;0;0;196;358
58118;Ciampino;20;203;0;0;0;0;0;0;203;216;0;0;0;0;0;0;216;419
58118;Ciampino;21;183;0;0;0;0;0;0;183;198;1;0;0;0;0;0;199;382
58118;Ciampino;22;185;1;0;0;0;0;0;186;179;1;0;0;0;0;0;180;366
58118;Ciampino;23;190;1;0;0;0;0;0;191;164;3;1;0;0;0;0;168;359
58118;Ciampino;24;205;1;0;0;0;0;0;206;179;0;0;0;0;0;0;179;385
58118;Ciampino;25;217;2;0;0;0;0;0;219;179;4;0;0;0;0;0;183;402
58118;Ciampino;26;194;5;1;0;0;0;0;200;186;8;1;0;0;0;0;195;395
58118;Ciampino;27;201;7;0;0;0;0;0;208;161;14;0;0;0;0;0;175;383
58118;Ciampino;28;203;9;0;0;0;0;0;212;195;26;0;0;0;0;0;221;433
58118;Ciampino;29;183;16;0;0;0;0;0;199;173;27;3;0;0;0;0;203;402
58118;Ciampino;30;180;15;1;0;0;0;0;196;172;36;1;0;0;0;0;209;405
58118;Ciampino;31;196;34;1;0;2;0;0;233;189;48;2;0;0;0;0;239;472
58118;Ciampino;32;165;32;3;1;1;0;0;202;154;67;1;0;0;0;0;222;424
58118;Ciampino;33;187;51;2;0;0;0;0;240;118;77;1;0;1;0;0;197;437
58118;Ciampino;34;160;46;1;0;0;0;0;207;143;84;2;0;0;0;0;229;436
58118;Ciampino;35;155;70;1;0;0;0;0;226;136;93;6;0;1;0;0;236;462
58118;Ciampino;36;158;80;1;0;0;0;0;239;123;125;5;1;0;0;0;254;493
58118;Ciampino;37;127;74;1;0;0;0;0;202;120;121;8;1;1;0;0;251;453
58118;Ciampino;38;126;96;2;0;0;0;0;224;102;108;6;0;0;0;0;216;440
58118;Ciampino;39;111;103;3;0;1;0;0;218;101;135;11;1;2;0;0;250;468
58118;Ciampino;40;113;106;7;0;1;0;0;227;100;124;6;0;0;0;0;230;457
58118;Ciampino;41;135;126;4;0;0;0;0;265;109;135;3;0;1;0;0;248;513
58118;Ciampino;42;101;137;10;0;0;0;0;248;88;167;11;1;5;0;0;272;520
58118;Ciampino;43;104;141;10;0;1;0;0;256;82;154;12;0;0;0;0;248;504
58118;Ciampino;44;103;146;11;1;0;0;0;261;89;162;14;2;0;0;0;267;528
58118;Ciampino;45;104;123;7;2;0;0;0;236;78;148;11;1;1;0;0;239;475
58118;Ciampino;46;105;154;6;0;2;0;0;267;70;164;19;3;0;0;0;256;523
58118;Ciampino;47;106;156;11;0;1;0;0;274;67;179;22;8;0;0;0;276;550
58118;Ciampino;48;90;150;14;2;0;0;0;256;80;185;20;2;0;0;0;287;543
58118;Ciampino;49;97;194;13;1;0;0;0;305;96;222;22;7;0;0;0;347;652
58118;Ciampino;50;91;189;17;2;2;0;0;301;76;245;21;5;1;0;0;348;649
58118;Ciampino;51;94;187;20;0;1;0;0;302;78;242;21;8;0;0;0;349;651
58118;Ciampino;52;89;199;15;0;0;0;0;303;66;228;34;4;0;0;0;332;635
58118;Ciampino;53;74;188;16;5;0;0;0;283;73;249;28;7;0;0;0;357;640
58118;Ciampino;54;82;237;25;1;0;0;0;345;59;202;31;6;0;0;0;298;643
58118;Ciampino;55;73;245;12;0;0;0;0;330;43;246;50;12;0;0;0;351;681
58118;Ciampino;56;63;223;23;4;0;0;0;313;52;260;27;11;0;0;0;350;663
58118;Ciampino;57;52;239;21;6;0;0;0;318;39;239;40;15;0;0;0;333;651
58118;Ciampino;58;46;246;25;2;0;0;0;319;51;273;32;22;1;0;0;379;698
58118;Ciampino;59;47;235;21;7;1;0;0;311;36;272;35;14;0;0;0;357;668
58118;Ciampino;60;42;245;20;5;2;0;0;314;26;299;31;25;2;0;0;383;697
58118;Ciampino;61;31;225;15;9;0;0;0;280;28;228;28;21;0;0;0;305;585
58118;Ciampino;62;22;205;23;6;0;0;0;256;44;232;32;18;0;0;0;326;582
58118;Ciampino;63;17;215;19;2;0;0;0;253;27;213;32;29;0;0;0;301;554
58118;Ciampino;64;13;215;9;8;0;0;0;245;16;210;22;29;0;0;0;277;522
58118;Ciampino;65;16;183;27;6;0;0;0;232;24;193;26;29;0;0;0;272;504
58118;Ciampino;66;14;181;18;3;2;0;0;218;17;192;32;25;0;0;0;266;484
58118;Ciampino;67;15;168;14;8;0;0;0;205;20;162;23;33;0;0;0;238;443
58118;Ciampino;68;15;165;8;8;0;0;0;196;18;187;16;43;0;0;0;264;460
58118;Ciampino;69;15;187;10;5;0;0;0;217;13;168;15;31;0;0;0;227;444
58118;Ciampino;70;15;155;15;6;0;0;0;191;12;158;13;54;0;0;0;237;428
58118;Ciampino;71;8;170;4;5;0;0;0;187;14;142;14;40;0;0;0;210;397
58118;Ciampino;72;8;159;14;11;0;0;0;192;13;149;16;61;0;0;0;239;431
58118;Ciampino;73;10;158;5;9;0;0;0;182;6;150;15;41;0;0;0;212;394
58118;Ciampino;74;9;156;6;12;0;0;0;183;10;131;11;57;0;0;0;209;392
58118;Ciampino;75;8;139;7;18;0;0;0;172;8;147;9;66;0;0;0;230;402
58118;Ciampino;76;8;188;8;11;0;0;0;215;14;123;12;64;0;0;0;213;428
58118;Ciampino;77;5;142;2;17;0;0;0;166;6;109;8;78;0;0;0;201;367
58118;Ciampino;78;2;112;5;22;0;0;0;141;5;118;7;75;0;0;0;205;346
58118;Ciampino;79;4;103;3;13;0;0;0;123;7;87;5;58;0;0;0;157;280
58118;Ciampino;80;4;109;6;16;0;0;0;135;9;61;2;76;0;0;0;148;283
58118;Ciampino;81;2;102;5;14;0;0;0;123;6;76;4;64;0;0;0;150;273
58118;Ciampino;82;3;63;4;21;0;0;0;91;7;52;5;76;0;0;0;140;231
58118;Ciampino;83;3;81;0;24;0;0;0;108;8;62;7;78;0;0;0;155;263
58118;Ciampino;84;1;79;2;26;0;0;0;108;9;52;3;121;0;0;0;185;293
58118;Ciampino;85;1;63;0;22;0;0;0;86;10;42;4;100;0;0;0;156;242
58118;Ciampino;86;1;59;1;23;0;0;0;84;6;31;2;93;0;0;0;132;216
58118;Ciampino;87;1;60;0;18;0;0;0;79;3;24;1;71;0;0;0;99;178
58118;Ciampino;88;0;36;0;17;0;0;0;53;5;23;1;71;0;0;0;100;153
58118;Ciampino;89;2;37;0;11;0;0;0;50;7;15;1;62;0;0;0;85;135
58118;Ciampino;90;2;28;1;7;0;0;0;38;5;6;2;54;0;0;0;67;105
58118;Ciampino;91;0;14;0;9;0;0;0;23;1;7;0;39;0;0;0;47;70
58118;Ciampino;92;0;18;1;5;0;0;0;24;1;4;0;40;0;0;0;45;69
58118;Ciampino;93;0;9;1;7;0;0;0;17;2;2;0;32;0;0;0;36;53
58118;Ciampino;94;0;5;0;9;0;0;0;14;2;5;0;30;0;0;0;37;51
58118;Ciampino;95;1;4;0;7;0;0;0;12;0;0;0;21;0;0;0;21;33
58118;Ciampino;96;0;3;0;4;0;0;0;7;0;0;0;11;0;0;0;11;18
58118;Ciampino;97;0;1;0;0;0;0;0;1;2;0;0;14;0;0;0;16;17
58118;Ciampino;98;0;1;0;0;0;0;0;1;0;0;0;7;0;0;0;7;8
58118;Ciampino;99;0;0;0;1;0;0;0;1;0;0;0;4;0;0;0;4;5
58118;Ciampino;100;0;0;1;0;0;0;0;1;3;0;0;9;0;0;0;12;13
58118;Ciampino;999;9051;8507;559;459;17;0;0;18593;8285;8934;906;2081;16;0;0;20222;38815
58030;Ciciliano;0;6;0;0;0;;;;6;1;0;0;0;;;;1;7
58030;Ciciliano;1;4;0;0;0;;;;4;5;0;0;0;;;;5;9
58030;Ciciliano;2;3;0;0;0;;;;3;6;0;0;0;;;;6;9
58030;Ciciliano;3;0;0;0;0;;;;0;2;0;0;0;;;;2;2
58030;Ciciliano;4;2;0;0;0;;;;2;1;0;0;0;;;;1;3
58030;Ciciliano;5;2;0;0;0;;;;2;1;0;0;0;;;;1;3
58030;Ciciliano;6;1;0;0;0;;;;1;2;0;0;0;;;;2;3
58030;Ciciliano;7;6;0;0;0;;;;6;5;0;0;0;;;;5;11
58030;Ciciliano;8;3;0;0;0;;;;3;3;0;0;0;;;;3;6
58030;Ciciliano;9;2;0;0;0;;;;2;4;0;0;0;;;;4;6
58030;Ciciliano;10;8;0;0;0;;;;8;6;0;0;0;;;;6;14
58030;Ciciliano;11;7;0;0;0;;;;7;8;0;0;0;;;;8;15
58030;Ciciliano;12;6;0;0;0;;;;6;4;0;0;0;;;;4;10
58030;Ciciliano;13;3;0;0;0;;;;3;5;0;0;0;;;;5;8
58030;Ciciliano;14;4;0;0;0;;;;4;4;0;0;0;;;;4;8
58030;Ciciliano;15;5;0;0;0;;;;5;4;0;0;0;;;;4;9
58030;Ciciliano;16;9;0;0;0;;;;9;5;0;0;0;;;;5;14
58030;Ciciliano;17;7;0;0;0;;;;7;5;0;0;0;;;;5;12
58030;Ciciliano;18;8;0;0;0;;;;8;5;0;0;0;;;;5;13
58030;Ciciliano;19;10;0;0;0;;;;10;5;0;0;0;;;;5;15
58030;Ciciliano;20;8;0;0;0;;;;8;8;0;0;0;;;;8;16
58030;Ciciliano;21;3;0;0;0;;;;3;5;1;0;0;;;;6;9
58030;Ciciliano;22;12;0;0;0;;;;12;5;0;0;0;;;;5;17
58030;Ciciliano;23;4;0;0;0;;;;4;6;0;0;0;;;;6;10
58030;Ciciliano;24;6;0;0;0;;;;6;4;0;0;0;;;;4;10
58030;Ciciliano;25;6;0;0;0;;;;6;2;0;0;0;;;;2;8
58030;Ciciliano;26;8;0;0;0;;;;8;6;0;0;0;;;;6;14
58030;Ciciliano;27;8;0;0;0;;;;8;4;0;0;0;;;;4;12
58030;Ciciliano;28;4;0;0;0;;;;4;9;1;0;0;;;;10;14
58030;Ciciliano;29;6;0;0;0;;;;6;1;0;0;0;;;;1;7
58030;Ciciliano;30;1;1;0;0;;;;2;5;3;0;0;;;;8;10
58030;Ciciliano;31;5;1;0;0;;;;6;5;2;0;0;;;;7;13
58030;Ciciliano;32;7;0;0;0;;;;7;4;1;0;0;;;;5;12
58030;Ciciliano;33;10;1;0;0;;;;11;8;0;0;0;;;;8;19
58030;Ciciliano;34;7;2;0;0;;;;9;3;0;0;0;;;;3;12
58030;Ciciliano;35;5;0;0;0;;;;5;4;3;0;0;;;;7;12
58030;Ciciliano;36;5;1;0;0;;;;6;5;4;0;0;;;;9;15
58030;Ciciliano;37;7;3;0;0;;;;10;7;1;0;0;;;;8;18
58030;Ciciliano;38;3;3;0;0;;;;6;2;3;0;0;;;;5;11
58030;Ciciliano;39;5;2;0;0;;;;7;4;2;0;0;;;;6;13
58030;Ciciliano;40;3;0;0;0;;;;3;1;5;0;0;;;;6;9
58030;Ciciliano;41;2;3;0;0;;;;5;3;4;0;0;;;;7;12
58030;Ciciliano;42;6;5;0;0;;;;11;2;9;0;0;;;;11;22
58030;Ciciliano;43;4;1;0;0;;;;5;1;7;0;0;;;;8;13
58030;Ciciliano;44;5;6;0;0;;;;11;3;3;0;0;;;;6;17
58030;Ciciliano;45;3;2;0;0;;;;5;4;3;1;0;;;;8;13
58030;Ciciliano;46;5;7;0;0;;;;12;3;5;0;0;;;;8;20
58030;Ciciliano;47;5;5;1;0;;;;11;5;6;0;0;;;;11;22
58030;Ciciliano;48;4;7;0;0;;;;11;3;9;1;0;;;;13;24
58030;Ciciliano;49;1;3;1;0;;;;5;1;8;0;0;;;;9;14
58030;Ciciliano;50;2;9;0;0;;;;11;1;8;2;1;;;;12;23
58030;Ciciliano;51;2;9;0;0;;;;11;3;8;0;0;;;;11;22
58030;Ciciliano;52;3;5;0;0;;;;8;0;6;0;2;;;;8;16
58030;Ciciliano;53;2;8;2;0;;;;12;2;5;3;0;;;;10;22
58030;Ciciliano;54;0;7;2;0;;;;9;0;5;1;2;;;;8;17
58030;Ciciliano;55;7;5;0;0;;;;12;1;7;1;2;;;;11;23
58030;Ciciliano;56;2;5;0;0;;;;7;1;3;2;4;;;;10;17
58030;Ciciliano;57;1;6;0;0;;;;7;3;10;0;2;;;;15;22
58030;Ciciliano;58;2;9;1;0;;;;12;2;8;0;1;;;;11;23
58030;Ciciliano;59;1;7;1;0;;;;9;2;6;3;1;;;;12;21
58030;Ciciliano;60;4;8;2;1;;;;15;2;11;0;0;;;;13;28
58030;Ciciliano;61;3;9;0;2;;;;14;1;5;1;1;;;;8;22
58030;Ciciliano;62;3;6;1;0;;;;10;1;6;2;2;;;;11;21
58030;Ciciliano;63;0;6;2;0;;;;8;0;13;0;2;;;;15;23
58030;Ciciliano;64;3;6;1;0;;;;10;0;8;2;0;;;;10;20
58030;Ciciliano;65;1;11;1;1;;;;14;1;5;0;1;;;;7;21
58030;Ciciliano;66;0;8;0;1;;;;9;1;6;1;0;;;;8;17
58030;Ciciliano;67;0;8;2;0;;;;10;1;9;0;1;;;;11;21
58030;Ciciliano;68;0;5;0;0;;;;5;2;8;0;2;;;;12;17
58030;Ciciliano;69;0;12;0;0;;;;12;0;7;0;2;;;;9;21
58030;Ciciliano;70;0;4;0;0;;;;4;1;4;0;2;;;;7;11
58030;Ciciliano;71;0;7;1;0;;;;8;1;7;0;3;;;;11;19
58030;Ciciliano;72;0;7;0;0;;;;7;1;1;1;1;;;;4;11
58030;Ciciliano;73;1;4;0;1;;;;6;0;6;1;3;;;;10;16
58030;Ciciliano;74;0;7;2;0;;;;9;0;2;1;2;;;;5;14
58030;Ciciliano;75;1;9;1;2;;;;13;0;3;0;1;;;;4;17
58030;Ciciliano;76;0;6;0;0;;;;6;3;7;0;0;;;;10;16
58030;Ciciliano;77;2;5;2;1;;;;10;0;2;0;2;;;;4;14
58030;Ciciliano;78;0;7;0;1;;;;8;1;4;0;0;;;;5;13
58030;Ciciliano;79;0;4;0;0;;;;4;0;1;0;5;;;;6;10
58030;Ciciliano;80;1;2;1;1;;;;5;0;0;0;2;;;;2;7
58030;Ciciliano;81;0;4;0;0;;;;4;0;1;0;3;;;;4;8
58030;Ciciliano;82;0;3;0;1;;;;4;0;0;0;3;;;;3;7
58030;Ciciliano;83;0;3;0;1;;;;4;0;5;0;1;;;;6;10
58030;Ciciliano;84;0;0;2;0;;;;2;1;0;0;4;;;;5;7
58030;Ciciliano;85;1;1;0;1;;;;3;0;0;0;5;;;;5;8
58030;Ciciliano;86;0;2;0;2;;;;4;1;1;0;1;;;;3;7
58030;Ciciliano;87;0;1;0;0;;;;1;0;0;0;0;;;;0;1
58030;Ciciliano;88;0;2;0;0;;;;2;0;0;0;3;;;;3;5
58030;Ciciliano;89;0;0;0;0;;;;0;2;0;0;1;;;;3;3
58030;Ciciliano;90;0;0;0;0;;;;0;3;0;0;3;;;;6;6
58030;Ciciliano;91;0;0;0;2;;;;2;1;0;0;1;;;;2;4
58030;Ciciliano;92;0;0;0;0;;;;0;0;0;0;2;;;;2;2
58030;Ciciliano;93;0;0;0;1;;;;1;2;0;0;0;;;;2;3
58030;Ciciliano;94;0;0;0;1;;;;1;2;1;0;2;;;;5;6
58030;Ciciliano;95;0;0;0;0;;;;0;1;0;0;1;;;;2;2
58030;Ciciliano;96;0;0;0;0;;;;0;0;0;0;0;;;;0;0
58030;Ciciliano;97;0;0;0;2;;;;2;0;0;0;0;;;;0;2
58030;Ciciliano;98;0;0;0;0;;;;0;0;0;0;0;;;;0;0
58030;Ciciliano;99;0;1;0;0;;;;1;0;0;0;1;;;;1;2
58030;Ciciliano;100;0;0;0;0;;;;0;0;0;0;0;;;;0;0
58030;Ciciliano;999;296;281;26;22;;;;625;248;269;23;78;;;;618;1243
58031;Cineto Romano;0;0;0;0;0;;;;0;1;0;0;0;;;;1;1
58031;Cineto Romano;1;2;0;0;0;;;;2;4;0;0;0;;;;4;6
58031;Cineto Romano;2;2;0;0;0;;;;2;2;0;0;0;;;;2;4
58031;Cineto Romano;3;2;0;0;0;;;;2;1;0;0;0;;;;1;3
58031;Cineto Romano;4;0;0;0;0;;;;0;2;0;0;0;;;;2;2
58031;Cineto Romano;5;1;0;0;0;;;;1;1;0;0;0;;;;1;2
58031;Cineto Romano;6;0;0;0;0;;;;0;1;0;0;0;;;;1;1
58031;Cineto Romano;7;1;0;0;0;;;;1;3;0;0;0;;;;3;4
58031;Cineto Romano;8;0;0;0;0;;;;0;0;0;0;0;;;;0;0
58031;Cineto Romano;9;1;0;0;0;;;;1;2;0;0;0;;;;2;3
58031;Cineto Romano;10;2;0;0;0;;;;2;1;0;0;0;;;;1;3
58031;Cineto Romano;11;2;0;0;0;;;;2;0;0;0;0;;;;0;2
58031;Cineto Romano;12;2;0;0;0;;;;2;2;0;0;0;;;;2;4
58031;Cineto Romano;13;1;0;0;0;;;;1;0;0;0;0;;;;0;1
58031;Cineto Romano;14;1;0;0;0;;;;1;2;0;0;0;;;;2;3
58031;Cineto Romano;15;1;0;0;0;;;;1;2;0;0;0;;;;2;3
58031;Cineto Romano;16;4;0;0;0;;;;4;0;0;0;0;;;;0;4
58031;Cineto Romano;17;2;0;0;0;;;;2;2;0;0;0;;;;2;4
58031;Cineto Romano;18;2;0;0;0;;;;2;3;0;0;0;;;;3;5
58031;Cineto Romano;19;3;0;0;0;;;;3;3;0;0;0;;;;3;6
58031;Cineto Romano;20;2;0;0;0;;;;2;2;0;0;0;;;;2;4
58031;Cineto Romano;21;1;0;0;0;;;;1;6;0;0;0;;;;6;7
58031;Cineto Romano;22;2;0;0;0;;;;2;3;0;0;0;;;;3;5
58031;Cineto Romano;23;4;0;0;0;;;;4;3;0;0;0;;;;3;7
58031;Cineto Romano;24;3;0;0;0;;;;3;5;0;0;0;;;;5;8
58031;Cineto Romano;25;3;0;0;0;;;;3;4;0;0;0;;;;4;7
58031;Cineto Romano;26;2;0;0;0;;;;2;2;0;0;0;;;;2;4
58031;Cineto Romano;27;1;0;0;0;;;;1;5;0;0;0;;;;5;6
58031;Cineto Romano;28;0;1;0;0;;;;1;1;3;0;0;;;;4;5
58031;Cineto Romano;29;1;1;0;0;;;;2;1;0;1;0;;;;2;4
58031;Cineto Romano;30;2;0;0;0;;;;2;3;1;0;0;;;;4;6
58031;Cineto Romano;31;3;0;0;0;;;;3;3;0;0;0;;;;3;6
58031;Cineto Romano;32;1;0;0;0;;;;1;3;0;0;0;;;;3;4
58031;Cineto Romano;33;4;1;0;0;;;;5;2;0;0;0;;;;2;7
58031;Cineto Romano;34;3;1;0;0;;;;4;1;1;0;0;;;;2;6
58031;Cineto Romano;35;1;0;0;0;;;;1;2;0;0;0;;;;2;3
58031;Cineto Romano;36;4;0;0;0;;;;4;3;0;0;0;;;;3;7
58031;Cineto Romano;37;2;0;1;0;;;;3;3;1;0;0;;;;4;7
58031;Cineto Romano;38;2;0;0;0;;;;2;0;1;0;0;;;;1;3
58031;Cineto Romano;39;5;0;1;0;;;;6;1;2;0;0;;;;3;9
58031;Cineto Romano;40;3;0;0;0;;;;3;2;2;0;0;;;;4;7
58031;Cineto Romano;41;1;1;0;0;;;;2;0;2;0;0;;;;2;4
58031;Cineto Romano;42;0;1;0;0;;;;1;0;1;0;0;;;;1;2
58031;Cineto Romano;43;3;1;0;0;;;;4;1;1;0;0;;;;2;6
58031;Cineto Romano;44;3;0;0;0;;;;3;1;1;0;0;;;;2;5
58031;Cineto Romano;45;3;3;0;0;;;;6;2;1;0;0;;;;3;9
58031;Cineto Romano;46;0;2;1;0;;;;3;1;0;0;0;;;;1;4
58031;Cineto Romano;47;0;1;0;0;;;;1;1;0;1;0;;;;2;3
58031;Cineto Romano;48;2;1;0;0;;;;3;3;1;1;0;;;;5;8
58031;Cineto Romano;49;0;2;0;0;;;;2;1;3;0;0;;;;4;6
58031;Cineto Romano;50;3;0;0;0;;;;3;1;5;0;0;;;;6;9
58031;Cineto Romano;51;2;2;0;0;;;;4;0;0;0;0;;;;0;4
58031;Cineto Romano;52;1;4;0;0;;;;5;3;3;0;0;;;;6;11
58031;Cineto Romano;53;1;6;0;0;;;;7;0;7;0;0;;;;7;14
58031;Cineto Romano;54;1;3;2;0;;;;6;1;4;0;0;;;;5;11
58031;Cineto Romano;55;2;1;0;0;;;;3;3;5;0;0;;;;8;11
58031;Cineto Romano;56;3;5;0;0;;;;8;0;3;0;1;;;;4;12
58031;Cineto Romano;57;1;4;1;0;;;;6;1;5;1;0;;;;7;13
58031;Cineto Romano;58;5;5;0;0;;;;10;2;9;0;1;;;;12;22
58031;Cineto Romano;59;3;6;0;0;;;;9;0;2;0;0;;;;2;11
58031;Cineto Romano;60;3;6;1;0;;;;10;0;2;0;0;;;;2;12
58031;Cineto Romano;61;1;5;1;0;;;;7;0;4;0;0;;;;4;11
58031;Cineto Romano;62;1;3;1;0;;;;5;2;7;2;2;;;;13;18
58031;Cineto Romano;63;1;2;2;0;;;;5;0;3;2;0;;;;5;10
58031;Cineto Romano;64;0;6;0;0;;;;6;0;2;0;0;;;;2;8
58031;Cineto Romano;65;1;2;2;0;;;;5;1;2;0;0;;;;3;8
58031;Cineto Romano;66;0;4;0;0;;;;4;1;4;0;1;;;;6;10
58031;Cineto Romano;67;0;5;0;0;;;;5;0;1;0;0;;;;1;6
58031;Cineto Romano;68;1;3;0;0;;;;4;0;1;0;0;;;;1;5
58031;Cineto Romano;69;1;3;0;0;;;;4;1;2;0;0;;;;3;7
58031;Cineto Romano;70;1;3;1;1;;;;6;1;5;0;0;;;;6;12
58031;Cineto Romano;71;1;1;0;0;;;;2;0;1;1;1;;;;3;5
58031;Cineto Romano;72;0;2;0;0;;;;2;1;1;0;3;;;;5;7
58031;Cineto Romano;73;1;7;0;0;;;;8;1;1;0;2;;;;4;12
58031;Cineto Romano;74;0;2;0;0;;;;2;0;1;0;1;;;;2;4
58031;Cineto Romano;75;1;3;2;1;;;;7;1;3;0;1;;;;5;12
58031;Cineto Romano;76;1;4;0;0;;;;5;0;1;1;2;;;;4;9
58031;Cineto Romano;77;0;1;0;0;;;;1;1;0;0;2;;;;3;4
58031;Cineto Romano;78;0;2;0;0;;;;2;0;3;0;2;;;;5;7
58031;Cineto Romano;79;0;2;0;0;;;;2;0;2;0;1;;;;3;5
58031;Cineto Romano;80;1;4;0;0;;;;5;0;0;0;2;;;;2;7
58031;Cineto Romano;81;1;1;0;0;;;;2;0;1;0;3;;;;4;6
58031;Cineto Romano;82;0;0;0;1;;;;1;0;1;0;1;;;;2;3
58031;Cineto Romano;83;0;0;0;1;;;;1;0;0;0;3;;;;3;4
58031;Cineto Romano;84;0;1;0;0;;;;1;0;0;0;1;;;;1;2
58031;Cineto Romano;85;0;0;0;0;;;;0;0;0;0;3;;;;3;3
58031;Cineto Romano;86;0;1;0;1;;;;2;0;0;0;2;;;;2;4
58031;Cineto Romano;87;0;0;0;0;;;;0;0;0;1;4;;;;5;5
58031;Cineto Romano;88;0;0;0;0;;;;0;0;1;0;1;;;;2;2
58031;Cineto Romano;89;0;0;0;1;;;;1;0;0;0;3;;;;3;4
58031;Cineto Romano;90;0;1;0;2;;;;3;2;2;0;2;;;;6;9
58031;Cineto Romano;91;0;2;0;0;;;;2;0;0;0;0;;;;0;2
58031;Cineto Romano;92;1;0;0;0;;;;1;0;0;0;0;;;;0;1
58031;Cineto Romano;93;0;0;0;1;;;;1;1;0;0;1;;;;2;3
58031;Cineto Romano;94;0;0;0;0;;;;0;0;0;0;2;;;;2;2
58031;Cineto Romano;95;0;1;0;0;;;;1;0;0;0;0;;;;0;1
58031;Cineto Romano;96;0;0;0;0;;;;0;0;0;0;0;;;;0;0
58031;Cineto Romano;97;0;0;0;0;;;;0;0;0;0;0;;;;0;0
58031;Cineto Romano;98;0;0;0;0;;;;0;0;0;0;1;;;;1;1
58031;Cineto Romano;99;0;0;0;0;;;;0;0;0;0;1;;;;1;1
58031;Cineto Romano;100;0;0;0;0;;;;0;0;0;0;0;;;;0;0
58031;Cineto Romano;999;129;129;16;9;;;;283;121;115;11;50;;;;297;580
58032;Civitavecchia;0;155;0;0;0;0;0;0;155;128;0;0;0;0;0;0;128;283
58032;Civitavecchia;1;153;0;0;0;0;0;0;153;131;0;0;0;0;0;0;131;284
58032;Civitavecchia;2;146;0;0;0;0;0;0;146;157;0;0;0;0;0;0;157;303
58032;Civitavecchia;3;168;0;0;0;0;0;0;168;129;0;0;0;0;0;0;129;297
58032;Civitavecchia;4;158;0;0;0;0;0;0;158;173;0;0;0;0;0;0;173;331
58032;Civitavecchia;5;182;0;0;0;0;0;0;182;169;0;0;0;0;0;0;169;351
58032;Civitavecchia;6;189;0;0;0;0;0;0;189;170;0;0;0;0;0;0;170;359
58032;Civitavecchia;7;213;0;0;0;0;0;0;213;208;0;0;0;0;0;0;208;421
58032;Civitavecchia;8;214;0;0;0;0;0;0;214;215;0;0;0;0;0;0;215;429
58032;Civitavecchia;9;205;0;0;0;0;0;0;205;250;0;0;0;0;0;0;250;455
58032;Civitavecchia;10;257;0;0;0;0;0;0;257;210;0;0;0;0;0;0;210;467
58032;Civitavecchia;11;235;0;0;0;0;0;0;235;224;0;0;0;0;0;0;224;459
58032;Civitavecchia;12;270;0;0;0;0;0;0;270;265;0;0;0;0;0;0;265;535
58032;Civitavecchia;13;263;0;0;0;0;0;0;263;261;0;0;0;0;0;0;261;524
58032;Civitavecchia;14;261;0;0;0;0;0;0;261;244;0;0;0;0;0;0;244;505
58032;Civitavecchia;15;280;0;0;0;0;0;0;280;237;0;0;0;0;0;0;237;517
58032;Civitavecchia;16;259;0;0;0;0;0;0;259;283;0;0;0;0;0;0;283;542
58032;Civitavecchia;17;239;0;0;0;0;0;0;239;286;0;0;0;0;0;0;286;525
58032;Civitavecchia;18;293;0;0;0;0;0;0;293;263;0;0;0;0;0;0;263;556
58032;Civitavecchia;19;284;0;0;0;0;0;0;284;249;0;0;0;0;0;0;249;533
58032;Civitavecchia;20;273;0;0;0;0;0;0;273;225;2;0;0;0;0;0;227;500
58032;Civitavecchia;21;251;0;0;0;0;0;0;251;211;2;0;0;0;0;0;213;464
58032;Civitavecchia;22;270;2;0;0;0;0;0;272;240;2;0;0;0;0;0;242;514
58032;Civitavecchia;23;261;0;0;0;0;0;0;261;243;5;0;0;0;0;0;248;509
58032;Civitavecchia;24;263;6;0;0;0;0;0;269;246;5;0;0;0;0;0;251;520
58032;Civitavecchia;25;236;4;0;0;0;0;0;240;217;6;0;0;0;0;0;223;463
58032;Civitavecchia;26;290;9;0;0;0;0;0;299;223;11;0;0;0;0;0;234;533
58032;Civitavecchia;27;261;9;0;0;0;0;0;270;215;23;0;0;0;0;0;238;508
58032;Civitavecchia;28;258;13;0;0;0;0;0;271;222;21;1;0;0;0;0;244;515
58032;Civitavecchia;29;223;20;0;0;0;0;0;243;222;28;0;0;0;0;0;250;493
58032;Civitavecchia;30;224;29;0;0;2;0;0;255;202;45;1;0;0;0;0;248;503
58032;Civitavecchia;31;196;23;0;0;0;0;0;219;177;61;1;1;1;0;0;241;460
58032;Civitavecchia;32;221;41;3;0;0;0;0;265;171;75;6;0;0;0;0;252;517
58032;Civitavecchia;33;225;53;2;0;0;0;0;280;163;88;4;1;0;0;0;256;536
58032;Civitavecchia;34;221;67;5;0;2;0;0;295;158;91;8;0;0;0;0;257;552
58032;Civitavecchia;35;179;62;2;0;1;0;0;244;157;99;4;2;0;0;0;262;506
58032;Civitavecchia;36;187;83;5;0;1;0;0;276;134;130;6;4;0;0;0;274;550
58032;Civitavecchia;37;178;72;5;0;2;0;0;257;130;126;8;0;0;0;0;264;521
58032;Civitavecchia;38;160;114;3;0;2;0;0;279;150;135;6;0;0;0;0;291;570
58032;Civitavecchia;39;147;116;9;0;2;0;0;274;104;174;10;2;0;0;0;290;564
58032;Civitavecchia;40;160;145;6;0;1;0;0;312;121;171;17;4;0;0;0;313;625
58032;Civitavecchia;41;144;152;11;0;0;0;0;307;111;208;13;0;2;0;0;334;641
58032;Civitavecchia;42;152;168;10;1;1;0;0;332;94;202;16;2;0;0;0;314;646
58032;Civitavecchia;43;135;189;13;0;2;0;0;339;108;184;32;3;0;0;0;327;666
58032;Civitavecchia;44;121;203;15;2;1;0;0;342;91;198;20;3;1;0;0;313;655
58032;Civitavecchia;45;134;203;17;1;3;0;0;358;107;238;26;0;0;0;0;371;729
58032;Civitavecchia;46;147;215;14;0;0;0;0;376;109;254;39;7;0;0;0;409;785
58032;Civitavecchia;47;147;233;24;0;0;0;0;404;111;249;38;3;2;0;0;403;807
58032;Civitavecchia;48;144;265;30;0;0;0;0;439;113;266;50;6;1;0;0;436;875
58032;Civitavecchia;49;130;233;37;1;2;0;0;403;93;316;51;5;0;0;0;465;868
58032;Civitavecchia;50;139;283;35;0;1;0;0;458;106;323;59;4;0;0;0;492;950
58032;Civitavecchia;51;109;278;37;2;0;0;0;426;75;354;53;10;0;0;0;492;918
58032;Civitavecchia;52;138;293;33;2;3;0;0;469;73;318;63;6;1;0;0;461;930
58032;Civitavecchia;53;98;315;38;3;0;0;0;454;62;347;54;12;2;0;0;477;931
58032;Civitavecchia;54;73;276;45;5;0;0;0;399;84;331;66;21;1;0;0;503;902
58032;Civitavecchia;55;75;315;45;5;0;0;0;440;60;316;52;16;0;0;0;444;884
58032;Civitavecchia;56;77;275;38;3;1;0;0;394;55;300;57;27;2;0;0;441;835
58032;Civitavecchia;57;69;296;42;7;0;0;0;414;62;264;69;19;0;0;0;414;828
58032;Civitavecchia;58;73;274;42;5;3;0;0;397;52;279;62;21;1;0;0;415;812
58032;Civitavecchia;59;66;305;52;7;0;0;0;430;49;318;63;30;0;0;0;460;890
58032;Civitavecchia;60;62;303;46;8;1;0;0;420;39;299;60;34;0;0;0;432;852
58032;Civitavecchia;61;53;271;41;6;0;0;0;371;45;281;58;39;1;0;0;424;795
58032;Civitavecchia;62;31;293;40;5;1;0;0;370;30;266;41;33;1;0;0;371;741
58032;Civitavecchia;63;38;268;36;5;0;0;0;347;25;221;33;40;0;0;0;319;666
58032;Civitavecchia;64;32;243;23;12;0;0;0;310;27;265;48;52;0;0;0;392;702
58032;Civitavecchia;65;27;231;29;10;2;0;0;299;21;248;28;34;1;0;0;332;631
58032;Civitavecchia;66;28;262;22;6;0;0;0;318;21;241;32;47;0;0;0;341;659
58032;Civitavecchia;67;17;212;21;13;0;0;0;263;27;229;42;54;0;0;0;352;615
58032;Civitavecchia;68;19;226;25;6;0;0;0;276;24;225;21;67;0;0;0;337;613
58032;Civitavecchia;69;24;243;19;14;0;0;0;300;16;229;33;53;0;0;0;331;631
58032;Civitavecchia;70;17;225;21;15;0;0;0;278;18;207;29;56;0;0;0;310;588
58032;Civitavecchia;71;18;219;19;6;0;0;0;262;19;217;13;74;0;0;0;323;585
58032;Civitavecchia;72;11;194;13;18;0;0;0;236;19;185;20;84;0;0;0;308;544
58032;Civitavecchia;73;13;196;15;21;0;0;0;245;11;177;26;76;0;0;0;290;535
58032;Civitavecchia;74;8;195;12;15;1;0;0;231;17;178;20;78;0;0;0;293;524
58032;Civitavecchia;75;6;196;9;11;0;0;0;222;20;196;18;89;0;0;0;323;545
58032;Civitavecchia;76;15;212;7;23;0;0;0;257;16;191;10;137;0;0;0;354;611
58032;Civitavecchia;77;12;225;13;28;0;0;0;278;5;158;14;130;0;0;0;307;585
58032;Civitavecchia;78;4;238;7;28;0;0;0;277;15;182;11;149;0;0;0;357;634
58032;Civitavecchia;79;9;173;1;29;0;0;0;212;14;109;8;121;0;0;0;252;464
58032;Civitavecchia;80;9;146;3;24;0;0;0;182;6;105;6;127;0;0;0;244;426
58032;Civitavecchia;81;4;126;0;37;0;0;0;167;13;89;12;111;0;0;0;225;392
58032;Civitavecchia;82;6;128;4;32;0;0;0;170;8;86;2;120;0;0;0;216;386
58032;Civitavecchia;83;2;115;3;37;0;0;0;157;10;80;2;118;0;0;0;210;367
58032;Civitavecchia;84;4;101;4;21;0;0;0;130;15;58;8;147;0;0;0;228;358
58032;Civitavecchia;85;2;91;2;29;0;0;0;124;17;61;1;146;0;0;0;225;349
58032;Civitavecchia;86;3;88;1;25;0;0;0;117;6;40;4;117;0;0;0;167;284
58032;Civitavecchia;87;1;59;1;22;0;0;0;83;19;25;4;111;0;0;0;159;242
58032;Civitavecchia;88;1;45;3;17;0;0;0;66;12;16;1;111;0;0;0;140;206
58032;Civitavecchia;89;1;45;0;25;0;0;0;71;6;21;2;98;0;0;0;127;198
58032;Civitavecchia;90;3;40;3;17;0;0;0;63;12;12;1;82;0;0;0;107;170
58032;Civitavecchia;91;0;24;1;8;0;0;0;33;5;5;0;71;0;0;0;81;114
58032;Civitavecchia;92;1;23;1;11;0;0;0;36;7;3;1;62;0;0;0;73;109
58032;Civitavecchia;93;2;13;1;10;0;0;0;26;5;3;0;44;0;0;0;52;78
58032;Civitavecchia;94;0;5;0;6;0;0;0;11;5;2;1;54;0;0;0;62;73
58032;Civitavecchia;95;1;10;0;1;0;0;0;12;0;0;0;28;0;0;0;28;40
58032;Civitavecchia;96;0;5;0;7;0;0;0;12;1;1;1;27;0;0;0;30;42
58032;Civitavecchia;97;0;2;0;3;0;0;0;5;2;0;0;15;0;0;0;17;22
58032;Civitavecchia;98;0;2;0;4;0;0;0;6;0;0;0;11;0;0;0;11;17
58032;Civitavecchia;99;0;0;0;1;0;0;0;1;1;0;0;9;0;0;0;10;11
58032;Civitavecchia;100;0;0;0;4;0;0;0;4;4;1;0;18;0;0;0;23;27
58032;Civitavecchia;999;11763;11332;1064;664;35;0;0;24858;10381;11477;1566;3283;17;0;0;26724;51582
58033;Civitella San Paolo;0;6;0;0;0;;;;6;4;0;0;0;;;;4;10
58033;Civitella San Paolo;1;6;0;0;0;;;;6;4;0;0;0;;;;4;10
58033;Civitella San Paolo;2;12;0;0;0;;;;12;2;0;0;0;;;;2;14
58033;Civitella San Paolo;3;4;0;0;0;;;;4;6;0;0;0;;;;6;10
58033;Civitella San Paolo;4;5;0;0;0;;;;5;9;0;0;0;;;;9;14
58033;Civitella San Paolo;5;8;0;0;0;;;;8;8;0;0;0;;;;8;16
58033;Civitella San Paolo;6;10;0;0;0;;;;10;7;0;0;0;;;;7;17
58033;Civitella San Paolo;7;7;0;0;0;;;;7;9;0;0;0;;;;9;16
58033;Civitella San Paolo;8;5;0;0;0;;;;5;11;0;0;0;;;;11;16
58033;Civitella San Paolo;9;7;0;0;0;;;;7;7;0;0;0;;;;7;14
58033;Civitella San Paolo;10;14;0;0;0;;;;14;12;0;0;0;;;;12;26
58033;Civitella San Paolo;11;6;0;0;0;;;;6;7;0;0;0;;;;7;13
58033;Civitella San Paolo;12;4;0;0;0;;;;4;9;0;0;0;;;;9;13
58033;Civitella San Paolo;13;7;0;0;0;;;;7;13;0;0;0;;;;13;20
58033;Civitella San Paolo;14;10;0;0;0;;;;10;9;0;0;0;;;;9;19
58033;Civitella San Paolo;15;12;0;0;0;;;;12;11;0;0;0;;;;11;23
58033;Civitella San Paolo;16;11;0;0;0;;;;11;12;0;0;0;;;;12;23
58033;Civitella San Paolo;17;6;0;0;0;;;;6;9;0;0;0;;;;9;15
58033;Civitella San Paolo;18;5;0;0;0;;;;5;11;0;0;0;;;;11;16
58033;Civitella San Paolo;19;7;0;0;0;;;;7;9;0;0;0;;;;9;16
58033;Civitella San Paolo;20;13;0;0;0;;;;13;9;0;0;0;;;;9;22
58033;Civitella San Paolo;21;9;0;0;0;;;;9;5;0;0;0;;;;5;14
58033;Civitella San Paolo;22;7;0;0;0;;;;7;7;0;0;0;;;;7;14
58033;Civitella San Paolo;23;11;0;0;0;;;;11;11;1;0;0;;;;12;23
58033;Civitella San Paolo;24;12;0;0;0;;;;12;9;0;0;0;;;;9;21
58033;Civitella San Paolo;25;10;0;0;0;;;;10;3;0;0;0;;;;3;13
58033;Civitella San Paolo;26;9;1;0;0;;;;10;8;0;0;0;;;;8;18
58033;Civitella San Paolo;27;10;1;0;0;;;;11;8;0;0;0;;;;8;19
58033;Civitella San Paolo;28;4;0;0;0;;;;4;7;2;0;0;;;;9;13
58033;Civitella San Paolo;29;8;1;0;0;;;;9;13;2;0;0;;;;15;24
58033;Civitella San Paolo;30;13;1;0;0;;;;14;6;3;0;0;;;;9;23
58033;Civitella San Paolo;31;9;0;0;0;;;;9;7;2;0;0;;;;9;18
58033;Civitella San Paolo;32;7;0;0;0;;;;7;8;7;0;0;;;;15;22
58033;Civitella San Paolo;33;11;4;0;0;;;;15;6;4;0;0;;;;10;25
58033;Civitella San Paolo;34;14;1;0;0;;;;15;3;7;0;0;;;;10;25
58033;Civitella San Paolo;35;6;2;0;0;;;;8;8;7;0;0;;;;15;23
58033;Civitella San Paolo;36;9;2;0;0;;;;11;6;7;0;0;;;;13;24
58033;Civitella San Paolo;37;10;7;0;0;;;;17;5;8;0;0;;;;13;30
58033;Civitella San Paolo;38;6;6;0;0;;;;12;7;3;0;0;;;;10;22
58033;Civitella San Paolo;39;3;6;0;0;;;;9;6;5;0;0;;;;11;20
58033;Civitella San Paolo;40;6;13;0;1;;;;20;4;1;1;0;;;;6;26
58033;Civitella San Paolo;41;7;5;0;0;;;;12;3;9;0;0;;;;12;24
58033;Civitella San Paolo;42;10;9;0;0;;;;19;3;13;1;0;;;;17;36
58033;Civitella San Paolo;43;5;2;0;0;;;;7;8;7;1;0;;;;16;23
58033;Civitella San Paolo;44;11;9;0;0;;;;20;4;10;1;0;;;;15;35
58033;Civitella San Paolo;45;8;9;0;0;;;;17;8;9;1;1;;;;19;36
58033;Civitella San Paolo;46;8;11;0;0;;;;19;4;6;2;1;;;;13;32
58033;Civitella San Paolo;47;9;5;0;1;;;;15;2;10;0;1;;;;13;28
58033;Civitella San Paolo;48;5;15;0;0;;;;20;1;9;0;0;;;;10;30
58033;Civitella San Paolo;49;6;11;1;0;;;;18;4;9;1;0;;;;14;32
58033;Civitella San Paolo;50;9;8;1;0;;;;18;3;13;2;0;;;;18;36
58033;Civitella San Paolo;51;5;9;2;0;;;;16;5;8;1;0;;;;14;30
58033;Civitella San Paolo;52;5;12;0;0;;;;17;4;12;1;0;;;;17;34
58033;Civitella San Paolo;53;6;10;1;0;;;;17;2;6;2;0;;;;10;27
58033;Civitella San Paolo;54;4;9;1;0;;;;14;2;6;1;0;;;;9;23
58033;Civitella San Paolo;55;4;8;3;0;;;;15;5;11;2;1;;;;19;34
58033;Civitella San Paolo;56;4;14;1;0;;;;19;2;20;3;4;;;;29;48
58033;Civitella San Paolo;57;1;15;2;0;;;;18;2;21;2;1;;;;26;44
58033;Civitella San Paolo;58;6;14;1;1;;;;22;3;12;2;1;;;;18;40
58033;Civitella San Paolo;59;6;16;1;0;;;;23;4;10;2;2;;;;18;41
58033;Civitella San Paolo;60;4;13;3;1;;;;21;1;8;5;1;;;;15;36
58033;Civitella San Paolo;61;4;13;1;1;;;;19;2;10;2;1;;;;15;34
58033;Civitella San Paolo;62;1;13;1;1;;;;16;2;7;1;0;;;;10;26
58033;Civitella San Paolo;63;3;16;3;0;;;;22;0;8;1;3;;;;12;34
58033;Civitella San Paolo;64;1;9;0;0;;;;10;0;7;0;3;;;;10;20
58033;Civitella San Paolo;65;1;16;3;0;;;;20;3;9;2;3;;;;17;37
58033;Civitella San Paolo;66;1;11;1;0;;;;13;2;6;0;4;;;;12;25
58033;Civitella San Paolo;67;0;11;0;2;;;;13;1;11;3;5;;;;20;33
58033;Civitella San Paolo;68;1;8;2;0;;;;11;0;11;1;5;;;;17;28
58033;Civitella San Paolo;69;0;12;4;0;;;;16;1;11;1;2;;;;15;31
58033;Civitella San Paolo;70;1;4;0;1;;;;6;1;4;3;2;;;;10;16
58033;Civitella San Paolo;71;3;9;1;2;;;;15;0;5;1;3;;;;9;24
58033;Civitella San Paolo;72;2;7;0;0;;;;9;1;3;1;3;;;;8;17
58033;Civitella San Paolo;73;0;6;1;0;;;;7;0;4;0;4;;;;8;15
58033;Civitella San Paolo;74;0;5;2;4;;;;11;1;5;0;4;;;;10;21
58033;Civitella San Paolo;75;1;5;0;0;;;;6;0;8;0;1;;;;9;15
58033;Civitella San Paolo;76;3;8;0;1;;;;12;0;6;0;1;;;;7;19
58033;Civitella San Paolo;77;1;10;1;0;;;;12;0;5;2;2;;;;9;21
58033;Civitella San Paolo;78;0;3;1;0;;;;4;0;5;1;4;;;;10;14
58033;Civitella San Paolo;79;1;3;1;1;;;;6;0;5;1;3;;;;9;15
58033;Civitella San Paolo;80;0;9;0;0;;;;9;0;5;0;5;;;;10;19
58033;Civitella San Paolo;81;0;2;0;0;;;;2;0;3;0;7;;;;10;12
58033;Civitella San Paolo;82;0;2;1;0;;;;3;0;1;0;4;;;;5;8
58033;Civitella San Paolo;83;0;0;0;1;;;;1;1;3;0;0;;;;4;5
58033;Civitella San Paolo;84;0;3;0;0;;;;3;1;2;1;4;;;;8;11
58033;Civitella San Paolo;85;0;5;0;0;;;;5;1;4;0;6;;;;11;16
58033;Civitella San Paolo;86;0;5;0;1;;;;6;1;2;0;1;;;;4;10
58033;Civitella San Paolo;87;0;2;0;0;;;;2;0;3;0;8;;;;11;13
58033;Civitella San Paolo;88;1;2;0;1;;;;4;0;1;0;2;;;;3;7
58033;Civitella San Paolo;89;0;3;0;0;;;;3;0;0;0;1;;;;1;4
58033;Civitella San Paolo;90;0;3;0;0;;;;3;0;0;0;2;;;;2;5
58033;Civitella San Paolo;91;0;1;0;0;;;;1;0;0;0;0;;;;0;1
58033;Civitella San Paolo;92;0;0;0;0;;;;0;0;0;0;5;;;;5;5
58033;Civitella San Paolo;93;0;0;0;0;;;;0;0;0;0;0;;;;0;0
58033;Civitella San Paolo;94;0;0;0;1;;;;1;0;0;0;2;;;;2;3
58033;Civitella San Paolo;95;0;0;0;0;;;;0;0;1;1;1;;;;3;3
58033;Civitella San Paolo;96;0;0;0;0;;;;0;0;0;0;0;;;;0;0
58033;Civitella San Paolo;97;0;0;0;0;;;;0;0;0;0;1;;;;1;1
58033;Civitella San Paolo;98;1;0;0;0;;;;1;0;0;0;1;;;;1;2
58033;Civitella San Paolo;99;0;0;0;0;;;;0;0;0;0;0;;;;0;0
58033;Civitella San Paolo;100;0;0;0;0;;;;0;0;0;0;0;;;;0;0
58033;Civitella San Paolo;999;488;455;40;21;;;;1004;403;423;53;116;;;;995;1999
58034;Colleferro;0;67;0;0;0;0;0;0;67;62;0;0;0;0;0;0;62;129
58034;Colleferro;1;74;0;0;0;0;0;0;74;61;0;0;0;0;0;0;61;135
58034;Colleferro;2;71;0;0;0;0;0;0;71;65;0;0;0;0;0;0;65;136
58034;Colleferro;3;61;0;0;0;0;0;0;61;56;0;0;0;0;0;0;56;117
58034;Colleferro;4;74;0;0;0;0;0;0;74;43;0;0;0;0;0;0;43;117
58034;Colleferro;5;63;0;0;0;0;0;0;63;57;0;0;0;0;0;0;57;120
58034;Colleferro;6;75;0;0;0;0;0;0;75;65;0;0;0;0;0;0;65;140
58034;Colleferro;7;79;0;0;0;0;0;0;79;65;0;0;0;0;0;0;65;144
58034;Colleferro;8;72;0;0;0;0;0;0;72;69;0;0;0;0;0;0;69;141
58034;Colleferro;9;84;0;0;0;0;0;0;84;86;0;0;0;0;0;0;86;170
58034;Colleferro;10;87;0;0;0;0;0;0;87;73;0;0;0;0;0;0;73;160
58034;Colleferro;11;85;0;0;0;0;0;0;85;66;0;0;0;0;0;0;66;151
58034;Colleferro;12;123;0;0;0;0;0;0;123;87;0;0;0;0;0;0;87;210
58034;Colleferro;13;115;0;0;0;0;0;0;115;86;0;0;0;0;0;0;86;201
58034;Colleferro;14;90;0;0;0;0;0;0;90;97;0;0;0;0;0;0;97;187
58034;Colleferro;15;122;0;0;0;0;0;0;122;99;0;0;0;0;0;0;99;221
58034;Colleferro;16;94;0;0;0;0;0;0;94;112;0;0;0;0;0;0;112;206
58034;Colleferro;17;105;0;0;0;0;0;0;105;104;0;0;0;0;0;0;104;209
58034;Colleferro;18;110;0;0;0;0;0;0;110;93;0;0;0;0;0;0;93;203
58034;Colleferro;19;110;0;0;0;0;0;0;110;92;0;0;0;0;0;0;92;202
58034;Colleferro;20;126;0;0;0;0;0;0;126;96;1;0;0;0;0;0;97;223
58034;Colleferro;21;91;0;0;0;0;0;0;91;95;0;0;0;0;0;0;95;186
58034;Colleferro;22;99;0;0;0;0;0;0;99;89;2;0;0;0;0;0;91;190
58034;Colleferro;23;82;1;0;0;0;0;0;83;98;2;0;0;0;0;0;100;183
58034;Colleferro;24;107;1;0;0;0;0;0;108;82;1;0;0;0;0;0;83;191
58034;Colleferro;25;91;1;0;0;0;0;0;92;98;6;0;0;0;0;0;104;196
58034;Colleferro;26;105;4;0;0;0;0;0;109;96;6;0;0;0;0;0;102;211
58034;Colleferro;27;105;2;0;0;1;0;0;108;86;8;0;0;0;0;0;94;202
58034;Colleferro;28;104;1;0;0;0;0;0;105;83;9;0;0;0;0;0;92;197
58034;Colleferro;29;99;3;1;0;0;0;0;103;92;8;1;0;0;0;0;101;204
58034;Colleferro;30;98;10;0;0;0;0;0;108;88;18;0;0;0;0;0;106;214
58034;Colleferro;31;97;14;0;1;0;0;0;112;93;37;0;0;0;0;0;130;242
58034;Colleferro;32;118;13;0;1;1;0;0;133;82;29;0;0;0;0;0;111;244
58034;Colleferro;33;84;21;0;0;0;0;0;105;67;34;2;0;0;0;0;103;208
58034;Colleferro;34;92;25;3;0;0;0;0;120;59;41;0;0;0;0;0;100;220
58034;Colleferro;35;82;33;0;0;0;0;0;115;64;40;1;0;0;0;0;105;220
58034;Colleferro;36;79;44;0;0;0;0;0;123;50;42;3;0;0;0;0;95;218
58034;Colleferro;37;58;35;3;0;0;0;0;96;46;57;2;0;0;0;0;105;201
58034;Colleferro;38;54;35;1;0;0;0;0;90;53;47;2;0;0;0;0;102;192
58034;Colleferro;39;74;45;1;0;0;0;0;120;57;51;5;0;0;0;0;113;233
58034;Colleferro;40;67;50;4;0;0;0;0;121;53;55;3;0;0;0;0;111;232
58034;Colleferro;41;67;44;2;1;0;0;0;114;45;73;7;0;0;0;0;125;239
58034;Colleferro;42;66;58;3;0;0;1;0;128;43;66;1;0;0;0;0;110;238
58034;Colleferro;43;62;57;3;0;0;0;0;122;45;78;5;0;1;0;0;129;251
58034;Colleferro;44;52;77;1;0;0;0;0;130;39;91;5;3;0;0;0;138;268
58034;Colleferro;45;57;58;1;0;0;0;0;116;37;85;10;1;0;0;0;133;249
58034;Colleferro;46;61;76;5;0;0;0;0;142;53;90;8;1;0;0;0;152;294
58034;Colleferro;47;57;85;3;1;0;0;0;146;38;106;8;2;0;0;0;154;300
58034;Colleferro;48;48;96;7;1;0;0;0;152;29;99;19;0;0;0;0;147;299
58034;Colleferro;49;50;90;6;2;0;0;0;148;46;117;9;3;1;0;0;176;324
58034;Colleferro;50;42;80;11;1;0;0;0;134;37;107;18;1;0;0;0;163;297
58034;Colleferro;51;48;108;7;0;0;0;0;163;24;118;14;2;0;0;0;158;321
58034;Colleferro;52;44;89;4;1;0;0;0;138;26;124;16;7;1;0;0;174;312
58034;Colleferro;53;40;123;16;0;0;0;0;179;32;137;13;3;0;0;0;185;364
58034;Colleferro;54;37;107;10;3;0;0;0;157;26;133;22;6;0;0;0;187;344
58034;Colleferro;55;48;107;6;1;0;0;0;162;37;124;16;3;0;0;0;180;342
58034;Colleferro;56;32;124;13;2;0;0;0;171;18;130;17;7;0;0;0;172;343
58034;Colleferro;57;34;132;5;3;0;0;0;174;18;125;21;5;0;0;0;169;343
58034;Colleferro;58;32;129;8;1;0;0;0;170;20;145;16;1;0;0;0;182;352
58034;Colleferro;59;29;133;6;4;0;0;0;172;24;129;23;13;0;0;0;189;361
58034;Colleferro;60;26;127;16;0;0;0;0;169;26;137;16;14;0;0;0;193;362
58034;Colleferro;61;16;144;5;4;0;0;0;169;15;143;21;15;0;0;0;194;363
58034;Colleferro;62;16;101;2;2;0;0;0;121;17;124;18;6;0;0;0;165;286
58034;Colleferro;63;17;122;9;0;0;0;0;148;7;127;11;14;0;0;0;159;307
58034;Colleferro;64;16;120;12;4;0;0;0;152;14;104;15;17;0;0;0;150;302
58034;Colleferro;65;11;115;6;6;0;0;0;138;9;104;6;14;0;0;0;133;271
58034;Colleferro;66;12;114;5;2;0;0;0;133;11;102;13;21;0;0;0;147;280
58034;Colleferro;67;7;93;8;0;0;0;0;108;8;105;7;18;0;0;0;138;246
58034;Colleferro;68;4;103;3;6;0;0;0;116;12;74;4;18;0;0;0;108;224
58034;Colleferro;69;8;95;4;6;0;0;0;113;5;106;13;35;0;0;0;159;272
58034;Colleferro;70;7;82;5;4;0;0;0;98;9;86;9;24;0;0;0;128;226
58034;Colleferro;71;5;81;6;6;0;0;0;98;12;80;7;31;0;0;0;130;228
58034;Colleferro;72;5;88;5;6;0;0;0;104;8;86;3;20;0;0;0;117;221
58034;Colleferro;73;8;69;2;10;0;0;0;89;4;71;10;31;0;0;0;116;205
58034;Colleferro;74;8;88;5;9;0;0;0;110;6;80;7;40;0;0;0;133;243
58034;Colleferro;75;3;84;4;9;0;0;0;100;5;69;10;43;0;0;0;127;227
58034;Colleferro;76;5;97;0;11;0;0;0;113;7;88;5;40;0;0;0;140;253
58034;Colleferro;77;4;88;1;8;0;0;0;101;8;81;0;44;0;0;0;133;234
58034;Colleferro;78;3;82;5;11;0;0;0;101;4;63;3;68;0;0;0;138;239
58034;Colleferro;79;3;65;1;9;0;0;0;78;3;45;1;43;0;0;0;92;170
58034;Colleferro;80;1;61;3;9;0;0;0;74;8;46;3;48;0;0;0;105;179
58034;Colleferro;81;4;55;1;7;0;0;0;67;3;56;2;51;0;0;0;112;179
58034;Colleferro;82;1;49;0;10;0;0;0;60;3;36;2;41;0;0;0;82;142
58034;Colleferro;83;2;48;1;11;0;0;0;62;6;42;3;70;0;0;0;121;183
58034;Colleferro;84;1;60;0;17;0;0;0;78;7;33;0;57;0;0;0;97;175
58034;Colleferro;85;1;48;1;14;0;0;0;64;7;16;2;60;0;0;0;85;149
58034;Colleferro;86;3;44;0;13;0;0;0;60;3;17;1;46;0;0;0;67;127
58034;Colleferro;87;2;36;0;14;0;0;0;52;4;11;0;55;0;0;0;70;122
58034;Colleferro;88;0;26;1;8;0;0;0;35;4;7;0;53;0;0;0;64;99
58034;Colleferro;89;1;22;1;5;0;0;0;29;4;4;0;37;0;0;0;45;74
58034;Colleferro;90;0;17;0;11;0;0;0;28;2;4;0;36;0;0;0;42;70
58034;Colleferro;91;0;10;0;11;0;0;0;21;3;6;0;27;0;0;0;36;57
58034;Colleferro;92;1;2;0;4;0;0;0;7;3;6;0;35;0;0;0;44;51
58034;Colleferro;93;0;6;0;4;0;0;0;10;0;1;0;24;0;0;0;25;35
58034;Colleferro;94;0;2;0;1;0;0;0;3;0;2;0;23;0;0;0;25;28
58034;Colleferro;95;1;2;0;4;0;0;0;7;1;0;0;13;0;0;0;14;21
58034;Colleferro;96;0;1;0;1;0;0;0;2;0;1;0;6;0;0;0;7;9
58034;Colleferro;97;0;3;1;1;0;0;0;5;0;0;0;5;0;0;0;5;10
58034;Colleferro;98;0;1;0;0;0;0;0;1;1;0;0;5;0;0;0;6;7
58034;Colleferro;99;0;0;0;0;0;0;0;0;0;0;0;0;0;0;0;0;0
58034;Colleferro;100;0;1;0;0;0;0;0;1;0;0;0;2;0;0;0;2;3
58034;Colleferro;999;4781;4563;243;281;2;1;0;9871;4051;4734;459;1308;3;0;0;10555;20426
58035;Colonna;0;11;0;0;0;;;;11;16;0;0;0;;;;16;27
58035;Colonna;1;16;0;0;0;;;;16;13;0;0;0;;;;13;29
58035;Colonna;2;12;0;0;0;;;;12;12;0;0;0;;;;12;24
58035;Colonna;3;14;0;0;0;;;;14;12;0;0;0;;;;12;26
58035;Colonna;4;16;0;0;0;;;;16;14;0;0;0;;;;14;30
58035;Colonna;5;21;0;0;0;;;;21;25;0;0;0;;;;25;46
58035;Colonna;6;17;0;0;0;;;;17;10;0;0;0;;;;10;27
58035;Colonna;7;24;0;0;0;;;;24;18;0;0;0;;;;18;42
58035;Colonna;8;20;0;0;0;;;;20;22;0;0;0;;;;22;42
58035;Colonna;9;17;0;0;0;;;;17;12;0;0;0;;;;12;29
58035;Colonna;10;25;0;0;0;;;;25;23;0;0;0;;;;23;48
58035;Colonna;11;17;0;0;0;;;;17;23;0;0;0;;;;23;40
58035;Colonna;12;24;0;0;0;;;;24;25;0;0;0;;;;25;49
58035;Colonna;13;21;0;0;0;;;;21;21;0;0;0;;;;21;42
58035;Colonna;14;22;0;0;0;;;;22;16;0;0;0;;;;16;38
58035;Colonna;15;17;0;0;0;;;;17;37;0;0;0;;;;37;54
58035;Colonna;16;28;0;0;0;;;;28;24;0;0;0;;;;24;52
58035;Colonna;17;39;0;0;0;;;;39;20;0;0;0;;;;20;59
58035;Colonna;18;27;0;0;0;;;;27;26;0;0;0;;;;26;53
58035;Colonna;19;15;0;0;0;;;;15;24;0;0;0;;;;24;39
58035;Colonna;20;20;0;0;0;;;;20;25;0;0;0;;;;25;45
58035;Colonna;21;29;0;0;0;;;;29;17;0;0;0;;;;17;46
58035;Colonna;22;17;0;0;0;;;;17;19;0;0;0;;;;19;36
58035;Colonna;23;24;1;0;0;;;;25;20;1;0;0;;;;21;46
58035;Colonna;24;18;0;0;0;;;;18;19;0;0;0;;;;19;37
58035;Colonna;25;23;1;0;0;;;;24;27;3;0;0;;;;30;54
58035;Colonna;26;26;1;0;0;;;;27;20;4;0;0;;;;24;51
58035;Colonna;27;19;1;0;0;;;;20;20;1;0;0;;;;21;41
58035;Colonna;28;18;2;0;0;;;;20;15;3;0;0;;;;18;38
58035;Colonna;29;31;1;0;0;;;;32;20;2;1;0;;;;23;55
58035;Colonna;30;20;2;0;0;;;;22;15;4;0;0;;;;19;41
58035;Colonna;31;18;5;0;0;;;;23;21;4;0;0;;;;25;48
58035;Colonna;32;18;7;0;0;;;;25;9;7;0;0;;;;16;41
58035;Colonna;33;18;4;1;0;;;;23;15;9;0;0;;;;24;47
58035;Colonna;34;11;5;0;0;;;;16;15;10;0;0;;;;25;41
58035;Colonna;35;19;5;1;0;;;;25;16;8;0;0;;;;24;49
58035;Colonna;36;12;6;0;0;;;;18;13;14;0;0;;;;27;45
58035;Colonna;37;10;11;0;0;;;;21;9;8;0;0;;;;17;38
58035;Colonna;38;13;14;0;0;;;;27;7;19;2;0;;;;28;55
58035;Colonna;39;13;8;0;0;;;;21;9;19;2;0;;;;30;51
58035;Colonna;40;14;11;0;0;;;;25;11;16;0;0;;;;27;52
58035;Colonna;41;12;15;1;0;;;;28;6;17;2;0;;;;25;53
58035;Colonna;42;12;17;0;0;;;;29;9;18;1;0;;;;28;57
58035;Colonna;43;13;9;1;0;;;;23;8;12;2;1;;;;23;46
58035;Colonna;44;14;20;1;0;;;;35;8;23;2;1;;;;34;69
58035;Colonna;45;9;22;0;0;;;;31;11;24;1;0;;;;36;67
58035;Colonna;46;13;20;0;0;;;;33;10;15;0;1;;;;26;59
58035;Colonna;47;11;20;1;0;;;;32;12;19;1;0;;;;32;64
58035;Colonna;48;12;20;0;0;;;;32;9;33;3;0;;;;45;77
58035;Colonna;49;7;22;1;0;;;;30;6;26;5;2;;;;39;69
58035;Colonna;50;8;27;1;1;;;;37;5;23;3;1;;;;32;69
58035;Colonna;51;7;28;3;0;;;;38;11;32;2;0;;;;45;83
58035;Colonna;52;4;27;1;2;;;;34;9;22;2;0;;;;33;67
58035;Colonna;53;7;18;1;1;;;;27;5;27;3;1;;;;36;63
58035;Colonna;54;10;22;2;0;;;;34;3;33;4;1;;;;41;75
58035;Colonna;55;4;28;1;1;;;;34;3;32;4;4;;;;43;77
58035;Colonna;56;3;43;1;0;;;;47;0;35;4;2;;;;41;88
58035;Colonna;57;8;25;4;0;;;;37;4;25;3;0;;;;32;69
58035;Colonna;58;3;23;3;1;;;;30;3;20;4;1;;;;28;58
58035;Colonna;59;4;35;2;0;;;;41;2;35;0;3;;;;40;81
58035;Colonna;60;6;29;1;0;;;;36;7;25;2;3;;;;37;73
58035;Colonna;61;2;23;0;0;;;;25;3;23;2;2;;;;30;55
58035;Colonna;62;4;24;5;0;;;;33;1;27;4;3;;;;35;68
58035;Colonna;63;2;23;2;0;;;;27;4;22;3;3;;;;32;59
58035;Colonna;64;3;13;3;0;;;;19;2;23;1;2;;;;28;47
58035;Colonna;65;1;22;1;0;;;;24;1;17;2;4;;;;24;48
58035;Colonna;66;2;21;2;1;;;;26;2;17;3;4;;;;26;52
58035;Colonna;67;2;19;2;1;;;;24;0;22;1;2;;;;25;49
58035;Colonna;68;1;18;1;1;;;;21;0;23;4;6;;;;33;54
58035;Colonna;69;2;20;1;1;;;;24;2;18;1;4;;;;25;49
58035;Colonna;70;6;16;2;2;;;;26;1;17;4;4;;;;26;52
58035;Colonna;71;0;20;0;0;;;;20;2;16;0;7;;;;25;45
58035;Colonna;72;1;17;2;0;;;;20;0;6;3;5;;;;14;34
58035;Colonna;73;0;14;1;1;;;;16;0;10;1;6;;;;17;33
58035;Colonna;74;0;19;0;1;;;;20;3;12;1;5;;;;21;41
58035;Colonna;75;1;17;2;2;;;;22;2;8;0;7;;;;17;39
58035;Colonna;76;0;15;0;1;;;;16;0;13;0;10;;;;23;39
58035;Colonna;77;0;14;2;1;;;;17;1;8;0;6;;;;15;32
58035;Colonna;78;1;12;0;2;;;;15;0;11;0;13;;;;24;39
58035;Colonna;79;1;6;0;1;;;;8;1;9;0;4;;;;14;22
58035;Colonna;80;0;10;0;1;;;;11;0;8;0;4;;;;12;23
58035;Colonna;81;0;13;0;6;;;;19;0;5;2;7;;;;14;33
58035;Colonna;82;0;6;0;5;;;;11;0;6;0;11;;;;17;28
58035;Colonna;83;1;13;1;0;;;;15;1;6;0;9;;;;16;31
58035;Colonna;84;0;9;0;1;;;;10;0;5;0;8;;;;13;23
58035;Colonna;85;2;5;0;1;;;;8;1;7;0;17;;;;25;33
58035;Colonna;86;1;6;0;3;;;;10;1;1;0;7;;;;9;19
58035;Colonna;87;0;6;0;0;;;;6;0;4;0;5;;;;9;15
58035;Colonna;88;1;3;0;3;;;;7;1;2;0;8;;;;11;18
58035;Colonna;89;0;2;0;0;;;;2;0;2;0;5;;;;7;9
58035;Colonna;90;0;3;0;0;;;;3;1;2;0;2;;;;5;8
58035;Colonna;91;0;2;0;2;;;;4;1;0;0;5;;;;6;10
58035;Colonna;92;0;0;0;1;;;;1;0;0;0;3;;;;3;4
58035;Colonna;93;0;1;0;0;;;;1;2;1;0;3;;;;6;7
58035;Colonna;94;0;3;0;0;;;;3;0;0;0;6;;;;6;9
58035;Colonna;95;0;1;0;0;;;;1;0;0;0;3;;;;3;4
58035;Colonna;96;0;0;0;1;;;;1;0;0;0;2;;;;2;3
58035;Colonna;97;0;0;0;0;;;;0;0;0;0;4;;;;4;4
58035;Colonna;98;0;0;0;0;;;;0;0;0;0;0;;;;0;0
58035;Colonna;99;0;0;0;0;;;;0;0;0;0;1;;;;1;1
58035;Colonna;100;0;0;0;1;;;;1;0;0;0;0;;;;0;1
58035;Colonna;999;995;971;54;46;;;;2066;899;979;85;228;;;;2191;4257
58036;Fiano Romano;0;55;0;0;0;;;;55;70;0;0;0;;;;70;125
58036;Fiano Romano;1;51;0;0;0;;;;51;63;0;0;0;;;;63;114
58036;Fiano Romano;2;83;0;0;0;;;;83;71;0;0;0;;;;71;154
58036;Fiano Romano;3;62;0;0;0;;;;62;72;0;0;0;;;;72;134
58036;Fiano Romano;4;65;0;0;0;;;;65;64;0;0;0;;;;64;129
58036;Fiano Romano;5;67;0;0;0;;;;67;71;0;0;0;;;;71;138
58036;Fiano Romano;6;90;0;0;0;;;;90;60;0;0;0;;;;60;150
58036;Fiano Romano;7;87;0;0;0;;;;87;75;0;0;0;;;;75;162
58036;Fiano Romano;8;109;0;0;0;;;;109;76;0;0;0;;;;76;185
58036;Fiano Romano;9;100;0;0;0;;;;100;78;0;0;0;;;;78;178
58036;Fiano Romano;10;102;0;0;0;;;;102;88;0;0;0;;;;88;190
58036;Fiano Romano;11;101;0;0;0;;;;101;107;0;0;0;;;;107;208
58036;Fiano Romano;12;104;0;0;0;;;;104;94;0;0;0;;;;94;198
58036;Fiano Romano;13;110;0;0;0;;;;110;112;0;0;0;;;;112;222
58036;Fiano Romano;14;93;0;0;0;;;;93;89;0;0;0;;;;89;182
58036;Fiano Romano;15;93;0;0;0;;;;93;89;0;0;0;;;;89;182
58036;Fiano Romano;16;111;0;0;0;;;;111;93;0;0;0;;;;93;204
58036;Fiano Romano;17;111;0;0;0;;;;111;88;0;0;0;;;;88;199
58036;Fiano Romano;18;98;0;0;0;;;;98;104;0;0;0;;;;104;202
58036;Fiano Romano;19;93;0;0;0;;;;93;71;0;0;0;;;;71;164
58036;Fiano Romano;20;100;0;0;0;;;;100;103;0;0;0;;;;103;203
58036;Fiano Romano;21;95;0;0;0;;;;95;83;2;0;0;;;;85;180
58036;Fiano Romano;22;98;0;0;0;;;;98;62;0;0;0;;;;62;160
58036;Fiano Romano;23;89;1;0;0;;;;90;61;2;0;0;;;;63;153
58036;Fiano Romano;24;103;2;0;0;;;;105;77;3;0;0;;;;80;185
58036;Fiano Romano;25;89;1;1;0;;;;91;59;5;0;0;;;;64;155
58036;Fiano Romano;26;82;0;0;0;;;;82;76;10;0;0;;;;86;168
58036;Fiano Romano;27;105;5;0;0;;;;110;64;10;0;0;;;;74;184
58036;Fiano Romano;28;94;4;0;0;;;;98;60;15;1;0;;;;76;174
58036;Fiano Romano;29;95;22;1;0;;;;118;52;19;0;0;;;;71;189
58036;Fiano Romano;30;100;10;0;0;;;;110;43;17;2;0;;;;62;172
58036;Fiano Romano;31;94;16;0;0;;;;110;60;20;1;0;;;;81;191
58036;Fiano Romano;32;72;13;0;0;;;;85;52;41;1;0;;;;94;179
58036;Fiano Romano;33;72;23;0;0;;;;95;50;35;1;0;;;;86;181
58036;Fiano Romano;34;79;34;2;0;;;;115;54;33;2;0;;;;89;204
58036;Fiano Romano;35;62;28;0;1;;;;91;44;50;2;0;;;;96;187
58036;Fiano Romano;36;75;50;2;0;;;;127;55;62;5;1;;;;123;250
58036;Fiano Romano;37;48;55;0;0;;;;103;44;53;2;1;;;;100;203
58036;Fiano Romano;38;67;37;3;2;;;;109;48;72;5;0;;;;125;234
58036;Fiano Romano;39;58;54;4;0;;;;116;37;57;4;0;;;;98;214
58036;Fiano Romano;40;55;58;1;0;;;;114;34;68;3;2;;;;107;221
58036;Fiano Romano;41;48;70;1;0;;;;119;36;74;4;0;;;;114;233
58036;Fiano Romano;42;48;51;3;1;;;;103;38;79;4;0;;;;121;224
58036;Fiano Romano;43;63;77;2;0;;;;142;41;71;6;1;;;;119;261
58036;Fiano Romano;44;44;80;3;3;;;;130;42;68;11;1;;;;122;252
58036;Fiano Romano;45;46;78;7;1;;;;132;30;89;8;1;;;;128;260
58036;Fiano Romano;46;52;90;4;0;;;;146;33;96;9;2;;;;140;286
58036;Fiano Romano;47;40;98;9;1;;;;148;39;93;14;1;;;;147;295
58036;Fiano Romano;48;44;84;3;1;;;;132;21;104;11;6;;;;142;274
58036;Fiano Romano;49;47;88;6;0;;;;141;34;94;15;3;;;;146;287
58036;Fiano Romano;50;40;107;9;1;;;;157;37;114;13;4;;;;168;325
58036;Fiano Romano;51;34;105;10;2;;;;151;27;97;16;6;;;;146;297
58036;Fiano Romano;52;30;113;12;3;;;;158;26;111;13;3;;;;153;311
58036;Fiano Romano;53;29;99;14;0;;;;142;19;121;17;7;;;;164;306
58036;Fiano Romano;54;30;115;7;1;;;;153;19;82;11;3;;;;115;268
58036;Fiano Romano;55;35;96;8;3;;;;142;21;102;13;4;;;;140;282
58036;Fiano Romano;56;20;120;11;1;;;;152;19;100;17;5;;;;141;293
58036;Fiano Romano;57;19;88;10;1;;;;118;15;93;12;6;;;;126;244
58036;Fiano Romano;58;33;90;17;0;;;;140;17;97;9;4;;;;127;267
58036;Fiano Romano;59;16;92;18;1;;;;127;16;86;11;7;;;;120;247
58036;Fiano Romano;60;23;103;11;3;;;;140;10;78;16;5;;;;109;249
58036;Fiano Romano;61;10;97;12;1;;;;120;15;83;12;10;;;;120;240
58036;Fiano Romano;62;15;63;7;1;;;;86;10;85;12;14;;;;121;207
58036;Fiano Romano;63;6;70;12;3;;;;91;8;59;13;17;;;;97;188
58036;Fiano Romano;64;13;85;9;7;;;;114;8;78;8;6;;;;100;214
58036;Fiano Romano;65;3;69;10;5;;;;87;9;71;5;11;;;;96;183
58036;Fiano Romano;66;5;63;5;4;;;;77;9;65;9;11;;;;94;171
58036;Fiano Romano;67;3;61;7;2;;;;73;7;61;5;13;;;;86;159
58036;Fiano Romano;68;6;72;4;3;;;;85;4;61;8;15;;;;88;173
58036;Fiano Romano;69;11;57;6;1;;;;75;9;53;5;19;;;;86;161
58036;Fiano Romano;70;5;52;5;4;;;;66;3;46;7;13;;;;69;135
58036;Fiano Romano;71;7;72;3;5;;;;87;3;47;7;16;;;;73;160
58036;Fiano Romano;72;2;45;4;4;;;;55;5;48;11;20;;;;84;139
58036;Fiano Romano;73;3;44;4;3;;;;54;3;44;4;26;;;;77;131
58036;Fiano Romano;74;3;64;4;5;;;;76;2;42;8;22;;;;74;150
58036;Fiano Romano;75;2;52;5;5;;;;64;2;37;2;25;;;;66;130
58036;Fiano Romano;76;1;52;2;5;;;;60;3;51;3;28;;;;85;145
58036;Fiano Romano;77;2;54;4;7;;;;67;4;42;3;28;;;;77;144
58036;Fiano Romano;78;1;46;3;7;;;;57;0;34;7;21;;;;62;119
58036;Fiano Romano;79;1;37;3;5;;;;46;1;22;1;23;;;;47;93
58036;Fiano Romano;80;0;28;1;10;;;;39;3;14;3;23;;;;43;82
58036;Fiano Romano;81;1;35;1;6;;;;43;1;20;1;12;;;;34;77
58036;Fiano Romano;82;3;25;1;6;;;;35;1;15;0;21;;;;37;72
58036;Fiano Romano;83;2;26;3;6;;;;37;0;22;1;17;;;;40;77
58036;Fiano Romano;84;1;21;0;10;;;;32;1;12;2;19;;;;34;66
58036;Fiano Romano;85;1;27;0;7;;;;35;2;5;0;17;;;;24;59
58036;Fiano Romano;86;0;22;1;7;;;;30;0;10;2;21;;;;33;63
58036;Fiano Romano;87;0;13;0;6;;;;19;1;8;0;17;;;;26;45
58036;Fiano Romano;88;0;10;0;6;;;;16;0;4;3;19;;;;26;42
58036;Fiano Romano;89;0;9;0;4;;;;13;3;9;0;11;;;;23;36
58036;Fiano Romano;90;3;6;0;4;;;;13;0;0;1;10;;;;11;24
58036;Fiano Romano;91;0;8;0;6;;;;14;0;4;1;15;;;;20;34
58036;Fiano Romano;92;0;3;0;2;;;;5;1;1;0;15;;;;17;22
58036;Fiano Romano;93;0;3;0;4;;;;7;1;0;1;11;;;;13;20
58036;Fiano Romano;94;0;5;0;1;;;;6;2;1;0;13;;;;16;22
58036;Fiano Romano;95;0;0;0;2;;;;2;0;0;0;6;;;;6;8
58036;Fiano Romano;96;0;0;0;1;;;;1;0;0;0;4;;;;4;5
58036;Fiano Romano;97;0;0;0;1;;;;1;0;0;0;4;;;;4;5
58036;Fiano Romano;98;0;0;0;0;;;;0;0;0;1;4;;;;5;5
58036;Fiano Romano;99;0;0;0;0;;;;0;0;0;0;2;;;;2;2
58036;Fiano Romano;100;0;0;0;0;;;;0;0;0;0;2;;;;2;2
58036;Fiano Romano;999;4368;3653;295;192;;;;8508;3514;3577;405;674;;;;8170;16678
58037;Filacciano;0;3;0;0;0;;;;3;2;0;0;0;;;;2;5
58037;Filacciano;1;0;0;0;0;;;;0;1;0;0;0;;;;1;1
58037;Filacciano;2;0;0;0;0;;;;0;3;0;0;0;;;;3;3
58037;Filacciano;3;1;0;0;0;;;;1;1;0;0;0;;;;1;2
58037;Filacciano;4;2;0;0;0;;;;2;0;0;0;0;;;;0;2
58037;Filacciano;5;2;0;0;0;;;;2;3;0;0;0;;;;3;5
58037;Filacciano;6;4;0;0;0;;;;4;0;0;0;0;;;;0;4
58037;Filacciano;7;3;0;0;0;;;;3;2;0;0;0;;;;2;5
58037;Filacciano;8;2;0;0;0;;;;2;1;0;0;0;;;;1;3
58037;Filacciano;9;2;0;0;0;;;;2;3;0;0;0;;;;3;5
58037;Filacciano;10;0;0;0;0;;;;0;1;0;0;0;;;;1;1
58037;Filacciano;11;2;0;0;0;;;;2;1;0;0;0;;;;1;3
58037;Filacciano;12;1;0;0;0;;;;1;0;0;0;0;;;;0;1
58037;Filacciano;13;1;0;0;0;;;;1;2;0;0;0;;;;2;3
58037;Filacciano;14;2;0;0;0;;;;2;3;0;0;0;;;;3;5
58037;Filacciano;15;1;0;0;0;;;;1;0;0;0;0;;;;0;1
58037;Filacciano;16;1;0;0;0;;;;1;0;0;0;0;;;;0;1
58037;Filacciano;17;1;0;0;0;;;;1;1;0;0;0;;;;1;2
58037;Filacciano;18;1;0;0;0;;;;1;3;0;0;0;;;;3;4
58037;Filacciano;19;3;0;0;0;;;;3;3;0;0;0;;;;3;6
58037;Filacciano;20;0;0;0;0;;;;0;2;0;0;0;;;;2;2
58037;Filacciano;21;2;0;0;0;;;;2;2;0;0;0;;;;2;4
58037;Filacciano;22;2;0;0;0;;;;2;3;0;0;0;;;;3;5
58037;Filacciano;23;1;0;0;0;;;;1;2;0;0;0;;;;2;3
58037;Filacciano;24;4;0;0;0;;;;4;5;0;0;0;;;;5;9
58037;Filacciano;25;2;0;0;0;;;;2;1;0;0;0;;;;1;3
58037;Filacciano;26;5;0;0;0;;;;5;1;0;0;0;;;;1;6
58037;Filacciano;27;4;0;0;0;;;;4;5;0;0;0;;;;5;9
58037;Filacciano;28;2;0;0;0;;;;2;0;0;0;0;;;;0;2
58037;Filacciano;29;2;0;0;0;;;;2;0;0;0;0;;;;0;2
58037;Filacciano;30;1;0;0;0;;;;1;3;1;0;0;;;;4;5
58037;Filacciano;31;0;0;0;0;;;;0;1;0;0;0;;;;1;1
58037;Filacciano;32;2;0;0;0;;;;2;1;2;0;0;;;;3;5
58037;Filacciano;33;0;1;0;0;;;;1;2;2;0;0;;;;4;5
58037;Filacciano;34;0;0;0;0;;;;0;4;1;0;0;;;;5;5
58037;Filacciano;35;4;0;0;0;;;;4;1;1;0;0;;;;2;6
58037;Filacciano;36;0;1;0;0;;;;1;2;3;0;0;;;;5;6
58037;Filacciano;37;2;0;0;0;;;;2;5;0;0;0;;;;5;7
58037;Filacciano;38;0;0;0;0;;;;0;3;0;0;0;;;;3;3
58037;Filacciano;39;2;0;0;0;;;;2;3;0;0;0;;;;3;5
58037;Filacciano;40;1;0;0;0;;;;1;1;1;0;0;;;;2;3
58037;Filacciano;41;2;0;0;0;;;;2;0;1;0;0;;;;1;3
58037;Filacciano;42;2;1;0;0;;;;3;1;0;0;0;;;;1;4
58037;Filacciano;43;2;0;0;0;;;;2;1;0;0;0;;;;1;3
58037;Filacciano;44;1;0;0;0;;;;1;0;2;1;0;;;;3;4
58037;Filacciano;45;2;0;0;0;;;;2;2;2;1;0;;;;5;7
58037;Filacciano;46;1;2;0;0;;;;3;2;3;0;0;;;;5;8
58037;Filacciano;47;3;1;0;0;;;;4;0;1;0;0;;;;1;5
58037;Filacciano;48;2;2;0;0;;;;4;0;1;1;0;;;;2;6
58037;Filacciano;49;3;4;0;0;;;;7;0;1;0;0;;;;1;8
58037;Filacciano;50;1;1;1;0;;;;3;1;4;0;0;;;;5;8
58037;Filacciano;51;1;3;0;0;;;;4;0;1;0;0;;;;1;5
58037;Filacciano;52;3;5;0;0;;;;8;2;2;0;1;;;;5;13
58037;Filacciano;53;2;2;0;0;;;;4;1;1;0;0;;;;2;6
58037;Filacciano;54;2;3;0;0;;;;5;0;1;0;0;;;;1;6
58037;Filacciano;55;2;2;1;0;;;;5;0;3;1;0;;;;4;9
58037;Filacciano;56;4;1;0;0;;;;5;0;2;0;1;;;;3;8
58037;Filacciano;57;0;4;1;0;;;;5;1;7;0;0;;;;8;13
58037;Filacciano;58;2;4;1;1;;;;8;0;3;0;1;;;;4;12
58037;Filacciano;59;0;1;1;0;;;;2;3;2;1;0;;;;6;8
58037;Filacciano;60;0;1;0;0;;;;1;1;2;1;0;;;;4;5
58037;Filacciano;61;1;2;0;0;;;;3;0;6;1;0;;;;7;10
58037;Filacciano;62;2;3;0;0;;;;5;0;2;0;0;;;;2;7
58037;Filacciano;63;3;3;0;0;;;;6;1;1;0;0;;;;2;8
58037;Filacciano;64;1;4;0;1;;;;6;1;3;0;1;;;;5;11
58037;Filacciano;65;1;4;0;0;;;;5;0;2;0;3;;;;5;10
58037;Filacciano;66;0;3;0;0;;;;3;0;2;0;0;;;;2;5
58037;Filacciano;67;0;2;0;0;;;;2;2;2;0;0;;;;4;6
58037;Filacciano;68;1;1;0;0;;;;2;0;0;0;0;;;;0;2
58037;Filacciano;69;0;2;0;0;;;;2;2;1;0;0;;;;3;5
58037;Filacciano;70;0;2;0;0;;;;2;0;1;0;0;;;;1;3
58037;Filacciano;71;1;0;0;0;;;;1;0;2;0;0;;;;2;3
58037;Filacciano;72;0;3;0;0;;;;3;1;2;0;1;;;;4;7
58037;Filacciano;73;0;2;0;0;;;;2;0;4;0;1;;;;5;7
58037;Filacciano;74;0;1;1;1;;;;3;0;1;0;2;;;;3;6
58037;Filacciano;75;0;3;0;0;;;;3;0;1;0;0;;;;1;4
58037;Filacciano;76;2;1;0;0;;;;3;0;1;0;2;;;;3;6
58037;Filacciano;77;0;4;0;2;;;;6;1;5;0;0;;;;6;12
58037;Filacciano;78;1;2;0;0;;;;3;1;0;0;0;;;;1;4
58037;Filacciano;79;0;1;0;0;;;;1;0;0;0;1;;;;1;2
58037;Filacciano;80;0;2;0;0;;;;2;1;3;0;1;;;;5;7
58037;Filacciano;81;1;2;0;0;;;;3;0;0;0;2;;;;2;5
58037;Filacciano;82;0;1;0;0;;;;1;0;1;0;2;;;;3;4
58037;Filacciano;83;0;0;0;1;;;;1;0;1;0;1;;;;2;3
58037;Filacciano;84;0;2;0;0;;;;2;0;0;0;0;;;;0;2
58037;Filacciano;85;0;3;0;0;;;;3;0;0;0;2;;;;2;5
58037;Filacciano;86;0;0;0;0;;;;0;0;0;0;4;;;;4;4
58037;Filacciano;87;0;3;0;1;;;;4;0;5;0;0;;;;5;9
58037;Filacciano;88;0;0;0;0;;;;0;1;0;0;1;;;;2;2
58037;Filacciano;89;0;0;0;0;;;;0;0;0;0;1;;;;1;1
58037;Filacciano;90;0;0;0;0;;;;0;0;0;0;1;;;;1;1
58037;Filacciano;91;0;0;0;0;;;;0;0;1;0;1;;;;2;2
58037;Filacciano;92;0;0;0;0;;;;0;0;1;0;1;;;;2;2
58037;Filacciano;93;0;0;0;0;;;;0;0;0;0;0;;;;0;0
58037;Filacciano;94;0;0;0;0;;;;0;0;0;0;0;;;;0;0
58037;Filacciano;95;0;0;0;0;;;;0;0;0;0;1;;;;1;1
58037;Filacciano;96;0;0;0;0;;;;0;1;1;0;0;;;;2;2
58037;Filacciano;97;0;0;0;0;;;;0;0;0;0;0;;;;0;0
58037;Filacciano;98;0;0;0;0;;;;0;0;0;0;0;;;;0;0
58037;Filacciano;99;0;0;0;0;;;;0;0;0;0;0;;;;0;0
58037;Filacciano;100;0;0;0;0;;;;0;0;0;0;0;;;;0;0
58037;Filacciano;999;117;95;6;7;;;;225;104;99;7;32;;;;242;467
58120;Fiumicino;0;263;0;0;0;0;0;0;263;214;0;0;0;0;0;0;214;477
58120;Fiumicino;1;308;0;0;0;0;0;0;308;261;0;0;0;0;0;0;261;569
58120;Fiumicino;2;330;0;0;0;0;0;0;330;290;0;0;0;0;0;0;290;620
58120;Fiumicino;3;294;0;0;0;0;0;0;294;318;0;0;0;0;0;0;318;612
58120;Fiumicino;4;320;0;0;0;0;0;0;320;270;0;0;0;0;0;0;270;590
58120;Fiumicino;5;354;0;0;0;0;0;0;354;298;0;0;0;0;0;0;298;652
58120;Fiumicino;6;372;0;0;0;0;0;0;372;378;0;0;0;0;0;0;378;750
58120;Fiumicino;7;398;0;0;0;0;0;0;398;368;0;0;0;0;0;0;368;766
58120;Fiumicino;8;388;0;0;0;0;0;0;388;399;0;0;0;0;0;0;399;787
58120;Fiumicino;9;442;0;0;0;0;0;0;442;397;0;0;0;0;0;0;397;839
58120;Fiumicino;10;454;0;0;0;0;0;0;454;455;0;0;0;0;0;0;455;909
58120;Fiumicino;11;436;0;0;0;0;0;0;436;424;0;0;0;0;0;0;424;860
58120;Fiumicino;12;499;0;0;0;0;0;0;499;473;0;0;0;0;0;0;473;972
58120;Fiumicino;13;454;0;0;0;0;0;0;454;470;0;0;0;0;0;0;470;924
58120;Fiumicino;14;452;0;0;0;0;0;0;452;444;0;0;0;0;0;0;444;896
58120;Fiumicino;15;465;0;0;0;0;0;0;465;445;0;0;0;0;0;0;445;910
58120;Fiumicino;16;501;0;0;0;0;0;0;501;454;0;0;0;0;0;0;454;955
58120;Fiumicino;17;464;0;0;0;0;0;0;464;407;0;0;0;0;0;0;407;871
58120;Fiumicino;18;453;0;0;0;0;0;0;453;395;0;0;0;0;0;0;395;848
58120;Fiumicino;19;453;0;0;0;0;0;0;453;379;1;0;0;0;0;0;380;833
58120;Fiumicino;20;421;0;0;0;0;0;0;421;401;4;0;0;0;0;0;405;826
58120;Fiumicino;21;432;0;0;0;0;0;0;432;390;4;0;0;0;0;0;394;826
58120;Fiumicino;22;409;1;0;0;0;0;0;410;358;6;0;0;0;0;0;364;774
58120;Fiumicino;23;405;3;0;0;0;0;0;408;388;8;0;0;0;0;0;396;804
58120;Fiumicino;24;378;3;0;0;0;0;0;381;360;10;0;0;0;0;0;370;751
58120;Fiumicino;25;433;4;0;0;0;0;0;437;349;15;0;0;0;0;0;364;801
58120;Fiumicino;26;423;15;2;0;0;0;0;440;338;27;1;0;1;0;0;367;807
58120;Fiumicino;27;391;13;0;0;0;0;0;404;332;50;2;0;1;0;0;385;789
58120;Fiumicino;28;370;23;1;0;0;0;0;394;326;53;1;0;1;0;0;381;775
58120;Fiumicino;29;393;25;1;0;0;0;0;419;340;53;0;0;0;1;0;394;813
58120;Fiumicino;30;412;51;2;0;0;0;0;465;329;79;5;0;2;0;0;415;880
58120;Fiumicino;31;348;55;1;0;0;0;0;404;309;106;5;1;1;1;0;423;827
58120;Fiumicino;32;366;81;2;1;0;0;0;450;331;127;7;0;0;0;0;465;915
58120;Fiumicino;33;357;104;2;0;0;0;0;463;270;160;4;0;2;0;0;436;899
58120;Fiumicino;34;362;107;1;0;0;0;0;470;278;193;3;1;1;0;0;476;946
58120;Fiumicino;35;338;155;6;1;0;0;0;500;269;211;5;1;1;0;0;487;987
58120;Fiumicino;36;378;176;7;0;2;0;0;563;274;235;11;1;3;0;0;524;1087
58120;Fiumicino;37;307;176;9;0;3;0;0;495;259;239;13;2;2;1;0;516;1011
58120;Fiumicino;38;277;198;12;1;1;0;0;489;186;270;13;3;1;0;0;473;962
58120;Fiumicino;39;288;247;10;1;1;0;0;547;234;271;15;4;0;0;0;524;1071
58120;Fiumicino;40;288;256;5;0;1;0;0;550;233;317;24;3;0;1;0;578;1128
58120;Fiumicino;41;288;257;13;2;0;1;0;561;218;313;23;1;1;0;0;556;1117
58120;Fiumicino;42;290;334;16;0;1;0;0;641;225;363;22;5;3;0;0;618;1259
58120;Fiumicino;43;275;344;13;1;2;0;0;635;235;364;29;4;0;0;0;632;1267
58120;Fiumicino;44;293;336;21;1;3;0;0;654;216;366;39;6;3;0;0;630;1284
58120;Fiumicino;45;271;379;13;1;3;0;0;667;219;394;45;7;0;0;0;665;1332
58120;Fiumicino;46;262;377;44;1;1;0;0;685;232;368;45;6;0;0;0;651;1336
58120;Fiumicino;47;247;382;39;3;6;0;0;677;223;413;57;10;0;0;0;703;1380
58120;Fiumicino;48;286;446;33;3;1;0;0;769;226;475;47;10;1;1;0;760;1529
58120;Fiumicino;49;297;437;36;2;1;0;0;773;219;497;75;17;3;0;0;811;1584
58120;Fiumicino;50;280;448;43;4;6;0;0;781;225;486;64;12;3;0;0;790;1571
58120;Fiumicino;51;251;462;52;6;6;0;0;777;186;508;65;9;0;0;0;768;1545
58120;Fiumicino;52;246;516;63;3;3;0;0;831;180;526;85;15;0;0;0;806;1637
58120;Fiumicino;53;202;528;71;4;1;0;0;806;163;475;77;21;2;1;0;739;1545
58120;Fiumicino;54;203;511;65;3;1;0;0;783;143;460;81;26;1;0;0;711;1494
58120;Fiumicino;55;170;502;58;3;2;0;0;735;127;460;92;34;2;0;0;715;1450
58120;Fiumicino;56;168;483;80;4;2;0;0;737;145;489;90;23;0;0;0;747;1484
58120;Fiumicino;57;137;479;72;8;1;0;0;697;121;462;86;16;1;0;0;686;1383
58120;Fiumicino;58;145;476;80;11;2;0;0;714;100;460;79;33;1;0;0;673;1387
58120;Fiumicino;59;120;532;73;3;1;0;0;729;105;473;76;24;4;0;0;682;1411
58120;Fiumicino;60;137;487;79;13;1;0;0;717;95;433;74;34;0;0;0;636;1353
58120;Fiumicino;61;79;452;78;11;0;0;0;620;81;411;79;37;1;0;0;609;1229
58120;Fiumicino;62;90;404;47;8;1;0;0;550;71;399;49;47;1;0;1;568;1118
58120;Fiumicino;63;88;434;65;11;1;0;0;599;50;380;66;43;1;0;0;540;1139
58120;Fiumicino;64;59;370;43;15;1;0;0;488;60;336;56;60;0;0;0;512;1000
58120;Fiumicino;65;70;352;54;11;0;0;0;487;47;333;49;49;0;0;0;478;965
58120;Fiumicino;66;57;368;40;17;0;0;0;482;39;313;38;62;1;0;0;453;935
58120;Fiumicino;67;29;328;35;6;0;0;0;398;34;303;45;67;0;0;0;449;847
58120;Fiumicino;68;29;312;38;27;0;0;0;406;27;288;44;62;0;0;0;421;827
58120;Fiumicino;69;29;342;30;18;0;0;0;419;37;268;28;75;0;0;0;408;827
58120;Fiumicino;70;26;271;40;20;1;0;0;358;28;263;43;86;0;0;0;420;778
58120;Fiumicino;71;13;296;25;16;0;0;0;350;21;273;35;63;0;0;0;392;742
58120;Fiumicino;72;32;261;9;20;0;0;0;322;23;240;31;84;0;0;0;378;700
58120;Fiumicino;73;19;255;30;17;0;0;0;321;32;227;26;76;0;0;0;361;682
58120;Fiumicino;74;18;279;20;18;0;0;0;335;23;226;18;115;0;0;0;382;717
58120;Fiumicino;75;15;263;27;18;0;0;0;323;23;257;25;105;0;0;0;410;733
58120;Fiumicino;76;8;248;24;23;0;0;0;303;16;223;24;124;1;0;0;388;691
58120;Fiumicino;77;19;258;12;28;0;0;0;317;14;209;17;139;0;0;0;379;696
58120;Fiumicino;78;11;244;14;30;0;0;0;299;12;156;19;131;0;0;0;318;617
58120;Fiumicino;79;8;183;9;21;0;0;0;221;11;126;12;132;0;0;0;281;502
58120;Fiumicino;80;9;177;14;22;0;0;0;222;11;112;13;122;0;0;0;258;480
58120;Fiumicino;81;7;165;11;30;0;0;0;213;10;117;13;135;0;0;0;275;488
58120;Fiumicino;82;9;166;5;34;0;0;0;214;14;97;9;131;0;0;0;251;465
58120;Fiumicino;83;9;161;6;47;0;0;0;223;7;94;9;140;0;0;0;250;473
58120;Fiumicino;84;6;157;4;35;0;0;0;202;8;88;6;160;0;0;0;262;464
58120;Fiumicino;85;5;116;5;24;0;0;0;150;7;80;6;130;0;0;0;223;373
58120;Fiumicino;86;3;118;6;31;0;0;0;158;4;55;2;125;0;0;0;186;344
58120;Fiumicino;87;5;75;8;23;0;0;0;111;4;34;3;99;0;0;0;140;251
58120;Fiumicino;88;1;55;0;31;0;0;0;87;2;30;3;110;0;0;0;145;232
58120;Fiumicino;89;1;47;0;28;0;0;0;76;12;25;1;95;0;0;0;133;209
58120;Fiumicino;90;0;43;0;17;0;0;0;60;4;14;1;78;0;0;0;97;157
58120;Fiumicino;91;1;33;0;22;0;0;0;56;2;6;0;62;0;0;0;70;126
58120;Fiumicino;92;1;26;1;3;0;0;0;31;1;3;0;52;0;0;0;56;87
58120;Fiumicino;93;1;12;1;9;0;0;0;23;2;2;1;38;0;0;0;43;66
58120;Fiumicino;94;1;12;0;6;0;0;0;19;0;8;1;29;0;0;0;38;57
58120;Fiumicino;95;0;7;0;10;0;0;0;17;1;0;2;27;0;0;0;30;47
58120;Fiumicino;96;0;3;0;2;0;0;0;5;0;3;1;22;0;0;0;26;31
58120;Fiumicino;97;1;2;0;4;0;0;0;7;1;0;0;18;0;0;0;19;26
58120;Fiumicino;98;0;1;0;2;0;0;0;3;0;0;0;10;0;0;0;10;13
58120;Fiumicino;99;0;0;0;3;0;0;0;3;0;1;0;8;0;0;0;9;12
58120;Fiumicino;100;2;1;0;4;0;0;0;7;1;0;0;8;0;0;0;9;16
58120;Fiumicino;999;21205;17706;1726;802;56;1;0;41496;18436;17224;2135;3485;46;6;1;41333;82829
58122;Fonte Nuova;0;104;0;0;0;0;0;0;104;119;0;0;0;0;0;0;119;223
58122;Fonte Nuova;1;116;0;0;0;0;0;0;116;119;0;0;0;0;0;0;119;235
58122;Fonte Nuova;2;145;0;0;0;0;0;0;145;129;0;0;0;0;0;0;129;274
58122;Fonte Nuova;3;134;0;0;0;0;0;0;134;158;0;0;0;0;0;0;158;292
58122;Fonte Nuova;4;132;0;0;0;0;0;0;132;124;0;0;0;0;0;0;124;256
58122;Fonte Nuova;5;153;0;0;0;0;0;0;153;142;0;0;0;0;0;0;142;295
58122;Fonte Nuova;6;152;0;0;0;0;0;0;152;156;0;0;0;0;0;0;156;308
58122;Fonte Nuova;7;179;0;0;0;0;0;0;179;160;0;0;0;0;0;0;160;339
58122;Fonte Nuova;8;162;0;0;0;0;0;0;162;158;0;0;0;0;0;0;158;320
58122;Fonte Nuova;9;175;0;0;0;0;0;0;175;157;0;0;0;0;0;0;157;332
58122;Fonte Nuova;10;170;0;0;0;0;0;0;170;170;0;0;0;0;0;0;170;340
58122;Fonte Nuova;11;196;0;0;0;0;0;0;196;151;0;0;0;0;0;0;151;347
58122;Fonte Nuova;12;192;0;0;0;0;0;0;192;176;0;0;0;0;0;0;176;368
58122;Fonte Nuova;13;193;0;0;0;0;0;0;193;182;0;0;0;0;0;0;182;375
58122;Fonte Nuova;14;190;0;0;0;0;0;0;190;169;0;0;0;0;0;0;169;359
58122;Fonte Nuova;15;202;0;0;0;0;0;0;202;150;0;0;0;0;0;0;150;352
58122;Fonte Nuova;16;165;0;0;0;0;0;0;165;174;0;0;0;0;0;0;174;339
58122;Fonte Nuova;17;203;0;0;0;0;0;0;203;176;0;0;0;0;0;0;176;379
58122;Fonte Nuova;18;170;0;0;0;0;0;0;170;163;0;0;0;0;0;0;163;333
58122;Fonte Nuova;19;168;0;0;0;0;0;0;168;167;2;0;0;0;0;0;169;337
58122;Fonte Nuova;20;189;0;0;0;0;0;0;189;156;0;0;0;0;0;0;156;345
58122;Fonte Nuova;21;143;1;0;0;0;0;0;144;143;3;0;0;0;0;0;146;290
58122;Fonte Nuova;22;172;0;0;0;0;0;0;172;144;2;0;0;1;0;0;147;319
58122;Fonte Nuova;23;149;2;0;0;0;0;0;151;164;8;0;0;0;0;0;172;323
58122;Fonte Nuova;24;172;2;0;0;0;0;0;174;159;8;0;0;0;0;0;167;341
58122;Fonte Nuova;25;189;5;0;0;0;0;0;194;166;11;1;0;0;0;0;178;372
58122;Fonte Nuova;26;183;7;0;0;0;0;0;190;140;22;1;0;0;0;0;163;353
58122;Fonte Nuova;27;141;11;0;0;0;0;0;152;119;38;0;0;0;0;0;157;309
58122;Fonte Nuova;28;143;19;0;0;0;0;0;162;124;41;0;0;0;0;0;165;327
58122;Fonte Nuova;29;184;23;0;0;0;0;0;207;131;33;0;0;0;0;0;164;371
58122;Fonte Nuova;30;140;27;1;0;1;0;0;169;120;55;1;0;0;0;0;176;345
58122;Fonte Nuova;31;144;23;0;0;0;0;0;167;129;59;3;0;0;0;0;191;358
58122;Fonte Nuova;32;146;41;0;0;0;0;0;187;119;67;1;1;0;0;0;188;375
58122;Fonte Nuova;33;132;52;0;0;0;0;0;184;122;67;1;0;0;0;0;190;374
58122;Fonte Nuova;34;118;69;2;0;0;0;0;189;108;79;1;0;0;0;0;188;377
58122;Fonte Nuova;35;142;73;1;0;0;0;0;216;112;99;4;0;0;0;0;215;431
58122;Fonte Nuova;36;125;79;2;0;0;0;0;206;110;105;4;3;0;0;0;222;428
58122;Fonte Nuova;37;130;86;3;0;0;0;0;219;105;104;4;0;0;0;0;213;432
58122;Fonte Nuova;38;111;85;3;0;0;0;0;199;81;113;3;1;0;0;0;198;397
58122;Fonte Nuova;39;122;106;2;0;0;0;0;230;86;118;4;1;0;0;0;209;439
58122;Fonte Nuova;40;106;96;1;0;0;0;0;203;70;115;10;1;0;1;0;197;400
58122;Fonte Nuova;41;96;121;2;1;1;1;0;222;69;140;5;1;2;0;0;217;439
58122;Fonte Nuova;42;107;142;15;1;0;0;0;265;87;161;10;2;0;0;0;260;525
58122;Fonte Nuova;43;100;131;5;0;0;0;0;236;94;165;8;1;0;0;0;268;504
58122;Fonte Nuova;44;108;114;8;0;0;0;0;230;70;146;12;3;0;0;0;231;461
58122;Fonte Nuova;45;95;150;5;0;0;0;0;250;79;148;15;2;2;0;0;246;496
58122;Fonte Nuova;46;106;150;7;0;0;0;0;263;64;150;15;2;1;0;0;232;495
58122;Fonte Nuova;47;113;155;9;2;1;0;0;280;62;152;16;5;0;0;0;235;515
58122;Fonte Nuova;48;97;162;12;0;0;0;0;271;71;185;23;5;1;0;0;285;556
58122;Fonte Nuova;49;80;173;12;1;0;0;0;266;67;196;13;2;0;0;0;278;544
58122;Fonte Nuova;50;86;187;13;2;0;0;0;288;72;190;28;1;0;0;0;291;579
58122;Fonte Nuova;51;95;164;19;0;0;0;0;278;69;196;22;5;1;0;0;293;571
58122;Fonte Nuova;52;76;198;20;0;1;0;0;295;50;194;21;8;0;0;0;273;568
58122;Fonte Nuova;53;71;193;9;1;0;0;0;274;61;195;17;2;0;0;0;275;549
58122;Fonte Nuova;54;79;188;17;1;0;0;0;285;43;176;22;10;0;0;0;251;536
58122;Fonte Nuova;55;64;173;12;1;0;0;0;250;41;199;24;11;0;0;0;275;525
58122;Fonte Nuova;56;63;178;14;2;0;0;0;257;58;180;27;12;0;0;0;277;534
58122;Fonte Nuova;57;43;201;9;2;0;0;0;255;54;180;21;12;0;0;0;267;522
58122;Fonte Nuova;58;50;206;16;2;0;0;0;274;47;213;28;12;0;0;0;300;574
58122;Fonte Nuova;59;52;175;13;3;0;0;0;243;29;181;20;11;2;0;0;243;486
58122;Fonte Nuova;60;49;199;14;2;0;0;0;264;36;188;21;21;1;0;0;267;531
58122;Fonte Nuova;61;32;193;14;5;0;0;0;244;27;167;20;13;0;0;0;227;471
58122;Fonte Nuova;62;27;168;20;4;0;0;0;219;34;185;19;18;0;0;0;256;475
58122;Fonte Nuova;63;30;158;14;7;0;0;0;209;29;158;9;17;0;0;0;213;422
58122;Fonte Nuova;64;22;154;7;4;0;0;0;187;21;137;18;18;1;0;0;195;382
58122;Fonte Nuova;65;21;156;11;3;0;0;0;191;28;134;17;16;0;0;0;195;386
58122;Fonte Nuova;66;18;131;15;5;0;0;0;169;26;137;13;28;0;0;0;204;373
58122;Fonte Nuova;67;17;133;5;1;0;0;0;156;20;142;11;31;0;0;0;204;360
58122;Fonte Nuova;68;17;124;13;7;1;0;0;162;21;128;13;26;0;0;0;188;350
58122;Fonte Nuova;69;15;139;12;6;0;0;0;172;16;134;8;39;0;0;0;197;369
58122;Fonte Nuova;70;14;112;8;10;0;0;1;145;18;122;11;38;0;0;0;189;334
58122;Fonte Nuova;71;10;114;7;7;0;0;0;138;14;101;13;37;0;0;0;165;303
58122;Fonte Nuova;72;10;111;4;10;0;0;0;135;8;101;12;48;0;0;0;169;304
58122;Fonte Nuova;73;9;113;4;8;0;0;0;134;12;103;3;32;0;0;0;150;284
58122;Fonte Nuova;74;8;91;7;4;0;0;0;110;11;93;10;40;0;0;0;154;264
58122;Fonte Nuova;75;9;125;6;13;0;0;0;153;12;80;10;41;0;0;0;143;296
58122;Fonte Nuova;76;13;88;4;10;0;0;0;115;10;99;5;46;0;0;0;160;275
58122;Fonte Nuova;77;3;99;3;7;0;0;0;112;12;82;5;51;0;0;0;150;262
58122;Fonte Nuova;78;6;93;2;3;0;0;0;104;12;61;1;57;0;0;0;131;235
58122;Fonte Nuova;79;8;68;4;10;0;0;0;90;9;47;1;39;0;0;0;96;186
58122;Fonte Nuova;80;4;65;2;9;0;0;0;80;13;54;3;58;0;0;0;128;208
58122;Fonte Nuova;81;3;56;3;12;0;0;0;74;9;33;2;46;0;0;0;90;164
58122;Fonte Nuova;82;4;69;1;12;0;0;0;86;5;37;0;47;0;0;0;89;175
58122;Fonte Nuova;83;3;54;1;14;0;0;0;72;6;29;1;54;0;0;0;90;162
58122;Fonte Nuova;84;3;51;3;16;0;0;0;73;11;33;0;53;0;0;0;97;170
58122;Fonte Nuova;85;0;45;0;10;0;0;0;55;7;33;0;49;0;0;0;89;144
58122;Fonte Nuova;86;2;37;0;6;0;0;0;45;8;18;2;49;0;0;0;77;122
58122;Fonte Nuova;87;2;28;1;20;0;0;0;51;6;13;0;44;0;0;0;63;114
58122;Fonte Nuova;88;0;23;1;12;0;0;0;36;5;9;0;47;0;0;0;61;97
58122;Fonte Nuova;89;4;18;0;17;0;0;0;39;4;9;2;37;0;0;0;52;91
58122;Fonte Nuova;90;1;13;0;7;0;0;0;21;4;5;0;25;0;0;0;34;55
58122;Fonte Nuova;91;1;6;0;4;0;0;0;11;5;6;0;23;0;0;0;34;45
58122;Fonte Nuova;92;0;8;0;6;0;0;0;14;1;4;0;26;0;0;0;31;45
58122;Fonte Nuova;93;0;5;0;2;0;0;0;7;0;0;2;21;0;0;0;23;30
58122;Fonte Nuova;94;0;4;0;3;0;0;0;7;1;2;0;19;0;0;0;22;29
58122;Fonte Nuova;95;0;3;0;3;0;0;0;6;0;1;0;15;0;0;0;16;22
58122;Fonte Nuova;96;0;0;0;1;0;0;0;1;3;1;0;0;0;0;0;4;5
58122;Fonte Nuova;97;0;2;0;0;0;0;0;2;0;2;0;3;0;0;0;5;7
58122;Fonte Nuova;98;0;0;0;1;0;0;0;1;3;0;0;4;0;0;0;7;8
58122;Fonte Nuova;99;0;1;0;0;0;0;0;1;2;1;0;2;0;0;0;5;6
58122;Fonte Nuova;100;0;0;0;0;0;0;0;0;1;2;0;10;0;0;0;13;13
58122;Fonte Nuova;999;8328;7025;418;300;5;1;1;16078;7365;7187;617;1402;12;1;0;16584;32662
58038;Formello;0;56;0;0;0;;;;56;48;0;0;0;;;;48;104
58038;Formello;1;47;0;0;0;;;;47;42;0;0;0;;;;42;89
58038;Formello;2;47;0;0;0;;;;47;48;0;0;0;;;;48;95
58038;Formello;3;68;0;0;0;;;;68;57;0;0;0;;;;57;125
58038;Formello;4;58;0;0;0;;;;58;49;0;0;0;;;;49;107
58038;Formello;5;59;0;0;0;;;;59;46;0;0;0;;;;46;105
58038;Formello;6;50;0;0;0;;;;50;64;0;0;0;;;;64;114
58038;Formello;7;51;0;0;0;;;;51;66;0;0;0;;;;66;117
58038;Formello;8;66;0;0;0;;;;66;66;0;0;0;;;;66;132
58038;Formello;9;77;0;0;0;;;;77;66;0;0;0;;;;66;143
58038;Formello;10;78;0;0;0;;;;78;80;0;0;0;;;;80;158
58038;Formello;11;74;0;0;0;;;;74;65;0;0;0;;;;65;139
58038;Formello;12;64;0;0;0;;;;64;72;0;0;0;;;;72;136
58038;Formello;13;76;0;0;0;;;;76;81;0;0;0;;;;81;157
58038;Formello;14;88;0;0;0;;;;88;89;0;0;0;;;;89;177
58038;Formello;15;81;0;0;0;;;;81;88;0;0;0;;;;88;169
58038;Formello;16;82;0;0;0;;;;82;83;0;0;0;;;;83;165
58038;Formello;17;82;0;0;0;;;;82;57;0;0;0;;;;57;139
58038;Formello;18;75;0;0;0;;;;75;69;0;0;0;;;;69;144
58038;Formello;19;81;0;0;0;;;;81;85;1;0;0;;;;86;167
58038;Formello;20;70;0;0;0;;;;70;76;0;0;0;;;;76;146
58038;Formello;21;70;0;0;0;;;;70;68;2;0;0;;;;70;140
58038;Formello;22;86;1;0;0;;;;87;83;0;0;0;;;;83;170
58038;Formello;23;83;0;0;0;;;;83;72;1;0;0;;;;73;156
58038;Formello;24;70;2;0;0;;;;72;86;0;0;0;;;;86;158
58038;Formello;25;76;1;0;0;;;;77;67;6;0;0;;;;73;150
58038;Formello;26;81;0;0;0;;;;81;50;6;0;0;;;;56;137
58038;Formello;27;61;4;0;0;;;;65;48;2;0;0;;;;50;115
58038;Formello;28;59;7;0;0;;;;66;58;8;0;0;;;;66;132
58038;Formello;29;57;7;0;0;;;;64;61;12;1;0;;;;74;138
58038;Formello;30;55;13;0;0;;;;68;60;20;0;0;;;;80;148
58038;Formello;31;63;3;0;0;;;;66;67;15;0;0;;;;82;148
58038;Formello;32;60;16;0;0;;;;76;43;20;0;0;;;;63;139
58038;Formello;33;53;14;0;0;;;;67;56;23;0;0;;;;79;146
58038;Formello;34;49;26;0;0;;;;75;54;34;0;0;;;;88;163
58038;Formello;35;46;33;0;0;;;;79;43;40;0;0;;;;83;162
58038;Formello;36;42;21;2;0;;;;65;38;44;1;0;;;;83;148
58038;Formello;37;46;27;2;0;;;;75;34;32;1;0;;;;67;142
58038;Formello;38;43;31;0;0;;;;74;33;45;2;0;;;;80;154
58038;Formello;39;48;33;1;0;;;;82;31;49;0;1;;;;81;163
58038;Formello;40;42;39;2;0;;;;83;40;50;5;0;;;;95;178
58038;Formello;41;44;38;1;0;;;;83;32;61;5;0;;;;98;181
58038;Formello;42;39;43;1;0;;;;83;36;51;7;0;;;;94;177
58038;Formello;43;30;45;3;0;;;;78;23;65;1;0;;;;89;167
58038;Formello;44;37;52;1;0;;;;90;29;63;2;1;;;;95;185
58038;Formello;45;27;48;3;0;;;;78;40;51;4;2;;;;97;175
58038;Formello;46;44;55;1;0;;;;100;39;73;8;1;;;;121;221
58038;Formello;47;38;60;5;0;;;;103;34;67;7;0;;;;108;211
58038;Formello;48;32;60;11;1;;;;104;37;63;8;5;;;;113;217
58038;Formello;49;31;67;7;0;;;;105;29;74;13;2;;;;118;223
58038;Formello;50;31;68;5;0;;;;104;29;81;14;1;;;;125;229
58038;Formello;51;32;64;6;0;;;;102;22;85;10;1;;;;118;220
58038;Formello;52;25;84;11;0;;;;120;22;94;10;4;;;;130;250
58038;Formello;53;29;105;13;2;;;;149;14;91;19;7;;;;131;280
58038;Formello;54;21;86;10;0;;;;117;18;96;10;7;;;;131;248
58038;Formello;55;24;64;6;0;;;;94;16;78;12;4;;;;110;204
58038;Formello;56;23;91;4;0;;;;118;17;87;19;2;;;;125;243
58038;Formello;57;29;85;8;2;;;;124;24;75;19;4;;;;122;246
58038;Formello;58;19;79;12;1;;;;111;18;78;28;4;;;;128;239
58038;Formello;59;14;77;9;2;;;;102;13;95;15;6;;;;129;231
58038;Formello;60;18;83;11;2;;;;114;12;77;21;4;;;;114;228
58038;Formello;61;13;85;14;2;;;;114;10;68;13;7;;;;98;212
58038;Formello;62;11;78;15;2;;;;106;6;75;13;3;;;;97;203
58038;Formello;63;17;67;6;2;;;;92;13;83;13;6;;;;115;207
58038;Formello;64;8;59;7;1;;;;75;8;65;19;9;;;;101;176
58038;Formello;65;9;71;13;2;;;;95;7;66;12;14;;;;99;194
58038;Formello;66;11;58;15;3;;;;87;9;52;6;7;;;;74;161
58038;Formello;67;7;57;6;2;;;;72;7;54;11;9;;;;81;153
58038;Formello;68;6;54;7;3;;;;70;5;62;4;14;;;;85;155
58038;Formello;69;1;65;7;2;;;;75;5;55;6;11;;;;77;152
58038;Formello;70;6;55;11;3;;;;75;3;50;11;10;;;;74;149
58038;Formello;71;2;50;3;5;;;;60;3;41;4;12;;;;60;120
58038;Formello;72;3;54;4;5;;;;66;2;54;3;23;;;;82;148
58038;Formello;73;2;48;6;2;;;;58;6;30;6;15;;;;57;115
58038;Formello;74;3;51;2;3;;;;59;1;38;4;19;;;;62;121
58038;Formello;75;2;44;5;3;;;;54;1;41;1;16;;;;59;113
58038;Formello;76;3;36;6;3;;;;48;2;29;7;18;;;;56;104
58038;Formello;77;1;48;5;4;;;;58;6;36;6;26;;;;74;132
58038;Formello;78;4;47;3;2;;;;56;2;29;3;29;;;;63;119
58038;Formello;79;1;26;4;6;;;;37;1;33;2;18;;;;54;91
58038;Formello;80;1;35;2;3;;;;41;6;31;3;26;;;;66;107
58038;Formello;81;1;33;1;4;;;;39;3;27;2;25;;;;57;96
58038;Formello;82;1;33;1;5;;;;40;2;17;1;27;;;;47;87
58038;Formello;83;0;17;3;10;;;;30;2;14;3;24;;;;43;73
58038;Formello;84;0;26;1;7;;;;34;4;26;3;23;;;;56;90
58038;Formello;85;1;27;1;4;;;;33;0;10;2;25;;;;37;70
58038;Formello;86;0;23;0;3;;;;26;2;6;1;27;;;;36;62
58038;Formello;87;1;15;1;8;;;;25;2;10;2;22;;;;36;61
58038;Formello;88;2;12;2;2;;;;18;0;2;0;21;;;;23;41
58038;Formello;89;1;10;0;4;;;;15;0;3;0;23;;;;26;41
58038;Formello;90;0;4;0;4;;;;8;1;2;0;13;;;;16;24
58038;Formello;91;0;4;0;3;;;;7;1;3;0;14;;;;18;25
58038;Formello;92;0;2;0;3;;;;5;0;2;0;7;;;;9;14
58038;Formello;93;0;2;0;4;;;;6;0;0;0;13;;;;13;19
58038;Formello;94;0;2;0;1;;;;3;0;0;0;3;;;;3;6
58038;Formello;95;0;0;0;0;;;;0;0;1;0;3;;;;4;4
58038;Formello;96;0;1;0;1;;;;2;0;0;0;2;;;;2;4
58038;Formello;97;0;1;0;3;;;;4;0;1;0;1;;;;2;6
58038;Formello;98;0;0;0;0;;;;0;0;0;0;2;;;;2;2
58038;Formello;99;0;1;0;0;;;;1;0;0;0;1;;;;1;2
58038;Formello;100;0;0;0;0;;;;0;0;0;0;1;;;;1;1
58038;Formello;999;3325;2933;286;134;;;;6678;3113;3031;403;625;;;;7172;13850
58039;Frascati;0;64;0;0;0;0;0;0;64;56;0;0;0;0;0;0;56;120
58039;Frascati;1;75;0;0;0;0;0;0;75;80;0;0;0;0;0;0;80;155
58039;Frascati;2;95;0;0;0;0;0;0;95;85;0;0;0;0;0;0;85;180
58039;Frascati;3;86;0;0;0;0;0;0;86;75;0;0;0;0;0;0;75;161
58039;Frascati;4;84;0;0;0;0;0;0;84;81;0;0;0;0;0;0;81;165
58039;Frascati;5;97;0;0;0;0;0;0;97;70;0;0;0;0;0;0;70;167
58039;Frascati;6;108;0;0;0;0;0;0;108;89;0;0;0;0;0;0;89;197
58039;Frascati;7;99;0;0;0;0;0;0;99;82;0;0;0;0;0;0;82;181
58039;Frascati;8;105;0;0;0;0;0;0;105;102;0;0;0;0;0;0;102;207
58039;Frascati;9;135;0;0;0;0;0;0;135;96;0;0;0;0;0;0;96;231
58039;Frascati;10;108;0;0;0;0;0;0;108;90;0;0;0;0;0;0;90;198
58039;Frascati;11;109;0;0;0;0;0;0;109;117;0;0;0;0;0;0;117;226
58039;Frascati;12;120;0;0;0;0;0;0;120;104;0;0;0;0;0;0;104;224
58039;Frascati;13;112;0;0;0;0;0;0;112;133;0;0;0;0;0;0;133;245
58039;Frascati;14;135;0;0;0;0;0;0;135;112;0;0;0;0;0;0;112;247
58039;Frascati;15;117;0;0;0;0;0;0;117;126;0;0;0;0;0;0;126;243
58039;Frascati;16;128;0;0;0;0;0;0;128;143;0;0;0;0;0;0;143;271
58039;Frascati;17;125;0;0;0;0;0;0;125;119;0;0;0;0;0;0;119;244
58039;Frascati;18;117;0;0;0;0;0;0;117;119;0;0;0;0;0;0;119;236
58039;Frascati;19;104;0;0;0;0;0;0;104;129;0;0;0;0;0;0;129;233
58039;Frascati;20;119;0;0;0;0;0;0;119;136;0;0;0;0;0;0;136;255
58039;Frascati;21;124;0;0;0;0;0;0;124;109;1;0;0;0;0;0;110;234
58039;Frascati;22;103;0;0;0;0;0;0;103;112;1;0;0;0;0;0;113;216
58039;Frascati;23;86;0;0;0;0;0;0;86;110;1;0;0;0;0;0;111;197
58039;Frascati;24;110;0;0;0;0;0;0;110;108;2;0;0;0;0;0;110;220
58039;Frascati;25;104;0;0;0;0;0;0;104;109;5;0;0;0;0;0;114;218
58039;Frascati;26;125;0;0;0;0;0;0;125;104;4;0;0;0;0;0;108;233
58039;Frascati;27;88;3;0;0;0;0;0;91;99;11;0;0;0;0;0;110;201
58039;Frascati;28;105;8;0;0;0;0;0;113;92;12;0;0;0;0;0;104;217
58039;Frascati;29;107;9;0;0;0;0;0;116;91;10;0;0;1;0;0;102;218
58039;Frascati;30;83;8;1;0;0;0;0;92;82;11;2;0;0;0;0;95;187
58039;Frascati;31;79;14;0;0;0;0;0;93;83;16;0;0;2;0;0;101;194
58039;Frascati;32;88;15;0;0;0;0;0;103;90;34;1;0;0;0;0;125;228
58039;Frascati;33;95;24;0;0;0;0;0;119;101;34;2;0;0;0;0;137;256
58039;Frascati;34;93;15;1;0;0;0;0;109;79;49;2;0;0;0;0;130;239
58039;Frascati;35;92;30;0;0;0;0;0;122;73;46;2;0;0;0;0;121;243
58039;Frascati;36;86;36;0;0;0;0;0;122;68;50;1;0;0;0;0;119;241
58039;Frascati;37;89;43;1;0;1;0;0;134;77;53;1;1;2;0;0;134;268
58039;Frascati;38;65;45;0;0;1;0;0;111;70;68;4;0;2;0;0;144;255
58039;Frascati;39;75;53;1;0;0;0;0;129;71;76;4;1;0;0;0;152;281
58039;Frascati;40;71;67;4;0;1;0;0;143;64;72;6;3;0;0;0;145;288
58039;Frascati;41;76;65;1;0;0;0;0;142;59;88;5;0;0;0;0;152;294
58039;Frascati;42;70;69;2;0;0;0;0;141;53;81;4;0;0;0;0;138;279
58039;Frascati;43;66;90;0;0;0;0;0;156;47;103;10;1;0;0;0;161;317
58039;Frascati;44;60;79;6;0;0;0;0;145;51;109;6;1;0;0;0;167;312
58039;Frascati;45;57;78;7;0;0;0;0;142;55;99;10;1;1;0;0;166;308
58039;Frascati;46;67;93;3;0;0;0;0;163;41;131;6;1;0;0;0;179;342
58039;Frascati;47;70;92;7;0;0;0;0;169;46;112;9;0;0;0;0;167;336
58039;Frascati;48;48;102;10;2;0;0;0;162;52;129;16;4;0;0;0;201;363
58039;Frascati;49;58;123;10;0;0;0;0;191;63;142;20;2;1;0;0;228;419
58039;Frascati;50;70;124;11;0;0;0;0;205;29;136;15;1;0;0;0;181;386
58039;Frascati;51;48;138;3;1;2;0;0;192;43;136;12;7;0;0;0;198;390
58039;Frascati;52;42;122;14;0;0;0;0;178;48;140;19;5;0;0;0;212;390
58039;Frascati;53;48;112;8;2;0;0;0;170;38;135;28;4;0;0;0;205;375
58039;Frascati;54;40;107;19;3;0;0;0;169;33;139;17;3;0;0;0;192;361
58039;Frascati;55;43;139;12;2;1;0;0;197;39;151;24;2;0;0;0;216;413
58039;Frascati;56;35;125;9;2;2;0;0;173;33;132;21;4;0;0;0;190;363
58039;Frascati;57;32;120;10;2;0;0;0;164;23;130;22;6;0;0;0;181;345
58039;Frascati;58;38;128;12;2;0;0;0;180;26;141;17;12;1;0;0;197;377
58039;Frascati;59;31;137;8;0;0;0;0;176;29;110;10;11;0;0;0;160;336
58039;Frascati;60;28;136;10;5;1;0;0;180;27;122;16;11;0;0;0;176;356
58039;Frascati;61;26;130;21;1;0;0;0;178;20;135;28;10;0;0;0;193;371
58039;Frascati;62;16;132;13;1;0;0;0;162;23;143;12;10;0;0;0;188;350
58039;Frascati;63;14;121;11;2;1;0;0;149;25;107;16;10;0;0;0;158;307
58039;Frascati;64;17;108;9;4;0;0;0;138;22;123;17;13;0;0;0;175;313
58039;Frascati;65;13;113;16;1;0;0;0;143;11;125;17;10;0;0;0;163;306
58039;Frascati;66;7;107;7;2;0;0;0;123;13;111;6;16;0;0;0;146;269
58039;Frascati;67;11;114;11;2;0;0;0;138;16;113;9;18;0;0;0;156;294
58039;Frascati;68;5;111;12;5;0;0;0;133;7;100;9;19;0;0;0;135;268
58039;Frascati;69;10;106;7;10;0;0;0;133;5;103;7;29;0;0;0;144;277
58039;Frascati;70;11;94;8;7;1;0;0;121;10;114;10;25;0;0;0;159;280
58039;Frascati;71;5;98;7;5;0;0;0;115;8;78;16;30;0;0;0;132;247
58039;Frascati;72;6;103;6;6;0;0;0;121;5;97;6;30;0;0;0;138;259
58039;Frascati;73;10;77;7;8;0;0;0;102;10;70;4;29;0;0;0;113;215
58039;Frascati;74;5;85;7;9;0;0;0;106;8;87;9;25;0;0;0;129;235
58039;Frascati;75;2;89;5;7;0;0;0;103;9;68;4;41;0;0;0;122;225
58039;Frascati;76;3;85;1;10;0;0;0;99;8;71;7;43;0;0;0;129;228
58039;Frascati;77;2;99;2;17;0;0;0;120;4;75;4;40;0;0;0;123;243
58039;Frascati;78;2;91;4;5;0;0;0;102;9;73;4;55;0;0;0;141;243
58039;Frascati;79;6;64;5;6;0;0;0;81;3;61;5;35;0;0;0;104;185
58039;Frascati;80;3;58;4;10;0;0;0;75;5;46;7;37;0;0;0;95;170
58039;Frascati;81;1;50;1;10;0;0;0;62;4;40;5;37;0;0;0;86;148
58039;Frascati;82;1;57;2;8;0;0;0;68;5;33;5;43;0;0;0;86;154
58039;Frascati;83;1;42;1;5;1;0;0;50;5;28;1;54;0;0;0;88;138
58039;Frascati;84;4;49;1;8;0;0;0;62;4;37;3;65;0;0;0;109;171
58039;Frascati;85;2;37;1;10;0;0;0;50;2;28;5;57;0;0;0;92;142
58039;Frascati;86;2;40;0;15;0;0;0;57;6;20;3;61;0;0;0;90;147
58039;Frascati;87;0;26;1;10;0;0;0;37;5;8;2;43;0;0;0;58;95
58039;Frascati;88;0;25;0;5;0;0;0;30;4;9;0;36;0;0;0;49;79
58039;Frascati;89;1;27;2;5;0;0;0;35;1;7;0;47;0;0;0;55;90
58039;Frascati;90;1;22;0;11;0;0;0;34;5;4;0;44;0;0;0;53;87
58039;Frascati;91;0;13;0;5;0;0;0;18;3;5;0;40;0;0;0;48;66
58039;Frascati;92;0;9;0;5;0;0;0;14;1;1;0;29;0;0;0;31;45
58039;Frascati;93;0;3;1;6;0;0;0;10;4;5;1;21;0;0;0;31;41
58039;Frascati;94;1;2;0;2;0;0;0;5;0;2;0;19;0;0;0;21;26
58039;Frascati;95;0;3;0;3;0;0;0;6;1;0;0;11;0;0;0;12;18
58039;Frascati;96;0;4;0;3;0;0;0;7;0;0;0;11;0;0;0;11;18
58039;Frascati;97;0;1;0;4;0;0;0;5;1;1;0;5;0;0;0;7;12
58039;Frascati;98;0;2;0;3;0;0;0;5;0;1;0;4;0;0;0;5;10
58039;Frascati;99;0;0;0;1;0;0;0;1;1;0;0;1;0;0;0;2;3
58039;Frascati;100;0;0;0;3;0;0;0;3;1;0;0;6;0;0;0;7;10
58039;Frascati;999;5325;4946;343;261;12;0;0;10887;5045;5151;534;1240;10;0;0;11980;22867
58040;Gallicano nel Lazio;0;23;0;0;0;;;;23;18;0;0;0;;;;18;41
58040;Gallicano nel Lazio;1;19;0;0;0;;;;19;16;0;0;0;;;;16;35
58040;Gallicano nel Lazio;2;34;0;0;0;;;;34;22;0;0;0;;;;22;56
58040;Gallicano nel Lazio;3;28;0;0;0;;;;28;28;0;0;0;;;;28;56
58040;Gallicano nel Lazio;4;14;0;0;0;;;;14;23;0;0;0;;;;23;37
58040;Gallicano nel Lazio;5;23;0;0;0;;;;23;28;0;0;0;;;;28;51
58040;Gallicano nel Lazio;6;37;0;0;0;;;;37;21;0;0;0;;;;21;58
58040;Gallicano nel Lazio;7;29;0;0;0;;;;29;30;0;0;0;;;;30;59
58040;Gallicano nel Lazio;8;33;0;0;0;;;;33;22;0;0;0;;;;22;55
58040;Gallicano nel Lazio;9;36;0;0;0;;;;36;20;0;0;0;;;;20;56
58040;Gallicano nel Lazio;10;37;0;0;0;;;;37;36;0;0;0;;;;36;73
58040;Gallicano nel Lazio;11;34;0;0;0;;;;34;28;0;0;0;;;;28;62
58040;Gallicano nel Lazio;12;41;0;0;0;;;;41;27;0;0;0;;;;27;68
58040;Gallicano nel Lazio;13;41;0;0;0;;;;41;36;0;0;0;;;;36;77
58040;Gallicano nel Lazio;14;30;0;0;0;;;;30;41;0;0;0;;;;41;71
58040;Gallicano nel Lazio;15;39;0;0;0;;;;39;30;0;0;0;;;;30;69
58040;Gallicano nel Lazio;16;41;0;0;0;;;;41;36;0;0;0;;;;36;77
58040;Gallicano nel Lazio;17;38;0;0;0;;;;38;47;0;0;0;;;;47;85
58040;Gallicano nel Lazio;18;45;0;0;0;;;;45;33;0;0;0;;;;33;78
58040;Gallicano nel Lazio;19;41;0;0;0;;;;41;39;0;0;0;;;;39;80
58040;Gallicano nel Lazio;20;42;0;0;0;;;;42;38;0;0;0;;;;38;80
58040;Gallicano nel Lazio;21;38;0;0;0;;;;38;29;0;0;0;;;;29;67
58040;Gallicano nel Lazio;22;34;0;0;0;;;;34;31;0;0;0;;;;31;65
58040;Gallicano nel Lazio;23;34;0;0;0;;;;34;27;1;0;0;;;;28;62
58040;Gallicano nel Lazio;24;40;1;0;0;;;;41;23;2;0;0;;;;25;66
58040;Gallicano nel Lazio;25;27;0;0;0;;;;27;37;1;0;0;;;;38;65
58040;Gallicano nel Lazio;26;35;1;0;0;;;;36;19;6;0;0;;;;25;61
58040;Gallicano nel Lazio;27;23;1;0;0;;;;24;31;2;0;0;;;;33;57
58040;Gallicano nel Lazio;28;26;2;0;0;;;;28;18;5;0;0;;;;23;51
58040;Gallicano nel Lazio;29;24;2;0;0;;;;26;23;7;1;0;;;;31;57
58040;Gallicano nel Lazio;30;21;7;0;0;;;;28;19;8;0;0;;;;27;55
58040;Gallicano nel Lazio;31;37;5;0;0;;;;42;23;10;0;0;;;;33;75
58040;Gallicano nel Lazio;32;32;7;0;0;;;;39;16;12;0;0;;;;28;67
58040;Gallicano nel Lazio;33;26;8;0;0;;;;34;19;13;0;0;;;;32;66
58040;Gallicano nel Lazio;34;30;8;0;0;;;;38;17;4;0;0;;;;21;59
58040;Gallicano nel Lazio;35;22;12;0;0;;;;34;24;10;0;0;;;;34;68
58040;Gallicano nel Lazio;36;25;11;1;0;;;;37;18;18;1;1;;;;38;75
58040;Gallicano nel Lazio;37;28;13;0;0;;;;41;17;23;0;0;;;;40;81
58040;Gallicano nel Lazio;38;24;23;0;0;;;;47;18;26;3;0;;;;47;94
58040;Gallicano nel Lazio;39;26;18;0;0;;;;44;20;23;1;0;;;;44;88
58040;Gallicano nel Lazio;40;24;19;1;0;;;;44;23;25;2;0;;;;50;94
58040;Gallicano nel Lazio;41;24;22;1;0;;;;47;19;24;2;0;;;;45;92
58040;Gallicano nel Lazio;42;21;22;1;0;;;;44;21;21;4;0;;;;46;90
58040;Gallicano nel Lazio;43;19;21;2;0;;;;42;11;29;2;1;;;;43;85
58040;Gallicano nel Lazio;44;22;29;2;0;;;;53;13;33;2;1;;;;49;102
58040;Gallicano nel Lazio;45;29;29;1;1;;;;60;18;34;0;0;;;;52;112
58040;Gallicano nel Lazio;46;26;41;1;0;;;;68;12;38;3;1;;;;54;122
58040;Gallicano nel Lazio;47;23;31;3;0;;;;57;14;41;1;1;;;;57;114
58040;Gallicano nel Lazio;48;15;35;1;0;;;;51;13;46;3;0;;;;62;113
58040;Gallicano nel Lazio;49;19;31;2;1;;;;53;14;43;10;0;;;;67;120
58040;Gallicano nel Lazio;50;14;40;4;0;;;;58;6;31;6;2;;;;45;103
58040;Gallicano nel Lazio;51;19;40;3;0;;;;62;6;42;7;0;;;;55;117
58040;Gallicano nel Lazio;52;14;37;2;0;;;;53;15;37;5;0;;;;57;110
58040;Gallicano nel Lazio;53;12;47;2;0;;;;61;8;33;5;5;;;;51;112
58040;Gallicano nel Lazio;54;17;36;7;0;;;;60;5;49;7;2;;;;63;123
58040;Gallicano nel Lazio;55;10;54;2;1;;;;67;6;39;4;4;;;;53;120
58040;Gallicano nel Lazio;56;10;43;6;1;;;;60;7;30;6;3;;;;46;106
58040;Gallicano nel Lazio;57;15;48;2;1;;;;66;10;41;8;3;;;;62;128
58040;Gallicano nel Lazio;58;6;39;4;1;;;;50;9;31;7;2;;;;49;99
58040;Gallicano nel Lazio;59;7;36;9;0;;;;52;12;29;5;3;;;;49;101
58040;Gallicano nel Lazio;60;1;29;5;4;;;;39;7;36;6;2;;;;51;90
58040;Gallicano nel Lazio;61;8;37;7;0;;;;52;8;30;2;5;;;;45;97
58040;Gallicano nel Lazio;62;6;32;7;1;;;;46;7;35;2;7;;;;51;97
58040;Gallicano nel Lazio;63;8;29;3;0;;;;40;7;26;3;5;;;;41;81
58040;Gallicano nel Lazio;64;5;33;5;3;;;;46;3;26;2;6;;;;37;83
58040;Gallicano nel Lazio;65;6;38;3;2;;;;49;1;39;1;5;;;;46;95
58040;Gallicano nel Lazio;66;2;19;2;3;;;;26;4;40;0;10;;;;54;80
58040;Gallicano nel Lazio;67;3;35;3;1;;;;42;4;32;2;4;;;;42;84
58040;Gallicano nel Lazio;68;2;22;2;1;;;;27;4;25;2;5;;;;36;63
58040;Gallicano nel Lazio;69;1;45;5;1;;;;52;1;32;0;5;;;;38;90
58040;Gallicano nel Lazio;70;0;33;1;2;;;;36;3;25;3;5;;;;36;72
58040;Gallicano nel Lazio;71;1;23;0;1;;;;25;5;23;1;7;;;;36;61
58040;Gallicano nel Lazio;72;1;28;1;0;;;;30;0;16;0;10;;;;26;56
58040;Gallicano nel Lazio;73;3;25;2;1;;;;31;1;28;4;11;;;;44;75
58040;Gallicano nel Lazio;74;1;20;2;0;;;;23;1;16;0;8;;;;25;48
58040;Gallicano nel Lazio;75;0;26;0;2;;;;28;1;12;0;11;;;;24;52
58040;Gallicano nel Lazio;76;2;21;3;2;;;;28;4;14;3;7;;;;28;56
58040;Gallicano nel Lazio;77;1;22;1;1;;;;25;1;18;2;12;;;;33;58
58040;Gallicano nel Lazio;78;1;15;1;2;;;;19;0;12;0;18;;;;30;49
58040;Gallicano nel Lazio;79;0;14;2;2;;;;18;0;9;1;7;;;;17;35
58040;Gallicano nel Lazio;80;1;17;0;1;;;;19;1;13;1;8;;;;23;42
58040;Gallicano nel Lazio;81;0;11;1;2;;;;14;2;6;0;12;;;;20;34
58040;Gallicano nel Lazio;82;0;15;0;2;;;;17;0;7;1;8;;;;16;33
58040;Gallicano nel Lazio;83;2;7;0;3;;;;12;0;2;0;12;;;;14;26
58040;Gallicano nel Lazio;84;0;12;0;6;;;;18;3;8;1;8;;;;20;38
58040;Gallicano nel Lazio;85;1;14;0;0;;;;15;2;0;0;12;;;;14;29
58040;Gallicano nel Lazio;86;0;6;0;4;;;;10;1;6;0;9;;;;16;26
58040;Gallicano nel Lazio;87;0;5;1;0;;;;6;0;2;0;11;;;;13;19
58040;Gallicano nel Lazio;88;0;0;0;0;;;;0;0;1;0;2;;;;3;3
58040;Gallicano nel Lazio;89;1;4;0;2;;;;7;0;5;0;9;;;;14;21
58040;Gallicano nel Lazio;90;1;1;0;0;;;;2;0;1;0;5;;;;6;8
58040;Gallicano nel Lazio;91;0;4;1;1;;;;6;0;1;0;4;;;;5;11
58040;Gallicano nel Lazio;92;0;0;0;0;;;;0;0;1;0;6;;;;7;7
58040;Gallicano nel Lazio;93;0;0;0;1;;;;1;0;0;0;2;;;;2;3
58040;Gallicano nel Lazio;94;0;3;0;0;;;;3;0;1;0;3;;;;4;7
58040;Gallicano nel Lazio;95;0;2;0;1;;;;3;0;0;0;1;;;;1;4
58040;Gallicano nel Lazio;96;0;0;0;0;;;;0;0;0;0;3;;;;3;3
58040;Gallicano nel Lazio;97;0;0;0;0;;;;0;0;0;0;1;;;;1;1
58040;Gallicano nel Lazio;98;0;0;0;0;;;;0;0;0;0;1;;;;1;1
58040;Gallicano nel Lazio;99;0;0;0;0;;;;0;0;0;0;0;;;;0;0
58040;Gallicano nel Lazio;100;0;0;0;0;;;;0;0;0;0;0;;;;0;0
58040;Gallicano nel Lazio;999;1661;1466;115;58;;;;3300;1361;1415;132;296;;;;3204;6504
58041;Gavignano;0;8;0;0;0;;;;8;12;0;0;0;;;;12;20
58041;Gavignano;1;2;0;0;0;;;;2;3;0;0;0;;;;3;5
58041;Gavignano;2;0;0;0;0;;;;0;3;0;0;0;;;;3;3
58041;Gavignano;3;8;0;0;0;;;;8;3;0;0;0;;;;3;11
58041;Gavignano;4;4;0;0;0;;;;4;4;0;0;0;;;;4;8
58041;Gavignano;5;12;0;0;0;;;;12;6;0;0;0;;;;6;18
58041;Gavignano;6;3;0;0;0;;;;3;8;0;0;0;;;;8;11
58041;Gavignano;7;7;0;0;0;;;;7;6;0;0;0;;;;6;13
58041;Gavignano;8;10;0;0;0;;;;10;7;0;0;0;;;;7;17
58041;Gavignano;9;10;0;0;0;;;;10;5;0;0;0;;;;5;15
58041;Gavignano;10;9;0;0;0;;;;9;7;0;0;0;;;;7;16
58041;Gavignano;11;4;0;0;0;;;;4;3;0;0;0;;;;3;7
58041;Gavignano;12;5;0;0;0;;;;5;11;0;0;0;;;;11;16
58041;Gavignano;13;6;0;0;0;;;;6;7;0;0;0;;;;7;13
58041;Gavignano;14;5;0;0;0;;;;5;8;0;0;0;;;;8;13
58041;Gavignano;15;11;0;0;0;;;;11;5;0;0;0;;;;5;16
58041;Gavignano;16;12;0;0;0;;;;12;9;0;0;0;;;;9;21
58041;Gavignano;17;8;0;0;0;;;;8;16;0;0;0;;;;16;24
58041;Gavignano;18;6;0;0;0;;;;6;6;0;0;0;;;;6;12
58041;Gavignano;19;8;0;0;0;;;;8;7;0;0;0;;;;7;15
58041;Gavignano;20;13;0;0;0;;;;13;11;0;0;0;;;;11;24
58041;Gavignano;21;11;0;0;0;;;;11;8;1;0;0;;;;9;20
58041;Gavignano;22;13;0;0;0;;;;13;9;0;0;0;;;;9;22
58041;Gavignano;23;4;0;0;0;;;;4;6;0;0;0;;;;6;10
58041;Gavignano;24;11;0;0;0;;;;11;9;0;0;0;;;;9;20
58041;Gavignano;25;5;0;0;0;;;;5;11;0;0;0;;;;11;16
58041;Gavignano;26;10;0;0;0;;;;10;10;1;0;0;;;;11;21
58041;Gavignano;27;15;0;0;0;;;;15;3;1;0;0;;;;4;19
58041;Gavignano;28;8;1;0;0;;;;9;10;2;0;0;;;;12;21
58041;Gavignano;29;13;0;0;0;;;;13;5;3;0;0;;;;8;21
58041;Gavignano;30;8;1;0;0;;;;9;8;0;0;0;;;;8;17
58041;Gavignano;31;6;0;0;0;;;;6;8;1;1;0;;;;10;16
58041;Gavignano;32;7;3;0;0;;;;10;7;5;1;0;;;;13;23
58041;Gavignano;33;9;3;0;0;;;;12;6;4;0;0;;;;10;22
58041;Gavignano;34;11;2;0;0;;;;13;5;1;0;0;;;;6;19
58041;Gavignano;35;10;3;0;0;;;;13;2;2;0;0;;;;4;17
58041;Gavignano;36;6;6;0;0;;;;12;1;6;0;0;;;;7;19
58041;Gavignano;37;7;2;0;0;;;;9;4;7;0;0;;;;11;20
58041;Gavignano;38;7;4;0;0;;;;11;6;4;0;0;;;;10;21
58041;Gavignano;39;6;2;0;0;;;;8;3;3;0;0;;;;6;14
58041;Gavignano;40;10;5;0;0;;;;15;2;5;0;0;;;;7;22
58041;Gavignano;41;5;3;0;0;;;;8;7;8;0;0;;;;15;23
58041;Gavignano;42;9;5;0;0;;;;14;5;9;0;0;;;;14;28
58041;Gavignano;43;1;8;2;0;;;;11;3;4;1;0;;;;8;19
58041;Gavignano;44;5;3;0;0;;;;8;4;12;2;0;;;;18;26
58041;Gavignano;45;5;4;1;0;;;;10;2;6;1;0;;;;9;19
58041;Gavignano;46;3;16;1;0;;;;20;6;9;1;0;;;;16;36
58041;Gavignano;47;6;7;0;0;;;;13;1;10;0;1;;;;12;25
58041;Gavignano;48;4;5;1;0;;;;10;5;5;0;0;;;;10;20
58041;Gavignano;49;5;11;0;0;;;;16;3;9;2;0;;;;14;30
58041;Gavignano;50;1;7;1;0;;;;9;3;15;3;1;;;;22;31
58041;Gavignano;51;1;9;0;0;;;;10;3;10;1;0;;;;14;24
58041;Gavignano;52;4;13;1;1;;;;19;4;13;1;1;;;;19;38
58041;Gavignano;53;1;12;2;0;;;;15;2;16;0;1;;;;19;34
58041;Gavignano;54;3;6;0;0;;;;9;1;15;0;2;;;;18;27
58041;Gavignano;55;3;19;0;0;;;;22;3;17;0;0;;;;20;42
58041;Gavignano;56;1;11;3;0;;;;15;0;10;1;1;;;;12;27
58041;Gavignano;57;3;8;0;0;;;;11;4;9;0;0;;;;13;24
58041;Gavignano;58;1;11;0;0;;;;12;3;17;1;0;;;;21;33
58041;Gavignano;59;2;14;0;0;;;;16;1;22;0;0;;;;23;39
58041;Gavignano;60;2;12;1;0;;;;15;2;15;1;3;;;;21;36
58041;Gavignano;61;2;15;1;1;;;;19;1;14;0;2;;;;17;36
58041;Gavignano;62;0;13;0;0;;;;13;1;16;0;0;;;;17;30
58041;Gavignano;63;2;22;2;0;;;;26;0;10;0;1;;;;11;37
58041;Gavignano;64;1;14;3;0;;;;18;0;19;0;2;;;;21;39
58041;Gavignano;65;3;13;0;1;;;;17;0;9;1;0;;;;10;27
58041;Gavignano;66;1;13;1;1;;;;16;0;10;0;1;;;;11;27
58041;Gavignano;67;2;8;1;0;;;;11;2;14;0;3;;;;19;30
58041;Gavignano;68;0;14;0;0;;;;14;2;10;0;4;;;;16;30
58041;Gavignano;69;0;12;0;1;;;;13;0;10;0;3;;;;13;26
58041;Gavignano;70;2;8;0;1;;;;11;3;10;0;2;;;;15;26
58041;Gavignano;71;1;10;0;2;;;;13;0;4;0;2;;;;6;19
58041;Gavignano;72;0;10;0;0;;;;10;0;8;0;0;;;;8;18
58041;Gavignano;73;0;6;1;2;;;;9;0;5;0;4;;;;9;18
58041;Gavignano;74;1;5;0;1;;;;7;1;6;0;0;;;;7;14
58041;Gavignano;75;1;13;0;1;;;;15;1;5;0;4;;;;10;25
58041;Gavignano;76;0;10;0;0;;;;10;0;5;0;7;;;;12;22
58041;Gavignano;77;0;9;2;1;;;;12;0;3;0;3;;;;6;18
58041;Gavignano;78;1;10;0;0;;;;11;0;6;0;4;;;;10;21
58041;Gavignano;79;0;4;0;0;;;;4;0;2;0;4;;;;6;10
58041;Gavignano;80;0;5;0;0;;;;5;0;6;0;3;;;;9;14
58041;Gavignano;81;0;7;0;0;;;;7;0;3;0;3;;;;6;13
58041;Gavignano;82;0;4;0;2;;;;6;0;3;0;4;;;;7;13
58041;Gavignano;83;2;5;0;2;;;;9;0;5;0;2;;;;7;16
58041;Gavignano;84;1;4;0;1;;;;6;0;2;1;3;;;;6;12
58041;Gavignano;85;0;2;0;1;;;;3;0;1;0;1;;;;2;5
58041;Gavignano;86;0;2;1;2;;;;5;0;0;0;5;;;;5;10
58041;Gavignano;87;0;2;0;0;;;;2;0;1;0;4;;;;5;7
58041;Gavignano;88;0;1;0;1;;;;2;0;0;0;2;;;;2;4
58041;Gavignano;89;0;1;0;0;;;;1;0;1;0;2;;;;3;4
58041;Gavignano;90;0;0;0;2;;;;2;1;0;0;5;;;;6;8
58041;Gavignano;91;0;1;0;0;;;;1;1;0;0;5;;;;6;7
58041;Gavignano;92;0;0;0;0;;;;0;0;1;0;2;;;;3;3
58041;Gavignano;93;0;0;0;1;;;;1;0;0;0;0;;;;0;1
58041;Gavignano;94;0;1;0;0;;;;1;0;0;0;2;;;;2;3
58041;Gavignano;95;0;1;0;1;;;;2;0;0;0;2;;;;2;4
58041;Gavignano;96;0;0;0;0;;;;0;0;0;0;2;;;;2;2
58041;Gavignano;97;0;0;0;0;;;;0;0;0;0;1;;;;1;1
58041;Gavignano;98;0;0;0;0;;;;0;0;0;0;0;;;;0;0
58041;Gavignano;99;0;0;0;0;;;;0;0;0;0;0;;;;0;0
58041;Gavignano;100;0;0;0;1;;;;1;0;0;0;1;;;;1;2
58041;Gavignano;999;413;461;25;27;;;;926;345;466;19;105;;;;935;1861
58042;Genazzano;0;16;0;0;0;;;;16;10;0;0;0;;;;10;26
58042;Genazzano;1;17;0;0;0;;;;17;23;0;0;0;;;;23;40
58042;Genazzano;2;17;0;0;0;;;;17;18;0;0;0;;;;18;35
58042;Genazzano;3;21;0;0;0;;;;21;18;0;0;0;;;;18;39
58042;Genazzano;4;20;0;0;0;;;;20;24;0;0;0;;;;24;44
58042;Genazzano;5;19;0;0;0;;;;19;26;0;0;0;;;;26;45
58042;Genazzano;6;17;0;0;0;;;;17;17;0;0;0;;;;17;34
58042;Genazzano;7;22;0;0;0;;;;22;19;0;0;0;;;;19;41
58042;Genazzano;8;20;0;0;0;;;;20;18;0;0;0;;;;18;38
58042;Genazzano;9;22;0;0;0;;;;22;27;0;0;0;;;;27;49
58042;Genazzano;10;34;0;0;0;;;;34;31;0;0;0;;;;31;65
58042;Genazzano;11;23;0;0;0;;;;23;23;0;0;0;;;;23;46
58042;Genazzano;12;17;0;0;0;;;;17;24;0;0;0;;;;24;41
58042;Genazzano;13;25;0;0;0;;;;25;28;0;0;0;;;;28;53
58042;Genazzano;14;30;0;0;0;;;;30;30;0;0;0;;;;30;60
58042;Genazzano;15;27;0;0;0;;;;27;25;0;0;0;;;;25;52
58042;Genazzano;16;26;0;0;0;;;;26;30;0;0;0;;;;30;56
58042;Genazzano;17;27;0;0;0;;;;27;23;0;0;0;;;;23;50
58042;Genazzano;18;30;0;0;0;;;;30;33;0;0;0;;;;33;63
58042;Genazzano;19;30;0;0;0;;;;30;18;0;0;0;;;;18;48
58042;Genazzano;20;25;0;0;0;;;;25;26;0;0;0;;;;26;51
58042;Genazzano;21;41;0;0;0;;;;41;22;0;0;0;;;;22;63
58042;Genazzano;22;26;0;0;0;;;;26;20;0;0;0;;;;20;46
58042;Genazzano;23;23;0;0;0;;;;23;26;0;0;0;;;;26;49
58042;Genazzano;24;32;0;0;0;;;;32;23;0;0;0;;;;23;55
58042;Genazzano;25;16;0;0;0;;;;16;16;2;0;0;;;;18;34
58042;Genazzano;26;22;0;0;0;;;;22;20;4;0;0;;;;24;46
58042;Genazzano;27;26;2;0;0;;;;28;31;0;0;0;;;;31;59
58042;Genazzano;28;27;1;0;0;;;;28;25;5;0;0;;;;30;58
58042;Genazzano;29;27;2;0;0;;;;29;27;1;0;0;;;;28;57
58042;Genazzano;30;32;5;0;0;;;;37;30;7;0;0;;;;37;74
58042;Genazzano;31;26;1;0;0;;;;27;20;3;0;0;;;;23;50
58042;Genazzano;32;33;2;0;0;;;;35;25;6;0;1;;;;32;67
58042;Genazzano;33;31;3;0;0;;;;34;19;6;0;0;;;;25;59
58042;Genazzano;34;23;8;0;0;;;;31;17;7;0;0;;;;24;55
58042;Genazzano;35;24;4;1;0;;;;29;29;9;0;0;;;;38;67
58042;Genazzano;36;23;6;0;0;;;;29;24;14;1;0;;;;39;68
58042;Genazzano;37;20;9;1;0;;;;30;9;12;0;0;;;;21;51
58042;Genazzano;38;25;12;0;0;;;;37;15;14;1;0;;;;30;67
58042;Genazzano;39;24;18;1;0;;;;43;23;12;1;1;;;;37;80
58042;Genazzano;40;17;12;1;0;;;;30;20;11;1;0;;;;32;62
58042;Genazzano;41;16;7;0;0;;;;23;16;19;0;0;;;;35;58
58042;Genazzano;42;27;7;1;0;;;;35;21;26;0;0;;;;47;82
58042;Genazzano;43;12;20;0;0;;;;32;12;26;0;0;;;;38;70
58042;Genazzano;44;13;22;0;0;;;;35;13;17;1;0;;;;31;66
58042;Genazzano;45;18;20;1;0;;;;39;13;28;0;1;;;;42;81
58042;Genazzano;46;26;23;1;0;;;;50;12;29;0;1;;;;42;92
58042;Genazzano;47;21;24;0;0;;;;45;5;19;1;0;;;;25;70
58042;Genazzano;48;19;25;0;0;;;;44;7;24;2;0;;;;33;77
58042;Genazzano;49;11;29;1;0;;;;41;14;29;1;3;;;;47;88
58042;Genazzano;50;22;24;0;2;;;;48;9;31;1;0;;;;41;89
58042;Genazzano;51;19;32;3;0;;;;54;10;29;3;1;;;;43;97
58042;Genazzano;52;15;34;0;0;;;;49;6;30;3;3;;;;42;91
58042;Genazzano;53;11;17;1;0;;;;29;2;49;2;1;;;;54;83
58042;Genazzano;54;14;32;2;0;;;;48;8;36;3;2;;;;49;97
58042;Genazzano;55;14;47;3;0;;;;64;6;28;2;1;;;;37;101
58042;Genazzano;56;11;51;4;0;;;;66;13;42;3;3;;;;61;127
58042;Genazzano;57;13;40;1;2;;;;56;6;40;3;3;;;;52;108
58042;Genazzano;58;6;53;5;1;;;;65;2;40;4;2;;;;48;113
58042;Genazzano;59;8;37;2;0;;;;47;8;35;1;3;;;;47;94
58042;Genazzano;60;9;42;1;0;;;;52;9;48;1;3;;;;61;113
58042;Genazzano;61;9;28;4;2;;;;43;5;31;8;4;;;;48;91
58042;Genazzano;62;9;44;3;3;;;;59;3;36;2;6;;;;47;106
58042;Genazzano;63;6;42;2;5;;;;55;4;40;1;6;;;;51;106
58042;Genazzano;64;3;34;3;2;;;;42;3;29;3;1;;;;36;78
58042;Genazzano;65;3;44;3;2;;;;52;2;32;0;5;;;;39;91
58042;Genazzano;66;5;27;4;1;;;;37;5;29;2;2;;;;38;75
58042;Genazzano;67;4;30;1;0;;;;35;2;23;0;13;;;;38;73
58042;Genazzano;68;6;20;4;0;;;;30;1;28;1;8;;;;38;68
58042;Genazzano;69;2;29;1;1;;;;33;2;27;3;6;;;;38;71
58042;Genazzano;70;2;23;0;2;;;;27;0;26;1;4;;;;31;58
58042;Genazzano;71;2;30;0;3;;;;35;1;22;2;9;;;;34;69
58042;Genazzano;72;0;32;0;2;;;;34;1;30;3;3;;;;37;71
58042;Genazzano;73;2;28;0;3;;;;33;3;21;0;13;;;;37;70
58042;Genazzano;74;2;17;0;1;;;;20;1;9;1;5;;;;16;36
58042;Genazzano;75;1;28;1;1;;;;31;2;22;2;10;;;;36;67
58042;Genazzano;76;3;23;0;3;;;;29;1;18;0;7;;;;26;55
58042;Genazzano;77;4;23;1;3;;;;31;0;15;2;9;;;;26;57
58042;Genazzano;78;1;19;0;2;;;;22;1;15;1;12;;;;29;51
58042;Genazzano;79;3;15;0;5;;;;23;0;9;0;16;;;;25;48
58042;Genazzano;80;2;18;0;3;;;;23;4;11;0;11;;;;26;49
58042;Genazzano;81;0;15;0;5;;;;20;0;5;1;17;;;;23;43
58042;Genazzano;82;3;15;0;6;;;;24;3;16;2;9;;;;30;54
58042;Genazzano;83;1;16;0;0;;;;17;2;9;1;18;;;;30;47
58042;Genazzano;84;1;10;1;3;;;;15;2;9;0;15;;;;26;41
58042;Genazzano;85;1;8;0;3;;;;12;2;4;0;22;;;;28;40
58042;Genazzano;86;0;10;0;2;;;;12;0;3;1;11;;;;15;27
58042;Genazzano;87;1;6;0;0;;;;7;3;2;0;18;;;;23;30
58042;Genazzano;88;1;8;0;4;;;;13;0;4;0;18;;;;22;35
58042;Genazzano;89;0;3;0;2;;;;5;0;2;1;6;;;;9;14
58042;Genazzano;90;0;0;0;4;;;;4;0;2;0;10;;;;12;16
58042;Genazzano;91;0;0;0;0;;;;0;0;2;0;9;;;;11;11
58042;Genazzano;92;0;0;0;1;;;;1;0;0;0;8;;;;8;9
58042;Genazzano;93;0;4;0;1;;;;5;0;0;0;7;;;;7;12
58042;Genazzano;94;1;0;0;2;;;;3;0;0;0;4;;;;4;7
58042;Genazzano;95;0;1;0;1;;;;2;0;0;0;3;;;;3;5
58042;Genazzano;96;0;0;0;0;;;;0;0;0;0;2;;;;2;2
58042;Genazzano;97;0;0;0;0;;;;0;0;0;0;2;;;;2;2
58042;Genazzano;98;0;0;0;0;;;;0;1;0;0;4;;;;5;5
58042;Genazzano;99;0;0;0;0;;;;0;0;0;0;1;;;;1;1
58042;Genazzano;100;0;0;0;0;;;;0;0;0;0;1;;;;1;1
58042;Genazzano;999;1386;1321;58;83;;;;2848;1178;1269;73;364;;;;2884;5732
58043;Genzano di Roma;0;68;0;0;0;0;0;0;68;47;0;0;0;0;0;0;47;115
58043;Genzano di Roma;1;69;0;0;0;0;0;0;69;67;0;0;0;0;0;0;67;136
58043;Genzano di Roma;2;82;0;0;0;0;0;0;82;65;0;0;0;0;0;0;65;147
58043;Genzano di Roma;3;48;0;0;0;0;0;0;48;62;0;0;0;0;0;0;62;110
58043;Genzano di Roma;4;63;0;0;0;0;0;0;63;75;0;0;0;0;0;0;75;138
58043;Genzano di Roma;5;90;0;0;0;0;0;0;90;67;0;0;0;0;0;0;67;157
58043;Genzano di Roma;6;94;0;0;0;0;0;0;94;100;0;0;0;0;0;0;100;194
58043;Genzano di Roma;7;95;0;0;0;0;0;0;95;78;0;0;0;0;0;0;78;173
58043;Genzano di Roma;8;79;0;0;0;0;0;0;79;74;0;0;0;0;0;0;74;153
58043;Genzano di Roma;9;102;0;0;0;0;0;0;102;100;0;0;0;0;0;0;100;202
58043;Genzano di Roma;10;103;0;0;0;0;0;0;103;100;0;0;0;0;0;0;100;203
58043;Genzano di Roma;11;107;0;0;0;0;0;0;107;90;0;0;0;0;0;0;90;197
58043;Genzano di Roma;12;118;0;0;0;0;0;0;118;95;0;0;0;0;0;0;95;213
58043;Genzano di Roma;13;119;0;0;0;0;0;0;119;97;0;0;0;0;0;0;97;216
58043;Genzano di Roma;14;121;0;0;0;0;0;0;121;112;0;0;0;0;0;0;112;233
58043;Genzano di Roma;15;108;0;0;0;0;0;0;108;90;0;0;0;0;0;0;90;198
58043;Genzano di Roma;16;100;0;0;0;0;0;0;100;131;0;0;0;0;0;0;131;231
58043;Genzano di Roma;17;119;0;0;0;0;0;0;119;87;0;0;0;0;0;0;87;206
58043;Genzano di Roma;18;112;0;0;0;0;0;0;112;91;0;0;0;0;0;0;91;203
58043;Genzano di Roma;19;112;0;0;0;0;0;0;112;114;0;0;0;0;0;0;114;226
58043;Genzano di Roma;20;99;0;0;0;0;0;0;99;112;1;0;0;0;0;0;113;212
58043;Genzano di Roma;21;100;0;0;0;0;0;0;100;106;0;0;0;0;0;0;106;206
58043;Genzano di Roma;22;105;0;0;0;0;0;0;105;104;0;0;0;0;0;0;104;209
58043;Genzano di Roma;23;113;0;0;0;0;0;0;113;112;2;0;0;0;0;0;114;227
58043;Genzano di Roma;24;116;0;0;0;0;0;0;116;97;3;0;0;0;0;0;100;216
58043;Genzano di Roma;25;95;1;0;0;0;0;0;96;93;4;0;1;0;0;0;98;194
58043;Genzano di Roma;26;118;1;0;0;0;0;0;119;100;3;0;0;0;0;0;103;222
58043;Genzano di Roma;27;91;5;0;0;0;0;0;96;88;4;0;0;1;0;0;93;189
58043;Genzano di Roma;28;111;2;0;0;0;0;0;113;103;9;0;0;0;0;0;112;225
58043;Genzano di Roma;29;94;6;0;0;0;0;0;100;87;11;0;0;0;0;0;98;198
58043;Genzano di Roma;30;95;7;1;0;0;0;0;103;107;16;1;0;0;0;0;124;227
58043;Genzano di Roma;31;100;9;0;0;1;0;0;110;83;22;0;0;0;0;0;105;215
58043;Genzano di Roma;32;93;15;0;0;0;0;0;108;71;39;0;1;0;0;0;111;219
58043;Genzano di Roma;33;95;19;0;0;0;0;0;114;63;27;1;0;1;0;0;92;206
58043;Genzano di Roma;34;89;21;0;0;0;0;0;110;74;37;3;0;0;0;0;114;224
58043;Genzano di Roma;35;73;28;0;0;2;0;0;103;66;52;1;0;1;0;0;120;223
58043;Genzano di Roma;36;95;42;3;0;0;0;0;140;64;51;4;1;1;1;0;122;262
58043;Genzano di Roma;37;82;24;2;1;0;0;0;109;70;62;6;0;0;0;0;138;247
58043;Genzano di Roma;38;81;56;2;0;0;0;0;139;56;72;6;1;0;0;0;135;274
58043;Genzano di Roma;39;69;57;0;0;0;0;0;126;57;65;5;0;0;0;0;127;253
58043;Genzano di Roma;40;69;60;1;0;0;0;0;130;52;74;10;0;0;0;0;136;266
58043;Genzano di Roma;41;63;56;4;0;0;0;0;123;51;72;1;0;0;0;0;124;247
58043;Genzano di Roma;42;68;69;0;0;0;0;0;137;64;79;5;0;0;0;0;148;285
58043;Genzano di Roma;43;62;78;5;1;0;0;0;146;53;82;6;1;0;0;0;142;288
58043;Genzano di Roma;44;55;74;9;3;0;0;0;141;46;90;11;2;0;0;0;149;290
58043;Genzano di Roma;45;64;71;5;1;0;0;0;141;45;90;12;1;0;0;0;148;289
58043;Genzano di Roma;46;59;76;7;0;0;0;0;142;58;114;11;4;0;0;0;187;329
58043;Genzano di Roma;47;59;92;6;0;0;0;0;157;48;113;15;4;0;0;0;180;337
58043;Genzano di Roma;48;65;102;5;0;0;0;0;172;45;131;10;3;0;0;0;189;361
58043;Genzano di Roma;49;50;121;6;1;1;0;0;179;34;116;11;3;0;0;0;164;343
58043;Genzano di Roma;50;63;112;19;0;1;0;0;195;39;140;18;4;0;0;0;201;396
58043;Genzano di Roma;51;47;108;3;1;0;0;0;159;38;118;19;3;0;0;0;178;337
58043;Genzano di Roma;52;45;103;14;0;2;0;0;164;31;143;18;6;1;0;0;199;363
58043;Genzano di Roma;53;47;134;13;2;0;0;0;196;38;112;17;2;0;0;0;169;365
58043;Genzano di Roma;54;51;117;10;1;0;0;0;179;30;151;25;6;0;0;0;212;391
58043;Genzano di Roma;55;37;106;16;1;0;0;0;160;33;131;26;5;0;0;0;195;355
58043;Genzano di Roma;56;28;114;16;2;0;0;0;160;27;144;14;4;0;0;0;189;349
58043;Genzano di Roma;57;32;126;9;0;1;0;0;168;23;135;28;7;0;0;0;193;361
58043;Genzano di Roma;58;38;140;6;2;0;0;0;186;21;173;20;13;0;0;0;227;413
58043;Genzano di Roma;59;32;122;12;1;1;0;0;168;23;128;18;11;0;0;0;180;348
58043;Genzano di Roma;60;29;170;14;3;2;0;0;218;26;152;23;10;0;0;0;211;429
58043;Genzano di Roma;61;28;145;17;2;0;0;0;192;13;134;15;15;0;0;0;177;369
58043;Genzano di Roma;62;22;145;14;3;0;0;0;184;15;156;17;14;0;0;0;202;386
58043;Genzano di Roma;63;11;149;9;4;0;0;0;173;19;147;16;14;1;0;0;197;370
58043;Genzano di Roma;64;23;123;13;2;1;0;0;162;15;119;16;24;1;0;0;175;337
58043;Genzano di Roma;65;18;126;10;5;0;0;0;159;13;155;21;18;0;0;0;207;366
58043;Genzano di Roma;66;20;127;11;4;0;0;0;162;13;113;14;17;0;0;0;157;319
58043;Genzano di Roma;67;15;132;11;2;1;0;0;161;16;136;11;22;1;0;0;186;347
58043;Genzano di Roma;68;9;138;10;12;0;0;0;169;17;109;11;20;0;0;0;157;326
58043;Genzano di Roma;69;12;120;12;9;0;0;0;153;12;121;12;26;0;0;0;171;324
58043;Genzano di Roma;70;10;114;3;7;0;0;0;134;12;106;8;20;0;0;0;146;280
58043;Genzano di Roma;71;9;107;14;9;0;0;0;139;8;101;5;28;0;0;0;142;281
58043;Genzano di Roma;72;4;108;6;6;1;0;0;125;6;110;3;24;0;0;0;143;268
58043;Genzano di Roma;73;10;114;3;7;0;0;0;134;5;75;4;40;0;0;0;124;258
58043;Genzano di Roma;74;6;95;4;7;0;0;0;112;8;72;5;44;0;0;0;129;241
58043;Genzano di Roma;75;9;100;4;8;0;0;0;121;10;72;7;29;0;0;0;118;239
58043;Genzano di Roma;76;7;108;4;16;0;0;0;135;8;91;2;53;0;0;0;154;289
58043;Genzano di Roma;77;1;97;1;10;0;0;0;109;4;70;3;51;0;0;0;128;237
58043;Genzano di Roma;78;3;82;2;7;0;0;0;94;7;65;3;63;0;0;0;138;232
58043;Genzano di Roma;79;7;57;1;17;0;0;0;82;2;51;5;39;0;0;0;97;179
58043;Genzano di Roma;80;3;62;1;8;0;0;0;74;2;32;3;49;0;0;0;86;160
58043;Genzano di Roma;81;1;43;1;11;1;0;0;57;5;41;2;64;0;0;0;112;169
58043;Genzano di Roma;82;4;49;0;13;0;0;0;66;3;34;1;42;0;0;0;80;146
58043;Genzano di Roma;83;1;48;3;4;0;0;0;56;3;30;5;45;0;0;0;83;139
58043;Genzano di Roma;84;2;48;2;11;0;0;0;63;2;34;2;54;0;0;0;92;155
58043;Genzano di Roma;85;3;41;0;12;0;0;0;56;4;27;2;46;0;0;0;79;135
58043;Genzano di Roma;86;1;38;0;17;0;0;0;56;4;9;1;65;0;0;0;79;135
58043;Genzano di Roma;87;0;27;0;14;0;0;0;41;4;18;0;44;0;0;0;66;107
58043;Genzano di Roma;88;1;23;0;10;0;0;0;34;3;7;1;46;0;0;0;57;91
58043;Genzano di Roma;89;0;20;1;14;0;0;0;35;0;10;1;46;0;0;0;57;92
58043;Genzano di Roma;90;0;15;0;7;0;0;0;22;3;5;1;43;0;0;0;52;74
58043;Genzano di Roma;91;0;12;1;3;0;0;0;16;0;6;0;29;0;0;0;35;51
58043;Genzano di Roma;92;0;8;0;10;0;0;0;18;2;0;0;18;0;0;0;20;38
58043;Genzano di Roma;93;0;5;0;4;0;0;0;9;1;0;0;25;0;0;0;26;35
58043;Genzano di Roma;94;0;2;0;1;0;0;0;3;1;1;0;21;0;0;0;23;26
58043;Genzano di Roma;95;0;3;0;1;0;0;0;4;0;1;0;11;0;0;0;12;16
58043;Genzano di Roma;96;0;0;0;3;0;0;0;3;0;0;0;7;0;0;0;7;10
58043;Genzano di Roma;97;0;0;0;3;0;0;0;3;1;0;0;3;0;0;0;4;7
58043;Genzano di Roma;98;0;0;0;0;0;0;0;0;0;0;0;2;0;0;0;2;2
58043;Genzano di Roma;99;0;0;0;0;0;0;0;0;1;0;0;0;0;0;0;1;1
58043;Genzano di Roma;100;0;0;0;0;0;0;0;0;0;0;0;6;0;0;0;6;6
58043;Genzano di Roma;999;5126;5075;346;303;15;0;0;10865;4522;5226;542;1320;8;1;0;11619;22484
58044;Gerano;0;2;0;0;0;;;;2;4;0;0;0;;;;4;6
58044;Gerano;1;4;0;0;0;;;;4;3;0;0;0;;;;3;7
58044;Gerano;2;5;0;0;0;;;;5;1;0;0;0;;;;1;6
58044;Gerano;3;5;0;0;0;;;;5;4;0;0;0;;;;4;9
58044;Gerano;4;4;0;0;0;;;;4;4;0;0;0;;;;4;8
58044;Gerano;5;3;0;0;0;;;;3;1;0;0;0;;;;1;4
58044;Gerano;6;4;0;0;0;;;;4;2;0;0;0;;;;2;6
58044;Gerano;7;1;0;0;0;;;;1;5;0;0;0;;;;5;6
58044;Gerano;8;5;0;0;0;;;;5;4;0;0;0;;;;4;9
58044;Gerano;9;4;0;0;0;;;;4;3;0;0;0;;;;3;7
58044;Gerano;10;5;0;0;0;;;;5;3;0;0;0;;;;3;8
58044;Gerano;11;3;0;0;0;;;;3;3;0;0;0;;;;3;6
58044;Gerano;12;4;0;0;0;;;;4;1;0;0;0;;;;1;5
58044;Gerano;13;5;0;0;0;;;;5;3;0;0;0;;;;3;8
58044;Gerano;14;7;0;0;0;;;;7;7;0;0;0;;;;7;14
58044;Gerano;15;6;0;0;0;;;;6;4;0;0;0;;;;4;10
58044;Gerano;16;3;0;0;0;;;;3;8;0;0;0;;;;8;11
58044;Gerano;17;5;0;0;0;;;;5;6;0;0;0;;;;6;11
58044;Gerano;18;7;0;0;0;;;;7;8;0;0;0;;;;8;15
58044;Gerano;19;4;0;0;0;;;;4;4;0;0;0;;;;4;8
58044;Gerano;20;3;0;0;0;;;;3;5;0;0;0;;;;5;8
58044;Gerano;21;3;0;0;0;;;;3;7;0;0;0;;;;7;10
58044;Gerano;22;9;0;0;0;;;;9;2;0;0;0;;;;2;11
58044;Gerano;23;7;0;0;0;;;;7;4;0;0;0;;;;4;11
58044;Gerano;24;6;0;0;0;;;;6;6;0;0;0;;;;6;12
58044;Gerano;25;10;0;0;0;;;;10;5;0;0;0;;;;5;15
58044;Gerano;26;3;0;0;0;;;;3;4;1;0;0;;;;5;8
58044;Gerano;27;2;0;0;0;;;;2;3;0;0;0;;;;3;5
58044;Gerano;28;4;1;0;0;;;;5;3;0;0;0;;;;3;8
58044;Gerano;29;6;0;0;0;;;;6;4;1;0;0;;;;5;11
58044;Gerano;30;4;0;0;0;;;;4;7;0;0;0;;;;7;11
58044;Gerano;31;6;0;0;0;;;;6;1;4;0;0;;;;5;11
58044;Gerano;32;5;0;0;0;;;;5;3;1;0;0;;;;4;9
58044;Gerano;33;4;0;0;0;;;;4;1;1;0;0;;;;2;6
58044;Gerano;34;5;1;0;0;;;;6;3;3;0;0;;;;6;12
58044;Gerano;35;6;0;0;0;;;;6;1;2;0;0;;;;3;9
58044;Gerano;36;3;1;0;0;;;;4;6;0;0;0;;;;6;10
58044;Gerano;37;5;2;0;0;;;;7;1;1;0;0;;;;2;9
58044;Gerano;38;3;5;0;0;;;;8;2;4;0;0;;;;6;14
58044;Gerano;39;1;2;0;0;;;;3;2;7;0;0;;;;9;12
58044;Gerano;40;4;6;0;0;;;;10;2;1;1;0;;;;4;14
58044;Gerano;41;8;1;0;0;;;;9;3;3;2;0;;;;8;17
58044;Gerano;42;2;4;0;0;;;;6;3;2;0;0;;;;5;11
58044;Gerano;43;4;6;0;0;;;;10;1;5;0;0;;;;6;16
58044;Gerano;44;4;0;0;0;;;;4;1;5;1;0;;;;7;11
58044;Gerano;45;5;1;1;0;;;;7;0;4;0;0;;;;4;11
58044;Gerano;46;4;6;1;0;;;;11;1;6;0;0;;;;7;18
58044;Gerano;47;1;7;1;0;;;;9;4;6;0;0;;;;10;19
58044;Gerano;48;4;6;0;0;;;;10;1;7;0;0;;;;8;18
58044;Gerano;49;3;10;0;1;;;;14;1;1;0;1;;;;3;17
58044;Gerano;50;3;7;4;0;;;;14;2;4;0;1;;;;7;21
58044;Gerano;51;3;5;3;0;;;;11;1;8;0;0;;;;9;20
58044;Gerano;52;4;5;0;0;;;;9;2;9;1;0;;;;12;21
58044;Gerano;53;3;8;0;0;;;;11;0;3;0;0;;;;3;14
58044;Gerano;54;0;9;0;0;;;;9;3;8;0;0;;;;11;20
58044;Gerano;55;2;4;1;0;;;;7;1;13;0;0;;;;14;21
58044;Gerano;56;1;4;0;0;;;;5;2;12;0;1;;;;15;20
58044;Gerano;57;2;7;1;0;;;;10;1;3;2;2;;;;8;18
58044;Gerano;58;0;9;1;0;;;;10;0;7;2;0;;;;9;19
58044;Gerano;59;1;6;1;0;;;;8;3;2;1;1;;;;7;15
58044;Gerano;60;1;2;2;0;;;;5;1;6;0;2;;;;9;14
58044;Gerano;61;1;11;2;0;;;;14;2;10;0;1;;;;13;27
58044;Gerano;62;3;8;1;0;;;;12;0;9;0;0;;;;9;21
58044;Gerano;63;1;13;1;0;;;;15;0;12;0;2;;;;14;29
58044;Gerano;64;2;6;0;0;;;;8;1;7;0;1;;;;9;17
58044;Gerano;65;0;6;1;0;;;;7;0;4;1;2;;;;7;14
58044;Gerano;66;1;7;0;0;;;;8;0;3;0;2;;;;5;13
58044;Gerano;67;1;14;0;0;;;;15;2;10;0;1;;;;13;28
58044;Gerano;68;0;11;0;0;;;;11;0;5;1;2;;;;8;19
58044;Gerano;69;0;7;1;0;;;;8;0;7;0;1;;;;8;16
58044;Gerano;70;1;3;0;0;;;;4;0;4;1;0;;;;5;9
58044;Gerano;71;1;7;0;1;;;;9;0;5;2;2;;;;9;18
58044;Gerano;72;0;6;2;1;;;;9;0;6;0;1;;;;7;16
58044;Gerano;73;1;7;0;2;;;;10;0;1;0;2;;;;3;13
58044;Gerano;74;0;4;0;1;;;;5;0;3;1;1;;;;5;10
58044;Gerano;75;1;8;0;0;;;;9;0;1;0;2;;;;3;12
58044;Gerano;76;0;2;0;0;;;;2;0;4;0;4;;;;8;10
58044;Gerano;77;1;3;0;2;;;;6;2;3;0;5;;;;10;16
58044;Gerano;78;1;4;0;0;;;;5;0;3;0;4;;;;7;12
58044;Gerano;79;0;2;0;1;;;;3;0;1;1;3;;;;5;8
58044;Gerano;80;0;3;0;0;;;;3;1;1;0;3;;;;5;8
58044;Gerano;81;0;5;0;1;;;;6;0;4;0;3;;;;7;13
58044;Gerano;82;2;3;0;0;;;;5;1;0;0;5;;;;6;11
58044;Gerano;83;0;0;0;0;;;;0;0;3;0;3;;;;6;6
58044;Gerano;84;0;3;0;0;;;;3;0;1;0;4;;;;5;8
58044;Gerano;85;0;2;0;1;;;;3;1;0;0;2;;;;3;6
58044;Gerano;86;0;0;0;1;;;;1;0;0;0;0;;;;0;1
58044;Gerano;87;0;2;0;2;;;;4;0;0;0;1;;;;1;5
58044;Gerano;88;0;1;0;0;;;;1;0;2;0;8;;;;10;11
58044;Gerano;89;0;0;0;3;;;;3;0;0;0;2;;;;2;5
58044;Gerano;90;0;1;0;0;;;;1;0;0;0;4;;;;4;5
58044;Gerano;91;0;1;0;2;;;;3;0;0;0;3;;;;3;6
58044;Gerano;92;0;0;0;0;;;;0;1;0;0;3;;;;4;4
58044;Gerano;93;0;0;0;0;;;;0;1;0;1;1;;;;3;3
58044;Gerano;94;0;0;0;0;;;;0;0;0;0;2;;;;2;2
58044;Gerano;95;0;0;0;0;;;;0;0;0;0;0;;;;0;0
58044;Gerano;96;0;0;0;1;;;;1;0;0;0;2;;;;2;3
58044;Gerano;97;0;0;0;0;;;;0;0;0;0;2;;;;2;2
58044;Gerano;98;0;0;0;0;;;;0;0;0;0;0;;;;0;0
58044;Gerano;99;0;0;0;0;;;;0;0;0;0;0;;;;0;0
58044;Gerano;100;0;0;0;0;;;;0;0;0;0;0;;;;0;0
58044;Gerano;999;257;275;24;20;;;;576;193;249;18;92;;;;552;1128
58045;Gorga;0;2;0;0;0;;;;2;7;0;0;0;;;;7;9
58045;Gorga;1;2;0;0;0;;;;2;4;0;0;0;;;;4;6
58045;Gorga;2;2;0;0;0;;;;2;2;0;0;0;;;;2;4
58045;Gorga;3;3;0;0;0;;;;3;3;0;0;0;;;;3;6
58045;Gorga;4;5;0;0;0;;;;5;3;0;0;0;;;;3;8
58045;Gorga;5;3;0;0;0;;;;3;0;0;0;0;;;;0;3
58045;Gorga;6;5;0;0;0;;;;5;2;0;0;0;;;;2;7
58045;Gorga;7;0;0;0;0;;;;0;2;0;0;0;;;;2;2
58045;Gorga;8;5;0;0;0;;;;5;3;0;0;0;;;;3;8
58045;Gorga;9;0;0;0;0;;;;0;3;0;0;0;;;;3;3
58045;Gorga;10;3;0;0;0;;;;3;4;0;0;0;;;;4;7
58045;Gorga;11;3;0;0;0;;;;3;1;0;0;0;;;;1;4
58045;Gorga;12;2;0;0;0;;;;2;1;0;0;0;;;;1;3
58045;Gorga;13;2;0;0;0;;;;2;1;0;0;0;;;;1;3
58045;Gorga;14;3;0;0;0;;;;3;0;0;0;0;;;;0;3
58045;Gorga;15;3;0;0;0;;;;3;2;0;0;0;;;;2;5
58045;Gorga;16;3;0;0;0;;;;3;2;0;0;0;;;;2;5
58045;Gorga;17;5;0;0;0;;;;5;0;0;0;0;;;;0;5
58045;Gorga;18;2;0;0;0;;;;2;1;0;0;0;;;;1;3
58045;Gorga;19;4;0;0;0;;;;4;1;0;0;0;;;;1;5
58045;Gorga;20;4;0;0;0;;;;4;1;0;0;0;;;;1;5
58045;Gorga;21;3;0;0;0;;;;3;2;0;0;0;;;;2;5
58045;Gorga;22;2;0;0;0;;;;2;0;0;0;0;;;;0;2
58045;Gorga;23;2;0;0;0;;;;2;3;0;0;0;;;;3;5
58045;Gorga;24;2;0;0;0;;;;2;0;0;0;0;;;;0;2
58045;Gorga;25;1;0;0;0;;;;1;2;0;0;0;;;;2;3
58045;Gorga;26;2;0;0;0;;;;2;1;1;0;0;;;;2;4
58045;Gorga;27;5;0;0;0;;;;5;1;0;0;0;;;;1;6
58045;Gorga;28;2;0;0;0;;;;2;1;0;0;0;;;;1;3
58045;Gorga;29;2;0;0;0;;;;2;3;1;0;0;;;;4;6
58045;Gorga;30;3;1;0;0;;;;4;3;1;0;0;;;;4;8
58045;Gorga;31;2;1;0;0;;;;3;2;1;0;0;;;;3;6
58045;Gorga;32;1;1;0;0;;;;2;2;0;0;0;;;;2;4
58045;Gorga;33;4;2;0;0;;;;6;2;3;0;0;;;;5;11
58045;Gorga;34;3;2;0;0;;;;5;0;1;0;0;;;;1;6
58045;Gorga;35;7;1;0;0;;;;8;2;1;0;0;;;;3;11
58045;Gorga;36;3;4;0;0;;;;7;2;2;0;0;;;;4;11
58045;Gorga;37;0;1;0;0;;;;1;2;1;0;0;;;;3;4
58045;Gorga;38;3;0;0;0;;;;3;1;3;0;0;;;;4;7
58045;Gorga;39;2;1;0;0;;;;3;1;1;0;0;;;;2;5
58045;Gorga;40;1;3;0;0;;;;4;2;3;0;0;;;;5;9
58045;Gorga;41;3;4;0;0;;;;7;2;5;0;0;;;;7;14
58045;Gorga;42;2;1;0;0;;;;3;0;3;0;0;;;;3;6
58045;Gorga;43;1;1;0;0;;;;2;2;0;0;0;;;;2;4
58045;Gorga;44;4;1;0;0;;;;5;4;5;0;0;;;;9;14
58045;Gorga;45;0;2;0;0;;;;2;3;3;2;0;;;;8;10
58045;Gorga;46;1;1;0;0;;;;2;0;4;0;0;;;;4;6
58045;Gorga;47;3;2;1;0;;;;6;1;2;0;0;;;;3;9
58045;Gorga;48;2;5;1;0;;;;8;1;2;0;0;;;;3;11
58045;Gorga;49;1;3;0;0;;;;4;1;0;0;0;;;;1;5
58045;Gorga;50;3;4;0;0;;;;7;3;1;0;0;;;;4;11
58045;Gorga;51;2;0;0;0;;;;2;2;4;0;0;;;;6;8
58045;Gorga;52;0;1;0;0;;;;1;2;4;0;0;;;;6;7
58045;Gorga;53;2;2;0;0;;;;4;1;4;0;0;;;;5;9
58045;Gorga;54;0;5;1;0;;;;6;0;2;1;0;;;;3;9
58045;Gorga;55;1;4;0;0;;;;5;1;3;1;0;;;;5;10
58045;Gorga;56;1;5;0;0;;;;6;0;3;0;0;;;;3;9
58045;Gorga;57;0;5;1;0;;;;6;0;4;1;0;;;;5;11
58045;Gorga;58;1;5;0;0;;;;6;2;4;0;1;;;;7;13
58045;Gorga;59;1;3;0;0;;;;4;2;5;0;0;;;;7;11
58045;Gorga;60;0;2;0;0;;;;2;0;7;1;1;;;;9;11
58045;Gorga;61;0;3;0;0;;;;3;2;3;0;0;;;;5;8
58045;Gorga;62;1;0;1;0;;;;2;0;5;1;0;;;;6;8
58045;Gorga;63;1;2;0;0;;;;3;2;5;0;0;;;;7;10
58045;Gorga;64;2;1;1;0;;;;4;0;5;2;0;;;;7;11
58045;Gorga;65;0;1;0;0;;;;1;0;6;0;0;;;;6;7
58045;Gorga;66;2;8;1;0;;;;11;1;1;0;1;;;;3;14
58045;Gorga;67;4;5;0;0;;;;9;0;3;0;0;;;;3;12
58045;Gorga;68;1;6;0;0;;;;7;0;4;0;1;;;;5;12
58045;Gorga;69;0;3;0;0;;;;3;0;1;0;1;;;;2;5
58045;Gorga;70;0;9;0;0;;;;9;0;2;0;1;;;;3;12
58045;Gorga;71;0;4;0;0;;;;4;0;3;0;2;;;;5;9
58045;Gorga;72;1;2;0;1;;;;4;0;2;0;3;;;;5;9
58045;Gorga;73;1;4;0;1;;;;6;0;7;0;1;;;;8;14
58045;Gorga;74;1;5;0;0;;;;6;1;2;0;0;;;;3;9
58045;Gorga;75;1;6;0;0;;;;7;0;0;0;3;;;;3;10
58045;Gorga;76;0;4;0;0;;;;4;0;5;0;1;;;;6;10
58045;Gorga;77;0;4;0;0;;;;4;0;3;0;5;;;;8;12
58045;Gorga;78;2;3;0;0;;;;5;0;0;0;0;;;;0;5
58045;Gorga;79;0;0;0;1;;;;1;0;1;0;1;;;;2;3
58045;Gorga;80;0;2;0;0;;;;2;0;2;0;3;;;;5;7
58045;Gorga;81;1;2;1;1;;;;5;0;0;0;0;;;;0;5
58045;Gorga;82;0;2;0;0;;;;2;0;2;0;1;;;;3;5
58045;Gorga;83;0;2;0;0;;;;2;0;2;0;2;;;;4;6
58045;Gorga;84;1;3;0;1;;;;5;0;1;0;1;;;;2;7
58045;Gorga;85;0;3;0;0;;;;3;0;2;0;4;;;;6;9
58045;Gorga;86;0;2;0;0;;;;2;0;2;0;0;;;;2;4
58045;Gorga;87;0;1;0;0;;;;1;0;0;0;1;;;;1;2
58045;Gorga;88;0;3;0;1;;;;4;0;1;0;2;;;;3;7
58045;Gorga;89;0;3;0;0;;;;3;0;0;0;0;;;;0;3
58045;Gorga;90;0;0;0;0;;;;0;0;0;0;4;;;;4;4
58045;Gorga;91;0;0;0;0;;;;0;0;1;0;1;;;;2;2
58045;Gorga;92;0;0;0;0;;;;0;0;0;0;0;;;;0;0
58045;Gorga;93;0;0;0;0;;;;0;0;0;0;1;;;;1;1
58045;Gorga;94;0;0;0;0;;;;0;0;0;0;0;;;;0;0
58045;Gorga;95;0;0;0;0;;;;0;0;0;0;0;;;;0;0
58045;Gorga;96;0;1;0;0;;;;1;0;0;0;0;;;;0;1
58045;Gorga;97;0;0;0;0;;;;0;0;0;0;1;;;;1;1
58045;Gorga;98;0;0;0;0;;;;0;0;0;0;0;;;;0;0
58045;Gorga;99;0;0;0;0;;;;0;0;0;0;0;;;;0;0
58045;Gorga;100;0;0;0;0;;;;0;0;0;0;0;;;;0;0
58045;Gorga;999;158;167;8;6;;;;339;108;155;9;43;;;;315;654
58046;Grottaferrata;0;45;0;0;0;0;0;0;45;64;0;0;0;0;0;0;64;109
58046;Grottaferrata;1;77;0;0;0;0;0;0;77;57;0;0;0;0;0;0;57;134
58046;Grottaferrata;2;63;0;0;0;0;0;0;63;47;0;0;0;0;0;0;47;110
58046;Grottaferrata;3;74;0;0;0;0;0;0;74;54;0;0;0;0;0;0;54;128
58046;Grottaferrata;4;63;0;0;0;0;0;0;63;75;0;0;0;0;0;0;75;138
58046;Grottaferrata;5;84;0;0;0;0;0;0;84;64;0;0;0;0;0;0;64;148
58046;Grottaferrata;6;70;0;0;0;0;0;0;70;67;0;0;0;0;0;0;67;137
58046;Grottaferrata;7;94;0;0;0;0;0;0;94;72;0;0;0;0;0;0;72;166
58046;Grottaferrata;8;90;0;0;0;0;0;0;90;93;0;0;0;0;0;0;93;183
58046;Grottaferrata;9;87;0;0;0;0;0;0;87;72;0;0;0;0;0;0;72;159
58046;Grottaferrata;10;108;0;0;0;0;0;0;108;100;0;0;0;0;0;0;100;208
58046;Grottaferrata;11;98;0;0;0;0;0;0;98;88;0;0;0;0;0;0;88;186
58046;Grottaferrata;12;101;0;0;0;0;0;0;101;83;0;0;0;0;0;0;83;184
58046;Grottaferrata;13;102;0;0;0;0;0;0;102;100;0;0;0;0;0;0;100;202
58046;Grottaferrata;14;102;0;0;0;0;0;0;102;101;0;0;0;0;0;0;101;203
58046;Grottaferrata;15;99;0;0;0;0;0;0;99;120;0;0;0;0;0;0;120;219
58046;Grottaferrata;16;106;0;0;0;0;0;0;106;102;0;0;0;0;0;0;102;208
58046;Grottaferrata;17;127;0;0;0;0;0;0;127;113;0;0;0;0;0;0;113;240
58046;Grottaferrata;18;123;0;0;0;0;0;0;123;100;0;0;0;0;0;0;100;223
58046;Grottaferrata;19;108;0;0;0;0;0;0;108;102;0;0;0;0;0;0;102;210
58046;Grottaferrata;20;108;0;0;0;0;0;0;108;108;0;0;0;0;0;0;108;216
58046;Grottaferrata;21;106;0;0;0;0;0;0;106;98;0;0;0;0;0;0;98;204
58046;Grottaferrata;22;107;0;0;0;0;0;0;107;78;0;0;0;0;0;0;78;185
58046;Grottaferrata;23;122;0;0;0;0;0;0;122;99;0;0;0;0;0;0;99;221
58046;Grottaferrata;24;107;0;0;0;0;0;0;107;94;3;0;0;0;0;0;97;204
58046;Grottaferrata;25;105;0;0;0;0;0;0;105;95;1;0;0;0;0;0;96;201
58046;Grottaferrata;26;88;0;0;0;0;0;0;88;86;4;0;0;0;0;0;90;178
58046;Grottaferrata;27;82;2;0;0;0;0;0;84;96;1;0;0;0;0;0;97;181
58046;Grottaferrata;28;102;2;0;0;0;0;0;104;82;7;0;0;0;0;0;89;193
58046;Grottaferrata;29;89;3;1;0;0;0;0;93;77;7;0;0;0;0;0;84;177
58046;Grottaferrata;30;89;5;0;0;0;0;0;94;68;15;0;0;0;0;0;83;177
58046;Grottaferrata;31;69;13;0;0;0;0;0;82;88;14;0;0;0;0;0;102;184
58046;Grottaferrata;32;74;11;0;0;0;0;0;85;86;22;2;0;0;0;0;110;195
58046;Grottaferrata;33;82;16;1;0;0;0;0;99;70;23;0;0;0;0;0;93;192
58046;Grottaferrata;34;81;24;0;0;0;0;0;105;83;27;0;0;0;0;0;110;215
58046;Grottaferrata;35;65;20;0;0;0;0;0;85;51;31;2;1;0;0;0;85;170
58046;Grottaferrata;36;57;26;0;0;2;0;0;85;60;42;4;0;0;0;0;106;191
58046;Grottaferrata;37;68;25;1;0;0;0;0;94;46;42;0;0;0;0;0;88;182
58046;Grottaferrata;38;52;25;0;0;0;0;0;77;61;28;4;0;0;0;0;93;170
58046;Grottaferrata;39;48;32;0;0;0;0;0;80;47;59;1;0;0;0;0;107;187
58046;Grottaferrata;40;62;54;2;0;0;0;0;118;58;55;7;0;0;0;0;120;238
58046;Grottaferrata;41;71;48;6;0;1;0;0;126;58;64;3;1;0;0;0;126;252
58046;Grottaferrata;42;45;56;4;0;1;0;0;106;59;67;6;0;0;0;0;132;238
58046;Grottaferrata;43;45;48;2;0;0;0;0;95;60;87;6;0;0;0;0;153;248
58046;Grottaferrata;44;41;66;0;0;0;0;0;107;48;74;5;0;0;0;0;127;234
58046;Grottaferrata;45;50;63;2;1;0;0;0;116;40;92;9;1;0;0;0;142;258
58046;Grottaferrata;46;46;82;4;1;0;0;0;133;59;107;12;2;0;0;0;180;313
58046;Grottaferrata;47;64;67;6;0;0;0;0;137;52;83;8;4;0;0;0;147;284
58046;Grottaferrata;48;52;84;4;0;0;0;0;140;43;98;11;1;0;0;0;153;293
58046;Grottaferrata;49;51;91;3;1;0;0;0;146;46;101;10;4;0;0;0;161;307
58046;Grottaferrata;50;52;95;10;0;0;0;0;157;70;114;9;5;0;0;0;198;355
58046;Grottaferrata;51;54;118;9;1;1;0;0;183;52;136;15;3;1;0;0;207;390
58046;Grottaferrata;52;52;106;8;0;0;0;0;166;41;122;12;0;1;0;0;176;342
58046;Grottaferrata;53;42;92;7;1;0;0;0;142;44;152;12;3;0;0;0;211;353
58046;Grottaferrata;54;40;117;6;0;0;0;0;163;40;120;14;3;0;0;0;177;340
58046;Grottaferrata;55;36;119;6;2;0;0;0;163;48;136;10;1;3;0;0;198;361
58046;Grottaferrata;56;30;98;12;1;0;0;0;141;42;134;15;5;0;0;0;196;337
58046;Grottaferrata;57;39;113;11;0;0;0;0;163;33;112;21;4;0;0;0;170;333
58046;Grottaferrata;58;36;112;12;1;0;0;0;161;29;125;20;9;0;0;0;183;344
58046;Grottaferrata;59;26;125;16;2;2;0;0;171;26;113;17;6;0;0;0;162;333
58046;Grottaferrata;60;24;124;14;5;0;0;0;167;30;118;16;7;0;0;0;171;338
58046;Grottaferrata;61;27;133;17;0;1;0;0;178;18;119;21;11;0;1;0;170;348
58046;Grottaferrata;62;22;115;14;0;1;0;0;152;23;123;20;6;0;0;0;172;324
58046;Grottaferrata;63;20;95;7;1;0;0;0;123;23;131;10;10;0;0;0;174;297
58046;Grottaferrata;64;21;103;10;4;0;0;0;138;14;108;20;9;0;0;0;151;289
58046;Grottaferrata;65;18;96;1;5;0;0;0;120;16;110;12;10;0;0;0;148;268
58046;Grottaferrata;66;16;84;8;2;0;0;0;110;15;85;18;11;0;0;0;129;239
58046;Grottaferrata;67;16;101;9;3;0;0;0;129;27;112;9;10;0;0;0;158;287
58046;Grottaferrata;68;9;93;7;4;0;0;0;113;16;93;9;18;0;0;0;136;249
58046;Grottaferrata;69;9;81;6;2;1;0;0;99;23;72;11;12;0;0;0;118;217
58046;Grottaferrata;70;14;96;8;6;0;0;0;124;15;88;13;15;0;0;0;131;255
58046;Grottaferrata;71;2;77;2;8;0;0;0;89;18;82;7;24;0;0;0;131;220
58046;Grottaferrata;72;2;89;5;5;0;0;0;101;22;83;6;23;0;0;0;134;235
58046;Grottaferrata;73;6;66;4;4;0;0;0;80;9;81;8;26;0;0;0;124;204
58046;Grottaferrata;74;9;79;4;6;0;0;0;98;9;74;6;22;0;0;0;111;209
58046;Grottaferrata;75;4;83;3;10;1;0;0;101;6;86;3;20;0;0;0;115;216
58046;Grottaferrata;76;4;85;3;4;0;0;0;96;6;67;3;40;0;0;0;116;212
58046;Grottaferrata;77;3;87;1;3;0;0;0;94;15;76;4;25;0;0;0;120;214
58046;Grottaferrata;78;5;91;6;11;0;0;0;113;11;67;3;51;0;0;0;132;245
58046;Grottaferrata;79;5;63;6;12;0;0;0;86;12;67;2;38;0;0;0;119;205
58046;Grottaferrata;80;2;65;2;7;0;0;0;76;8;63;9;40;0;0;0;120;196
58046;Grottaferrata;81;1;63;3;9;0;0;0;76;10;53;4;45;0;0;0;112;188
58046;Grottaferrata;82;5;52;0;14;0;0;0;71;6;36;3;40;0;0;0;85;156
58046;Grottaferrata;83;3;38;1;13;0;0;0;55;10;36;4;39;0;0;0;89;144
58046;Grottaferrata;84;4;52;1;10;0;0;0;67;4;42;3;58;0;0;0;107;174
58046;Grottaferrata;85;2;61;1;7;0;0;0;71;7;35;2;55;0;0;0;99;170
58046;Grottaferrata;86;2;41;0;7;0;0;0;50;7;21;2;52;0;0;0;82;132
58046;Grottaferrata;87;2;30;1;12;0;0;0;45;7;19;2;47;0;0;0;75;120
58046;Grottaferrata;88;3;22;1;8;1;0;0;35;4;6;0;42;0;0;0;52;87
58046;Grottaferrata;89;0;24;0;6;0;0;0;30;3;5;2;50;0;0;0;60;90
58046;Grottaferrata;90;3;13;1;4;0;0;0;21;7;4;5;25;0;0;0;41;62
58046;Grottaferrata;91;1;8;0;4;0;0;0;13;3;1;1;22;0;0;0;27;40
58046;Grottaferrata;92;3;15;0;3;0;0;0;21;2;4;2;20;0;0;0;28;49
58046;Grottaferrata;93;0;5;0;8;0;0;0;13;3;4;0;20;0;0;0;27;40
58046;Grottaferrata;94;0;2;0;3;0;0;0;5;3;3;0;23;0;0;0;29;34
58046;Grottaferrata;95;1;3;0;3;0;0;0;7;0;3;0;18;0;0;0;21;28
58046;Grottaferrata;96;1;3;0;0;0;0;0;4;2;1;0;11;0;0;0;14;18
58046;Grottaferrata;97;1;1;0;0;0;0;0;2;0;0;0;9;0;0;0;9;11
58046;Grottaferrata;98;0;0;0;0;0;0;0;0;0;1;0;8;0;0;0;9;9
58046;Grottaferrata;99;0;0;0;0;0;0;0;0;2;0;0;5;0;0;0;7;7
58046;Grottaferrata;100;0;0;0;1;0;0;0;1;2;1;0;6;0;0;0;9;10
58046;Grottaferrata;999;4726;4297;279;225;12;0;0;9539;4613;4598;475;1076;5;1;0;10768;20307
58047;Guidonia Montecelio;0;274;0;0;0;0;0;0;274;288;0;0;0;0;0;0;288;562
58047;Guidonia Montecelio;1;355;0;0;0;0;0;0;355;301;0;0;0;0;0;0;301;656
58047;Guidonia Montecelio;2;327;0;0;0;0;0;0;327;313;0;0;0;0;0;0;313;640
58047;Guidonia Montecelio;3;358;0;0;0;0;0;0;358;345;0;0;0;0;0;0;345;703
58047;Guidonia Montecelio;4;336;0;0;0;0;0;0;336;318;0;0;0;0;0;0;318;654
58047;Guidonia Montecelio;5;348;0;0;0;0;0;0;348;347;0;0;0;0;0;0;347;695
58047;Guidonia Montecelio;6;408;0;0;0;0;0;0;408;402;0;0;0;0;0;0;402;810
58047;Guidonia Montecelio;7;431;0;0;0;0;0;0;431;390;0;0;0;0;0;0;390;821
58047;Guidonia Montecelio;8;425;0;0;0;0;0;0;425;432;0;0;0;0;0;0;432;857
58047;Guidonia Montecelio;9;462;0;0;0;0;0;0;462;394;0;0;0;0;0;0;394;856
58047;Guidonia Montecelio;10;499;0;0;0;0;0;0;499;455;0;0;0;0;0;0;455;954
58047;Guidonia Montecelio;11;452;0;0;0;0;0;0;452;450;0;0;0;0;0;0;450;902
58047;Guidonia Montecelio;12;500;0;0;0;0;0;0;500;475;0;0;0;0;0;0;475;975
58047;Guidonia Montecelio;13;521;0;0;0;0;0;0;521;506;0;0;0;0;0;0;506;1027
58047;Guidonia Montecelio;14;517;0;0;0;0;0;0;517;461;0;0;0;0;0;0;461;978
58047;Guidonia Montecelio;15;534;0;0;0;0;0;0;534;483;0;0;0;0;0;0;483;1017
58047;Guidonia Montecelio;16;519;0;0;0;0;0;0;519;485;0;0;0;0;0;0;485;1004
58047;Guidonia Montecelio;17;470;0;0;0;0;0;0;470;458;0;0;0;0;0;0;458;928
58047;Guidonia Montecelio;18;527;0;0;0;0;0;0;527;513;0;0;0;0;0;0;513;1040
58047;Guidonia Montecelio;19;511;0;0;0;0;0;0;511;493;2;0;0;0;0;0;495;1006
58047;Guidonia Montecelio;20;504;0;0;0;0;0;0;504;464;0;0;0;0;0;0;464;968
58047;Guidonia Montecelio;21;508;0;0;0;0;0;0;508;451;2;0;0;0;0;0;453;961
58047;Guidonia Montecelio;22;470;2;0;0;0;0;0;472;426;7;0;0;0;0;0;433;905
58047;Guidonia Montecelio;23;485;3;0;0;0;0;0;488;434;14;0;0;0;0;0;448;936
58047;Guidonia Montecelio;24;504;1;0;0;0;0;0;505;436;17;0;0;0;0;0;453;958
58047;Guidonia Montecelio;25;473;8;0;0;0;0;0;481;407;24;0;0;1;0;0;432;913
58047;Guidonia Montecelio;26;491;14;1;0;0;0;0;506;403;37;0;0;1;0;0;441;947
58047;Guidonia Montecelio;27;472;16;1;0;0;0;0;489;381;39;0;0;2;0;0;422;911
58047;Guidonia Montecelio;28;467;22;0;0;0;0;0;489;396;70;1;0;1;1;0;469;958
58047;Guidonia Montecelio;29;466;50;0;0;0;0;0;516;407;70;1;0;0;0;0;478;994
58047;Guidonia Montecelio;30;427;61;0;1;1;0;0;490;358;91;0;0;0;0;0;449;939
58047;Guidonia Montecelio;31;426;73;4;1;0;1;0;505;346;109;5;0;0;0;0;460;965
58047;Guidonia Montecelio;32;445;98;1;0;0;0;0;544;299;150;1;1;1;0;0;452;996
58047;Guidonia Montecelio;33;403;107;5;0;1;0;0;516;308;168;4;1;0;0;0;481;997
58047;Guidonia Montecelio;34;409;124;5;1;0;0;0;539;304;184;5;2;2;0;0;497;1036
58047;Guidonia Montecelio;35;394;180;2;0;0;0;0;576;296;234;9;1;0;0;0;540;1116
58047;Guidonia Montecelio;36;364;197;4;0;1;0;0;566;241;237;15;2;0;0;0;495;1061
58047;Guidonia Montecelio;37;316;216;6;0;2;0;0;540;223;300;16;1;0;0;0;540;1080
58047;Guidonia Montecelio;38;310;237;8;0;0;0;0;555;203;291;11;3;2;0;0;510;1065
58047;Guidonia Montecelio;39;251;251;3;1;2;0;0;508;218;307;15;2;0;0;0;542;1050
58047;Guidonia Montecelio;40;268;291;7;1;1;0;0;568;206;320;18;2;1;0;0;547;1115
58047;Guidonia Montecelio;41;286;291;9;0;0;0;0;586;194;359;24;1;0;0;0;578;1164
58047;Guidonia Montecelio;42;257;288;18;0;0;0;0;563;215;374;23;4;2;0;0;618;1181
58047;Guidonia Montecelio;43;251;307;13;2;1;0;0;574;155;403;23;6;1;0;0;588;1162
58047;Guidonia Montecelio;44;261;344;12;1;1;0;0;619;158;403;39;5;1;0;0;606;1225
58047;Guidonia Montecelio;45;274;402;35;0;1;0;0;712;170;450;30;5;1;0;0;656;1368
58047;Guidonia Montecelio;46;259;402;26;4;2;0;0;693;179;466;41;7;0;0;0;693;1386
58047;Guidonia Montecelio;47;237;464;26;2;0;0;0;729;159;488;56;13;1;0;0;717;1446
58047;Guidonia Montecelio;48;214;451;25;3;1;0;0;694;181;502;60;8;0;0;0;751;1445
58047;Guidonia Montecelio;49;220;482;41;4;1;0;0;748;167;514;60;15;0;0;0;756;1504
58047;Guidonia Montecelio;50;207;489;31;3;0;0;0;730;147;567;67;13;0;0;0;794;1524
58047;Guidonia Montecelio;51;191;498;41;3;0;0;0;733;113;558;57;13;1;0;0;742;1475
58047;Guidonia Montecelio;52;189;542;52;7;1;0;0;791;135;552;88;16;0;0;0;791;1582
58047;Guidonia Montecelio;53;157;558;45;6;1;0;0;767;122;574;66;20;1;0;0;783;1550
58047;Guidonia Montecelio;54;145;521;46;11;1;0;0;724;114;566;86;25;0;0;0;791;1515
58047;Guidonia Montecelio;55;149;557;51;2;0;0;0;759;101;592;72;36;0;0;0;801;1560
58047;Guidonia Montecelio;56;112;561;55;8;0;0;0;736;90;563;66;32;0;0;0;751;1487
58047;Guidonia Montecelio;57;118;555;51;7;2;0;0;733;92;592;74;31;0;0;0;789;1522
58047;Guidonia Montecelio;58;105;526;51;11;1;0;0;694;71;544;80;37;0;0;0;732;1426
58047;Guidonia Montecelio;59;97;563;49;10;3;0;0;722;63;573;59;38;0;0;0;733;1455
58047;Guidonia Montecelio;60;74;579;40;17;3;0;0;713;49;554;57;54;0;0;0;714;1427
58047;Guidonia Montecelio;61;86;547;61;10;1;0;0;705;51;536;68;50;0;0;0;705;1410
58047;Guidonia Montecelio;62;70;535;60;18;0;0;0;683;61;464;45;57;0;0;0;627;1310
58047;Guidonia Montecelio;63;45;511;35;14;0;0;0;605;52;419;62;68;0;0;0;601;1206
58047;Guidonia Montecelio;64;55;422;27;17;0;0;0;521;26;433;43;51;0;0;0;553;1074
58047;Guidonia Montecelio;65;40;441;27;12;1;0;0;521;28;415;54;69;1;0;0;567;1088
58047;Guidonia Montecelio;66;34;389;32;19;0;0;0;474;30;389;33;64;0;0;0;516;990
58047;Guidonia Montecelio;67;43;410;38;15;0;0;0;506;24;379;37;71;1;0;0;512;1018
58047;Guidonia Montecelio;68;30;407;31;15;1;0;0;484;25;335;32;83;0;0;0;475;959
58047;Guidonia Montecelio;69;21;372;17;13;0;0;0;423;19;332;27;90;0;0;0;468;891
58047;Guidonia Montecelio;70;19;354;21;31;0;0;0;425;22;319;30;80;0;0;0;451;876
58047;Guidonia Montecelio;71;13;340;20;25;0;0;0;398;30;345;27;108;0;0;0;510;908
58047;Guidonia Montecelio;72;12;309;13;30;0;0;0;364;18;282;18;115;0;0;0;433;797
58047;Guidonia Montecelio;73;16;329;8;26;0;0;0;379;17;314;16;110;0;0;0;457;836
58047;Guidonia Montecelio;74;12;340;14;34;0;0;0;400;17;265;21;113;0;0;0;416;816
58047;Guidonia Montecelio;75;8;311;14;31;0;0;0;364;19;280;22;125;0;0;0;446;810
58047;Guidonia Montecelio;76;8;306;12;25;0;0;0;351;20;273;20;159;1;0;0;473;824
58047;Guidonia Montecelio;77;12;308;11;45;0;0;0;376;18;249;15;188;1;0;0;471;847
58047;Guidonia Montecelio;78;13;251;6;34;0;0;0;304;14;192;18;160;0;0;0;384;688
58047;Guidonia Montecelio;79;5;214;5;32;0;0;0;256;9;148;9;124;0;0;0;290;546
58047;Guidonia Montecelio;80;8;187;2;31;0;0;0;228;6;119;11;134;0;0;0;270;498
58047;Guidonia Montecelio;81;3;191;7;32;0;0;0;233;9;110;11;146;0;0;0;276;509
58047;Guidonia Montecelio;82;3;171;9;42;0;0;0;225;5;106;5;148;0;0;0;264;489
58047;Guidonia Montecelio;83;4;158;5;43;0;0;0;210;7;91;8;143;0;0;0;249;459
58047;Guidonia Montecelio;84;5;146;3;34;0;0;0;188;11;87;9;174;0;0;0;281;469
58047;Guidonia Montecelio;85;0;148;5;37;0;0;0;190;14;73;3;158;0;0;0;248;438
58047;Guidonia Montecelio;86;2;101;2;30;0;0;0;135;7;64;3;160;0;0;0;234;369
58047;Guidonia Montecelio;87;0;85;3;36;0;0;0;124;9;31;5;152;0;0;0;197;321
58047;Guidonia Montecelio;88;2;58;0;24;0;0;0;84;6;28;5;107;0;0;0;146;230
58047;Guidonia Montecelio;89;2;59;0;26;0;0;0;87;4;24;2;105;0;0;0;135;222
58047;Guidonia Montecelio;90;4;30;2;25;0;0;0;61;3;12;1;93;0;0;0;109;170
58047;Guidonia Montecelio;91;0;31;0;18;0;0;0;49;3;13;2;91;0;0;0;109;158
58047;Guidonia Montecelio;92;0;17;2;19;0;0;0;38;4;9;0;62;0;0;0;75;113
58047;Guidonia Montecelio;93;0;4;0;11;0;0;0;15;3;4;0;49;0;0;0;56;71
58047;Guidonia Montecelio;94;1;9;0;8;0;0;0;18;2;8;2;49;0;0;0;61;79
58047;Guidonia Montecelio;95;0;9;0;7;0;0;0;16;1;2;0;27;0;0;0;30;46
58047;Guidonia Montecelio;96;0;6;0;6;0;0;0;12;2;2;0;24;0;0;0;28;40
58047;Guidonia Montecelio;97;0;3;0;1;0;0;0;4;0;0;0;24;0;0;0;24;28
58047;Guidonia Montecelio;98;0;2;0;0;0;0;0;2;0;0;0;12;0;0;0;12;14
58047;Guidonia Montecelio;99;0;3;0;3;0;0;0;6;0;0;1;7;0;0;0;8;14
58047;Guidonia Montecelio;100;1;1;0;4;0;0;0;6;0;1;0;13;0;0;0;14;20
58047;Guidonia Montecelio;999;22007;19846;1256;989;30;1;0;44129;18787;20020;1894;4157;23;1;0;44882;89011
58048;Jenne;0;0;0;0;0;;;;0;0;0;0;0;;;;0;0
58048;Jenne;1;1;0;0;0;;;;1;0;0;0;0;;;;0;1
58048;Jenne;2;0;0;0;0;;;;0;0;0;0;0;;;;0;0
58048;Jenne;3;0;0;0;0;;;;0;2;0;0;0;;;;2;2
58048;Jenne;4;0;0;0;0;;;;0;0;0;0;0;;;;0;0
58048;Jenne;5;1;0;0;0;;;;1;0;0;0;0;;;;0;1
58048;Jenne;6;0;0;0;0;;;;0;0;0;0;0;;;;0;0
58048;Jenne;7;1;0;0;0;;;;1;0;0;0;0;;;;0;1
58048;Jenne;8;1;0;0;0;;;;1;0;0;0;0;;;;0;1
58048;Jenne;9;0;0;0;0;;;;0;0;0;0;0;;;;0;0
58048;Jenne;10;0;0;0;0;;;;0;1;0;0;0;;;;1;1
58048;Jenne;11;0;0;0;0;;;;0;4;0;0;0;;;;4;4
58048;Jenne;12;0;0;0;0;;;;0;1;0;0;0;;;;1;1
58048;Jenne;13;2;0;0;0;;;;2;0;0;0;0;;;;0;2
58048;Jenne;14;0;0;0;0;;;;0;3;0;0;0;;;;3;3
58048;Jenne;15;1;0;0;0;;;;1;0;0;0;0;;;;0;1
58048;Jenne;16;0;0;0;0;;;;0;0;0;0;0;;;;0;0
58048;Jenne;17;1;0;0;0;;;;1;0;0;0;0;;;;0;1
58048;Jenne;18;1;0;0;0;;;;1;1;0;0;0;;;;1;2
58048;Jenne;19;1;0;0;0;;;;1;0;0;0;0;;;;0;1
58048;Jenne;20;3;0;0;0;;;;3;0;0;0;0;;;;0;3
58048;Jenne;21;0;0;0;0;;;;0;0;0;0;0;;;;0;0
58048;Jenne;22;2;0;0;0;;;;2;0;0;0;0;;;;0;2
58048;Jenne;23;0;0;0;0;;;;0;0;0;0;0;;;;0;0
58048;Jenne;24;3;0;0;0;;;;3;2;0;0;0;;;;2;5
58048;Jenne;25;1;0;0;0;;;;1;2;0;0;0;;;;2;3
58048;Jenne;26;3;0;0;0;;;;3;1;0;0;0;;;;1;4
58048;Jenne;27;6;0;0;0;;;;6;1;1;0;0;;;;2;8
58048;Jenne;28;2;0;0;0;;;;2;1;0;0;0;;;;1;3
58048;Jenne;29;1;0;0;0;;;;1;0;0;0;0;;;;0;1
58048;Jenne;30;1;0;0;0;;;;1;0;0;0;0;;;;0;1
58048;Jenne;31;1;0;0;0;;;;1;1;0;0;0;;;;1;2
58048;Jenne;32;2;0;0;0;;;;2;0;0;0;0;;;;0;2
58048;Jenne;33;0;0;0;0;;;;0;2;0;0;0;;;;2;2
58048;Jenne;34;1;0;0;0;;;;1;2;0;0;0;;;;2;3
58048;Jenne;35;2;0;0;0;;;;2;0;0;0;0;;;;0;2
58048;Jenne;36;6;0;0;0;;;;6;2;0;0;0;;;;2;8
58048;Jenne;37;0;0;0;0;;;;0;2;0;0;0;;;;2;2
58048;Jenne;38;0;0;0;0;;;;0;0;2;0;0;;;;2;2
58048;Jenne;39;0;1;0;0;;;;1;0;0;0;0;;;;0;1
58048;Jenne;40;0;0;0;0;;;;0;0;1;0;0;;;;1;1
58048;Jenne;41;0;0;0;0;;;;0;3;0;0;0;;;;3;3
58048;Jenne;42;1;2;0;0;;;;3;0;2;0;0;;;;2;5
58048;Jenne;43;2;2;0;0;;;;4;0;0;0;0;;;;0;4
58048;Jenne;44;0;0;0;0;;;;0;1;0;0;0;;;;1;1
58048;Jenne;45;1;0;0;0;;;;1;2;0;0;0;;;;2;3
58048;Jenne;46;1;3;0;0;;;;4;1;0;0;0;;;;1;5
58048;Jenne;47;1;0;0;0;;;;1;0;0;0;0;;;;0;1
58048;Jenne;48;1;0;0;0;;;;1;0;1;0;0;;;;1;2
58048;Jenne;49;1;0;0;0;;;;1;2;1;0;0;;;;3;4
58048;Jenne;50;2;1;0;0;;;;3;0;1;0;0;;;;1;4
58048;Jenne;51;2;2;0;0;;;;4;1;1;0;0;;;;2;6
58048;Jenne;52;1;0;0;0;;;;1;0;1;0;0;;;;1;2
58048;Jenne;53;1;1;0;0;;;;2;0;0;0;0;;;;0;2
58048;Jenne;54;0;3;0;0;;;;3;0;5;0;0;;;;5;8
58048;Jenne;55;0;1;0;0;;;;1;0;2;0;0;;;;2;3
58048;Jenne;56;2;2;0;0;;;;4;0;0;0;0;;;;0;4
58048;Jenne;57;1;2;0;0;;;;3;0;1;0;0;;;;1;4
58048;Jenne;58;1;3;0;0;;;;4;0;2;0;1;;;;3;7
58048;Jenne;59;0;1;0;0;;;;1;1;6;0;1;;;;8;9
58048;Jenne;60;0;1;0;0;;;;1;2;2;0;0;;;;4;5
58048;Jenne;61;1;2;1;0;;;;4;1;3;0;0;;;;4;8
58048;Jenne;62;0;1;0;0;;;;1;0;1;2;0;;;;3;4
58048;Jenne;63;0;2;0;0;;;;2;1;2;0;0;;;;3;5
58048;Jenne;64;0;2;1;1;;;;4;1;1;1;0;;;;3;7
58048;Jenne;65;0;3;0;0;;;;3;2;4;0;1;;;;7;10
58048;Jenne;66;2;1;0;1;;;;4;1;0;0;1;;;;2;6
58048;Jenne;67;1;4;0;0;;;;5;1;2;1;1;;;;5;10
58048;Jenne;68;0;3;1;0;;;;4;0;4;0;0;;;;4;8
58048;Jenne;69;0;1;0;0;;;;1;0;2;0;0;;;;2;3
58048;Jenne;70;0;3;0;1;;;;4;1;6;0;0;;;;7;11
58048;Jenne;71;2;2;0;0;;;;4;0;2;0;1;;;;3;7
58048;Jenne;72;0;5;0;0;;;;5;1;2;0;0;;;;3;8
58048;Jenne;73;0;3;0;0;;;;3;0;2;0;1;;;;3;6
58048;Jenne;74;0;3;0;0;;;;3;1;1;0;2;;;;4;7
58048;Jenne;75;0;2;0;0;;;;2;1;1;0;0;;;;2;4
58048;Jenne;76;1;1;0;0;;;;2;0;0;0;0;;;;0;2
58048;Jenne;77;0;1;0;0;;;;1;1;2;0;1;;;;4;5
58048;Jenne;78;0;1;1;0;;;;2;0;0;0;0;;;;0;2
58048;Jenne;79;0;2;0;0;;;;2;0;2;0;1;;;;3;5
58048;Jenne;80;0;1;0;0;;;;1;0;0;0;0;;;;0;1
58048;Jenne;81;0;3;0;0;;;;3;0;1;0;0;;;;1;4
58048;Jenne;82;0;1;0;0;;;;1;0;0;0;1;;;;1;2
58048;Jenne;83;0;3;0;0;;;;3;0;2;0;0;;;;2;5
58048;Jenne;84;0;3;0;0;;;;3;0;0;0;1;;;;1;4
58048;Jenne;85;0;0;0;0;;;;0;0;0;0;1;;;;1;1
58048;Jenne;86;0;1;0;1;;;;2;1;0;0;2;;;;3;5
58048;Jenne;87;0;1;0;0;;;;1;0;0;0;2;;;;2;3
58048;Jenne;88;1;0;0;0;;;;1;0;0;0;2;;;;2;3
58048;Jenne;89;0;0;0;1;;;;1;0;0;0;1;;;;1;2
58048;Jenne;90;0;0;0;0;;;;0;1;0;0;1;;;;2;2
58048;Jenne;91;0;0;0;1;;;;1;0;0;0;0;;;;0;1
58048;Jenne;92;0;0;0;0;;;;0;0;0;0;4;;;;4;4
58048;Jenne;93;0;0;0;0;;;;0;0;0;0;1;;;;1;1
58048;Jenne;94;0;0;0;1;;;;1;0;0;0;0;;;;0;1
58048;Jenne;95;0;0;0;0;;;;0;0;0;0;1;;;;1;1
58048;Jenne;96;0;0;0;0;;;;0;0;0;0;1;;;;1;1
58048;Jenne;97;0;0;0;0;;;;0;0;0;0;0;;;;0;0
58048;Jenne;98;0;0;0;0;;;;0;0;0;0;0;;;;0;0
58048;Jenne;99;0;0;0;0;;;;0;0;0;0;0;;;;0;0
58048;Jenne;100;0;0;0;0;;;;0;1;0;0;1;;;;2;2
58048;Jenne;999;70;80;4;7;;;;161;56;69;4;30;;;;159;320
58049;Labico;0;23;0;0;0;;;;23;24;0;0;0;;;;24;47
58049;Labico;1;32;0;0;0;;;;32;16;0;0;0;;;;16;48
58049;Labico;2;26;0;0;0;;;;26;17;0;0;0;;;;17;43
58049;Labico;3;22;0;0;0;;;;22;29;0;0;0;;;;29;51
58049;Labico;4;21;0;0;0;;;;21;17;0;0;0;;;;17;38
58049;Labico;5;30;0;0;0;;;;30;33;0;0;0;;;;33;63
58049;Labico;6;37;0;0;0;;;;37;34;0;0;0;;;;34;71
58049;Labico;7;31;0;0;0;;;;31;30;0;0;0;;;;30;61
58049;Labico;8;37;0;0;0;;;;37;26;0;0;0;;;;26;63
58049;Labico;9;25;0;0;0;;;;25;27;0;0;0;;;;27;52
58049;Labico;10;37;0;0;0;;;;37;33;0;0;0;;;;33;70
58049;Labico;11;39;0;0;0;;;;39;33;0;0;0;;;;33;72
58049;Labico;12;33;0;0;0;;;;33;35;0;0;0;;;;35;68
58049;Labico;13;41;0;0;0;;;;41;37;0;0;0;;;;37;78
58049;Labico;14;45;0;0;0;;;;45;39;0;0;0;;;;39;84
58049;Labico;15;50;0;0;0;;;;50;40;0;0;0;;;;40;90
58049;Labico;16;36;0;0;0;;;;36;31;0;0;0;;;;31;67
58049;Labico;17;45;0;0;0;;;;45;36;0;0;0;;;;36;81
58049;Labico;18;34;0;0;0;;;;34;36;0;0;0;;;;36;70
58049;Labico;19;34;0;0;0;;;;34;33;1;0;0;;;;34;68
58049;Labico;20;54;0;0;0;;;;54;26;0;0;0;;;;26;80
58049;Labico;21;27;0;0;0;;;;27;42;0;0;0;;;;42;69
58049;Labico;22;33;0;0;0;;;;33;38;0;0;0;;;;38;71
58049;Labico;23;35;0;0;0;;;;35;36;0;0;0;;;;36;71
58049;Labico;24;29;0;0;0;;;;29;34;1;0;0;;;;35;64
58049;Labico;25;39;0;0;0;;;;39;22;0;0;0;;;;22;61
58049;Labico;26;32;0;0;0;;;;32;24;4;0;0;;;;28;60
58049;Labico;27;31;1;0;0;;;;32;25;1;0;0;;;;26;58
58049;Labico;28;30;5;0;0;;;;35;29;5;0;0;;;;34;69
58049;Labico;29;28;1;0;0;;;;29;26;10;1;0;;;;37;66
58049;Labico;30;36;4;0;0;;;;40;23;9;0;0;;;;32;72
58049;Labico;31;23;3;0;0;;;;26;22;7;0;0;;;;29;55
58049;Labico;32;29;4;0;0;;;;33;21;11;0;0;;;;32;65
58049;Labico;33;26;10;0;0;;;;36;30;16;0;0;;;;46;82
58049;Labico;34;24;15;0;0;;;;39;22;26;0;0;;;;48;87
58049;Labico;35;26;9;1;0;;;;36;28;12;0;0;;;;40;76
58049;Labico;36;26;19;0;0;;;;45;16;24;1;0;;;;41;86
58049;Labico;37;32;12;2;1;;;;47;20;28;2;0;;;;50;97
58049;Labico;38;16;28;0;0;;;;44;20;15;2;0;;;;37;81
58049;Labico;39;21;16;1;0;;;;38;10;26;1;0;;;;37;75
58049;Labico;40;23;24;0;0;;;;47;20;31;1;0;;;;52;99
58049;Labico;41;18;34;1;0;;;;53;19;27;0;0;;;;46;99
58049;Labico;42;22;25;1;0;;;;48;13;30;0;0;;;;43;91
58049;Labico;43;16;24;0;0;;;;40;7;35;2;0;;;;44;84
58049;Labico;44;16;26;1;0;;;;43;8;43;0;0;;;;51;94
58049;Labico;45;17;32;2;0;;;;51;10;36;4;0;;;;50;101
58049;Labico;46;16;35;0;0;;;;51;10;33;3;0;;;;46;97
58049;Labico;47;21;38;5;1;;;;65;13;42;4;1;;;;60;125
58049;Labico;48;9;42;4;1;;;;56;14;31;1;1;;;;47;103
58049;Labico;49;19;35;3;1;;;;58;7;44;2;1;;;;54;112
58049;Labico;50;17;38;1;0;;;;56;13;56;4;2;;;;75;131
58049;Labico;51;12;44;4;0;;;;60;10;41;5;0;;;;56;116
58049;Labico;52;6;39;0;0;;;;45;10;43;4;0;;;;57;102
58049;Labico;53;14;30;4;1;;;;49;12;38;4;1;;;;55;104
58049;Labico;54;8;33;6;0;;;;47;10;46;3;2;;;;61;108
58049;Labico;55;13;50;3;1;;;;67;7;49;1;3;;;;60;127
58049;Labico;56;7;47;1;1;;;;56;7;32;7;0;;;;46;102
58049;Labico;57;6;46;5;1;;;;58;10;41;4;2;;;;57;115
58049;Labico;58;9;28;5;1;;;;43;6;42;5;0;;;;53;96
58049;Labico;59;7;40;1;0;;;;48;8;24;3;3;;;;38;86
58049;Labico;60;4;38;4;0;;;;46;7;35;6;1;;;;49;95
58049;Labico;61;1;34;3;0;;;;38;9;37;5;4;;;;55;93
58049;Labico;62;4;27;2;0;;;;33;3;28;6;8;;;;45;78
58049;Labico;63;4;30;1;3;;;;38;1;35;7;2;;;;45;83
58049;Labico;64;9;38;4;0;;;;51;6;31;4;4;;;;45;96
58049;Labico;65;4;36;3;1;;;;44;1;24;4;3;;;;32;76
58049;Labico;66;0;30;1;1;;;;32;3;22;5;7;;;;37;69
58049;Labico;67;4;29;1;0;;;;34;4;25;1;8;;;;38;72
58049;Labico;68;4;25;0;2;;;;31;1;25;3;7;;;;36;67
58049;Labico;69;0;23;1;0;;;;24;1;26;4;6;;;;37;61
58049;Labico;70;4;26;3;2;;;;35;2;29;0;6;;;;37;72
58049;Labico;71;0;9;3;0;;;;12;2;16;1;7;;;;26;38
58049;Labico;72;0;18;2;1;;;;21;2;12;0;2;;;;16;37
58049;Labico;73;0;26;1;1;;;;28;0;16;2;4;;;;22;50
58049;Labico;74;3;22;1;4;;;;30;3;21;2;6;;;;32;62
58049;Labico;75;1;19;2;0;;;;22;2;11;2;14;;;;29;51
58049;Labico;76;1;17;1;0;;;;19;1;11;3;12;;;;27;46
58049;Labico;77;1;27;0;1;;;;29;1;16;2;10;;;;29;58
58049;Labico;78;0;16;1;3;;;;20;2;12;1;7;;;;22;42
58049;Labico;79;1;16;1;1;;;;19;3;8;0;8;;;;19;38
58049;Labico;80;1;6;0;2;;;;9;0;8;0;4;;;;12;21
58049;Labico;81;0;20;1;2;;;;23;2;8;0;6;;;;16;39
58049;Labico;82;0;11;0;2;;;;13;1;4;0;8;;;;13;26
58049;Labico;83;0;2;0;3;;;;5;3;6;1;15;;;;25;30
58049;Labico;84;0;10;0;2;;;;12;2;4;0;11;;;;17;29
58049;Labico;85;1;7;0;0;;;;8;0;6;0;12;;;;18;26
58049;Labico;86;2;2;0;3;;;;7;0;4;1;7;;;;12;19
58049;Labico;87;1;5;0;5;;;;11;1;2;0;10;;;;13;24
58049;Labico;88;1;3;0;3;;;;7;0;1;1;5;;;;7;14
58049;Labico;89;0;3;0;2;;;;5;0;2;0;4;;;;6;11
58049;Labico;90;0;0;0;1;;;;1;0;0;0;4;;;;4;5
58049;Labico;91;0;2;0;0;;;;2;1;0;0;5;;;;6;8
58049;Labico;92;0;0;0;0;;;;0;0;2;0;2;;;;4;4
58049;Labico;93;0;2;0;1;;;;3;0;1;0;4;;;;5;8
58049;Labico;94;0;0;0;1;;;;1;0;1;0;3;;;;4;5
58049;Labico;95;0;0;0;0;;;;0;0;0;0;3;;;;3;3
58049;Labico;96;0;0;0;0;;;;0;1;0;0;0;;;;1;1
58049;Labico;97;0;0;0;0;;;;0;0;0;0;0;;;;0;0
58049;Labico;98;0;0;0;0;;;;0;0;0;0;3;;;;3;3
58049;Labico;99;0;0;0;0;;;;0;0;0;0;1;;;;1;1
58049;Labico;100;0;0;0;0;;;;0;0;1;0;1;;;;2;2
58049;Labico;999;1602;1416;87;56;;;;3161;1399;1450;125;250;;;;3224;6385
58116;Ladispoli;0;110;0;0;0;0;0;0;110;102;0;0;0;0;0;0;102;212
58116;Ladispoli;1;120;0;0;0;0;0;0;120;113;0;0;0;0;0;0;113;233
58116;Ladispoli;2;120;0;0;0;0;0;0;120;136;0;0;0;0;0;0;136;256
58116;Ladispoli;3;134;0;0;0;0;0;0;134;129;0;0;0;0;0;0;129;263
58116;Ladispoli;4;128;0;0;0;0;0;0;128;112;0;0;0;0;0;0;112;240
58116;Ladispoli;5;154;0;0;0;0;0;0;154;126;0;0;0;0;0;0;126;280
58116;Ladispoli;6;144;0;0;0;0;0;0;144;142;0;0;0;0;0;0;142;286
58116;Ladispoli;7;188;0;0;0;0;0;0;188;163;0;0;0;0;0;0;163;351
58116;Ladispoli;8;169;0;0;0;0;0;0;169;164;0;0;0;0;0;0;164;333
58116;Ladispoli;9;177;0;0;0;0;0;0;177;175;0;0;0;0;0;0;175;352
58116;Ladispoli;10;177;0;0;0;0;0;0;177;186;0;0;0;0;0;0;186;363
58116;Ladispoli;11;176;0;0;0;0;0;0;176;165;0;0;0;0;0;0;165;341
58116;Ladispoli;12;222;0;0;0;0;0;0;222;194;0;0;0;0;0;0;194;416
58116;Ladispoli;13;190;0;0;0;0;0;0;190;185;0;0;0;0;0;0;185;375
58116;Ladispoli;14;204;0;0;0;0;0;0;204;205;0;0;0;0;0;0;205;409
58116;Ladispoli;15;213;0;0;0;0;0;0;213;197;0;0;0;0;0;0;197;410
58116;Ladispoli;16;213;0;0;0;0;0;0;213;219;0;0;0;0;0;0;219;432
58116;Ladispoli;17;203;0;0;0;0;0;0;203;187;0;0;0;0;0;0;187;390
58116;Ladispoli;18;224;0;0;0;0;0;0;224;229;0;0;0;0;0;0;229;453
58116;Ladispoli;19;236;0;0;0;0;0;0;236;197;1;0;0;0;0;0;198;434
58116;Ladispoli;20;244;0;0;0;0;0;0;244;213;1;0;0;0;0;0;214;458
58116;Ladispoli;21;243;0;0;0;0;0;0;243;218;1;0;0;0;0;0;219;462
58116;Ladispoli;22;211;1;0;0;0;0;0;212;198;3;0;0;0;0;0;201;413
58116;Ladispoli;23;243;0;0;0;0;0;0;243;198;2;0;0;0;0;0;200;443
58116;Ladispoli;24;230;3;0;0;0;0;0;233;201;5;0;0;0;0;0;206;439
58116;Ladispoli;25;251;2;1;0;1;0;0;255;216;11;0;0;1;0;0;228;483
58116;Ladispoli;26;185;1;0;0;0;0;0;186;186;7;0;0;0;0;0;193;379
58116;Ladispoli;27;225;13;0;0;0;0;0;238;194;12;0;0;0;0;0;206;444
58116;Ladispoli;28;193;7;0;0;0;0;0;200;199;19;1;0;1;0;0;220;420
58116;Ladispoli;29;194;8;0;0;0;0;0;202;147;38;1;0;1;0;0;187;389
58116;Ladispoli;30;176;23;0;0;1;0;0;200;140;39;1;1;2;0;0;183;383
58116;Ladispoli;31;172;32;1;0;0;0;0;205;146;46;3;0;1;0;0;196;401
58116;Ladispoli;32;197;35;0;0;0;0;0;232;134;69;2;0;0;0;0;205;437
58116;Ladispoli;33;188;56;1;0;0;0;0;245;103;76;2;0;1;0;0;182;427
58116;Ladispoli;34;183;42;1;0;0;0;0;226;109;85;2;1;1;0;0;198;424
58116;Ladispoli;35;175;62;2;0;0;0;0;239;118;98;8;0;0;0;0;224;463
58116;Ladispoli;36;169;78;1;2;1;0;0;251;126;112;6;0;2;0;0;246;497
58116;Ladispoli;37;123;121;4;1;1;0;0;250;80;141;3;2;2;0;0;228;478
58116;Ladispoli;38;124;96;1;0;1;0;0;222;81;128;10;1;0;0;0;220;442
58116;Ladispoli;39;122;97;4;1;2;0;0;226;108;146;9;1;0;0;0;264;490
58116;Ladispoli;40;105;128;7;1;0;0;0;241;71;132;8;1;0;0;0;212;453
58116;Ladispoli;41;116;114;5;0;2;0;0;237;82;142;10;4;0;0;0;238;475
58116;Ladispoli;42;116;151;5;0;1;0;0;273;82;162;11;3;1;0;0;259;532
58116;Ladispoli;43;93;150;9;1;0;0;0;253;60;163;12;3;0;0;0;238;491
58116;Ladispoli;44;101;153;10;2;0;0;0;266;74;183;8;2;0;0;0;267;533
58116;Ladispoli;45;106;173;10;3;2;0;0;294;90;164;13;7;1;0;0;275;569
58116;Ladispoli;46;87;164;16;1;0;0;0;268;91;207;25;4;0;0;0;327;595
58116;Ladispoli;47;120;196;20;2;2;0;0;340;65;204;24;7;1;0;0;301;641
58116;Ladispoli;48;116;192;17;1;0;0;0;326;91;227;23;11;1;0;0;353;679
58116;Ladispoli;49;105;217;16;4;0;0;0;342;76;227;28;9;0;0;0;340;682
58116;Ladispoli;50;95;213;26;1;0;0;0;335;77;282;34;5;0;0;0;398;733
58116;Ladispoli;51;96;206;22;0;1;0;0;325;84;249;43;10;0;0;0;386;711
58116;Ladispoli;52;93;228;12;0;1;0;0;334;84;287;33;10;0;0;0;414;748
58116;Ladispoli;53;99;275;25;2;2;0;0;403;70;303;44;19;1;0;0;437;840
58116;Ladispoli;54;69;231;26;4;0;0;0;330;67;292;42;14;0;0;0;415;745
58116;Ladispoli;55;76;281;30;3;0;0;0;390;56;301;50;9;1;0;0;417;807
58116;Ladispoli;56;80;315;33;3;1;0;0;432;56;297;56;17;1;0;0;427;859
58116;Ladispoli;57;64;289;24;2;0;0;0;379;45;303;38;17;0;0;0;403;782
58116;Ladispoli;58;54;287;27;8;0;0;0;376;55;257;50;16;2;0;0;380;756
58116;Ladispoli;59;54;264;34;6;1;0;0;359;70;273;52;16;0;0;0;411;770
58116;Ladispoli;60;56;257;36;3;0;0;0;352;51;285;45;25;0;0;0;406;758
58116;Ladispoli;61;40;279;26;5;1;0;0;351;31;249;46;19;0;0;0;345;696
58116;Ladispoli;62;38;275;26;11;0;0;0;350;40;253;50;21;0;0;0;364;714
58116;Ladispoli;63;37;225;28;4;1;0;0;295;35;217;35;30;0;0;0;317;612
58116;Ladispoli;64;22;208;23;10;0;0;0;263;29;211;36;21;1;0;0;298;561
58116;Ladispoli;65;28;221;21;8;0;0;0;278;32;186;39;27;0;0;0;284;562
58116;Ladispoli;66;12;208;17;9;0;0;0;246;18;177;31;32;1;0;0;259;505
58116;Ladispoli;67;17;202;20;7;0;0;0;246;34;152;27;40;1;0;0;254;500
58116;Ladispoli;68;16;165;12;8;1;0;0;202;18;133;22;29;0;0;0;202;404
58116;Ladispoli;69;8;163;11;8;0;0;0;190;22;135;13;53;0;0;0;223;413
58116;Ladispoli;70;14;156;16;9;0;0;0;195;18;138;24;34;1;0;0;215;410
58116;Ladispoli;71;20;141;11;8;0;0;0;180;10;128;20;38;0;0;0;196;376
58116;Ladispoli;72;10;146;11;12;1;0;0;180;10;126;19;41;1;0;0;197;377
58116;Ladispoli;73;13;128;13;8;0;0;0;162;11;108;26;40;0;0;0;185;347
58116;Ladispoli;74;13;138;15;12;0;0;0;178;8;109;9;55;0;0;0;181;359
58116;Ladispoli;75;9;135;10;16;0;0;0;170;12;86;15;50;0;0;0;163;333
58116;Ladispoli;76;7;116;11;14;0;0;0;148;13;101;19;58;0;0;0;191;339
58116;Ladispoli;77;7;113;8;10;0;0;0;138;10;92;12;69;0;0;0;183;321
58116;Ladispoli;78;7;106;3;15;0;0;0;131;12;100;11;64;0;0;0;187;318
58116;Ladispoli;79;6;92;1;18;0;0;0;117;9;82;9;85;0;0;0;185;302
58116;Ladispoli;80;7;86;5;14;0;0;0;112;6;69;9;85;0;0;0;169;281
58116;Ladispoli;81;6;79;6;13;0;0;0;104;6;63;1;71;0;0;0;141;245
58116;Ladispoli;82;3;73;4;21;0;0;0;101;4;55;9;85;0;0;0;153;254
58116;Ladispoli;83;6;66;7;21;0;0;0;100;8;50;15;74;0;0;0;147;247
58116;Ladispoli;84;4;75;7;22;0;0;0;108;4;51;8;82;0;0;0;145;253
58116;Ladispoli;85;2;67;2;14;0;0;0;85;8;42;3;88;0;0;0;141;226
58116;Ladispoli;86;2;56;2;12;0;0;0;72;9;43;6;75;0;0;0;133;205
58116;Ladispoli;87;1;44;2;18;0;0;0;65;4;26;2;72;0;0;0;104;169
58116;Ladispoli;88;1;32;4;16;0;0;0;53;7;21;3;51;0;0;0;82;135
58116;Ladispoli;89;0;27;0;10;0;0;0;37;9;10;4;63;0;0;0;86;123
58116;Ladispoli;90;1;25;0;9;0;0;0;35;7;12;2;63;0;0;0;84;119
58116;Ladispoli;91;0;20;1;7;0;0;0;28;2;13;1;40;0;0;0;56;84
58116;Ladispoli;92;1;14;0;5;0;0;0;20;2;5;0;37;0;0;0;44;64
58116;Ladispoli;93;2;12;0;10;0;0;0;24;3;3;3;34;0;0;0;43;67
58116;Ladispoli;94;0;4;0;4;0;0;0;8;3;2;1;17;0;0;0;23;31
58116;Ladispoli;95;0;5;0;2;0;0;0;7;0;1;1;13;0;0;0;15;22
58116;Ladispoli;96;0;4;0;2;0;0;0;6;1;1;1;12;0;0;0;15;21
58116;Ladispoli;97;0;0;0;1;0;0;0;1;0;0;0;10;0;0;0;10;11
58116;Ladispoli;98;0;1;0;2;0;0;0;3;1;1;0;4;0;0;0;6;9
58116;Ladispoli;99;0;0;0;1;0;0;0;1;0;0;0;6;0;0;0;6;7
58116;Ladispoli;100;0;0;0;2;0;0;0;2;0;1;0;9;0;0;0;10;12
58116;Ladispoli;999;9611;9068;749;449;24;0;0;19901;8394;9232;1229;2012;26;0;0;20893;40794
58050;Lanuvio;0;31;0;0;0;;;;31;35;0;0;0;;;;35;66
58050;Lanuvio;1;42;0;0;0;;;;42;44;0;0;0;;;;44;86
58050;Lanuvio;2;39;0;0;0;;;;39;47;0;0;0;;;;47;86
58050;Lanuvio;3;51;0;0;0;;;;51;39;0;0;0;;;;39;90
58050;Lanuvio;4;42;0;0;0;;;;42;39;0;0;0;;;;39;81
58050;Lanuvio;5;52;0;0;0;;;;52;41;0;0;0;;;;41;93
58050;Lanuvio;6;50;0;0;0;;;;50;60;0;0;0;;;;60;110
58050;Lanuvio;7;50;0;0;0;;;;50;56;0;0;0;;;;56;106
58050;Lanuvio;8;65;0;0;0;;;;65;56;0;0;0;;;;56;121
58050;Lanuvio;9;60;0;0;0;;;;60;52;0;0;0;;;;52;112
58050;Lanuvio;10;77;0;0;0;;;;77;56;0;0;0;;;;56;133
58050;Lanuvio;11;66;0;0;0;;;;66;70;0;0;0;;;;70;136
58050;Lanuvio;12;67;0;0;0;;;;67;66;0;0;0;;;;66;133
58050;Lanuvio;13;79;0;0;0;;;;79;68;0;0;0;;;;68;147
58050;Lanuvio;14;82;0;0;0;;;;82;80;0;0;0;;;;80;162
58050;Lanuvio;15;75;0;0;0;;;;75;72;0;0;0;;;;72;147
58050;Lanuvio;16;72;0;0;0;;;;72;75;0;0;0;;;;75;147
58050;Lanuvio;17;85;0;0;0;;;;85;70;0;0;0;;;;70;155
58050;Lanuvio;18;69;0;0;0;;;;69;64;0;0;0;;;;64;133
58050;Lanuvio;19;90;0;0;0;;;;90;57;0;0;0;;;;57;147
58050;Lanuvio;20;65;0;0;0;;;;65;61;0;0;0;;;;61;126
58050;Lanuvio;21;77;0;0;0;;;;77;70;0;0;0;;;;70;147
58050;Lanuvio;22;68;0;0;0;;;;68;58;1;0;0;;;;59;127
58050;Lanuvio;23;65;0;0;0;;;;65;50;1;0;0;;;;51;116
58050;Lanuvio;24;60;0;0;0;;;;60;57;0;0;0;;;;57;117
58050;Lanuvio;25;69;1;0;0;;;;70;52;0;0;0;;;;52;122
58050;Lanuvio;26;51;0;0;0;;;;51;50;5;0;0;;;;55;106
58050;Lanuvio;27;74;3;0;0;;;;77;48;2;0;0;;;;50;127
58050;Lanuvio;28;56;3;0;0;;;;59;47;6;0;0;;;;53;112
58050;Lanuvio;29;65;3;0;0;;;;68;37;7;0;0;;;;44;112
58050;Lanuvio;30;60;3;0;0;;;;63;56;13;0;0;;;;69;132
58050;Lanuvio;31;65;11;0;0;;;;76;37;21;0;0;;;;58;134
58050;Lanuvio;32;57;9;0;0;;;;66;41;28;1;0;;;;70;136
58050;Lanuvio;33;51;12;0;0;;;;63;37;20;0;0;;;;57;120
58050;Lanuvio;34;46;17;0;0;;;;63;37;24;2;0;;;;63;126
58050;Lanuvio;35;47;16;1;0;;;;64;44;31;0;0;;;;75;139
58050;Lanuvio;36;53;25;0;0;;;;78;46;40;1;0;;;;87;165
58050;Lanuvio;37;41;22;0;0;;;;63;43;29;2;0;;;;74;137
58050;Lanuvio;38;47;31;2;0;;;;80;34;36;0;1;;;;71;151
58050;Lanuvio;39;60;40;1;0;;;;101;24;47;3;0;;;;74;175
58050;Lanuvio;40;39;53;2;0;;;;94;38;47;1;0;;;;86;180
58050;Lanuvio;41;34;36;1;0;;;;71;23;54;1;0;;;;78;149
58050;Lanuvio;42;44;45;2;0;;;;91;40;62;4;0;;;;106;197
58050;Lanuvio;43;41;42;3;0;;;;86;28;60;2;1;;;;91;177
58050;Lanuvio;44;22;61;1;0;;;;84;26;70;4;0;;;;100;184
58050;Lanuvio;45;33;68;3;1;;;;105;18;62;2;1;;;;83;188
58050;Lanuvio;46;39;54;2;0;;;;95;21;65;2;2;;;;90;185
58050;Lanuvio;47;33;59;2;1;;;;95;19;91;11;0;;;;121;216
58050;Lanuvio;48;51;72;4;0;;;;127;21;77;7;1;;;;106;233
58050;Lanuvio;49;22;79;7;1;;;;109;31;68;6;2;;;;107;216
58050;Lanuvio;50;40;74;5;0;;;;119;26;95;12;3;;;;136;255
58050;Lanuvio;51;21;72;6;0;;;;99;14;72;9;4;;;;99;198
58050;Lanuvio;52;32;87;11;2;;;;132;13;87;12;3;;;;115;247
58050;Lanuvio;53;25;86;7;0;;;;118;20;78;10;3;;;;111;229
58050;Lanuvio;54;25;68;4;2;;;;99;10;82;4;3;;;;99;198
58050;Lanuvio;55;21;82;11;0;;;;114;7;91;7;4;;;;109;223
58050;Lanuvio;56;21;75;4;2;;;;102;13;75;17;4;;;;109;211
58050;Lanuvio;57;20;86;8;1;;;;115;9;81;10;4;;;;104;219
58050;Lanuvio;58;11;71;2;1;;;;85;14;68;7;3;;;;92;177
58050;Lanuvio;59;18;83;9;4;;;;114;11;84;11;14;;;;120;234
58050;Lanuvio;60;12;81;13;3;;;;109;8;72;10;11;;;;101;210
58050;Lanuvio;61;14;64;10;2;;;;90;12;78;5;5;;;;100;190
58050;Lanuvio;62;9;76;5;4;;;;94;6;77;3;8;;;;94;188
58050;Lanuvio;63;7;89;6;2;;;;104;9;85;6;11;;;;111;215
58050;Lanuvio;64;5;66;5;3;;;;79;2;64;7;12;;;;85;164
58050;Lanuvio;65;3;78;3;3;;;;87;8;83;2;15;;;;108;195
58050;Lanuvio;66;8;67;4;3;;;;82;3;63;4;14;;;;84;166
58050;Lanuvio;67;2;74;1;2;;;;79;4;78;4;20;;;;106;185
58050;Lanuvio;68;4;54;7;2;;;;67;3;62;6;18;;;;89;156
58050;Lanuvio;69;1;70;3;2;;;;76;0;61;4;16;;;;81;157
58050;Lanuvio;70;3;53;3;2;;;;61;6;56;2;23;;;;87;148
58050;Lanuvio;71;4;72;1;3;;;;80;5;58;4;18;;;;85;165
58050;Lanuvio;72;1;67;2;5;;;;75;4;44;2;19;;;;69;144
58050;Lanuvio;73;7;62;6;3;;;;78;4;42;2;21;;;;69;147
58050;Lanuvio;74;1;49;1;8;;;;59;4;42;2;17;;;;65;124
58050;Lanuvio;75;4;50;2;4;;;;60;1;34;1;25;;;;61;121
58050;Lanuvio;76;3;47;0;5;;;;55;0;38;2;17;;;;57;112
58050;Lanuvio;77;2;51;4;7;;;;64;1;43;5;21;;;;70;134
58050;Lanuvio;78;2;46;2;9;;;;59;3;31;3;22;;;;59;118
58050;Lanuvio;79;4;35;0;5;;;;44;0;23;0;16;;;;39;83
58050;Lanuvio;80;2;29;2;3;;;;36;0;21;0;9;;;;30;66
58050;Lanuvio;81;1;24;1;4;;;;30;3;9;3;20;;;;35;65
58050;Lanuvio;82;0;22;3;3;;;;28;0;16;0;15;;;;31;59
58050;Lanuvio;83;0;19;2;9;;;;30;0;13;2;26;;;;41;71
58050;Lanuvio;84;0;30;1;7;;;;38;3;6;3;20;;;;32;70
58050;Lanuvio;85;0;17;2;8;;;;27;0;7;0;27;;;;34;61
58050;Lanuvio;86;2;14;0;2;;;;18;1;9;0;21;;;;31;49
58050;Lanuvio;87;0;5;0;4;;;;9;1;4;1;18;;;;24;33
58050;Lanuvio;88;0;11;1;4;;;;16;1;3;0;22;;;;26;42
58050;Lanuvio;89;0;6;0;4;;;;10;0;2;0;16;;;;18;28
58050;Lanuvio;90;0;11;0;7;;;;18;0;1;0;18;;;;19;37
58050;Lanuvio;91;1;8;1;3;;;;13;0;2;0;14;;;;16;29
58050;Lanuvio;92;0;2;0;3;;;;5;1;2;1;11;;;;15;20
58050;Lanuvio;93;0;0;0;2;;;;2;0;0;0;9;;;;9;11
58050;Lanuvio;94;0;3;1;5;;;;9;0;3;0;7;;;;10;19
58050;Lanuvio;95;0;0;0;0;;;;0;0;0;0;3;;;;3;3
58050;Lanuvio;96;0;0;0;1;;;;1;0;0;0;3;;;;3;4
58050;Lanuvio;97;0;0;0;0;;;;0;0;0;0;4;;;;4;4
58050;Lanuvio;98;0;0;0;0;;;;0;0;2;0;2;;;;4;4
58050;Lanuvio;99;0;0;0;0;;;;0;0;0;0;4;;;;4;4
58050;Lanuvio;100;0;0;0;0;;;;0;0;0;0;2;;;;2;2
58050;Lanuvio;999;3115;3001;190;161;;;;6467;2571;3014;232;653;;;;6470;12937
58115;Lariano;0;42;0;0;0;;;;42;51;0;0;0;;;;51;93
58115;Lariano;1;36;0;0;0;;;;36;51;0;0;0;;;;51;87
58115;Lariano;2;63;0;0;0;;;;63;40;0;0;0;;;;40;103
58115;Lariano;3;40;0;0;0;;;;40;38;0;0;0;;;;38;78
58115;Lariano;4;60;0;0;0;;;;60;53;0;0;0;;;;53;113
58115;Lariano;5;58;0;0;0;;;;58;57;0;0;0;;;;57;115
58115;Lariano;6;68;0;0;0;;;;68;68;0;0;0;;;;68;136
58115;Lariano;7;60;0;0;0;;;;60;41;0;0;0;;;;41;101
58115;Lariano;8;60;0;0;0;;;;60;72;0;0;0;;;;72;132
58115;Lariano;9;57;0;0;0;;;;57;66;0;0;0;;;;66;123
58115;Lariano;10;66;0;0;0;;;;66;61;0;0;0;;;;61;127
58115;Lariano;11;59;0;0;0;;;;59;76;0;0;0;;;;76;135
58115;Lariano;12;69;0;0;0;;;;69;74;0;0;0;;;;74;143
58115;Lariano;13;76;0;0;0;;;;76;72;0;0;0;;;;72;148
58115;Lariano;14;74;0;0;0;;;;74;72;0;0;0;;;;72;146
58115;Lariano;15;71;0;0;0;;;;71;69;0;0;0;;;;69;140
58115;Lariano;16;79;0;0;0;;;;79;68;0;0;0;;;;68;147
58115;Lariano;17;72;0;0;0;;;;72;63;0;0;0;;;;63;135
58115;Lariano;18;84;0;0;0;;;;84;69;0;0;0;;;;69;153
58115;Lariano;19;67;0;0;0;;;;67;73;0;0;0;;;;73;140
58115;Lariano;20;68;0;0;0;;;;68;57;0;0;0;;;;57;125
58115;Lariano;21;62;0;0;0;;;;62;68;0;0;0;;;;68;130
58115;Lariano;22;78;0;0;0;;;;78;62;2;0;0;;;;64;142
58115;Lariano;23;74;0;0;0;;;;74;73;1;0;0;;;;74;148
58115;Lariano;24;67;2;0;0;;;;69;69;3;1;0;;;;73;142
58115;Lariano;25;65;1;0;0;;;;66;52;4;0;0;;;;56;122
58115;Lariano;26;76;2;0;0;;;;78;69;4;0;0;;;;73;151
58115;Lariano;27;60;3;0;0;;;;63;50;11;0;0;;;;61;124
58115;Lariano;28;59;4;0;0;;;;63;69;12;0;0;;;;81;144
58115;Lariano;29;71;4;0;0;;;;75;44;17;0;0;;;;61;136
58115;Lariano;30;70;7;0;0;;;;77;40;15;0;0;;;;55;132
58115;Lariano;31;59;10;0;0;;;;69;54;13;0;0;;;;67;136
58115;Lariano;32;61;17;0;0;;;;78;54;30;0;0;;;;84;162
58115;Lariano;33;59;17;1;0;;;;77;45;29;2;0;;;;76;153
58115;Lariano;34;57;19;1;0;;;;77;46;20;1;0;;;;67;144
58115;Lariano;35;48;22;0;0;;;;70;49;37;1;0;;;;87;157
58115;Lariano;36;53;31;1;0;;;;85;47;39;1;1;;;;88;173
58115;Lariano;37;47;29;0;0;;;;76;39;53;0;1;;;;93;169
58115;Lariano;38;56;43;2;0;;;;101;33;44;4;0;;;;81;182
58115;Lariano;39;45;43;2;0;;;;90;44;40;5;0;;;;89;179
58115;Lariano;40;55;40;2;0;;;;97;32;71;3;0;;;;106;203
58115;Lariano;41;44;51;1;1;;;;97;33;62;3;0;;;;98;195
58115;Lariano;42;32;56;5;0;;;;93;36;56;7;2;;;;101;194
58115;Lariano;43;35;40;3;0;;;;78;34;58;6;0;;;;98;176
58115;Lariano;44;30;44;1;0;;;;75;27;53;1;0;;;;81;156
58115;Lariano;45;26;53;1;0;;;;80;20;55;4;1;;;;80;160
58115;Lariano;46;38;54;5;0;;;;97;20;67;6;5;;;;98;195
58115;Lariano;47;19;70;7;0;;;;96;17;73;3;2;;;;95;191
58115;Lariano;48;26;66;10;0;;;;102;16;68;7;1;;;;92;194
58115;Lariano;49;35;72;2;0;;;;109;12;79;5;2;;;;98;207
58115;Lariano;50;16;73;7;0;;;;96;23;74;8;1;;;;106;202
58115;Lariano;51;29;68;7;2;;;;106;23;74;11;2;;;;110;216
58115;Lariano;52;13;81;5;1;;;;100;10;89;8;3;;;;110;210
58115;Lariano;53;12;101;4;1;;;;118;17;81;10;3;;;;111;229
58115;Lariano;54;20;77;7;1;;;;105;11;82;5;3;;;;101;206
58115;Lariano;55;5;67;5;1;;;;78;13;99;10;2;;;;124;202
58115;Lariano;56;12;89;9;1;;;;111;9;96;8;4;;;;117;228
58115;Lariano;57;10;95;4;2;;;;111;12;96;4;8;;;;120;231
58115;Lariano;58;17;90;7;3;;;;117;3;79;8;7;;;;97;214
58115;Lariano;59;9;78;5;2;;;;94;6;80;10;4;;;;100;194
58115;Lariano;60;9;86;6;1;;;;102;5;72;7;9;;;;93;195
58115;Lariano;61;2;76;7;3;;;;88;8;104;12;13;;;;137;225
58115;Lariano;62;5;87;5;2;;;;99;2;85;2;8;;;;97;196
58115;Lariano;63;6;79;8;3;;;;96;2;63;3;12;;;;80;176
58115;Lariano;64;7;68;4;3;;;;82;6;77;6;12;;;;101;183
58115;Lariano;65;6;82;4;2;;;;94;5;63;2;10;;;;80;174
58115;Lariano;66;3;68;0;4;;;;75;4;65;1;15;;;;85;160
58115;Lariano;67;6;64;4;2;;;;76;5;54;2;11;;;;72;148
58115;Lariano;68;3;65;4;2;;;;74;2;44;4;15;;;;65;139
58115;Lariano;69;5;69;3;5;;;;82;2;44;7;14;;;;67;149
58115;Lariano;70;3;73;3;8;;;;87;2;58;4;18;;;;82;169
58115;Lariano;71;2;61;4;3;;;;70;2;54;1;19;;;;76;146
58115;Lariano;72;5;49;2;5;;;;61;6;43;2;16;;;;67;128
58115;Lariano;73;2;56;5;4;;;;67;2;57;4;29;;;;92;159
58115;Lariano;74;4;51;0;8;;;;63;6;44;5;16;;;;71;134
58115;Lariano;75;5;58;2;3;;;;68;2;31;0;24;;;;57;125
58115;Lariano;76;1;49;2;6;;;;58;1;50;2;24;;;;77;135
58115;Lariano;77;0;47;2;8;;;;57;3;31;1;19;;;;54;111
58115;Lariano;78;0;48;4;4;;;;56;3;31;4;24;;;;62;118
58115;Lariano;79;2;35;1;4;;;;42;2;21;3;22;;;;48;90
58115;Lariano;80;0;34;1;9;;;;44;2;15;0;25;;;;42;86
58115;Lariano;81;2;24;2;5;;;;33;2;20;0;20;;;;42;75
58115;Lariano;82;0;20;0;5;;;;25;3;13;0;21;;;;37;62
58115;Lariano;83;1;24;3;5;;;;33;1;18;2;29;;;;50;83
58115;Lariano;84;1;22;0;7;;;;30;5;19;1;23;;;;48;78
58115;Lariano;85;2;11;0;10;;;;23;2;6;0;30;;;;38;61
58115;Lariano;86;1;20;0;10;;;;31;1;8;0;23;;;;32;63
58115;Lariano;87;2;17;0;6;;;;25;1;7;0;18;;;;26;51
58115;Lariano;88;0;18;0;4;;;;22;1;3;0;26;;;;30;52
58115;Lariano;89;0;6;0;6;;;;12;1;2;0;18;;;;21;33
58115;Lariano;90;1;4;0;5;;;;10;0;1;0;9;;;;10;20
58115;Lariano;91;0;3;0;2;;;;5;1;1;0;17;;;;19;24
58115;Lariano;92;0;5;0;2;;;;7;1;1;0;9;;;;11;18
58115;Lariano;93;0;1;0;3;;;;4;1;0;0;9;;;;10;14
58115;Lariano;94;0;1;0;1;;;;2;2;0;0;7;;;;9;11
58115;Lariano;95;0;0;0;2;;;;2;1;1;0;5;;;;7;9
58115;Lariano;96;0;1;0;0;;;;1;0;0;0;3;;;;3;4
58115;Lariano;97;0;0;0;0;;;;0;1;0;0;5;;;;6;6
58115;Lariano;98;0;0;0;0;;;;0;0;0;0;5;;;;5;5
58115;Lariano;99;0;0;0;0;;;;0;1;0;0;0;;;;1;1
58115;Lariano;100;0;0;0;1;;;;1;2;1;0;6;;;;9;10
58115;Lariano;999;3065;3101;180;178;;;;6524;2771;3073;217;690;;;;6751;13275
58051;Licenza;0;2;0;0;0;;;;2;2;0;0;0;;;;2;4
58051;Licenza;1;0;0;0;0;;;;0;2;0;0;0;;;;2;2
58051;Licenza;2;2;0;0;0;;;;2;1;0;0;0;;;;1;3
58051;Licenza;3;2;0;0;0;;;;2;3;0;0;0;;;;3;5
58051;Licenza;4;2;0;0;0;;;;2;1;0;0;0;;;;1;3
58051;Licenza;5;1;0;0;0;;;;1;1;0;0;0;;;;1;2
58051;Licenza;6;3;0;0;0;;;;3;5;0;0;0;;;;5;8
58051;Licenza;7;5;0;0;0;;;;5;4;0;0;0;;;;4;9
58051;Licenza;8;1;0;0;0;;;;1;5;0;0;0;;;;5;6
58051;Licenza;9;7;0;0;0;;;;7;4;0;0;0;;;;4;11
58051;Licenza;10;5;0;0;0;;;;5;3;0;0;0;;;;3;8
58051;Licenza;11;2;0;0;0;;;;2;5;0;0;0;;;;5;7
58051;Licenza;12;6;0;0;0;;;;6;1;0;0;0;;;;1;7
58051;Licenza;13;3;0;0;0;;;;3;3;0;0;0;;;;3;6
58051;Licenza;14;10;0;0;0;;;;10;3;0;0;0;;;;3;13
58051;Licenza;15;8;0;0;0;;;;8;7;0;0;0;;;;7;15
58051;Licenza;16;0;0;0;0;;;;0;5;0;0;0;;;;5;5
58051;Licenza;17;4;0;0;0;;;;4;9;0;0;0;;;;9;13
58051;Licenza;18;8;0;0;0;;;;8;3;0;0;0;;;;3;11
58051;Licenza;19;5;0;0;0;;;;5;2;0;0;0;;;;2;7
58051;Licenza;20;19;0;0;0;;;;19;4;0;0;0;;;;4;23
58051;Licenza;21;11;0;0;0;;;;11;5;0;0;0;;;;5;16
58051;Licenza;22;4;0;0;0;;;;4;2;0;0;0;;;;2;6
58051;Licenza;23;4;1;0;0;;;;5;3;0;0;0;;;;3;8
58051;Licenza;24;10;0;0;0;;;;10;1;0;0;0;;;;1;11
58051;Licenza;25;5;0;0;0;;;;5;4;0;0;0;;;;4;9
58051;Licenza;26;9;0;0;0;;;;9;2;0;0;0;;;;2;11
58051;Licenza;27;7;1;0;0;;;;8;4;1;0;0;;;;5;13
58051;Licenza;28;7;0;0;0;;;;7;3;0;0;0;;;;3;10
58051;Licenza;29;6;0;0;0;;;;6;5;0;0;0;;;;5;11
58051;Licenza;30;3;1;0;0;;;;4;2;1;0;0;;;;3;7
58051;Licenza;31;8;0;0;0;;;;8;2;1;0;0;;;;3;11
58051;Licenza;32;4;0;0;0;;;;4;5;0;0;0;;;;5;9
58051;Licenza;33;6;1;0;0;;;;7;1;2;0;0;;;;3;10
58051;Licenza;34;7;0;0;0;;;;7;2;1;0;0;;;;3;10
58051;Licenza;35;9;2;0;0;;;;11;0;3;1;0;;;;4;15
58051;Licenza;36;4;1;0;0;;;;5;2;1;0;0;;;;3;8
58051;Licenza;37;5;2;0;0;;;;7;2;2;0;0;;;;4;11
58051;Licenza;38;3;5;0;0;;;;8;1;4;0;0;;;;5;13
58051;Licenza;39;2;2;0;0;;;;4;0;5;0;0;;;;5;9
58051;Licenza;40;1;1;0;0;;;;2;7;3;0;0;;;;10;12
58051;Licenza;41;3;5;0;0;;;;8;2;4;1;0;;;;7;15
58051;Licenza;42;6;3;0;0;;;;9;1;1;0;0;;;;2;11
58051;Licenza;43;3;2;0;0;;;;5;3;6;0;1;;;;10;15
58051;Licenza;44;8;3;0;0;;;;11;1;8;1;0;;;;10;21
58051;Licenza;45;2;1;0;0;;;;3;3;3;1;0;;;;7;10
58051;Licenza;46;5;3;1;0;;;;9;1;3;0;0;;;;4;13
58051;Licenza;47;4;3;0;0;;;;7;2;4;1;0;;;;7;14
58051;Licenza;48;2;4;1;0;;;;7;1;5;1;0;;;;7;14
58051;Licenza;49;2;5;1;0;;;;8;1;3;0;0;;;;4;12
58051;Licenza;50;2;4;1;0;;;;7;4;5;0;0;;;;9;16
58051;Licenza;51;0;7;0;0;;;;7;0;4;0;0;;;;4;11
58051;Licenza;52;0;4;1;0;;;;5;0;1;1;1;;;;3;8
58051;Licenza;53;1;4;0;0;;;;5;1;4;0;0;;;;5;10
58051;Licenza;54;4;2;0;0;;;;6;1;6;1;0;;;;8;14
58051;Licenza;55;2;2;0;0;;;;4;2;0;0;1;;;;3;7
58051;Licenza;56;2;4;0;0;;;;6;1;1;1;1;;;;4;10
58051;Licenza;57;3;9;0;0;;;;12;0;3;0;0;;;;3;15
58051;Licenza;58;2;1;0;0;;;;3;3;3;3;0;;;;9;12
58051;Licenza;59;2;8;0;0;;;;10;2;3;0;0;;;;5;15
58051;Licenza;60;2;9;0;0;;;;11;1;3;0;0;;;;4;15
58051;Licenza;61;1;6;0;0;;;;7;1;4;0;3;;;;8;15
58051;Licenza;62;1;7;0;0;;;;8;2;2;0;1;;;;5;13
58051;Licenza;63;1;8;1;0;;;;10;0;4;1;1;;;;6;16
58051;Licenza;64;2;2;1;1;;;;6;2;12;2;2;;;;18;24
58051;Licenza;65;0;4;1;0;;;;5;1;5;0;0;;;;6;11
58051;Licenza;66;0;6;1;0;;;;7;1;3;1;0;;;;5;12
58051;Licenza;67;3;4;0;0;;;;7;1;5;0;2;;;;8;15
58051;Licenza;68;0;1;2;1;;;;4;0;7;0;1;;;;8;12
58051;Licenza;69;0;3;0;0;;;;3;0;6;1;1;;;;8;11
58051;Licenza;70;0;5;0;0;;;;5;0;3;0;2;;;;5;10
58051;Licenza;71;0;7;0;2;;;;9;0;5;0;1;;;;6;15
58051;Licenza;72;0;8;1;1;;;;10;0;4;3;0;;;;7;17
58051;Licenza;73;1;6;0;0;;;;7;0;0;0;4;;;;4;11
58051;Licenza;74;1;7;0;0;;;;8;1;3;0;0;;;;4;12
58051;Licenza;75;2;3;0;0;;;;5;0;4;1;1;;;;6;11
58051;Licenza;76;0;3;0;0;;;;3;0;2;0;2;;;;4;7
58051;Licenza;77;0;2;1;0;;;;3;0;6;0;1;;;;7;10
58051;Licenza;78;1;2;0;0;;;;3;0;1;0;4;;;;5;8
58051;Licenza;79;0;3;0;2;;;;5;0;2;0;0;;;;2;7
58051;Licenza;80;0;0;0;0;;;;0;1;2;0;0;;;;3;3
58051;Licenza;81;0;0;0;1;;;;1;2;3;1;2;;;;8;9
58051;Licenza;82;1;0;1;0;;;;2;0;2;0;1;;;;3;5
58051;Licenza;83;0;2;0;0;;;;2;2;1;0;1;;;;4;6
58051;Licenza;84;0;2;0;1;;;;3;0;0;0;2;;;;2;5
58051;Licenza;85;0;2;0;0;;;;2;0;1;0;2;;;;3;5
58051;Licenza;86;0;2;0;0;;;;2;1;1;0;2;;;;4;6
58051;Licenza;87;0;2;0;1;;;;3;1;0;0;1;;;;2;5
58051;Licenza;88;0;1;0;0;;;;1;1;2;0;3;;;;6;7
58051;Licenza;89;1;0;0;1;;;;2;0;0;0;3;;;;3;5
58051;Licenza;90;1;1;0;1;;;;3;0;1;1;3;;;;5;8
58051;Licenza;91;0;0;0;1;;;;1;0;1;0;2;;;;3;4
58051;Licenza;92;0;1;0;0;;;;1;0;0;0;1;;;;1;2
58051;Licenza;93;0;0;0;0;;;;0;0;0;0;1;;;;1;1
58051;Licenza;94;0;0;0;0;;;;0;1;0;0;1;;;;2;2
58051;Licenza;95;0;1;0;0;;;;1;0;0;0;1;;;;1;2
58051;Licenza;96;0;0;0;0;;;;0;0;0;0;1;;;;1;1
58051;Licenza;97;0;0;0;0;;;;0;0;0;0;1;;;;1;1
58051;Licenza;98;0;0;0;0;;;;0;0;0;0;0;;;;0;0
58051;Licenza;99;0;0;0;0;;;;0;0;0;0;0;;;;0;0
58051;Licenza;100;0;0;0;0;;;;0;0;0;0;0;;;;0;0
58051;Licenza;999;281;201;14;13;;;;509;174;186;23;58;;;;441;950
58052;Magliano Romano;0;3;0;0;0;;;;3;3;0;0;0;;;;3;6
58052;Magliano Romano;1;1;0;0;0;;;;1;3;0;0;0;;;;3;4
58052;Magliano Romano;2;5;0;0;0;;;;5;1;0;0;0;;;;1;6
58052;Magliano Romano;3;5;0;0;0;;;;5;3;0;0;0;;;;3;8
58052;Magliano Romano;4;3;0;0;0;;;;3;3;0;0;0;;;;3;6
58052;Magliano Romano;5;6;0;0;0;;;;6;10;0;0;0;;;;10;16
58052;Magliano Romano;6;4;0;0;0;;;;4;4;0;0;0;;;;4;8
58052;Magliano Romano;7;5;0;0;0;;;;5;5;0;0;0;;;;5;10
58052;Magliano Romano;8;4;0;0;0;;;;4;2;0;0;0;;;;2;6
58052;Magliano Romano;9;8;0;0;0;;;;8;6;0;0;0;;;;6;14
58052;Magliano Romano;10;4;0;0;0;;;;4;4;0;0;0;;;;4;8
58052;Magliano Romano;11;2;0;0;0;;;;2;6;0;0;0;;;;6;8
58052;Magliano Romano;12;4;0;0;0;;;;4;12;0;0;0;;;;12;16
58052;Magliano Romano;13;5;0;0;0;;;;5;8;0;0;0;;;;8;13
58052;Magliano Romano;14;9;0;0;0;;;;9;3;0;0;0;;;;3;12
58052;Magliano Romano;15;10;0;0;0;;;;10;8;0;0;0;;;;8;18
58052;Magliano Romano;16;6;0;0;0;;;;6;4;0;0;0;;;;4;10
58052;Magliano Romano;17;7;0;0;0;;;;7;8;0;0;0;;;;8;15
58052;Magliano Romano;18;6;0;0;0;;;;6;3;0;0;0;;;;3;9
58052;Magliano Romano;19;10;0;0;0;;;;10;6;0;0;0;;;;6;16
58052;Magliano Romano;20;9;0;0;0;;;;9;7;0;0;0;;;;7;16
58052;Magliano Romano;21;7;0;0;0;;;;7;4;0;0;0;;;;4;11
58052;Magliano Romano;22;10;0;0;0;;;;10;3;0;0;0;;;;3;13
58052;Magliano Romano;23;9;0;1;0;;;;10;6;0;0;0;;;;6;16
58052;Magliano Romano;24;7;0;0;0;;;;7;10;0;0;0;;;;10;17
58052;Magliano Romano;25;5;0;0;0;;;;5;6;0;0;0;;;;6;11
58052;Magliano Romano;26;10;0;0;0;;;;10;1;0;0;0;;;;1;11
58052;Magliano Romano;27;6;0;0;0;;;;6;5;0;1;0;;;;6;12
58052;Magliano Romano;28;6;0;0;0;;;;6;8;1;0;0;;;;9;15
58052;Magliano Romano;29;9;0;0;0;;;;9;3;0;0;0;;;;3;12
58052;Magliano Romano;30;13;1;0;0;;;;14;7;1;0;0;;;;8;22
58052;Magliano Romano;31;4;0;0;0;;;;4;2;2;0;0;;;;4;8
58052;Magliano Romano;32;9;3;0;0;;;;12;4;3;1;0;;;;8;20
58052;Magliano Romano;33;6;3;0;0;;;;9;5;3;0;0;;;;8;17
58052;Magliano Romano;34;9;2;0;0;;;;11;6;3;0;0;;;;9;20
58052;Magliano Romano;35;6;1;0;0;;;;7;5;3;0;0;;;;8;15
58052;Magliano Romano;36;5;2;0;0;;;;7;10;2;0;0;;;;12;19
58052;Magliano Romano;37;2;5;0;0;;;;7;2;5;0;0;;;;7;14
58052;Magliano Romano;38;7;1;0;1;;;;9;5;3;1;0;;;;9;18
58052;Magliano Romano;39;5;0;1;0;;;;6;3;4;0;0;;;;7;13
58052;Magliano Romano;40;5;2;0;1;;;;8;1;4;0;0;;;;5;13
58052;Magliano Romano;41;8;3;0;0;;;;11;1;2;0;0;;;;3;14
58052;Magliano Romano;42;4;2;1;0;;;;7;2;4;0;0;;;;6;13
58052;Magliano Romano;43;3;3;1;0;;;;7;4;10;1;1;;;;16;23
58052;Magliano Romano;44;5;6;1;0;;;;12;2;5;0;0;;;;7;19
58052;Magliano Romano;45;5;3;1;0;;;;9;5;5;0;1;;;;11;20
58052;Magliano Romano;46;3;5;0;0;;;;8;4;2;0;0;;;;6;14
58052;Magliano Romano;47;3;6;1;0;;;;10;4;6;1;0;;;;11;21
58052;Magliano Romano;48;3;10;0;0;;;;13;8;7;2;0;;;;17;30
58052;Magliano Romano;49;7;3;0;0;;;;10;4;6;1;0;;;;11;21
58052;Magliano Romano;50;4;4;1;0;;;;9;2;6;1;1;;;;10;19
58052;Magliano Romano;51;0;6;1;0;;;;7;0;9;0;0;;;;9;16
58052;Magliano Romano;52;5;5;1;1;;;;12;2;5;2;0;;;;9;21
58052;Magliano Romano;53;2;10;0;1;;;;13;2;11;0;1;;;;14;27
58052;Magliano Romano;54;1;5;0;0;;;;6;0;8;3;0;;;;11;17
58052;Magliano Romano;55;3;10;1;0;;;;14;4;8;1;0;;;;13;27
58052;Magliano Romano;56;4;6;1;1;;;;12;0;12;0;0;;;;12;24
58052;Magliano Romano;57;2;15;1;1;;;;19;2;9;0;1;;;;12;31
58052;Magliano Romano;58;2;14;1;1;;;;18;1;7;2;1;;;;11;29
58052;Magliano Romano;59;2;11;0;0;;;;13;0;7;1;2;;;;10;23
58052;Magliano Romano;60;2;9;2;0;;;;13;1;8;0;1;;;;10;23
58052;Magliano Romano;61;1;6;1;0;;;;8;0;9;0;4;;;;13;21
58052;Magliano Romano;62;3;8;0;0;;;;11;0;8;1;2;;;;11;22
58052;Magliano Romano;63;0;11;3;0;;;;14;1;8;0;0;;;;9;23
58052;Magliano Romano;64;2;7;0;0;;;;9;0;7;0;2;;;;9;18
58052;Magliano Romano;65;2;8;1;0;;;;11;0;14;0;5;;;;19;30
58052;Magliano Romano;66;0;8;1;0;;;;9;0;5;1;0;;;;6;15
58052;Magliano Romano;67;2;9;2;0;;;;13;2;6;2;0;;;;10;23
58052;Magliano Romano;68;0;8;0;1;;;;9;1;6;0;3;;;;10;19
58052;Magliano Romano;69;0;8;0;0;;;;8;2;6;0;1;;;;9;17
58052;Magliano Romano;70;2;12;0;0;;;;14;0;4;0;5;;;;9;23
58052;Magliano Romano;71;0;7;0;1;;;;8;1;6;1;0;;;;8;16
58052;Magliano Romano;72;1;3;0;1;;;;5;1;4;0;3;;;;8;13
58052;Magliano Romano;73;2;5;1;0;;;;8;1;0;0;2;;;;3;11
58052;Magliano Romano;74;1;9;0;0;;;;10;0;5;2;3;;;;10;20
58052;Magliano Romano;75;0;4;0;0;;;;4;0;6;0;2;;;;8;12
58052;Magliano Romano;76;1;9;0;0;;;;10;1;6;0;2;;;;9;19
58052;Magliano Romano;77;1;4;0;1;;;;6;1;3;0;2;;;;6;12
58052;Magliano Romano;78;0;7;0;0;;;;7;1;4;0;2;;;;7;14
58052;Magliano Romano;79;0;4;0;0;;;;4;2;3;0;2;;;;7;11
58052;Magliano Romano;80;1;1;0;0;;;;2;1;2;0;1;;;;4;6
58052;Magliano Romano;81;0;3;0;0;;;;3;0;2;0;3;;;;5;8
58052;Magliano Romano;82;0;2;0;0;;;;2;0;0;0;2;;;;2;4
58052;Magliano Romano;83;1;1;0;1;;;;3;0;1;0;2;;;;3;6
58052;Magliano Romano;84;1;4;1;1;;;;7;0;3;0;2;;;;5;12
58052;Magliano Romano;85;0;2;0;1;;;;3;1;0;0;0;;;;1;4
58052;Magliano Romano;86;0;4;0;2;;;;6;0;0;0;2;;;;2;8
58052;Magliano Romano;87;0;0;0;0;;;;0;0;0;0;3;;;;3;3
58052;Magliano Romano;88;0;0;0;0;;;;0;0;1;1;1;;;;3;3
58052;Magliano Romano;89;0;0;0;1;;;;1;0;0;0;0;;;;0;1
58052;Magliano Romano;90;0;0;0;1;;;;1;0;0;0;3;;;;3;4
58052;Magliano Romano;91;0;0;0;1;;;;1;0;0;0;2;;;;2;3
58052;Magliano Romano;92;0;0;0;1;;;;1;0;0;0;2;;;;2;3
58052;Magliano Romano;93;0;0;0;0;;;;0;0;0;0;0;;;;0;0
58052;Magliano Romano;94;0;0;0;0;;;;0;0;0;0;3;;;;3;3
58052;Magliano Romano;95;0;0;0;0;;;;0;0;0;0;1;;;;1;1
58052;Magliano Romano;96;0;0;0;1;;;;1;0;0;0;0;;;;0;1
58052;Magliano Romano;97;0;0;0;0;;;;0;0;0;0;0;;;;0;0
58052;Magliano Romano;98;0;0;0;0;;;;0;0;0;0;0;;;;0;0
58052;Magliano Romano;99;0;0;0;0;;;;0;0;0;0;0;;;;0;0
58052;Magliano Romano;100;0;0;0;0;;;;0;0;0;0;0;;;;0;0
58052;Magliano Romano;999;345;310;26;21;;;;702;269;290;26;76;;;;661;1363
58053;Mandela;0;4;0;0;0;;;;4;4;0;0;0;;;;4;8
58053;Mandela;1;3;0;0;0;;;;3;3;0;0;0;;;;3;6
58053;Mandela;2;4;0;0;0;;;;4;0;0;0;0;;;;0;4
58053;Mandela;3;6;0;0;0;;;;6;4;0;0;0;;;;4;10
58053;Mandela;4;3;0;0;0;;;;3;3;0;0;0;;;;3;6
58053;Mandela;5;1;0;0;0;;;;1;0;0;0;0;;;;0;1
58053;Mandela;6;4;0;0;0;;;;4;3;0;0;0;;;;3;7
58053;Mandela;7;3;0;0;0;;;;3;4;0;0;0;;;;4;7
58053;Mandela;8;2;0;0;0;;;;2;0;0;0;0;;;;0;2
58053;Mandela;9;3;0;0;0;;;;3;3;0;0;0;;;;3;6
58053;Mandela;10;3;0;0;0;;;;3;1;0;0;0;;;;1;4
58053;Mandela;11;4;0;0;0;;;;4;2;0;0;0;;;;2;6
58053;Mandela;12;4;0;0;0;;;;4;6;0;0;0;;;;6;10
58053;Mandela;13;3;0;0;0;;;;3;4;0;0;0;;;;4;7
58053;Mandela;14;7;0;0;0;;;;7;3;0;0;0;;;;3;10
58053;Mandela;15;5;0;0;0;;;;5;8;0;0;0;;;;8;13
58053;Mandela;16;2;0;0;0;;;;2;5;0;0;0;;;;5;7
58053;Mandela;17;2;0;0;0;;;;2;11;0;0;0;;;;11;13
58053;Mandela;18;9;0;0;0;;;;9;3;0;0;0;;;;3;12
58053;Mandela;19;1;0;0;0;;;;1;6;0;0;0;;;;6;7
58053;Mandela;20;2;0;0;0;;;;2;5;0;0;0;;;;5;7
58053;Mandela;21;4;0;0;0;;;;4;4;0;0;0;;;;4;8
58053;Mandela;22;7;0;0;0;;;;7;3;0;0;0;;;;3;10
58053;Mandela;23;6;0;0;0;;;;6;7;0;0;0;;;;7;13
58053;Mandela;24;6;0;0;0;;;;6;6;0;0;0;;;;6;12
58053;Mandela;25;4;0;0;0;;;;4;9;0;0;0;;;;9;13
58053;Mandela;26;7;0;0;0;;;;7;4;0;0;0;;;;4;11
58053;Mandela;27;7;0;0;0;;;;7;2;0;0;0;;;;2;9
58053;Mandela;28;3;0;0;0;;;;3;7;1;0;0;;;;8;11
58053;Mandela;29;4;0;0;0;;;;4;2;0;0;0;;;;2;6
58053;Mandela;30;3;0;0;0;;;;3;3;0;0;0;;;;3;6
58053;Mandela;31;3;0;0;0;;;;3;2;0;0;0;;;;2;5
58053;Mandela;32;4;0;0;0;;;;4;3;2;0;0;;;;5;9
58053;Mandela;33;5;0;0;0;;;;5;1;1;0;0;;;;2;7
58053;Mandela;34;2;1;0;0;;;;3;4;1;0;0;;;;5;8
58053;Mandela;35;2;1;0;0;;;;3;3;2;0;0;;;;5;8
58053;Mandela;36;2;1;0;0;;;;3;3;0;0;0;;;;3;6
58053;Mandela;37;4;3;0;0;;;;7;4;1;1;0;;;;6;13
58053;Mandela;38;4;1;0;0;;;;5;0;2;0;0;;;;2;7
58053;Mandela;39;5;1;0;0;;;;6;5;2;0;0;;;;7;13
58053;Mandela;40;4;3;0;0;;;;7;6;2;0;0;;;;8;15
58053;Mandela;41;3;1;0;0;;;;4;2;1;0;0;;;;3;7
58053;Mandela;42;6;1;0;0;;;;7;1;2;1;0;;;;4;11
58053;Mandela;43;6;4;0;0;;;;10;1;4;0;0;;;;5;15
58053;Mandela;44;6;3;0;0;;;;9;4;4;0;0;;;;8;17
58053;Mandela;45;2;3;0;0;;;;5;2;4;0;0;;;;6;11
58053;Mandela;46;2;1;0;0;;;;3;0;4;0;0;;;;4;7
58053;Mandela;47;3;2;0;0;;;;5;0;6;0;0;;;;6;11
58053;Mandela;48;5;4;0;0;;;;9;1;6;0;0;;;;7;16
58053;Mandela;49;4;6;0;0;;;;10;1;3;1;0;;;;5;15
58053;Mandela;50;0;4;0;0;;;;4;2;4;0;0;;;;6;10
58053;Mandela;51;5;3;2;0;;;;10;3;7;0;1;;;;11;21
58053;Mandela;52;4;8;0;0;;;;12;2;3;0;0;;;;5;17
58053;Mandela;53;1;5;0;0;;;;6;2;4;1;0;;;;7;13
58053;Mandela;54;3;5;0;0;;;;8;1;7;0;0;;;;8;16
58053;Mandela;55;1;6;0;0;;;;7;2;3;1;0;;;;6;13
58053;Mandela;56;2;4;0;0;;;;6;0;6;0;0;;;;6;12
58053;Mandela;57;0;7;0;0;;;;7;3;8;1;0;;;;12;19
58053;Mandela;58;2;7;0;0;;;;9;0;7;0;0;;;;7;16
58053;Mandela;59;2;9;0;0;;;;11;0;3;0;0;;;;3;14
58053;Mandela;60;2;10;0;0;;;;12;1;7;0;0;;;;8;20
58053;Mandela;61;0;2;0;0;;;;2;0;5;0;1;;;;6;8
58053;Mandela;62;0;5;2;0;;;;7;1;5;0;0;;;;6;13
58053;Mandela;63;1;3;0;0;;;;4;0;3;1;2;;;;6;10
58053;Mandela;64;1;7;0;0;;;;8;2;10;0;0;;;;12;20
58053;Mandela;65;0;4;0;0;;;;4;0;6;0;0;;;;6;10
58053;Mandela;66;0;9;0;0;;;;9;0;5;1;0;;;;6;15
58053;Mandela;67;0;9;0;1;;;;10;1;7;0;0;;;;8;18
58053;Mandela;68;1;6;0;0;;;;7;0;2;0;2;;;;4;11
58053;Mandela;69;1;5;0;0;;;;6;1;11;0;1;;;;13;19
58053;Mandela;70;0;5;0;0;;;;5;1;4;0;3;;;;8;13
58053;Mandela;71;1;4;0;0;;;;5;0;3;0;0;;;;3;8
58053;Mandela;72;0;5;0;0;;;;5;0;3;1;0;;;;4;9
58053;Mandela;73;0;7;0;1;;;;8;0;2;0;0;;;;2;10
58053;Mandela;74;0;3;0;0;;;;3;0;3;0;0;;;;3;6
58053;Mandela;75;1;3;0;0;;;;4;2;4;0;1;;;;7;11
58053;Mandela;76;1;4;0;1;;;;6;2;2;0;2;;;;6;12
58053;Mandela;77;0;1;0;1;;;;2;1;0;0;1;;;;2;4
58053;Mandela;78;0;5;0;0;;;;5;0;4;0;1;;;;5;10
58053;Mandela;79;0;3;1;0;;;;4;0;2;0;1;;;;3;7
58053;Mandela;80;0;4;0;0;;;;4;0;0;0;4;;;;4;8
58053;Mandela;81;0;3;0;1;;;;4;0;1;0;2;;;;3;7
58053;Mandela;82;0;0;1;0;;;;1;0;1;0;3;;;;4;5
58053;Mandela;83;0;2;0;1;;;;3;0;2;0;3;;;;5;8
58053;Mandela;84;0;6;0;0;;;;6;0;1;0;4;;;;5;11
58053;Mandela;85;0;1;0;1;;;;2;0;0;0;2;;;;2;4
58053;Mandela;86;0;1;0;0;;;;1;0;0;0;1;;;;1;2
58053;Mandela;87;0;2;0;0;;;;2;0;1;0;5;;;;6;8
58053;Mandela;88;0;0;0;1;;;;1;0;0;0;2;;;;2;3
58053;Mandela;89;0;0;0;0;;;;0;0;0;0;2;;;;2;2
58053;Mandela;90;0;0;0;1;;;;1;1;0;0;1;;;;2;3
58053;Mandela;91;0;1;0;0;;;;1;0;0;0;1;;;;1;2
58053;Mandela;92;0;0;0;0;;;;0;0;0;0;1;;;;1;1
58053;Mandela;93;0;0;0;0;;;;0;0;0;0;0;;;;0;0
58053;Mandela;94;0;0;0;0;;;;0;0;0;0;1;;;;1;1
58053;Mandela;95;0;0;0;0;;;;0;0;0;0;0;;;;0;0
58053;Mandela;96;0;0;0;1;;;;1;0;0;0;1;;;;1;2
58053;Mandela;97;0;0;0;1;;;;1;0;0;0;0;;;;0;1
58053;Mandela;98;0;0;0;0;;;;0;0;0;0;0;;;;0;0
58053;Mandela;99;0;0;0;0;;;;0;0;0;0;0;;;;0;0
58053;Mandela;100;0;0;0;1;;;;1;0;0;0;0;;;;0;1
58053;Mandela;999;227;214;6;12;;;;459;196;194;9;49;;;;448;907
58054;Manziana;0;16;0;0;0;;;;16;14;0;0;0;;;;14;30
58054;Manziana;1;32;0;0;0;;;;32;14;0;0;0;;;;14;46
58054;Manziana;2;26;0;0;0;;;;26;23;0;0;0;;;;23;49
58054;Manziana;3;16;0;0;0;;;;16;17;0;0;0;;;;17;33
58054;Manziana;4;21;0;0;0;;;;21;25;0;0;0;;;;25;46
58054;Manziana;5;33;0;0;0;;;;33;21;0;0;0;;;;21;54
58054;Manziana;6;27;0;0;0;;;;27;28;0;0;0;;;;28;55
58054;Manziana;7;32;0;0;0;;;;32;28;0;0;0;;;;28;60
58054;Manziana;8;43;0;0;0;;;;43;32;0;0;0;;;;32;75
58054;Manziana;9;33;0;0;0;;;;33;30;0;0;0;;;;30;63
58054;Manziana;10;42;0;0;0;;;;42;30;0;0;0;;;;30;72
58054;Manziana;11;37;0;0;0;;;;37;37;0;0;0;;;;37;74
58054;Manziana;12;31;0;0;0;;;;31;38;0;0;0;;;;38;69
58054;Manziana;13;30;0;0;0;;;;30;28;0;0;0;;;;28;58
58054;Manziana;14;26;0;0;0;;;;26;34;0;0;0;;;;34;60
58054;Manziana;15;37;0;0;0;;;;37;40;0;0;0;;;;40;77
58054;Manziana;16;36;0;0;0;;;;36;31;0;0;0;;;;31;67
58054;Manziana;17;27;0;0;0;;;;27;34;0;0;0;;;;34;61
58054;Manziana;18;47;0;0;0;;;;47;34;0;0;0;;;;34;81
58054;Manziana;19;36;0;0;0;;;;36;42;0;0;0;;;;42;78
58054;Manziana;20;47;0;0;0;;;;47;38;0;0;0;;;;38;85
58054;Manziana;21;28;0;0;0;;;;28;45;0;0;0;;;;45;73
58054;Manziana;22;42;0;0;0;;;;42;44;1;0;0;;;;45;87
58054;Manziana;23;41;0;0;0;;;;41;29;0;0;0;;;;29;70
58054;Manziana;24;46;0;0;0;;;;46;33;1;0;0;;;;34;80
58054;Manziana;25;41;0;0;0;;;;41;33;2;0;0;;;;35;76
58054;Manziana;26;19;0;0;0;;;;19;30;1;0;0;;;;31;50
58054;Manziana;27;37;1;0;0;;;;38;34;3;0;0;;;;37;75
58054;Manziana;28;37;2;0;0;;;;39;34;0;0;0;;;;34;73
58054;Manziana;29;29;2;0;0;;;;31;22;2;0;0;;;;24;55
58054;Manziana;30;35;3;0;0;;;;38;33;10;1;0;;;;44;82
58054;Manziana;31;34;5;0;0;;;;39;27;11;0;0;;;;38;77
58054;Manziana;32;30;7;0;0;;;;37;9;9;0;0;;;;18;55
58054;Manziana;33;34;4;0;0;;;;38;40;15;0;0;;;;55;93
58054;Manziana;34;26;8;0;0;;;;34;15;19;0;0;;;;34;68
58054;Manziana;35;21;11;0;0;;;;32;22;19;0;0;;;;41;73
58054;Manziana;36;23;13;1;0;;;;37;15;20;0;0;;;;35;72
58054;Manziana;37;21;10;0;0;;;;31;14;16;4;1;;;;35;66
58054;Manziana;38;27;14;0;0;;;;41;20;21;0;0;;;;41;82
58054;Manziana;39;23;14;0;0;;;;37;23;24;0;0;;;;47;84
58054;Manziana;40;25;21;0;0;;;;46;16;14;1;0;;;;31;77
58054;Manziana;41;14;23;0;0;;;;37;14;30;2;0;;;;46;83
58054;Manziana;42;14;27;4;0;;;;45;11;35;3;0;;;;49;94
58054;Manziana;43;25;33;1;0;;;;59;21;37;1;1;;;;60;119
58054;Manziana;44;24;21;2;0;;;;47;25;28;5;0;;;;58;105
58054;Manziana;45;17;22;0;0;;;;39;18;29;5;0;;;;52;91
58054;Manziana;46;25;29;2;2;;;;58;6;35;4;1;;;;46;104
58054;Manziana;47;15;28;3;0;;;;46;20;44;4;1;;;;69;115
58054;Manziana;48;19;34;5;0;;;;58;15;42;4;2;;;;63;121
58054;Manziana;49;21;38;3;0;;;;62;19;43;7;3;;;;72;134
58054;Manziana;50;16;37;3;0;;;;56;20;46;3;1;;;;70;126
58054;Manziana;51;17;31;3;1;;;;52;17;47;8;0;;;;72;124
58054;Manziana;52;13;54;1;0;;;;68;16;49;5;1;;;;71;139
58054;Manziana;53;13;53;8;2;;;;76;14;37;5;2;;;;58;134
58054;Manziana;54;17;43;4;0;;;;64;17;43;7;1;;;;68;132
58054;Manziana;55;14;39;5;1;;;;59;13;51;7;0;;;;71;130
58054;Manziana;56;21;44;7;0;;;;72;9;52;5;0;;;;66;138
58054;Manziana;57;16;56;10;1;;;;83;7;44;5;5;;;;61;144
58054;Manziana;58;16;48;9;1;;;;74;7;42;6;4;;;;59;133
58054;Manziana;59;15;44;5;0;;;;64;13;47;9;1;;;;70;134
58054;Manziana;60;5;35;13;2;;;;55;6;53;11;5;;;;75;130
58054;Manziana;61;7;48;6;2;;;;63;9;42;9;2;;;;62;125
58054;Manziana;62;4;45;7;0;;;;56;5;46;5;4;;;;60;116
58054;Manziana;63;10;40;6;0;;;;56;5;49;5;2;;;;61;117
58054;Manziana;64;9;42;4;2;;;;57;9;39;10;3;;;;61;118
58054;Manziana;65;8;44;4;2;;;;58;7;39;5;5;;;;56;114
58054;Manziana;66;4;45;5;2;;;;56;3;34;11;6;;;;54;110
58054;Manziana;67;7;48;7;2;;;;64;5;43;6;3;;;;57;121
58054;Manziana;68;5;49;0;5;;;;59;3;36;9;12;;;;60;119
58054;Manziana;69;5;35;2;3;;;;45;15;37;5;7;;;;64;109
58054;Manziana;70;6;32;4;3;;;;45;3;33;4;8;;;;48;93
58054;Manziana;71;7;32;6;7;;;;52;2;36;2;3;;;;43;95
58054;Manziana;72;4;34;2;2;;;;42;7;32;3;8;;;;50;92
58054;Manziana;73;2;35;4;2;;;;43;7;26;6;8;;;;47;90
58054;Manziana;74;5;35;3;6;;;;49;0;34;5;9;;;;48;97
58054;Manziana;75;2;29;2;3;;;;36;3;32;6;11;;;;52;88
58054;Manziana;76;1;34;3;3;;;;41;3;25;2;12;;;;42;83
58054;Manziana;77;1;30;3;8;;;;42;1;18;4;20;;;;43;85
58054;Manziana;78;4;40;1;5;;;;50;4;24;4;10;;;;42;92
58054;Manziana;79;1;20;2;4;;;;27;2;15;0;17;;;;34;61
58054;Manziana;80;2;19;1;2;;;;24;4;24;2;18;;;;48;72
58054;Manziana;81;2;26;1;1;;;;30;3;15;3;24;;;;45;75
58054;Manziana;82;3;22;1;5;;;;31;1;6;2;15;;;;24;55
58054;Manziana;83;1;21;2;1;;;;25;2;4;2;17;;;;25;50
58054;Manziana;84;1;21;1;3;;;;26;3;8;3;21;;;;35;61
58054;Manziana;85;0;9;1;7;;;;17;1;13;1;20;;;;35;52
58054;Manziana;86;2;17;1;3;;;;23;2;5;0;14;;;;21;44
58054;Manziana;87;0;9;1;5;;;;15;2;7;0;17;;;;26;41
58054;Manziana;88;0;10;0;5;;;;15;3;4;1;11;;;;19;34
58054;Manziana;89;0;6;0;1;;;;7;3;5;2;13;;;;23;30
58054;Manziana;90;1;5;0;4;;;;10;0;2;0;8;;;;10;20
58054;Manziana;91;0;8;0;3;;;;11;1;0;2;13;;;;16;27
58054;Manziana;92;0;5;0;0;;;;5;0;2;0;6;;;;8;13
58054;Manziana;93;0;2;0;1;;;;3;2;1;1;6;;;;10;13
58054;Manziana;94;0;1;0;2;;;;3;1;2;1;4;;;;8;11
58054;Manziana;95;0;1;0;0;;;;1;1;0;0;7;;;;8;9
58054;Manziana;96;0;0;0;0;;;;0;0;2;0;6;;;;8;8
58054;Manziana;97;0;1;0;1;;;;2;1;0;0;5;;;;6;8
58054;Manziana;98;0;0;0;0;;;;0;0;0;0;0;;;;0;0
58054;Manziana;99;0;1;0;0;;;;1;1;0;0;2;;;;3;4
58054;Manziana;100;0;0;0;0;;;;0;1;0;0;2;;;;3;3
58054;Manziana;999;1735;1755;169;115;;;;3774;1569;1762;233;408;;;;3972;7746
58055;Marano Equo;0;1;0;0;0;;;;1;4;0;0;0;;;;4;5
58055;Marano Equo;1;7;0;0;0;;;;7;4;0;0;0;;;;4;11
58055;Marano Equo;2;2;0;0;0;;;;2;2;0;0;0;;;;2;4
58055;Marano Equo;3;0;0;0;0;;;;0;1;0;0;0;;;;1;1
58055;Marano Equo;4;0;0;0;0;;;;0;2;0;0;0;;;;2;2
58055;Marano Equo;5;5;0;0;0;;;;5;3;0;0;0;;;;3;8
58055;Marano Equo;6;2;0;0;0;;;;2;2;0;0;0;;;;2;4
58055;Marano Equo;7;2;0;0;0;;;;2;3;0;0;0;;;;3;5
58055;Marano Equo;8;4;0;0;0;;;;4;5;0;0;0;;;;5;9
58055;Marano Equo;9;2;0;0;0;;;;2;5;0;0;0;;;;5;7
58055;Marano Equo;10;6;0;0;0;;;;6;8;0;0;0;;;;8;14
58055;Marano Equo;11;2;0;0;0;;;;2;2;0;0;0;;;;2;4
58055;Marano Equo;12;4;0;0;0;;;;4;4;0;0;0;;;;4;8
58055;Marano Equo;13;4;0;0;0;;;;4;2;0;0;0;;;;2;6
58055;Marano Equo;14;4;0;0;0;;;;4;4;0;0;0;;;;4;8
58055;Marano Equo;15;3;0;0;0;;;;3;2;0;0;0;;;;2;5
58055;Marano Equo;16;4;0;0;0;;;;4;2;0;0;0;;;;2;6
58055;Marano Equo;17;1;0;0;0;;;;1;1;0;0;0;;;;1;2
58055;Marano Equo;18;4;0;0;0;;;;4;4;0;0;0;;;;4;8
58055;Marano Equo;19;2;0;0;0;;;;2;6;0;0;0;;;;6;8
58055;Marano Equo;20;6;0;0;0;;;;6;4;1;0;0;;;;5;11
58055;Marano Equo;21;3;0;0;0;;;;3;1;0;0;0;;;;1;4
58055;Marano Equo;22;3;0;0;0;;;;3;6;0;0;0;;;;6;9
58055;Marano Equo;23;3;0;0;0;;;;3;1;0;0;0;;;;1;4
58055;Marano Equo;24;6;0;0;0;;;;6;2;0;0;0;;;;2;8
58055;Marano Equo;25;6;0;0;0;;;;6;1;0;0;0;;;;1;7
58055;Marano Equo;26;2;1;0;0;;;;3;1;0;0;0;;;;1;4
58055;Marano Equo;27;1;0;0;0;;;;1;2;0;0;0;;;;2;3
58055;Marano Equo;28;0;0;0;0;;;;0;1;1;0;0;;;;2;2
58055;Marano Equo;29;2;0;0;0;;;;2;4;0;0;0;;;;4;6
58055;Marano Equo;30;6;0;0;0;;;;6;1;0;0;0;;;;1;7
58055;Marano Equo;31;3;2;0;0;;;;5;3;0;0;0;;;;3;8
58055;Marano Equo;32;1;0;0;0;;;;1;3;0;0;0;;;;3;4
58055;Marano Equo;33;8;0;0;0;;;;8;3;1;0;0;;;;4;12
58055;Marano Equo;34;3;0;0;0;;;;3;1;2;0;0;;;;3;6
58055;Marano Equo;35;8;1;0;0;;;;9;3;2;0;0;;;;5;14
58055;Marano Equo;36;4;1;0;0;;;;5;3;1;0;0;;;;4;9
58055;Marano Equo;37;4;1;0;0;;;;5;4;0;0;0;;;;4;9
58055;Marano Equo;38;4;1;0;0;;;;5;3;0;0;0;;;;3;8
58055;Marano Equo;39;6;1;0;0;;;;7;2;1;0;0;;;;3;10
58055;Marano Equo;40;2;1;0;0;;;;3;1;0;0;0;;;;1;4
58055;Marano Equo;41;5;0;0;0;;;;5;2;2;0;0;;;;4;9
58055;Marano Equo;42;0;2;0;0;;;;2;1;3;0;0;;;;4;6
58055;Marano Equo;43;1;1;0;0;;;;2;1;2;0;0;;;;3;5
58055;Marano Equo;44;2;5;0;0;;;;7;2;6;0;0;;;;8;15
58055;Marano Equo;45;2;1;0;0;;;;3;0;2;1;0;;;;3;6
58055;Marano Equo;46;3;0;0;0;;;;3;0;3;0;0;;;;3;6
58055;Marano Equo;47;4;5;1;0;;;;10;0;6;0;0;;;;6;16
58055;Marano Equo;48;3;4;0;0;;;;7;1;3;1;0;;;;5;12
58055;Marano Equo;49;1;4;0;0;;;;5;2;8;0;0;;;;10;15
58055;Marano Equo;50;1;7;0;0;;;;8;1;7;1;0;;;;9;17
58055;Marano Equo;51;1;6;0;0;;;;7;2;3;1;0;;;;6;13
58055;Marano Equo;52;1;4;0;0;;;;5;0;7;1;0;;;;8;13
58055;Marano Equo;53;0;4;0;1;;;;5;0;2;0;0;;;;2;7
58055;Marano Equo;54;1;5;0;0;;;;6;0;5;0;0;;;;5;11
58055;Marano Equo;55;1;5;0;0;;;;6;1;2;0;1;;;;4;10
58055;Marano Equo;56;2;6;0;0;;;;8;0;3;0;1;;;;4;12
58055;Marano Equo;57;0;4;0;0;;;;4;0;4;0;0;;;;4;8
58055;Marano Equo;58;2;3;1;0;;;;6;1;5;0;1;;;;7;13
58055;Marano Equo;59;2;6;1;0;;;;9;1;2;0;0;;;;3;12
58055;Marano Equo;60;2;7;1;0;;;;10;1;4;0;1;;;;6;16
58055;Marano Equo;61;0;2;0;0;;;;2;0;6;1;0;;;;7;9
58055;Marano Equo;62;0;5;2;0;;;;7;0;3;0;0;;;;3;10
58055;Marano Equo;63;1;6;0;0;;;;7;0;4;0;0;;;;4;11
58055;Marano Equo;64;1;3;0;0;;;;4;0;5;0;1;;;;6;10
58055;Marano Equo;65;0;7;0;0;;;;7;2;4;0;2;;;;8;15
58055;Marano Equo;66;0;5;1;0;;;;6;1;6;0;0;;;;7;13
58055;Marano Equo;67;0;3;0;0;;;;3;1;2;2;0;;;;5;8
58055;Marano Equo;68;0;4;0;0;;;;4;1;5;0;1;;;;7;11
58055;Marano Equo;69;0;2;0;1;;;;3;0;1;0;0;;;;1;4
58055;Marano Equo;70;2;3;0;0;;;;5;1;5;0;0;;;;6;11
58055;Marano Equo;71;0;4;0;0;;;;4;0;3;0;0;;;;3;7
58055;Marano Equo;72;0;5;0;0;;;;5;1;3;0;0;;;;4;9
58055;Marano Equo;73;0;4;0;0;;;;4;0;4;0;7;;;;11;15
58055;Marano Equo;74;0;2;1;0;;;;3;0;2;1;1;;;;4;7
58055;Marano Equo;75;0;6;0;0;;;;6;1;1;0;2;;;;4;10
58055;Marano Equo;76;2;4;0;0;;;;6;0;7;1;2;;;;10;16
58055;Marano Equo;77;0;9;0;0;;;;9;0;4;0;1;;;;5;14
58055;Marano Equo;78;1;3;0;0;;;;4;1;1;0;1;;;;3;7
58055;Marano Equo;79;0;0;0;0;;;;0;0;1;0;1;;;;2;2
58055;Marano Equo;80;0;2;0;0;;;;2;0;1;0;0;;;;1;3
58055;Marano Equo;81;1;1;0;1;;;;3;0;1;1;2;;;;4;7
58055;Marano Equo;82;0;3;0;0;;;;3;0;1;0;3;;;;4;7
58055;Marano Equo;83;1;3;0;0;;;;4;0;1;0;1;;;;2;6
58055;Marano Equo;84;0;0;0;1;;;;1;0;1;0;3;;;;4;5
58055;Marano Equo;85;0;5;0;1;;;;6;0;1;0;2;;;;3;9
58055;Marano Equo;86;0;0;0;1;;;;1;0;3;0;3;;;;6;7
58055;Marano Equo;87;1;2;0;1;;;;4;2;1;0;1;;;;4;8
58055;Marano Equo;88;0;1;0;0;;;;1;0;0;0;3;;;;3;4
58055;Marano Equo;89;0;0;0;1;;;;1;0;1;0;2;;;;3;4
58055;Marano Equo;90;0;2;0;0;;;;2;0;0;0;2;;;;2;4
58055;Marano Equo;91;0;1;0;0;;;;1;0;0;0;1;;;;1;2
58055;Marano Equo;92;0;1;0;0;;;;1;0;0;0;5;;;;5;6
58055;Marano Equo;93;0;0;0;0;;;;0;0;2;0;1;;;;3;3
58055;Marano Equo;94;1;1;0;0;;;;2;0;0;0;1;;;;1;3
58055;Marano Equo;95;1;0;0;0;;;;1;0;0;0;1;;;;1;2
58055;Marano Equo;96;0;0;0;0;;;;0;1;0;0;1;;;;2;2
58055;Marano Equo;97;0;0;0;0;;;;0;0;0;0;0;;;;0;0
58055;Marano Equo;98;0;0;0;0;;;;0;0;0;0;0;;;;0;0
58055;Marano Equo;99;0;0;0;0;;;;0;0;0;0;0;;;;0;0
58055;Marano Equo;100;0;0;0;1;;;;1;0;0;0;0;;;;0;1
58055;Marano Equo;999;186;187;8;9;;;;390;144;168;11;55;;;;378;768
58056;Marcellina;0;24;0;0;0;;;;24;22;0;0;0;;;;22;46
58056;Marcellina;1;28;0;0;0;;;;28;16;0;0;0;;;;16;44
58056;Marcellina;2;33;0;0;0;;;;33;27;0;0;0;;;;27;60
58056;Marcellina;3;38;0;0;0;;;;38;32;0;0;0;;;;32;70
58056;Marcellina;4;34;0;0;0;;;;34;31;0;0;0;;;;31;65
58056;Marcellina;5;42;0;0;0;;;;42;25;0;0;0;;;;25;67
58056;Marcellina;6;35;0;0;0;;;;35;34;0;0;0;;;;34;69
58056;Marcellina;7;35;0;0;0;;;;35;32;0;0;0;;;;32;67
58056;Marcellina;8;33;0;0;0;;;;33;29;0;0;0;;;;29;62
58056;Marcellina;9;35;0;0;0;;;;35;37;0;0;0;;;;37;72
58056;Marcellina;10;36;0;0;0;;;;36;34;0;0;0;;;;34;70
58056;Marcellina;11;33;0;0;0;;;;33;33;0;0;0;;;;33;66
58056;Marcellina;12;44;0;0;0;;;;44;30;0;0;0;;;;30;74
58056;Marcellina;13;42;0;0;0;;;;42;29;0;0;0;;;;29;71
58056;Marcellina;14;40;0;0;0;;;;40;39;0;0;0;;;;39;79
58056;Marcellina;15;38;0;0;0;;;;38;34;0;0;0;;;;34;72
58056;Marcellina;16;29;0;0;0;;;;29;31;0;0;0;;;;31;60
58056;Marcellina;17;38;0;0;0;;;;38;31;0;0;0;;;;31;69
58056;Marcellina;18;27;0;0;0;;;;27;27;0;0;0;;;;27;54
58056;Marcellina;19;38;0;0;0;;;;38;33;0;0;0;;;;33;71
58056;Marcellina;20;47;0;0;0;;;;47;34;0;0;0;;;;34;81
58056;Marcellina;21;36;0;0;0;;;;36;31;0;0;0;;;;31;67
58056;Marcellina;22;38;1;0;0;;;;39;29;1;0;0;;;;30;69
58056;Marcellina;23;31;0;0;0;;;;31;27;0;0;0;;;;27;58
58056;Marcellina;24;44;0;0;0;;;;44;34;3;0;0;;;;37;81
58056;Marcellina;25;34;1;0;0;;;;35;26;4;0;0;;;;30;65
58056;Marcellina;26;29;3;0;0;;;;32;35;4;0;0;;;;39;71
58056;Marcellina;27;37;2;0;0;;;;39;23;4;0;0;;;;27;66
58056;Marcellina;28;31;11;0;0;;;;42;23;8;0;0;;;;31;73
58056;Marcellina;29;47;5;0;0;;;;52;35;3;0;0;;;;38;90
58056;Marcellina;30;32;6;0;0;;;;38;30;7;0;0;;;;37;75
58056;Marcellina;31;35;7;0;0;;;;42;19;15;0;0;;;;34;76
58056;Marcellina;32;29;9;0;0;;;;38;30;16;1;0;;;;47;85
58056;Marcellina;33;37;11;0;0;;;;48;29;14;0;0;;;;43;91
58056;Marcellina;34;32;7;1;0;;;;40;25;17;0;0;;;;42;82
58056;Marcellina;35;33;7;0;0;;;;40;21;27;0;0;;;;48;88
58056;Marcellina;36;27;22;1;0;;;;50;20;19;2;0;;;;41;91
58056;Marcellina;37;35;14;0;0;;;;49;21;26;0;0;;;;47;96
58056;Marcellina;38;28;23;2;0;;;;53;11;20;1;0;;;;32;85
58056;Marcellina;39;38;24;1;0;;;;63;18;22;2;1;;;;43;106
58056;Marcellina;40;23;18;2;0;;;;43;22;23;0;0;;;;45;88
58056;Marcellina;41;20;27;0;0;;;;47;25;32;3;0;;;;60;107
58056;Marcellina;42;22;28;1;0;;;;51;16;25;4;1;;;;46;97
58056;Marcellina;43;28;32;1;0;;;;61;15;27;2;2;;;;46;107
58056;Marcellina;44;24;33;1;0;;;;58;19;39;2;0;;;;60;118
58056;Marcellina;45;18;36;0;0;;;;54;18;35;2;2;;;;57;111
58056;Marcellina;46;26;24;3;1;;;;54;17;38;7;0;;;;62;116
58056;Marcellina;47;20;40;1;0;;;;61;11;28;3;1;;;;43;104
58056;Marcellina;48;22;40;3;0;;;;65;13;39;3;3;;;;58;123
58056;Marcellina;49;17;27;2;0;;;;46;15;29;4;3;;;;51;97
58056;Marcellina;50;10;33;1;0;;;;44;19;41;3;1;;;;64;108
58056;Marcellina;51;15;33;3;0;;;;51;10;48;2;4;;;;64;115
58056;Marcellina;52;15;45;8;0;;;;68;13;49;3;4;;;;69;137
58056;Marcellina;53;11;33;2;0;;;;46;13;46;4;2;;;;65;111
58056;Marcellina;54;15;45;3;0;;;;63;7;43;4;4;;;;58;121
58056;Marcellina;55;16;41;3;0;;;;60;9;39;3;2;;;;53;113
58056;Marcellina;56;14;63;5;0;;;;82;9;45;4;4;;;;62;144
58056;Marcellina;57;10;30;6;0;;;;46;8;46;5;3;;;;62;108
58056;Marcellina;58;9;32;2;1;;;;44;5;42;2;5;;;;54;98
58056;Marcellina;59;6;43;5;2;;;;56;7;41;6;6;;;;60;116
58056;Marcellina;60;10;34;2;2;;;;48;10;45;4;4;;;;63;111
58056;Marcellina;61;5;32;3;1;;;;41;9;37;4;3;;;;53;94
58056;Marcellina;62;6;47;1;3;;;;57;3;38;4;8;;;;53;110
58056;Marcellina;63;2;45;3;1;;;;51;4;41;3;5;;;;53;104
58056;Marcellina;64;8;44;1;1;;;;54;5;35;2;4;;;;46;100
58056;Marcellina;65;5;32;4;2;;;;43;4;25;5;3;;;;37;80
58056;Marcellina;66;2;28;3;1;;;;34;6;31;1;5;;;;43;77
58056;Marcellina;67;5;38;3;2;;;;48;4;40;2;5;;;;51;99
58056;Marcellina;68;3;38;1;0;;;;42;1;37;3;8;;;;49;91
58056;Marcellina;69;5;28;2;0;;;;35;5;33;1;3;;;;42;77
58056;Marcellina;70;2;25;0;2;;;;29;2;21;2;10;;;;35;64
58056;Marcellina;71;0;32;0;4;;;;36;3;20;0;11;;;;34;70
58056;Marcellina;72;1;31;1;2;;;;35;2;19;2;9;;;;32;67
58056;Marcellina;73;1;28;1;2;;;;32;2;17;2;12;;;;33;65
58056;Marcellina;74;3;26;2;3;;;;34;2;17;2;14;;;;35;69
58056;Marcellina;75;0;28;1;1;;;;30;2;11;1;9;;;;23;53
58056;Marcellina;76;1;29;0;0;;;;30;2;19;0;16;;;;37;67
58056;Marcellina;77;2;19;2;1;;;;24;0;9;0;21;;;;30;54
58056;Marcellina;78;2;13;0;2;;;;17;0;12;1;18;;;;31;48
58056;Marcellina;79;2;12;0;2;;;;16;1;9;0;11;;;;21;37
58056;Marcellina;80;0;10;0;5;;;;15;0;12;0;4;;;;16;31
58056;Marcellina;81;0;13;0;2;;;;15;2;8;1;18;;;;29;44
58056;Marcellina;82;1;14;0;0;;;;15;0;7;0;10;;;;17;32
58056;Marcellina;83;0;9;0;3;;;;12;1;5;0;16;;;;22;34
58056;Marcellina;84;0;7;1;5;;;;13;1;3;0;18;;;;22;35
58056;Marcellina;85;0;10;0;2;;;;12;1;9;0;19;;;;29;41
58056;Marcellina;86;0;4;0;1;;;;5;0;2;0;12;;;;14;19
58056;Marcellina;87;0;7;0;0;;;;7;0;1;0;13;;;;14;21
58056;Marcellina;88;0;5;0;0;;;;5;0;3;0;5;;;;8;13
58056;Marcellina;89;1;8;0;4;;;;13;0;1;0;8;;;;9;22
58056;Marcellina;90;0;5;0;1;;;;6;1;0;0;5;;;;6;12
58056;Marcellina;91;0;1;0;0;;;;1;0;1;0;10;;;;11;12
58056;Marcellina;92;0;2;0;4;;;;6;0;1;0;6;;;;7;13
58056;Marcellina;93;0;2;0;3;;;;5;0;1;0;4;;;;5;10
58056;Marcellina;94;0;1;0;0;;;;1;0;0;0;3;;;;3;4
58056;Marcellina;95;0;1;0;1;;;;2;0;0;0;2;;;;2;4
58056;Marcellina;96;0;0;0;0;;;;0;0;0;0;1;;;;1;1
58056;Marcellina;97;0;1;0;1;;;;2;0;0;0;1;;;;1;3
58056;Marcellina;98;0;0;0;0;;;;0;0;0;0;1;;;;1;1
58056;Marcellina;99;0;0;0;0;;;;0;0;0;0;0;;;;0;0
58056;Marcellina;100;0;0;0;0;;;;0;0;0;0;1;;;;1;1
58056;Marcellina;999;1810;1565;88;68;;;;3531;1471;1535;112;384;;;;3502;7033
58057;Marino;0;165;0;0;0;0;0;0;165;156;0;0;0;0;0;0;156;321
58057;Marino;1;193;0;0;0;0;0;0;193;166;0;0;0;0;0;0;166;359
58057;Marino;2;209;0;0;0;0;0;0;209;180;0;0;0;0;0;0;180;389
58057;Marino;3;199;0;0;0;0;0;0;199;185;0;0;0;0;0;0;185;384
58057;Marino;4;187;0;0;0;0;0;0;187;205;0;0;0;0;0;0;205;392
58057;Marino;5;221;0;0;0;0;0;0;221;182;0;0;0;0;0;0;182;403
58057;Marino;6;212;0;0;0;0;0;0;212;208;0;0;0;0;0;0;208;420
58057;Marino;7;227;0;0;0;0;0;0;227;219;0;0;0;0;0;0;219;446
58057;Marino;8;253;0;0;0;0;0;0;253;204;0;0;0;0;0;0;204;457
58057;Marino;9;220;0;0;0;0;0;0;220;216;0;0;0;0;0;0;216;436
58057;Marino;10;274;0;0;0;0;0;0;274;214;0;0;0;0;0;0;214;488
58057;Marino;11;250;0;0;0;0;0;0;250;238;0;0;0;0;0;0;238;488
58057;Marino;12;241;0;0;0;0;0;0;241;256;0;0;0;0;0;0;256;497
58057;Marino;13;224;0;0;0;0;0;0;224;234;0;0;0;0;0;0;234;458
58057;Marino;14;221;0;0;0;0;0;0;221;232;0;0;0;0;0;0;232;453
58057;Marino;15;256;0;0;0;0;0;0;256;219;0;0;0;0;0;0;219;475
58057;Marino;16;262;0;0;0;0;0;0;262;229;0;0;0;0;0;0;229;491
58057;Marino;17;234;0;0;0;0;0;0;234;231;0;0;0;0;0;0;231;465
58057;Marino;18;239;0;0;0;0;0;0;239;248;0;0;0;0;0;0;248;487
58057;Marino;19;236;0;0;0;0;0;0;236;181;0;0;0;0;0;0;181;417
58057;Marino;20;215;0;0;0;0;0;0;215;194;1;0;0;0;0;0;195;410
58057;Marino;21;200;0;0;0;0;0;0;200;202;1;0;0;0;0;0;203;403
58057;Marino;22;217;0;0;0;0;0;0;217;191;6;0;1;0;0;0;198;415
58057;Marino;23;192;0;0;0;0;0;0;192;202;5;0;0;0;0;0;207;399
58057;Marino;24;221;1;0;0;0;0;0;222;182;5;0;0;0;0;0;187;409
58057;Marino;25;201;1;0;0;0;0;0;202;207;14;0;0;0;0;0;221;423
58057;Marino;26;189;7;0;0;0;0;0;196;210;13;2;0;0;0;0;225;421
58057;Marino;27;180;5;0;0;0;0;0;185;210;18;0;0;0;0;0;228;413
58057;Marino;28;210;8;0;0;0;0;0;218;199;18;1;0;0;0;0;218;436
58057;Marino;29;211;27;1;0;0;0;0;239;169;40;2;0;0;0;0;211;450
58057;Marino;30;198;28;0;0;0;0;0;226;214;47;1;0;1;0;0;263;489
58057;Marino;31;223;40;1;0;0;0;0;264;171;64;0;0;0;0;0;235;499
58057;Marino;32;212;59;1;0;0;0;0;272;190;84;4;1;1;0;0;280;552
58057;Marino;33;218;59;4;0;0;0;0;281;191;106;2;0;0;0;0;299;580
58057;Marino;34;210;72;4;0;0;1;0;287;170;143;6;0;1;0;0;320;607
58057;Marino;35;193;90;1;0;0;0;0;284;193;147;5;0;1;0;0;346;630
58057;Marino;36;196;110;1;0;0;0;0;307;171;167;3;0;0;0;0;341;648
58057;Marino;37;197;125;4;0;2;0;0;328;163;168;4;1;1;0;0;337;665
58057;Marino;38;177;138;8;1;1;0;0;325;142;158;12;4;2;0;0;318;643
58057;Marino;39;167;152;6;0;1;0;0;326;155;198;6;0;0;0;0;359;685
58057;Marino;40;168;173;9;0;1;0;0;351;164;193;11;1;0;0;0;369;720
58057;Marino;41;151;181;8;0;0;0;0;340;153;186;14;3;0;1;0;357;697
58057;Marino;42;157;183;10;0;1;0;0;351;133;234;14;2;2;1;0;386;737
58057;Marino;43;156;176;11;0;1;0;0;344;139;207;21;0;1;0;0;368;712
58057;Marino;44;133;196;9;0;0;0;0;338;108;194;18;5;0;0;0;325;663
58057;Marino;45;135;222;8;3;0;0;0;368;123;233;29;6;1;0;0;392;760
58057;Marino;46;127;207;17;0;3;0;0;354;116;221;23;8;1;0;0;369;723
58057;Marino;47;148;218;19;3;0;0;0;388;124;243;29;7;1;0;0;404;792
58057;Marino;48;136;210;24;0;0;0;0;370;108;238;27;5;0;0;0;378;748
58057;Marino;49;147;242;20;0;0;0;0;409;115;239;32;5;0;0;0;391;800
58057;Marino;50;126;220;30;2;1;0;0;379;86;284;34;8;0;0;0;412;791
58057;Marino;51;141;254;20;1;3;0;0;419;95;268;42;7;1;0;0;413;832
58057;Marino;52;121;256;29;1;3;0;0;410;81;275;32;5;0;0;0;393;803
58057;Marino;53;98;272;26;6;0;0;0;402;78;245;41;9;1;0;0;374;776
58057;Marino;54;109;274;20;3;0;0;0;406;66;235;34;12;0;0;0;347;753
58057;Marino;55;80;246;30;2;2;0;0;360;60;274;39;19;0;0;0;392;752
58057;Marino;56;95;279;26;2;2;0;0;404;68;267;33;14;3;0;0;385;789
58057;Marino;57;61;227;40;3;1;0;0;332;58;254;31;17;0;0;0;360;692
58057;Marino;58;69;237;34;2;0;0;0;342;58;243;44;14;1;0;0;360;702
58057;Marino;59;53;269;24;0;0;0;0;346;53;219;36;16;2;0;0;326;672
58057;Marino;60;47;252;28;2;1;0;0;330;56;265;31;22;0;0;0;374;704
58057;Marino;61;49;237;17;5;0;0;0;308;32;211;28;19;0;0;0;290;598
58057;Marino;62;37;216;30;1;0;0;0;284;44;238;34;20;0;0;0;336;620
58057;Marino;63;41;229;24;5;0;0;0;299;31;226;30;33;0;0;0;320;619
58057;Marino;64;28;210;20;4;0;0;0;262;30;230;24;40;0;0;1;325;587
58057;Marino;65;23;192;21;6;0;0;0;242;27;201;33;32;0;0;0;293;535
58057;Marino;66;23;213;30;13;0;0;0;279;25;196;27;35;0;0;0;283;562
58057;Marino;67;29;202;12;11;0;0;0;254;21;190;24;41;0;0;0;276;530
58057;Marino;68;12;170;14;9;0;0;0;205;13;183;22;52;0;0;0;270;475
58057;Marino;69;12;201;13;9;0;0;0;235;17;189;18;34;0;0;0;258;493
58057;Marino;70;8;203;9;13;0;0;0;233;25;182;18;59;0;0;0;284;517
58057;Marino;71;6;147;8;12;0;0;0;173;8;138;12;64;0;0;0;222;395
58057;Marino;72;5;166;11;11;0;0;0;193;13;165;21;62;0;0;0;261;454
58057;Marino;73;9;156;11;11;0;0;0;187;9;156;11;56;0;0;0;232;419
58057;Marino;74;13;181;12;6;0;0;0;212;18;120;10;66;0;0;0;214;426
58057;Marino;75;3;132;9;20;0;0;0;164;14;149;8;57;0;0;0;228;392
58057;Marino;76;9;155;8;20;0;0;0;192;15;133;12;75;0;0;0;235;427
58057;Marino;77;4;166;5;18;0;0;0;193;17;132;7;81;0;0;0;237;430
58057;Marino;78;6;146;3;25;1;0;0;181;13;109;11;88;0;0;0;221;402
58057;Marino;79;3;114;1;18;0;0;0;136;9;61;5;65;0;0;0;140;276
58057;Marino;80;5;94;4;11;0;0;0;114;9;74;6;70;0;0;0;159;273
58057;Marino;81;6;102;2;12;0;0;0;122;13;70;6;90;0;0;0;179;301
58057;Marino;82;3;112;2;10;0;0;0;127;14;71;5;98;0;0;0;188;315
58057;Marino;83;4;72;2;14;0;0;0;92;8;59;3;88;0;0;0;158;250
58057;Marino;84;5;60;5;16;0;0;0;86;11;42;4;83;0;0;0;140;226
58057;Marino;85;5;60;1;23;0;0;0;89;6;45;2;84;0;0;0;137;226
58057;Marino;86;3;59;1;20;0;0;0;83;10;24;4;93;0;0;0;131;214
58057;Marino;87;4;52;2;20;0;0;0;78;8;21;5;94;0;0;0;128;206
58057;Marino;88;1;34;0;21;0;0;0;56;21;12;0;56;0;0;0;89;145
58057;Marino;89;3;33;1;17;0;0;0;54;11;13;0;73;0;0;0;97;151
58057;Marino;90;3;37;1;6;0;0;0;47;5;13;1;40;0;0;0;59;106
58057;Marino;91;0;13;0;13;0;0;0;26;6;3;0;53;0;0;0;62;88
58057;Marino;92;0;9;0;13;0;0;0;22;2;2;0;36;0;0;0;40;62
58057;Marino;93;0;5;0;7;0;0;0;12;2;5;1;28;0;0;0;36;48
58057;Marino;94;0;5;0;7;0;0;0;12;2;0;0;27;0;0;0;29;41
58057;Marino;95;1;3;0;3;0;0;0;7;5;0;0;17;0;0;0;22;29
58057;Marino;96;1;1;1;3;0;0;0;6;3;0;0;16;0;0;0;19;25
58057;Marino;97;1;0;0;1;0;0;0;2;1;0;0;10;0;0;0;11;13
58057;Marino;98;0;4;0;4;0;0;0;8;0;0;0;5;0;0;0;5;13
58057;Marino;99;0;0;0;0;0;0;0;0;1;0;0;4;0;0;0;5;5
58057;Marino;100;1;0;0;2;0;0;0;3;0;0;0;6;0;0;0;6;9
58057;Marino;999;11374;9907;753;471;24;1;0;22530;10490;10083;1055;2242;21;2;1;23894;46424
58058;Mazzano Romano;0;7;0;0;0;;;;7;8;0;0;0;;;;8;15
58058;Mazzano Romano;1;6;0;0;0;;;;6;10;0;0;0;;;;10;16
58058;Mazzano Romano;2;9;0;0;0;;;;9;9;0;0;0;;;;9;18
58058;Mazzano Romano;3;7;0;0;0;;;;7;5;0;0;0;;;;5;12
58058;Mazzano Romano;4;4;0;0;0;;;;4;6;0;0;0;;;;6;10
58058;Mazzano Romano;5;11;0;0;0;;;;11;17;0;0;0;;;;17;28
58058;Mazzano Romano;6;14;0;0;0;;;;14;6;0;0;0;;;;6;20
58058;Mazzano Romano;7;12;0;0;0;;;;12;12;0;0;0;;;;12;24
58058;Mazzano Romano;8;15;0;0;0;;;;15;7;0;0;0;;;;7;22
58058;Mazzano Romano;9;12;0;0;0;;;;12;9;0;0;0;;;;9;21
58058;Mazzano Romano;10;21;0;0;0;;;;21;19;0;0;0;;;;19;40
58058;Mazzano Romano;11;13;0;0;0;;;;13;13;0;0;0;;;;13;26
58058;Mazzano Romano;12;16;0;0;0;;;;16;15;0;0;0;;;;15;31
58058;Mazzano Romano;13;13;0;0;0;;;;13;10;0;0;0;;;;10;23
58058;Mazzano Romano;14;15;0;0;0;;;;15;18;0;0;0;;;;18;33
58058;Mazzano Romano;15;9;0;0;0;;;;9;6;0;0;0;;;;6;15
58058;Mazzano Romano;16;14;0;0;0;;;;14;14;0;0;0;;;;14;28
58058;Mazzano Romano;17;4;0;0;0;;;;4;18;0;0;0;;;;18;22
58058;Mazzano Romano;18;8;0;0;0;;;;8;16;0;0;0;;;;16;24
58058;Mazzano Romano;19;10;0;0;0;;;;10;9;0;0;0;;;;9;19
58058;Mazzano Romano;20;6;0;0;0;;;;6;14;0;0;0;;;;14;20
58058;Mazzano Romano;21;9;0;0;0;;;;9;11;0;0;0;;;;11;20
58058;Mazzano Romano;22;9;0;0;0;;;;9;14;0;0;0;;;;14;23
58058;Mazzano Romano;23;16;0;0;0;;;;16;15;1;0;0;;;;16;32
58058;Mazzano Romano;24;11;0;0;0;;;;11;9;0;0;0;;;;9;20
58058;Mazzano Romano;25;9;0;0;0;;;;9;11;1;0;0;;;;12;21
58058;Mazzano Romano;26;10;0;0;0;;;;10;12;1;0;0;;;;13;23
58058;Mazzano Romano;27;15;0;0;0;;;;15;9;1;0;0;;;;10;25
58058;Mazzano Romano;28;16;1;0;0;;;;17;15;3;0;0;;;;18;35
58058;Mazzano Romano;29;10;0;0;0;;;;10;6;0;0;0;;;;6;16
58058;Mazzano Romano;30;14;1;0;0;;;;15;13;1;0;0;;;;14;29
58058;Mazzano Romano;31;18;2;0;1;;;;21;11;5;0;0;;;;16;37
58058;Mazzano Romano;32;13;1;0;0;;;;14;10;5;0;0;;;;15;29
58058;Mazzano Romano;33;18;2;0;0;;;;20;15;6;0;0;;;;21;41
58058;Mazzano Romano;34;5;1;0;0;;;;6;8;7;0;0;;;;15;21
58058;Mazzano Romano;35;12;0;0;0;;;;12;6;4;0;0;;;;10;22
58058;Mazzano Romano;36;7;3;0;0;;;;10;8;3;0;0;;;;11;21
58058;Mazzano Romano;37;6;5;0;0;;;;11;7;7;0;0;;;;14;25
58058;Mazzano Romano;38;13;6;1;1;;;;21;8;5;1;0;;;;14;35
58058;Mazzano Romano;39;10;3;0;0;;;;13;9;9;2;0;;;;20;33
58058;Mazzano Romano;40;9;5;0;0;;;;14;9;4;0;0;;;;13;27
58058;Mazzano Romano;41;11;8;0;0;;;;19;10;8;0;0;;;;18;37
58058;Mazzano Romano;42;12;5;0;0;;;;17;7;11;1;0;;;;19;36
58058;Mazzano Romano;43;10;8;1;0;;;;19;7;11;3;0;;;;21;40
58058;Mazzano Romano;44;10;13;2;0;;;;25;5;12;1;0;;;;18;43
58058;Mazzano Romano;45;10;18;0;0;;;;28;7;17;5;1;;;;30;58
58058;Mazzano Romano;46;13;14;0;0;;;;27;7;16;4;0;;;;27;54
58058;Mazzano Romano;47;13;14;1;0;;;;28;11;11;1;0;;;;23;51
58058;Mazzano Romano;48;6;11;1;0;;;;18;6;17;1;0;;;;24;42
58058;Mazzano Romano;49;6;13;2;0;;;;21;5;12;0;1;;;;18;39
58058;Mazzano Romano;50;11;14;1;0;;;;26;6;18;2;0;;;;26;52
58058;Mazzano Romano;51;6;17;1;0;;;;24;8;15;3;3;;;;29;53
58058;Mazzano Romano;52;9;16;1;0;;;;26;10;7;0;2;;;;19;45
58058;Mazzano Romano;53;6;19;0;0;;;;25;6;19;1;2;;;;28;53
58058;Mazzano Romano;54;8;11;2;0;;;;21;2;17;3;2;;;;24;45
58058;Mazzano Romano;55;9;14;4;0;;;;27;4;18;2;4;;;;28;55
58058;Mazzano Romano;56;8;19;3;0;;;;30;4;15;0;2;;;;21;51
58058;Mazzano Romano;57;7;23;2;0;;;;32;5;24;2;0;;;;31;63
58058;Mazzano Romano;58;7;14;4;3;;;;28;1;18;3;0;;;;22;50
58058;Mazzano Romano;59;5;13;1;1;;;;20;3;18;1;2;;;;24;44
58058;Mazzano Romano;60;8;16;2;1;;;;27;3;15;1;1;;;;20;47
58058;Mazzano Romano;61;5;22;2;2;;;;31;1;14;2;4;;;;21;52
58058;Mazzano Romano;62;5;19;3;1;;;;28;1;21;3;1;;;;26;54
58058;Mazzano Romano;63;4;16;1;2;;;;23;4;16;1;1;;;;22;45
58058;Mazzano Romano;64;2;19;2;4;;;;27;3;14;2;1;;;;20;47
58058;Mazzano Romano;65;3;15;3;0;;;;21;2;12;2;3;;;;19;40
58058;Mazzano Romano;66;2;17;0;0;;;;19;2;13;1;3;;;;19;38
58058;Mazzano Romano;67;3;18;0;0;;;;21;5;16;2;2;;;;25;46
58058;Mazzano Romano;68;2;18;1;2;;;;23;1;18;1;1;;;;21;44
58058;Mazzano Romano;69;0;13;4;1;;;;18;4;14;3;6;;;;27;45
58058;Mazzano Romano;70;3;15;1;3;;;;22;0;10;0;4;;;;14;36
58058;Mazzano Romano;71;1;11;0;0;;;;12;1;14;1;3;;;;19;31
58058;Mazzano Romano;72;0;15;3;0;;;;18;3;10;1;4;;;;18;36
58058;Mazzano Romano;73;4;19;1;1;;;;25;2;12;0;3;;;;17;42
58058;Mazzano Romano;74;0;12;0;4;;;;16;2;12;1;6;;;;21;37
58058;Mazzano Romano;75;0;9;0;1;;;;10;0;9;2;9;;;;20;30
58058;Mazzano Romano;76;0;21;1;3;;;;25;1;16;0;8;;;;25;50
58058;Mazzano Romano;77;0;13;1;1;;;;15;0;10;1;11;;;;22;37
58058;Mazzano Romano;78;2;8;0;2;;;;12;2;7;2;11;;;;22;34
58058;Mazzano Romano;79;0;12;0;0;;;;12;0;4;0;8;;;;12;24
58058;Mazzano Romano;80;1;11;0;0;;;;12;1;2;1;7;;;;11;23
58058;Mazzano Romano;81;2;3;0;3;;;;8;0;6;0;3;;;;9;17
58058;Mazzano Romano;82;0;9;0;1;;;;10;1;2;0;5;;;;8;18
58058;Mazzano Romano;83;0;4;0;1;;;;5;1;2;0;10;;;;13;18
58058;Mazzano Romano;84;0;9;0;2;;;;11;1;2;0;7;;;;10;21
58058;Mazzano Romano;85;0;7;1;2;;;;10;0;4;0;4;;;;8;18
58058;Mazzano Romano;86;0;3;0;2;;;;5;0;3;0;6;;;;9;14
58058;Mazzano Romano;87;0;2;0;2;;;;4;0;1;1;3;;;;5;9
58058;Mazzano Romano;88;0;1;0;0;;;;1;0;2;1;4;;;;7;8
58058;Mazzano Romano;89;0;0;0;1;;;;1;0;0;0;6;;;;6;7
58058;Mazzano Romano;90;0;1;0;2;;;;3;0;0;0;5;;;;5;8
58058;Mazzano Romano;91;0;1;0;0;;;;1;0;0;0;4;;;;4;5
58058;Mazzano Romano;92;0;0;0;0;;;;0;0;3;0;1;;;;4;4
58058;Mazzano Romano;93;0;0;0;1;;;;1;0;0;0;2;;;;2;3
58058;Mazzano Romano;94;0;1;0;0;;;;1;1;0;0;1;;;;2;3
58058;Mazzano Romano;95;0;1;0;1;;;;2;0;0;0;1;;;;1;3
58058;Mazzano Romano;96;0;0;0;0;;;;0;0;0;0;1;;;;1;1
58058;Mazzano Romano;97;0;0;0;0;;;;0;0;0;0;0;;;;0;0
58058;Mazzano Romano;98;0;0;0;0;;;;0;0;0;0;0;;;;0;0
58058;Mazzano Romano;99;0;0;0;0;;;;0;0;0;0;0;;;;0;0
58058;Mazzano Romano;100;0;0;0;0;;;;0;0;1;0;1;;;;2;2
58058;Mazzano Romano;999;670;655;53;52;;;;1430;603;632;65;180;;;;1480;2910
58059;Mentana;0;60;0;0;0;0;0;0;60;77;0;0;0;0;0;0;77;137
58059;Mentana;1;71;0;0;0;0;0;0;71;103;0;0;0;0;0;0;103;174
58059;Mentana;2;76;0;0;0;0;0;0;76;78;0;0;0;0;0;0;78;154
58059;Mentana;3;79;0;0;0;0;0;0;79;75;0;0;0;0;0;0;75;154
58059;Mentana;4;88;0;0;0;0;0;0;88;75;0;0;0;0;0;0;75;163
58059;Mentana;5;100;0;0;0;0;0;0;100;92;0;0;0;0;0;0;92;192
58059;Mentana;6;103;0;0;0;0;0;0;103;105;0;0;0;0;0;0;105;208
58059;Mentana;7;95;0;0;0;0;0;0;95;103;0;0;0;0;0;0;103;198
58059;Mentana;8;114;0;0;0;0;0;0;114;106;0;0;0;0;0;0;106;220
58059;Mentana;9;94;0;0;0;0;0;0;94;117;0;0;0;0;0;0;117;211
58059;Mentana;10;113;0;0;0;0;0;0;113;112;0;0;0;0;0;0;112;225
58059;Mentana;11;129;0;0;0;0;0;0;129;105;0;0;0;0;0;0;105;234
58059;Mentana;12;154;0;0;0;0;0;0;154;113;0;0;0;0;0;0;113;267
58059;Mentana;13;123;0;0;0;0;0;0;123;119;0;0;0;0;0;0;119;242
58059;Mentana;14;145;0;0;0;0;0;0;145;109;0;0;0;0;0;0;109;254
58059;Mentana;15;130;0;0;0;0;0;0;130;123;0;0;0;0;0;0;123;253
58059;Mentana;16;133;0;0;0;0;0;0;133;134;0;0;0;0;0;0;134;267
58059;Mentana;17;142;0;0;0;0;0;0;142;131;0;0;0;0;0;0;131;273
58059;Mentana;18;132;0;0;0;0;0;0;132;109;1;0;0;0;0;0;110;242
58059;Mentana;19;147;0;0;0;0;0;0;147;104;0;0;0;0;0;0;104;251
58059;Mentana;20;123;0;0;0;0;0;0;123;118;1;0;0;0;0;0;119;242
58059;Mentana;21;132;0;0;0;0;0;0;132;131;1;0;0;0;0;0;132;264
58059;Mentana;22;118;0;0;0;0;0;0;118;87;2;0;0;0;0;0;89;207
58059;Mentana;23;118;1;0;0;0;0;0;119;100;3;0;0;0;0;0;103;222
58059;Mentana;24;111;2;0;0;0;0;0;113;93;10;0;0;0;0;0;103;216
58059;Mentana;25;120;2;0;0;0;0;0;122;108;13;0;0;0;0;0;121;243
58059;Mentana;26;100;4;0;0;0;0;0;104;102;9;0;0;0;0;0;111;215
58059;Mentana;27;107;5;0;0;0;0;0;112;105;11;0;0;1;0;0;117;229
58059;Mentana;28;97;11;0;0;0;0;0;108;91;17;0;0;0;0;0;108;216
58059;Mentana;29;92;13;1;0;0;0;0;106;104;30;1;0;1;0;0;136;242
58059;Mentana;30;103;12;0;0;0;0;0;115;92;29;0;0;1;0;0;122;237
58059;Mentana;31;110;34;0;0;0;0;0;144;69;43;2;0;0;0;0;114;258
58059;Mentana;32;103;20;0;0;0;0;0;123;73;29;1;0;0;0;0;103;226
58059;Mentana;33;89;40;0;0;0;0;0;129;82;46;1;0;0;0;0;129;258
58059;Mentana;34;110;38;0;0;0;0;0;148;80;78;0;0;0;0;0;158;306
58059;Mentana;35;85;49;1;1;0;0;0;136;73;52;4;0;2;0;0;131;267
58059;Mentana;36;78;54;1;0;2;0;0;135;73;78;2;1;0;0;0;154;289
58059;Mentana;37;79;51;4;0;1;0;0;135;59;69;1;1;1;1;0;132;267
58059;Mentana;38;68;51;3;2;1;0;0;125;56;80;3;0;0;0;0;139;264
58059;Mentana;39;72;74;1;2;0;0;0;149;67;88;8;0;0;0;0;163;312
58059;Mentana;40;69;71;0;0;0;0;0;140;63;80;8;2;0;0;0;153;293
58059;Mentana;41;62;86;6;0;0;0;0;154;42;69;1;0;0;0;0;112;266
58059;Mentana;42;73;95;2;0;1;0;0;171;65;95;10;0;0;0;0;170;341
58059;Mentana;43;56;83;8;1;0;0;0;148;53;109;13;1;0;0;0;176;324
58059;Mentana;44;58;88;3;1;0;0;0;150;45;102;4;4;0;0;0;155;305
58059;Mentana;45;55;102;4;0;0;0;0;161;49;110;12;1;0;0;0;172;333
58059;Mentana;46;49;112;10;0;0;0;0;171;44;112;14;0;0;0;0;170;341
58059;Mentana;47;75;108;11;1;0;0;0;195;54;139;17;1;0;0;0;211;406
58059;Mentana;48;53;118;10;0;0;0;0;181;46;130;18;7;0;0;0;201;382
58059;Mentana;49;53;127;9;1;0;0;0;190;31;125;17;1;0;0;0;174;364
58059;Mentana;50;61;122;13;0;0;0;0;196;42;142;27;4;0;0;0;215;411
58059;Mentana;51;54;130;15;3;0;0;0;202;46;141;19;3;0;0;0;209;411
58059;Mentana;52;47;124;15;0;0;0;0;186;32;128;19;6;0;0;0;185;371
58059;Mentana;53;35;130;9;4;0;0;0;178;17;141;20;4;0;0;0;182;360
58059;Mentana;54;36;141;15;1;0;0;0;193;29;114;21;6;0;0;0;170;363
58059;Mentana;55;31;143;7;2;1;0;0;184;20;163;24;7;0;0;0;214;398
58059;Mentana;56;28;129;22;1;0;0;0;180;32;148;29;12;0;0;0;221;401
58059;Mentana;57;30;140;25;2;0;0;0;197;18;145;25;10;0;0;0;198;395
58059;Mentana;58;22;125;13;4;0;0;0;164;19;122;23;6;0;0;0;170;334
58059;Mentana;59;20;139;13;6;0;0;0;178;21;133;22;10;0;0;0;186;364
58059;Mentana;60;23;139;12;1;0;0;0;175;19;152;23;10;0;0;0;204;379
58059;Mentana;61;20;129;15;5;0;0;0;169;10;118;16;13;0;0;0;157;326
58059;Mentana;62;14;127;22;2;0;0;0;165;18;118;12;10;0;0;0;158;323
58059;Mentana;63;10;134;11;2;0;0;0;157;8;138;15;12;0;0;0;173;330
58059;Mentana;64;16;95;9;3;0;0;0;123;9;118;16;13;0;0;0;156;279
58059;Mentana;65;13;126;9;0;0;0;0;148;6;101;14;17;0;0;0;138;286
58059;Mentana;66;14;101;13;4;0;0;0;132;7;94;14;30;0;0;0;145;277
58059;Mentana;67;10;88;6;5;0;0;0;109;9;108;13;15;0;0;0;145;254
58059;Mentana;68;10;102;7;8;0;0;0;127;11;88;12;20;0;0;0;131;258
58059;Mentana;69;5;116;12;6;0;0;0;139;3;95;8;15;0;0;0;121;260
58059;Mentana;70;5;108;5;4;0;0;0;122;11;79;13;24;0;0;0;127;249
58059;Mentana;71;7;96;4;8;0;0;0;115;8;70;7;21;0;0;0;106;221
58059;Mentana;72;1;84;5;6;0;0;0;96;5;87;5;22;0;0;0;119;215
58059;Mentana;73;1;93;1;3;0;0;0;98;5;71;5;25;0;0;0;106;204
58059;Mentana;74;6;79;4;2;0;0;0;91;4;58;7;29;0;0;0;98;189
58059;Mentana;75;3;62;5;8;0;0;0;78;4;62;5;39;0;0;0;110;188
58059;Mentana;76;3;66;1;12;0;0;0;82;5;58;5;34;0;0;0;102;184
58059;Mentana;77;3;69;4;5;0;0;0;81;4;47;6;30;0;0;0;87;168
58059;Mentana;78;3;61;2;8;0;0;0;74;1;46;6;44;0;0;0;97;171
58059;Mentana;79;1;57;5;5;0;0;0;68;1;43;3;38;0;0;0;85;153
58059;Mentana;80;1;53;1;5;0;0;0;60;0;35;1;38;0;0;0;74;134
58059;Mentana;81;1;53;1;11;0;0;0;66;2;21;1;37;0;0;0;61;127
58059;Mentana;82;1;39;1;11;0;0;0;52;4;27;2;40;0;0;0;73;125
58059;Mentana;83;1;33;0;12;0;0;0;46;2;18;3;33;0;0;0;56;102
58059;Mentana;84;0;35;1;12;0;0;0;48;2;19;3;36;0;0;0;60;108
58059;Mentana;85;2;31;0;7;0;0;0;40;2;14;4;29;0;0;0;49;89
58059;Mentana;86;1;26;0;5;0;0;0;32;1;14;0;49;0;0;0;64;96
58059;Mentana;87;0;20;1;11;0;0;0;32;0;7;2;33;0;0;0;42;74
58059;Mentana;88;0;14;0;4;0;0;0;18;0;8;1;27;0;0;0;36;54
58059;Mentana;89;1;12;1;7;0;0;0;21;1;7;0;31;0;0;0;39;60
58059;Mentana;90;1;13;0;10;0;0;0;24;0;9;1;26;0;0;0;36;60
58059;Mentana;91;1;4;0;4;0;0;0;9;1;4;0;22;0;0;0;27;36
58059;Mentana;92;0;6;1;5;0;0;0;12;1;0;0;17;0;0;0;18;30
58059;Mentana;93;0;4;0;4;0;0;0;8;0;1;0;9;0;0;0;10;18
58059;Mentana;94;0;3;0;3;0;0;0;6;1;1;1;12;0;0;0;15;21
58059;Mentana;95;0;4;0;1;0;0;0;5;0;3;0;15;0;0;0;18;23
58059;Mentana;96;0;1;0;0;0;0;0;1;1;0;0;7;0;0;0;8;9
58059;Mentana;97;0;1;0;1;0;0;0;2;0;0;0;4;0;0;0;4;6
58059;Mentana;98;0;2;0;0;0;0;0;2;0;0;0;4;0;0;0;4;6
58059;Mentana;99;0;0;0;1;0;0;0;1;0;0;0;2;0;0;0;2;3
58059;Mentana;100;1;0;0;0;0;0;0;1;0;0;0;7;0;0;0;7;8
58059;Mentana;999;5389;5060;380;243;6;0;0;11078;4787;5077;590;1026;6;1;0;11487;22565
58060;Monte Compatri;0;44;0;0;0;;;;44;41;0;0;0;;;;41;85
58060;Monte Compatri;1;33;0;0;0;;;;33;41;0;0;0;;;;41;74
58060;Monte Compatri;2;43;0;0;0;;;;43;40;0;0;0;;;;40;83
58060;Monte Compatri;3;38;0;0;0;;;;38;46;0;0;0;;;;46;84
58060;Monte Compatri;4;40;0;0;0;;;;40;46;0;0;0;;;;46;86
58060;Monte Compatri;5;45;0;0;0;;;;45;44;0;0;0;;;;44;89
58060;Monte Compatri;6;50;0;0;0;;;;50;68;0;0;0;;;;68;118
58060;Monte Compatri;7;48;0;0;0;;;;48;34;0;0;0;;;;34;82
58060;Monte Compatri;8;46;0;0;0;;;;46;53;0;0;0;;;;53;99
58060;Monte Compatri;9;51;0;0;0;;;;51;58;0;0;0;;;;58;109
58060;Monte Compatri;10;61;0;0;0;;;;61;59;0;0;0;;;;59;120
58060;Monte Compatri;11;63;0;0;0;;;;63;58;0;0;0;;;;58;121
58060;Monte Compatri;12;54;0;0;0;;;;54;72;0;0;0;;;;72;126
58060;Monte Compatri;13;72;0;0;0;;;;72;60;0;0;0;;;;60;132
58060;Monte Compatri;14;75;0;0;0;;;;75;70;0;0;0;;;;70;145
58060;Monte Compatri;15;59;0;0;0;;;;59;52;0;0;0;;;;52;111
58060;Monte Compatri;16;61;0;0;0;;;;61;72;0;0;0;;;;72;133
58060;Monte Compatri;17;75;0;0;0;;;;75;67;0;0;0;;;;67;142
58060;Monte Compatri;18;77;0;0;0;;;;77;57;0;0;0;;;;57;134
58060;Monte Compatri;19;55;0;0;0;;;;55;53;0;0;0;;;;53;108
58060;Monte Compatri;20;49;0;0;0;;;;49;66;0;0;0;;;;66;115
58060;Monte Compatri;21;64;0;0;0;;;;64;56;3;0;0;;;;59;123
58060;Monte Compatri;22;53;0;0;0;;;;53;47;2;0;0;;;;49;102
58060;Monte Compatri;23;52;1;0;0;;;;53;49;3;0;0;;;;52;105
58060;Monte Compatri;24;48;1;0;0;;;;49;53;3;0;0;;;;56;105
58060;Monte Compatri;25;58;0;0;0;;;;58;57;1;0;0;;;;58;116
58060;Monte Compatri;26;41;1;0;0;;;;42;54;4;0;1;;;;59;101
58060;Monte Compatri;27;56;4;0;0;;;;60;46;3;0;0;;;;49;109
58060;Monte Compatri;28;53;3;0;0;;;;56;33;11;0;0;;;;44;100
58060;Monte Compatri;29;39;3;0;0;;;;42;41;7;0;0;;;;48;90
58060;Monte Compatri;30;66;5;0;0;;;;71;46;8;2;0;;;;56;127
58060;Monte Compatri;31;56;9;0;0;;;;65;41;12;0;0;;;;53;118
58060;Monte Compatri;32;49;10;0;0;;;;59;44;16;0;0;;;;60;119
58060;Monte Compatri;33;45;11;0;0;;;;56;40;24;0;0;;;;64;120
58060;Monte Compatri;34;56;15;0;0;;;;71;41;21;0;0;;;;62;133
58060;Monte Compatri;35;59;14;1;0;;;;74;29;32;0;0;;;;61;135
58060;Monte Compatri;36;49;22;0;0;;;;71;29;30;2;0;;;;61;132
58060;Monte Compatri;37;42;21;0;0;;;;63;31;28;0;0;;;;59;122
58060;Monte Compatri;38;46;21;2;0;;;;69;29;37;6;0;;;;72;141
58060;Monte Compatri;39;39;44;0;0;;;;83;30;45;1;0;;;;76;159
58060;Monte Compatri;40;40;36;2;0;;;;78;25;50;4;0;;;;79;157
58060;Monte Compatri;41;33;45;1;0;;;;79;22;47;1;1;;;;71;150
58060;Monte Compatri;42;39;42;0;0;;;;81;35;48;1;1;;;;85;166
58060;Monte Compatri;43;36;39;1;0;;;;76;22;63;3;0;;;;88;164
58060;Monte Compatri;44;38;58;0;0;;;;96;24;75;6;1;;;;106;202
58060;Monte Compatri;45;34;45;4;1;;;;84;28;55;5;1;;;;89;173
58060;Monte Compatri;46;35;52;2;1;;;;90;27;73;4;2;;;;106;196
58060;Monte Compatri;47;43;55;5;3;;;;106;26;53;7;0;;;;86;192
58060;Monte Compatri;48;23;65;4;1;;;;93;23;68;5;1;;;;97;190
58060;Monte Compatri;49;22;69;1;1;;;;93;20;70;6;1;;;;97;190
58060;Monte Compatri;50;26;74;4;0;;;;104;31;66;8;1;;;;106;210
58060;Monte Compatri;51;34;72;5;0;;;;111;32;76;8;1;;;;117;228
58060;Monte Compatri;52;28;64;7;0;;;;99;23;70;8;1;;;;102;201
58060;Monte Compatri;53;30;66;7;0;;;;103;13;82;8;5;;;;108;211
58060;Monte Compatri;54;27;70;9;1;;;;107;15;65;9;4;;;;93;200
58060;Monte Compatri;55;27;80;7;1;;;;115;16;87;10;4;;;;117;232
58060;Monte Compatri;56;20;80;9;2;;;;111;18;79;8;6;;;;111;222
58060;Monte Compatri;57;15;91;5;1;;;;112;12;69;9;3;;;;93;205
58060;Monte Compatri;58;29;69;3;1;;;;102;9;72;10;2;;;;93;195
58060;Monte Compatri;59;15;76;6;0;;;;97;5;73;7;10;;;;95;192
58060;Monte Compatri;60;17;62;11;2;;;;92;9;65;8;7;;;;89;181
58060;Monte Compatri;61;10;76;10;1;;;;97;6;68;6;8;;;;88;185
58060;Monte Compatri;62;8;58;7;0;;;;73;16;75;7;7;;;;105;178
58060;Monte Compatri;63;5;57;5;1;;;;68;5;61;5;6;;;;77;145
58060;Monte Compatri;64;8;68;6;0;;;;82;4;69;3;12;;;;88;170
58060;Monte Compatri;65;11;63;7;2;;;;83;6;47;8;10;;;;71;154
58060;Monte Compatri;66;4;50;6;3;;;;63;12;58;6;8;;;;84;147
58060;Monte Compatri;67;6;55;6;4;;;;71;5;47;5;18;;;;75;146
58060;Monte Compatri;68;9;53;3;2;;;;67;5;48;3;9;;;;65;132
58060;Monte Compatri;69;6;63;8;3;;;;80;3;42;3;15;;;;63;143
58060;Monte Compatri;70;1;53;5;4;;;;63;10;43;2;14;;;;69;132
58060;Monte Compatri;71;4;44;2;3;;;;53;7;44;3;17;;;;71;124
58060;Monte Compatri;72;5;48;6;2;;;;61;5;35;1;9;;;;50;111
58060;Monte Compatri;73;2;54;1;2;;;;59;3;34;2;14;;;;53;112
58060;Monte Compatri;74;3;39;1;3;;;;46;3;29;1;19;;;;52;98
58060;Monte Compatri;75;4;32;2;5;;;;43;4;30;1;20;;;;55;98
58060;Monte Compatri;76;4;44;3;5;;;;56;4;28;1;22;;;;55;111
58060;Monte Compatri;77;3;43;1;0;;;;47;2;23;1;17;;;;43;90
58060;Monte Compatri;78;1;39;0;7;;;;47;1;26;1;20;;;;48;95
58060;Monte Compatri;79;0;32;0;3;;;;35;5;20;2;12;;;;39;74
58060;Monte Compatri;80;0;22;1;6;;;;29;1;18;3;18;;;;40;69
58060;Monte Compatri;81;3;14;0;3;;;;20;1;23;0;11;;;;35;55
58060;Monte Compatri;82;0;19;1;2;;;;22;4;9;0;13;;;;26;48
58060;Monte Compatri;83;3;24;0;4;;;;31;2;19;0;25;;;;46;77
58060;Monte Compatri;84;0;20;0;17;;;;37;0;10;1;14;;;;25;62
58060;Monte Compatri;85;0;19;0;0;;;;19;1;10;2;21;;;;34;53
58060;Monte Compatri;86;0;21;1;4;;;;26;2;11;0;18;;;;31;57
58060;Monte Compatri;87;2;14;1;6;;;;23;1;8;0;15;;;;24;47
58060;Monte Compatri;88;0;8;1;3;;;;12;1;5;0;13;;;;19;31
58060;Monte Compatri;89;0;7;0;3;;;;10;1;3;0;14;;;;18;28
58060;Monte Compatri;90;0;3;0;4;;;;7;2;3;0;10;;;;15;22
58060;Monte Compatri;91;0;5;0;2;;;;7;0;1;0;12;;;;13;20
58060;Monte Compatri;92;1;4;0;0;;;;5;2;2;0;15;;;;19;24
58060;Monte Compatri;93;0;0;0;1;;;;1;2;0;0;12;;;;14;15
58060;Monte Compatri;94;0;2;0;1;;;;3;0;0;0;10;;;;10;13
58060;Monte Compatri;95;1;0;0;1;;;;2;2;0;0;4;;;;6;8
58060;Monte Compatri;96;0;1;0;0;;;;1;2;0;0;3;;;;5;6
58060;Monte Compatri;97;1;0;0;1;;;;2;1;0;0;3;;;;4;6
58060;Monte Compatri;98;0;0;0;0;;;;0;0;0;0;0;;;;0;0
58060;Monte Compatri;99;0;0;0;0;;;;0;0;0;0;0;;;;0;0
58060;Monte Compatri;100;0;1;0;1;;;;2;0;0;0;2;;;;2;4
58060;Monte Compatri;999;2826;2650;180;124;;;;5780;2519;2645;213;543;;;;5920;11700
58061;Monteflavio;0;2;0;0;0;;;;2;1;0;0;0;;;;1;3
58061;Monteflavio;1;4;0;0;0;;;;4;2;0;0;0;;;;2;6
58061;Monteflavio;2;2;0;0;0;;;;2;2;0;0;0;;;;2;4
58061;Monteflavio;3;2;0;0;0;;;;2;3;0;0;0;;;;3;5
58061;Monteflavio;4;3;0;0;0;;;;3;2;0;0;0;;;;2;5
58061;Monteflavio;5;6;0;0;0;;;;6;8;0;0;0;;;;8;14
58061;Monteflavio;6;4;0;0;0;;;;4;2;0;0;0;;;;2;6
58061;Monteflavio;7;1;0;0;0;;;;1;2;0;0;0;;;;2;3
58061;Monteflavio;8;6;0;0;0;;;;6;4;0;0;0;;;;4;10
58061;Monteflavio;9;3;0;0;0;;;;3;2;0;0;0;;;;2;5
58061;Monteflavio;10;2;0;0;0;;;;2;3;0;0;0;;;;3;5
58061;Monteflavio;11;2;0;0;0;;;;2;3;0;0;0;;;;3;5
58061;Monteflavio;12;4;0;0;0;;;;4;1;0;0;0;;;;1;5
58061;Monteflavio;13;4;0;0;0;;;;4;3;0;0;0;;;;3;7
58061;Monteflavio;14;5;0;0;0;;;;5;2;0;0;0;;;;2;7
58061;Monteflavio;15;5;0;0;0;;;;5;5;0;0;0;;;;5;10
58061;Monteflavio;16;1;0;0;0;;;;1;3;0;0;0;;;;3;4
58061;Monteflavio;17;1;0;0;0;;;;1;6;0;0;0;;;;6;7
58061;Monteflavio;18;1;0;0;0;;;;1;6;0;0;0;;;;6;7
58061;Monteflavio;19;5;0;0;0;;;;5;7;0;0;0;;;;7;12
58061;Monteflavio;20;3;0;0;0;;;;3;7;0;0;0;;;;7;10
58061;Monteflavio;21;6;0;0;0;;;;6;2;0;0;0;;;;2;8
58061;Monteflavio;22;2;0;0;0;;;;2;7;0;0;0;;;;7;9
58061;Monteflavio;23;2;0;0;0;;;;2;7;1;0;0;;;;8;10
58061;Monteflavio;24;2;1;0;0;;;;3;5;0;0;0;;;;5;8
58061;Monteflavio;25;2;0;0;0;;;;2;6;1;0;0;;;;7;9
58061;Monteflavio;26;8;0;0;0;;;;8;3;0;0;0;;;;3;11
58061;Monteflavio;27;4;0;0;0;;;;4;5;0;0;0;;;;5;9
58061;Monteflavio;28;2;1;0;0;;;;3;3;0;0;0;;;;3;6
58061;Monteflavio;29;6;0;0;0;;;;6;5;0;0;0;;;;5;11
58061;Monteflavio;30;1;0;0;0;;;;1;2;1;0;0;;;;3;4
58061;Monteflavio;31;6;1;0;0;;;;7;3;3;0;0;;;;6;13
58061;Monteflavio;32;4;3;0;0;;;;7;2;4;0;0;;;;6;13
58061;Monteflavio;33;2;0;0;0;;;;2;3;1;0;0;;;;4;6
58061;Monteflavio;34;3;0;0;0;;;;3;7;0;0;0;;;;7;10
58061;Monteflavio;35;2;1;0;0;;;;3;2;2;0;0;;;;4;7
58061;Monteflavio;36;3;3;0;0;;;;6;5;1;0;0;;;;6;12
58061;Monteflavio;37;2;2;0;0;;;;4;3;4;1;0;;;;8;12
58061;Monteflavio;38;4;2;0;0;;;;6;5;3;0;0;;;;8;14
58061;Monteflavio;39;2;2;0;0;;;;4;0;3;0;0;;;;3;7
58061;Monteflavio;40;4;3;0;0;;;;7;2;5;0;0;;;;7;14
58061;Monteflavio;41;0;2;0;0;;;;2;3;2;0;0;;;;5;7
58061;Monteflavio;42;1;3;0;0;;;;4;1;2;0;0;;;;3;7
58061;Monteflavio;43;5;2;0;0;;;;7;2;3;0;0;;;;5;12
58061;Monteflavio;44;3;2;0;0;;;;5;4;3;0;0;;;;7;12
58061;Monteflavio;45;4;3;0;0;;;;7;0;11;0;0;;;;11;18
58061;Monteflavio;46;4;2;1;0;;;;7;0;8;0;0;;;;8;15
58061;Monteflavio;47;3;3;0;0;;;;6;5;2;0;0;;;;7;13
58061;Monteflavio;48;3;6;0;0;;;;9;0;5;0;0;;;;5;14
58061;Monteflavio;49;3;8;0;0;;;;11;4;6;1;0;;;;11;22
58061;Monteflavio;50;3;7;0;0;;;;10;4;6;1;0;;;;11;21
58061;Monteflavio;51;6;8;0;0;;;;14;3;8;1;0;;;;12;26
58061;Monteflavio;52;1;8;1;0;;;;10;1;6;1;0;;;;8;18
58061;Monteflavio;53;7;6;1;0;;;;14;2;5;1;0;;;;8;22
58061;Monteflavio;54;3;6;0;0;;;;9;1;7;0;0;;;;8;17
58061;Monteflavio;55;2;3;0;0;;;;5;2;4;0;0;;;;6;11
58061;Monteflavio;56;5;5;0;0;;;;10;4;14;0;0;;;;18;28
58061;Monteflavio;57;1;9;1;0;;;;11;2;10;0;0;;;;12;23
58061;Monteflavio;58;3;5;0;0;;;;8;1;8;0;1;;;;10;18
58061;Monteflavio;59;3;5;0;1;;;;9;2;8;0;0;;;;10;19
58061;Monteflavio;60;1;14;1;0;;;;16;3;9;0;0;;;;12;28
58061;Monteflavio;61;2;5;1;0;;;;8;0;8;0;1;;;;9;17
58061;Monteflavio;62;3;11;1;0;;;;15;3;10;0;0;;;;13;28
58061;Monteflavio;63;2;4;0;0;;;;6;1;8;0;1;;;;10;16
58061;Monteflavio;64;2;13;0;0;;;;15;4;6;0;1;;;;11;26
58061;Monteflavio;65;4;6;0;0;;;;10;1;4;0;0;;;;5;15
58061;Monteflavio;66;1;8;1;0;;;;10;1;10;0;2;;;;13;23
58061;Monteflavio;67;5;5;0;1;;;;11;1;8;0;3;;;;12;23
58061;Monteflavio;68;0;9;0;1;;;;10;2;7;0;0;;;;9;19
58061;Monteflavio;69;2;4;0;0;;;;6;0;6;0;1;;;;7;13
58061;Monteflavio;70;0;13;0;0;;;;13;1;10;0;2;;;;13;26
58061;Monteflavio;71;1;4;1;0;;;;6;3;3;0;0;;;;6;12
58061;Monteflavio;72;2;13;0;0;;;;15;0;4;0;5;;;;9;24
58061;Monteflavio;73;0;5;0;0;;;;5;0;6;0;2;;;;8;13
58061;Monteflavio;74;0;4;0;0;;;;4;2;7;0;1;;;;10;14
58061;Monteflavio;75;2;7;0;0;;;;9;1;7;0;7;;;;15;24
58061;Monteflavio;76;2;7;0;0;;;;9;1;4;0;2;;;;7;16
58061;Monteflavio;77;0;5;1;2;;;;8;0;5;0;1;;;;6;14
58061;Monteflavio;78;0;8;0;0;;;;8;0;3;0;1;;;;4;12
58061;Monteflavio;79;0;4;0;0;;;;4;0;2;0;2;;;;4;8
58061;Monteflavio;80;0;2;0;1;;;;3;0;1;0;4;;;;5;8
58061;Monteflavio;81;0;4;0;0;;;;4;1;3;0;2;;;;6;10
58061;Monteflavio;82;0;6;0;1;;;;7;0;3;0;1;;;;4;11
58061;Monteflavio;83;0;1;0;1;;;;2;2;2;0;6;;;;10;12
58061;Monteflavio;84;0;2;0;0;;;;2;0;1;0;4;;;;5;7
58061;Monteflavio;85;1;5;0;0;;;;6;1;1;0;6;;;;8;14
58061;Monteflavio;86;0;0;0;0;;;;0;1;1;0;6;;;;8;8
58061;Monteflavio;87;0;2;0;0;;;;2;0;2;0;2;;;;4;6
58061;Monteflavio;88;0;0;0;0;;;;0;0;0;0;1;;;;1;1
58061;Monteflavio;89;0;1;0;1;;;;2;0;1;0;4;;;;5;7
58061;Monteflavio;90;0;1;0;2;;;;3;0;0;0;1;;;;1;4
58061;Monteflavio;91;0;1;0;0;;;;1;0;0;0;2;;;;2;3
58061;Monteflavio;92;0;0;0;0;;;;0;1;0;0;2;;;;3;3
58061;Monteflavio;93;0;0;0;0;;;;0;0;0;0;0;;;;0;0
58061;Monteflavio;94;0;1;0;0;;;;1;0;0;0;0;;;;0;1
58061;Monteflavio;95;0;0;0;0;;;;0;0;0;0;0;;;;0;0
58061;Monteflavio;96;0;0;0;0;;;;0;0;0;0;0;;;;0;0
58061;Monteflavio;97;0;0;0;0;;;;0;0;0;0;2;;;;2;2
58061;Monteflavio;98;0;0;0;0;;;;0;0;0;0;2;;;;2;2
58061;Monteflavio;99;0;0;0;0;;;;0;0;0;0;0;;;;0;0
58061;Monteflavio;100;0;0;0;0;;;;0;1;0;0;1;;;;2;2
58061;Monteflavio;999;223;287;10;11;;;;531;223;289;6;79;;;;597;1128
58062;Montelanico;0;5;0;0;0;;;;5;4;0;0;0;;;;4;9
58062;Montelanico;1;4;0;0;0;;;;4;6;0;0;0;;;;6;10
58062;Montelanico;2;2;0;0;0;;;;2;5;0;0;0;;;;5;7
58062;Montelanico;3;6;0;0;0;;;;6;9;0;0;0;;;;9;15
58062;Montelanico;4;9;0;0;0;;;;9;7;0;0;0;;;;7;16
58062;Montelanico;5;8;0;0;0;;;;8;10;0;0;0;;;;10;18
58062;Montelanico;6;8;0;0;0;;;;8;6;0;0;0;;;;6;14
58062;Montelanico;7;12;0;0;0;;;;12;9;0;0;0;;;;9;21
58062;Montelanico;8;9;0;0;0;;;;9;9;0;0;0;;;;9;18
58062;Montelanico;9;8;0;0;0;;;;8;7;0;0;0;;;;7;15
58062;Montelanico;10;6;0;0;0;;;;6;9;0;0;0;;;;9;15
58062;Montelanico;11;12;0;0;0;;;;12;10;0;0;0;;;;10;22
58062;Montelanico;12;10;0;0;0;;;;10;5;0;0;0;;;;5;15
58062;Montelanico;13;11;0;0;0;;;;11;10;0;0;0;;;;10;21
58062;Montelanico;14;7;0;0;0;;;;7;11;0;0;0;;;;11;18
58062;Montelanico;15;9;0;0;0;;;;9;11;0;0;0;;;;11;20
58062;Montelanico;16;4;0;0;0;;;;4;8;0;0;0;;;;8;12
58062;Montelanico;17;5;0;0;0;;;;5;5;0;0;0;;;;5;10
58062;Montelanico;18;10;0;0;0;;;;10;14;0;0;0;;;;14;24
58062;Montelanico;19;8;0;0;0;;;;8;11;0;0;0;;;;11;19
58062;Montelanico;20;10;0;0;0;;;;10;6;0;0;0;;;;6;16
58062;Montelanico;21;8;0;0;0;;;;8;13;1;0;0;;;;14;22
58062;Montelanico;22;8;0;0;0;;;;8;8;0;0;0;;;;8;16
58062;Montelanico;23;10;0;0;0;;;;10;7;0;0;0;;;;7;17
58062;Montelanico;24;6;0;0;0;;;;6;14;2;0;0;;;;16;22
58062;Montelanico;25;14;0;0;0;;;;14;7;0;0;0;;;;7;21
58062;Montelanico;26;10;0;0;0;;;;10;5;0;0;0;;;;5;15
58062;Montelanico;27;9;1;0;0;;;;10;13;0;1;0;;;;14;24
58062;Montelanico;28;11;0;0;0;;;;11;8;3;0;0;;;;11;22
58062;Montelanico;29;8;2;0;0;;;;10;6;4;0;0;;;;10;20
58062;Montelanico;30;11;1;0;0;;;;12;15;1;0;0;;;;16;28
58062;Montelanico;31;17;0;0;0;;;;17;11;2;0;0;;;;13;30
58062;Montelanico;32;8;1;0;0;;;;9;5;2;1;0;;;;8;17
58062;Montelanico;33;9;4;0;0;;;;13;4;7;0;0;;;;11;24
58062;Montelanico;34;10;1;0;0;;;;11;8;5;0;0;;;;13;24
58062;Montelanico;35;10;0;0;0;;;;10;6;2;0;0;;;;8;18
58062;Montelanico;36;9;4;0;0;;;;13;4;3;0;0;;;;7;20
58062;Montelanico;37;9;6;0;0;;;;15;9;5;0;0;;;;14;29
58062;Montelanico;38;9;1;0;0;;;;10;3;8;0;0;;;;11;21
58062;Montelanico;39;3;8;1;0;;;;12;1;5;0;0;;;;6;18
58062;Montelanico;40;14;4;0;0;;;;18;3;5;0;0;;;;8;26
58062;Montelanico;41;5;3;0;0;;;;8;6;7;0;1;;;;14;22
58062;Montelanico;42;3;5;0;0;;;;8;4;2;0;0;;;;6;14
58062;Montelanico;43;4;5;1;0;;;;10;4;12;1;0;;;;17;27
58062;Montelanico;44;4;5;0;0;;;;9;5;11;3;1;;;;20;29
58062;Montelanico;45;11;3;0;0;;;;14;2;11;0;0;;;;13;27
58062;Montelanico;46;9;8;1;0;;;;18;6;12;2;0;;;;20;38
58062;Montelanico;47;5;11;2;0;;;;18;7;5;2;0;;;;14;32
58062;Montelanico;48;6;14;1;0;;;;21;2;9;1;0;;;;12;33
58062;Montelanico;49;6;18;0;0;;;;24;4;9;1;0;;;;14;38
58062;Montelanico;50;2;8;0;0;;;;10;7;9;0;1;;;;17;27
58062;Montelanico;51;3;7;1;0;;;;11;2;12;0;0;;;;14;25
58062;Montelanico;52;8;9;1;0;;;;18;3;13;0;0;;;;16;34
58062;Montelanico;53;8;9;1;0;;;;18;2;11;1;1;;;;15;33
58062;Montelanico;54;4;12;3;0;;;;19;3;11;1;0;;;;15;34
58062;Montelanico;55;6;12;0;1;;;;19;4;14;1;2;;;;21;40
58062;Montelanico;56;3;14;0;1;;;;18;3;5;3;1;;;;12;30
58062;Montelanico;57;3;12;0;1;;;;16;4;4;3;0;;;;11;27
58062;Montelanico;58;4;12;3;1;;;;20;3;11;1;0;;;;15;35
58062;Montelanico;59;1;8;0;0;;;;9;5;12;2;3;;;;22;31
58062;Montelanico;60;4;6;1;0;;;;11;3;11;4;1;;;;19;30
58062;Montelanico;61;3;13;1;2;;;;19;1;15;0;1;;;;17;36
58062;Montelanico;62;2;8;2;2;;;;14;1;13;0;3;;;;17;31
58062;Montelanico;63;1;12;2;0;;;;15;2;6;1;1;;;;10;25
58062;Montelanico;64;2;7;1;0;;;;10;1;8;0;0;;;;9;19
58062;Montelanico;65;2;15;2;0;;;;19;0;8;0;3;;;;11;30
58062;Montelanico;66;0;12;1;0;;;;13;1;11;0;5;;;;17;30
58062;Montelanico;67;1;5;0;1;;;;7;1;16;1;2;;;;20;27
58062;Montelanico;68;0;12;2;0;;;;14;1;14;1;1;;;;17;31
58062;Montelanico;69;1;7;1;1;;;;10;0;7;0;3;;;;10;20
58062;Montelanico;70;0;10;0;1;;;;11;1;9;0;3;;;;13;24
58062;Montelanico;71;0;13;0;1;;;;14;0;14;1;5;;;;20;34
58062;Montelanico;72;1;16;0;1;;;;18;0;9;1;2;;;;12;30
58062;Montelanico;73;0;13;0;2;;;;15;0;11;1;1;;;;13;28
58062;Montelanico;74;0;15;1;0;;;;16;0;4;0;8;;;;12;28
58062;Montelanico;75;0;9;0;2;;;;11;0;10;1;6;;;;17;28
58062;Montelanico;76;0;9;1;0;;;;10;0;4;0;4;;;;8;18
58062;Montelanico;77;2;13;0;1;;;;16;1;2;1;3;;;;7;23
58062;Montelanico;78;0;4;0;0;;;;4;1;7;1;1;;;;10;14
58062;Montelanico;79;2;8;0;1;;;;11;0;6;0;4;;;;10;21
58062;Montelanico;80;0;4;0;0;;;;4;0;4;0;4;;;;8;12
58062;Montelanico;81;1;4;0;0;;;;5;0;2;0;5;;;;7;12
58062;Montelanico;82;0;9;1;0;;;;10;0;3;0;5;;;;8;18
58062;Montelanico;83;0;8;0;1;;;;9;0;1;0;4;;;;5;14
58062;Montelanico;84;0;2;0;0;;;;2;0;2;0;8;;;;10;12
58062;Montelanico;85;0;6;0;2;;;;8;0;1;0;5;;;;6;14
58062;Montelanico;86;0;4;0;2;;;;6;0;0;2;3;;;;5;11
58062;Montelanico;87;0;2;0;1;;;;3;0;0;0;7;;;;7;10
58062;Montelanico;88;0;4;0;1;;;;5;0;0;0;6;;;;6;11
58062;Montelanico;89;0;0;0;0;;;;0;0;0;0;2;;;;2;2
58062;Montelanico;90;0;1;0;1;;;;2;1;1;0;2;;;;4;6
58062;Montelanico;91;0;0;0;0;;;;0;0;0;0;0;;;;0;0
58062;Montelanico;92;0;0;0;2;;;;2;0;0;0;0;;;;0;2
58062;Montelanico;93;0;0;0;2;;;;2;0;0;0;2;;;;2;4
58062;Montelanico;94;0;0;0;1;;;;1;0;0;0;1;;;;1;2
58062;Montelanico;95;0;0;0;0;;;;0;0;0;0;0;;;;0;0
58062;Montelanico;96;0;0;0;0;;;;0;0;0;0;0;;;;0;0
58062;Montelanico;97;0;0;0;0;;;;0;0;0;0;1;;;;1;1
58062;Montelanico;98;0;0;0;0;;;;0;0;0;0;1;;;;1;1
58062;Montelanico;99;0;0;0;0;;;;0;0;0;0;0;;;;0;0
58062;Montelanico;100;0;0;0;0;;;;0;0;0;0;0;;;;0;0
58062;Montelanico;999;473;459;31;32;;;;995;413;434;39;123;;;;1009;2004
58063;Montelibretti;0;22;0;0;0;;;;22;15;0;0;0;;;;15;37
58063;Montelibretti;1;18;0;0;0;;;;18;11;0;0;0;;;;11;29
58063;Montelibretti;2;16;0;0;0;;;;16;12;0;0;0;;;;12;28
58063;Montelibretti;3;17;0;0;0;;;;17;17;0;0;0;;;;17;34
58063;Montelibretti;4;16;0;0;0;;;;16;18;0;0;0;;;;18;34
58063;Montelibretti;5;15;0;0;0;;;;15;17;0;0;0;;;;17;32
58063;Montelibretti;6;26;0;0;0;;;;26;25;0;0;0;;;;25;51
58063;Montelibretti;7;23;0;0;0;;;;23;18;0;0;0;;;;18;41
58063;Montelibretti;8;20;0;0;0;;;;20;21;0;0;0;;;;21;41
58063;Montelibretti;9;32;0;0;0;;;;32;32;0;0;0;;;;32;64
58063;Montelibretti;10;27;0;0;0;;;;27;13;0;0;0;;;;13;40
58063;Montelibretti;11;27;0;0;0;;;;27;18;0;0;0;;;;18;45
58063;Montelibretti;12;23;0;0;0;;;;23;29;0;0;0;;;;29;52
58063;Montelibretti;13;26;0;0;0;;;;26;22;0;0;0;;;;22;48
58063;Montelibretti;14;27;0;0;0;;;;27;32;0;0;0;;;;32;59
58063;Montelibretti;15;13;0;0;0;;;;13;21;0;0;0;;;;21;34
58063;Montelibretti;16;37;0;0;0;;;;37;28;0;0;0;;;;28;65
58063;Montelibretti;17;20;0;0;0;;;;20;24;0;0;0;;;;24;44
58063;Montelibretti;18;23;0;0;0;;;;23;31;0;0;0;;;;31;54
58063;Montelibretti;19;15;0;0;0;;;;15;26;0;0;0;;;;26;41
58063;Montelibretti;20;43;0;0;0;;;;43;26;0;0;0;;;;26;69
58063;Montelibretti;21;23;0;0;0;;;;23;15;0;0;0;;;;15;38
58063;Montelibretti;22;25;0;0;0;;;;25;23;0;0;0;;;;23;48
58063;Montelibretti;23;25;0;0;0;;;;25;28;1;0;0;;;;29;54
58063;Montelibretti;24;22;0;0;0;;;;22;24;2;0;0;;;;26;48
58063;Montelibretti;25;26;2;0;0;;;;28;21;1;0;0;;;;22;50
58063;Montelibretti;26;25;0;0;0;;;;25;23;2;0;0;;;;25;50
58063;Montelibretti;27;29;1;0;0;;;;30;23;1;0;0;;;;24;54
58063;Montelibretti;28;20;1;0;0;;;;21;16;3;0;0;;;;19;40
58063;Montelibretti;29;26;3;0;0;;;;29;18;3;0;0;;;;21;50
58063;Montelibretti;30;18;2;0;0;;;;20;18;5;0;0;;;;23;43
58063;Montelibretti;31;15;4;0;0;;;;19;16;7;0;0;;;;23;42
58063;Montelibretti;32;16;3;0;0;;;;19;15;11;0;0;;;;26;45
58063;Montelibretti;33;16;6;0;0;;;;22;17;8;0;0;;;;25;47
58063;Montelibretti;34;18;6;0;0;;;;24;13;13;1;0;;;;27;51
58063;Montelibretti;35;19;11;0;0;;;;30;18;15;0;0;;;;33;63
58063;Montelibretti;36;18;12;0;0;;;;30;12;11;0;0;;;;23;53
58063;Montelibretti;37;15;10;0;0;;;;25;17;11;1;0;;;;29;54
58063;Montelibretti;38;19;10;0;0;;;;29;8;19;0;0;;;;27;56
58063;Montelibretti;39;18;16;1;0;;;;35;12;13;1;0;;;;26;61
58063;Montelibretti;40;5;15;2;0;;;;22;15;12;1;0;;;;28;50
58063;Montelibretti;41;14;12;1;0;;;;27;15;18;0;0;;;;33;60
58063;Montelibretti;42;11;15;0;1;;;;27;8;23;0;0;;;;31;58
58063;Montelibretti;43;16;17;1;0;;;;34;11;15;0;0;;;;26;60
58063;Montelibretti;44;16;15;0;0;;;;31;12;29;0;1;;;;42;73
58063;Montelibretti;45;18;20;3;0;;;;41;6;34;4;1;;;;45;86
58063;Montelibretti;46;10;24;1;0;;;;35;7;29;1;0;;;;37;72
58063;Montelibretti;47;13;19;0;0;;;;32;14;24;4;1;;;;43;75
58063;Montelibretti;48;10;26;0;0;;;;36;9;27;0;1;;;;37;73
58063;Montelibretti;49;16;29;4;1;;;;50;8;25;2;1;;;;36;86
58063;Montelibretti;50;14;26;1;0;;;;41;5;36;2;2;;;;45;86
58063;Montelibretti;51;10;32;2;1;;;;45;7;36;4;2;;;;49;94
58063;Montelibretti;52;9;37;1;0;;;;47;13;31;2;2;;;;48;95
58063;Montelibretti;53;10;37;1;1;;;;49;6;35;2;2;;;;45;94
58063;Montelibretti;54;10;33;3;0;;;;46;6;29;4;1;;;;40;86
58063;Montelibretti;55;8;29;2;1;;;;40;8;24;4;4;;;;40;80
58063;Montelibretti;56;9;34;0;1;;;;44;11;28;2;0;;;;41;85
58063;Montelibretti;57;6;28;4;1;;;;39;5;29;2;3;;;;39;78
58063;Montelibretti;58;3;23;1;0;;;;27;4;28;4;1;;;;37;64
58063;Montelibretti;59;9;25;1;0;;;;35;5;29;0;6;;;;40;75
58063;Montelibretti;60;2;31;1;0;;;;34;7;38;4;4;;;;53;87
58063;Montelibretti;61;3;39;1;2;;;;45;5;37;1;2;;;;45;90
58063;Montelibretti;62;0;39;4;1;;;;44;4;27;4;5;;;;40;84
58063;Montelibretti;63;3;34;2;1;;;;40;6;26;4;2;;;;38;78
58063;Montelibretti;64;1;25;3;1;;;;30;6;26;2;6;;;;40;70
58063;Montelibretti;65;5;31;0;0;;;;36;9;33;0;4;;;;46;82
58063;Montelibretti;66;5;31;3;1;;;;40;3;29;1;8;;;;41;81
58063;Montelibretti;67;0;33;2;0;;;;35;3;28;1;4;;;;36;71
58063;Montelibretti;68;3;26;3;3;;;;35;1;22;0;9;;;;32;67
58063;Montelibretti;69;0;26;0;1;;;;27;0;18;2;8;;;;28;55
58063;Montelibretti;70;1;22;2;3;;;;28;1;19;3;8;;;;31;59
58063;Montelibretti;71;2;22;1;2;;;;27;2;23;1;10;;;;36;63
58063;Montelibretti;72;1;19;3;0;;;;23;0;16;3;7;;;;26;49
58063;Montelibretti;73;2;22;1;3;;;;28;2;20;0;6;;;;28;56
58063;Montelibretti;74;2;21;1;2;;;;26;4;18;1;9;;;;32;58
58063;Montelibretti;75;1;19;0;4;;;;24;0;13;1;6;;;;20;44
58063;Montelibretti;76;1;17;0;1;;;;19;2;15;0;10;;;;27;46
58063;Montelibretti;77;2;19;0;3;;;;24;3;18;0;17;;;;38;62
58063;Montelibretti;78;2;13;1;1;;;;17;0;19;2;14;;;;35;52
58063;Montelibretti;79;0;14;0;0;;;;14;4;7;1;8;;;;20;34
58063;Montelibretti;80;3;14;0;4;;;;21;0;5;0;12;;;;17;38
58063;Montelibretti;81;2;12;0;1;;;;15;0;7;0;15;;;;22;37
58063;Montelibretti;82;0;10;0;3;;;;13;1;8;0;22;;;;31;44
58063;Montelibretti;83;2;14;0;3;;;;19;1;6;1;14;;;;22;41
58063;Montelibretti;84;0;11;0;3;;;;14;2;8;0;9;;;;19;33
58063;Montelibretti;85;0;14;0;4;;;;18;3;8;0;19;;;;30;48
58063;Montelibretti;86;0;10;0;3;;;;13;1;2;1;14;;;;18;31
58063;Montelibretti;87;1;5;0;4;;;;10;0;2;0;16;;;;18;28
58063;Montelibretti;88;0;4;0;2;;;;6;0;1;0;10;;;;11;17
58063;Montelibretti;89;0;5;0;2;;;;7;1;0;0;10;;;;11;18
58063;Montelibretti;90;0;3;0;0;;;;3;2;1;0;7;;;;10;13
58063;Montelibretti;91;0;3;0;1;;;;4;0;0;0;11;;;;11;15
58063;Montelibretti;92;0;1;0;2;;;;3;0;1;0;5;;;;6;9
58063;Montelibretti;93;0;1;0;0;;;;1;0;1;0;5;;;;6;7
58063;Montelibretti;94;0;0;0;1;;;;1;0;1;0;3;;;;4;5
58063;Montelibretti;95;0;2;0;1;;;;3;0;0;0;5;;;;5;8
58063;Montelibretti;96;0;0;0;0;;;;0;0;0;0;2;;;;2;2
58063;Montelibretti;97;0;0;0;0;;;;0;0;0;0;0;;;;0;0
58063;Montelibretti;98;0;0;0;0;;;;0;0;0;0;1;;;;1;1
58063;Montelibretti;99;0;0;0;0;;;;0;0;0;0;0;;;;0;0
58063;Montelibretti;100;0;0;0;0;;;;0;0;1;0;0;;;;1;1
58063;Montelibretti;999;1140;1195;57;70;;;;2462;1041;1171;74;355;;;;2641;5103
58064;Monte Porzio Catone;0;17;0;0;0;;;;17;30;0;0;0;;;;30;47
58064;Monte Porzio Catone;1;24;0;0;0;;;;24;20;0;0;0;;;;20;44
58064;Monte Porzio Catone;2;29;0;0;0;;;;29;18;0;0;0;;;;18;47
58064;Monte Porzio Catone;3;34;0;0;0;;;;34;25;0;0;0;;;;25;59
58064;Monte Porzio Catone;4;31;0;0;0;;;;31;39;0;0;0;;;;39;70
58064;Monte Porzio Catone;5;27;0;0;0;;;;27;30;0;0;0;;;;30;57
58064;Monte Porzio Catone;6;40;0;0;0;;;;40;33;0;0;0;;;;33;73
58064;Monte Porzio Catone;7;43;0;0;0;;;;43;33;0;0;0;;;;33;76
58064;Monte Porzio Catone;8;42;0;0;0;;;;42;40;0;0;0;;;;40;82
58064;Monte Porzio Catone;9;56;0;0;0;;;;56;34;0;0;0;;;;34;90
58064;Monte Porzio Catone;10;39;0;0;0;;;;39;40;0;0;0;;;;40;79
58064;Monte Porzio Catone;11;35;0;0;0;;;;35;32;0;0;0;;;;32;67
58064;Monte Porzio Catone;12;47;0;0;0;;;;47;42;0;0;0;;;;42;89
58064;Monte Porzio Catone;13;44;0;0;0;;;;44;47;0;0;0;;;;47;91
58064;Monte Porzio Catone;14;45;0;0;0;;;;45;37;0;0;0;;;;37;82
58064;Monte Porzio Catone;15;41;0;0;0;;;;41;43;0;0;0;;;;43;84
58064;Monte Porzio Catone;16;58;0;0;0;;;;58;45;0;0;0;;;;45;103
58064;Monte Porzio Catone;17;50;0;0;0;;;;50;47;0;0;0;;;;47;97
58064;Monte Porzio Catone;18;53;0;0;0;;;;53;49;0;0;0;;;;49;102
58064;Monte Porzio Catone;19;47;0;0;0;;;;47;41;0;0;0;;;;41;88
58064;Monte Porzio Catone;20;47;0;0;0;;;;47;30;1;0;0;;;;31;78
58064;Monte Porzio Catone;21;45;0;0;0;;;;45;38;0;0;0;;;;38;83
58064;Monte Porzio Catone;22;48;0;0;0;;;;48;43;0;0;0;;;;43;91
58064;Monte Porzio Catone;23;32;0;0;0;;;;32;35;0;0;0;;;;35;67
58064;Monte Porzio Catone;24;43;2;0;0;;;;45;36;0;0;0;;;;36;81
58064;Monte Porzio Catone;25;34;0;0;0;;;;34;44;2;0;0;;;;46;80
58064;Monte Porzio Catone;26;35;0;0;0;;;;35;36;2;0;0;;;;38;73
58064;Monte Porzio Catone;27;30;3;0;0;;;;33;40;0;0;0;;;;40;73
58064;Monte Porzio Catone;28;27;1;0;0;;;;28;28;2;0;0;;;;30;58
58064;Monte Porzio Catone;29;28;0;0;0;;;;28;28;5;0;0;;;;33;61
58064;Monte Porzio Catone;30;36;2;0;0;;;;38;37;5;0;0;;;;42;80
58064;Monte Porzio Catone;31;40;1;0;0;;;;41;20;10;0;0;;;;30;71
58064;Monte Porzio Catone;32;38;4;0;0;;;;42;35;8;0;0;;;;43;85
58064;Monte Porzio Catone;33;28;13;0;0;;;;41;23;10;0;0;;;;33;74
58064;Monte Porzio Catone;34;33;5;1;0;;;;39;27;9;2;0;;;;38;77
58064;Monte Porzio Catone;35;25;8;0;0;;;;33;31;22;0;0;;;;53;86
58064;Monte Porzio Catone;36;25;10;0;0;;;;35;37;15;2;0;;;;54;89
58064;Monte Porzio Catone;37;26;16;0;0;;;;42;20;22;0;0;;;;42;84
58064;Monte Porzio Catone;38;31;19;0;0;;;;50;16;29;0;0;;;;45;95
58064;Monte Porzio Catone;39;32;16;3;0;;;;51;12;27;2;0;;;;41;92
58064;Monte Porzio Catone;40;25;29;0;1;;;;55;22;29;1;0;;;;52;107
58064;Monte Porzio Catone;41;33;36;0;0;;;;69;23;38;3;1;;;;65;134
58064;Monte Porzio Catone;42;17;24;1;0;;;;42;21;33;0;1;;;;55;97
58064;Monte Porzio Catone;43;29;13;2;0;;;;44;17;30;1;2;;;;50;94
58064;Monte Porzio Catone;44;22;24;2;0;;;;48;13;29;0;0;;;;42;90
58064;Monte Porzio Catone;45;20;22;4;0;;;;46;25;37;3;0;;;;65;111
58064;Monte Porzio Catone;46;23;33;0;0;;;;56;28;30;1;3;;;;62;118
58064;Monte Porzio Catone;47;32;38;2;0;;;;72;25;39;1;0;;;;65;137
58064;Monte Porzio Catone;48;21;42;3;0;;;;66;14;42;5;1;;;;62;128
58064;Monte Porzio Catone;49;27;45;1;0;;;;73;13;52;5;1;;;;71;144
58064;Monte Porzio Catone;50;23;37;4;1;;;;65;17;39;5;3;;;;64;129
58064;Monte Porzio Catone;51;16;34;3;1;;;;54;17;45;7;2;;;;71;125
58064;Monte Porzio Catone;52;24;47;4;0;;;;75;13;52;7;2;;;;74;149
58064;Monte Porzio Catone;53;24;43;0;1;;;;68;11;45;5;0;;;;61;129
58064;Monte Porzio Catone;54;12;50;6;0;;;;68;15;51;8;1;;;;75;143
58064;Monte Porzio Catone;55;15;59;1;0;;;;75;12;71;6;3;;;;92;167
58064;Monte Porzio Catone;56;13;60;2;0;;;;75;9;54;4;3;;;;70;145
58064;Monte Porzio Catone;57;20;46;4;1;;;;71;9;48;3;2;;;;62;133
58064;Monte Porzio Catone;58;8;45;5;1;;;;59;13;50;8;3;;;;74;133
58064;Monte Porzio Catone;59;11;57;7;1;;;;76;9;54;6;1;;;;70;146
58064;Monte Porzio Catone;60;8;52;4;0;;;;64;13;60;7;6;;;;86;150
58064;Monte Porzio Catone;61;13;37;4;0;;;;54;10;44;8;1;;;;63;117
58064;Monte Porzio Catone;62;12;52;6;0;;;;70;9;58;7;2;;;;76;146
58064;Monte Porzio Catone;63;4;40;4;0;;;;48;6;52;13;5;;;;76;124
58064;Monte Porzio Catone;64;7;56;6;0;;;;69;5;41;9;6;;;;61;130
58064;Monte Porzio Catone;65;5;53;1;1;;;;60;2;47;2;10;;;;61;121
58064;Monte Porzio Catone;66;6;41;9;0;;;;56;8;56;4;7;;;;75;131
58064;Monte Porzio Catone;67;2;48;3;0;;;;53;1;49;4;5;;;;59;112
58064;Monte Porzio Catone;68;2;40;3;1;;;;46;7;42;4;7;;;;60;106
58064;Monte Porzio Catone;69;0;42;2;1;;;;45;2;46;4;10;;;;62;107
58064;Monte Porzio Catone;70;2;42;3;0;;;;47;3;38;6;6;;;;53;100
58064;Monte Porzio Catone;71;5;43;4;4;;;;56;0;54;5;7;;;;66;122
58064;Monte Porzio Catone;72;2;43;3;2;;;;50;1;45;5;12;;;;63;113
58064;Monte Porzio Catone;73;0;42;2;4;;;;48;5;38;2;11;;;;56;104
58064;Monte Porzio Catone;74;8;42;1;2;;;;53;1;35;3;13;;;;52;105
58064;Monte Porzio Catone;75;0;41;0;3;;;;44;2;30;0;10;;;;42;86
58064;Monte Porzio Catone;76;3;36;0;6;;;;45;3;41;3;15;;;;62;107
58064;Monte Porzio Catone;77;1;42;0;7;;;;50;1;31;2;14;;;;48;98
58064;Monte Porzio Catone;78;1;36;1;7;;;;45;0;31;1;21;;;;53;98
58064;Monte Porzio Catone;79;2;24;0;3;;;;29;0;32;1;14;;;;47;76
58064;Monte Porzio Catone;80;0;31;2;5;;;;38;1;21;1;18;;;;41;79
58064;Monte Porzio Catone;81;0;34;0;7;;;;41;3;22;3;18;;;;46;87
58064;Monte Porzio Catone;82;1;24;1;5;;;;31;2;11;1;17;;;;31;62
58064;Monte Porzio Catone;83;1;19;0;5;;;;25;3;14;0;17;;;;34;59
58064;Monte Porzio Catone;84;1;20;1;1;;;;23;3;12;1;16;;;;32;55
58064;Monte Porzio Catone;85;1;18;0;2;;;;21;4;10;3;21;;;;38;59
58064;Monte Porzio Catone;86;0;13;0;8;;;;21;1;4;1;14;;;;20;41
58064;Monte Porzio Catone;87;1;10;0;6;;;;17;0;5;0;18;;;;23;40
58064;Monte Porzio Catone;88;1;10;1;4;;;;16;2;3;0;15;;;;20;36
58064;Monte Porzio Catone;89;0;8;0;2;;;;10;1;3;0;13;;;;17;27
58064;Monte Porzio Catone;90;0;3;1;1;;;;5;1;2;0;14;;;;17;22
58064;Monte Porzio Catone;91;0;5;0;2;;;;7;3;0;1;15;;;;19;26
58064;Monte Porzio Catone;92;0;5;1;1;;;;7;1;1;0;9;;;;11;18
58064;Monte Porzio Catone;93;0;0;0;1;;;;1;0;0;1;3;;;;4;5
58064;Monte Porzio Catone;94;1;1;0;3;;;;5;1;0;0;5;;;;6;11
58064;Monte Porzio Catone;95;0;3;0;0;;;;3;0;1;0;7;;;;8;11
58064;Monte Porzio Catone;96;0;0;0;0;;;;0;0;0;0;7;;;;7;7
58064;Monte Porzio Catone;97;0;1;0;0;;;;1;1;1;0;8;;;;10;11
58064;Monte Porzio Catone;98;0;0;0;0;;;;0;0;0;0;2;;;;2;2
58064;Monte Porzio Catone;99;0;0;0;0;;;;0;0;0;0;2;;;;2;2
58064;Monte Porzio Catone;100;0;0;0;1;;;;1;0;0;0;1;;;;1;2
58064;Monte Porzio Catone;999;1990;1941;118;102;;;;4151;1773;2017;187;451;;;;4428;8579
58065;Monterotondo;0;115;0;0;0;0;0;0;115;108;0;0;0;0;0;0;108;223
58065;Monterotondo;1;122;0;0;0;0;0;0;122;146;0;0;0;0;0;0;146;268
58065;Monterotondo;2;140;0;0;0;0;0;0;140;114;0;0;0;0;0;0;114;254
58065;Monterotondo;3;136;0;0;0;0;0;0;136;157;0;0;0;0;0;0;157;293
58065;Monterotondo;4;149;0;0;0;0;0;0;149;135;0;0;0;0;0;0;135;284
58065;Monterotondo;5;149;0;0;0;0;0;0;149;144;0;0;0;0;0;0;144;293
58065;Monterotondo;6;196;0;0;0;0;0;0;196;179;0;0;0;0;0;0;179;375
58065;Monterotondo;7;201;0;0;0;0;0;0;201;187;0;0;0;0;0;0;187;388
58065;Monterotondo;8;180;0;0;0;0;0;0;180;196;0;0;0;0;0;0;196;376
58065;Monterotondo;9;223;0;0;0;0;0;0;223;196;0;0;0;0;0;0;196;419
58065;Monterotondo;10;228;0;0;0;0;0;0;228;199;0;0;0;0;0;0;199;427
58065;Monterotondo;11;214;0;0;0;0;0;0;214;219;0;0;0;0;0;0;219;433
58065;Monterotondo;12;232;0;0;0;0;0;0;232;225;0;0;0;0;0;0;225;457
58065;Monterotondo;13;246;0;0;0;0;0;0;246;209;0;0;0;0;0;0;209;455
58065;Monterotondo;14;245;0;0;0;0;0;0;245;223;0;0;0;0;0;0;223;468
58065;Monterotondo;15;222;0;0;0;0;0;0;222;205;0;0;0;0;0;0;205;427
58065;Monterotondo;16;229;0;0;0;0;0;0;229;224;0;0;0;0;0;0;224;453
58065;Monterotondo;17;258;0;0;0;0;0;0;258;208;0;0;0;0;0;0;208;466
58065;Monterotondo;18;256;0;0;0;0;0;0;256;218;0;0;0;0;0;0;218;474
58065;Monterotondo;19;211;0;0;0;0;0;0;211;201;1;0;0;0;0;0;202;413
58065;Monterotondo;20;217;0;0;0;0;0;0;217;225;4;0;0;0;0;0;229;446
58065;Monterotondo;21;223;0;0;0;0;0;0;223;184;1;0;0;0;0;0;185;408
58065;Monterotondo;22;241;0;0;0;0;0;0;241;191;1;0;0;0;0;0;192;433
58065;Monterotondo;23;212;0;0;0;0;0;0;212;184;6;0;0;0;0;0;190;402
58065;Monterotondo;24;215;1;0;0;0;0;0;216;204;6;0;0;0;0;0;210;426
58065;Monterotondo;25;206;4;0;0;0;0;0;210;180;8;0;0;0;0;0;188;398
58065;Monterotondo;26;239;9;0;0;0;0;0;248;182;16;1;0;0;0;0;199;447
58065;Monterotondo;27;217;7;0;0;0;0;0;224;162;15;1;0;0;0;0;178;402
58065;Monterotondo;28;201;21;0;0;0;0;0;222;158;31;1;0;0;0;0;190;412
58065;Monterotondo;29;201;13;1;0;0;0;0;215;137;31;1;0;0;0;0;169;384
58065;Monterotondo;30;187;32;1;0;0;0;0;220;171;43;0;0;0;0;0;214;434
58065;Monterotondo;31;186;30;0;0;1;0;0;217;162;56;2;0;0;1;0;221;438
58065;Monterotondo;32;186;40;0;0;0;0;0;226;134;77;1;0;0;0;0;212;438
58065;Monterotondo;33;144;49;0;0;0;0;0;193;145;84;5;0;0;0;0;234;427
58065;Monterotondo;34;166;50;1;0;3;0;0;220;129;85;2;1;0;0;0;217;437
58065;Monterotondo;35;128;77;5;0;1;0;0;211;138;92;5;1;1;0;0;237;448
58065;Monterotondo;36;160;88;2;0;0;0;0;250;129;119;3;0;1;0;0;252;502
58065;Monterotondo;37;155;81;3;0;0;0;0;239;104;143;6;0;1;0;0;254;493
58065;Monterotondo;38;123;103;6;0;0;0;0;232;125;119;9;2;0;0;0;255;487
58065;Monterotondo;39;118;121;4;0;0;0;0;243;114;136;4;1;1;0;0;256;499
58065;Monterotondo;40;140;143;6;0;2;0;0;291;116;154;11;0;0;0;0;281;572
58065;Monterotondo;41;96;131;5;2;0;0;0;234;93;168;6;1;0;0;0;268;502
58065;Monterotondo;42;129;178;6;1;1;0;0;315;90;182;13;1;0;1;0;287;602
58065;Monterotondo;43;114;163;5;0;1;0;0;283;89;187;17;4;0;0;0;297;580
58065;Monterotondo;44;107;169;8;1;0;0;0;285;93;199;15;1;1;1;0;310;595
58065;Monterotondo;45;104;163;11;1;0;0;0;279;84;189;24;5;0;0;0;302;581
58065;Monterotondo;46;107;192;19;0;0;0;0;318;101;208;23;5;1;0;0;338;656
58065;Monterotondo;47;111;182;12;1;1;0;0;307;75;236;30;4;1;0;0;346;653
58065;Monterotondo;48;105;211;14;1;2;0;0;333;94;258;31;7;1;0;0;391;724
58065;Monterotondo;49;95;205;19;1;2;0;0;322;80;250;29;5;0;0;0;364;686
58065;Monterotondo;50;123;246;16;0;1;0;0;386;79;283;28;4;2;0;0;396;782
58065;Monterotondo;51;113;231;17;1;0;0;0;362;79;273;31;10;0;0;0;393;755
58065;Monterotondo;52;79;248;23;2;0;0;0;352;70;254;34;8;1;0;0;367;719
58065;Monterotondo;53;80;282;19;2;0;0;0;383;61;280;36;12;0;0;0;389;772
58065;Monterotondo;54;81;243;24;1;2;0;0;351;52;292;31;12;1;0;0;388;739
58065;Monterotondo;55;76;261;35;2;1;0;0;375;57;263;41;9;1;0;0;371;746
58065;Monterotondo;56;56;257;23;2;0;0;0;338;55;285;45;20;0;0;0;405;743
58065;Monterotondo;57;53;246;23;7;1;0;0;330;48;267;40;17;0;0;0;372;702
58065;Monterotondo;58;58;234;28;5;1;0;0;326;43;255;38;16;0;0;0;352;678
58065;Monterotondo;59;42;240;25;6;0;0;0;313;48;237;40;19;0;0;0;344;657
58065;Monterotondo;60;39;250;24;5;1;0;0;319;40;226;37;20;0;0;0;323;642
58065;Monterotondo;61;35;249;19;5;0;0;0;308;26;238;38;31;0;0;0;333;641
58065;Monterotondo;62;25;213;25;5;0;0;0;268;33;242;42;33;0;0;0;350;618
58065;Monterotondo;63;30;213;30;4;0;0;0;277;29;219;19;34;1;0;0;302;579
58065;Monterotondo;64;16;224;19;3;0;0;0;262;32;201;38;26;0;0;0;297;559
58065;Monterotondo;65;18;199;20;8;0;0;0;245;22;217;16;33;0;0;0;288;533
58065;Monterotondo;66;20;202;15;8;0;0;0;245;10;156;23;24;0;0;0;213;458
58065;Monterotondo;67;14;159;15;7;0;0;0;195;15;181;11;23;0;0;0;230;425
58065;Monterotondo;68;18;157;21;7;0;0;0;203;11;140;24;32;0;0;0;207;410
58065;Monterotondo;69;11;161;14;10;0;0;0;196;17;149;23;43;0;0;0;232;428
58065;Monterotondo;70;10;166;8;5;0;0;0;189;15;146;16;66;0;0;0;243;432
58065;Monterotondo;71;8;167;11;13;0;0;0;199;11;141;11;39;0;0;0;202;401
58065;Monterotondo;72;7;142;8;10;0;0;0;167;9;134;15;53;0;0;0;211;378
58065;Monterotondo;73;8;137;7;9;1;0;0;162;11;130;12;60;0;0;0;213;375
58065;Monterotondo;74;7;133;7;16;0;0;0;163;10;120;11;65;0;0;0;206;369
58065;Monterotondo;75;6;136;5;12;0;0;0;159;9;104;10;62;0;0;0;185;344
58065;Monterotondo;76;6;122;5;13;0;0;0;146;7;103;12;61;0;0;0;183;329
58065;Monterotondo;77;3;139;6;9;0;0;0;157;7;91;11;75;0;0;0;184;341
58065;Monterotondo;78;2;125;5;16;0;0;0;148;9;100;9;67;0;0;0;185;333
58065;Monterotondo;79;6;89;4;12;0;0;0;111;7;78;10;67;0;0;0;162;273
58065;Monterotondo;80;0;82;7;17;0;0;0;106;7;68;8;68;0;0;0;151;257
58065;Monterotondo;81;2;80;3;17;0;0;0;102;6;64;4;85;0;0;0;159;261
58065;Monterotondo;82;3;84;0;12;0;0;0;99;7;44;11;74;0;0;0;136;235
58065;Monterotondo;83;4;80;0;13;0;0;0;97;3;45;5;70;0;0;0;123;220
58065;Monterotondo;84;1;75;6;15;0;0;0;97;8;45;4;78;0;0;0;135;232
58065;Monterotondo;85;1;70;1;15;0;0;0;87;2;33;4;76;0;0;0;115;202
58065;Monterotondo;86;1;57;0;16;0;0;0;74;4;38;2;81;0;0;0;125;199
58065;Monterotondo;87;2;47;1;15;0;0;0;65;2;20;0;69;0;0;0;91;156
58065;Monterotondo;88;0;33;1;20;0;0;0;54;5;16;1;66;0;0;0;88;142
58065;Monterotondo;89;2;26;2;19;0;0;0;49;5;10;1;65;0;0;0;81;130
58065;Monterotondo;90;1;13;0;12;0;0;0;26;2;6;2;56;0;0;0;66;92
58065;Monterotondo;91;0;19;0;11;0;0;0;30;1;8;0;39;0;0;0;48;78
58065;Monterotondo;92;0;12;0;11;0;0;0;23;4;3;0;35;0;0;0;42;65
58065;Monterotondo;93;1;7;0;5;0;0;0;13;0;1;0;21;0;0;0;22;35
58065;Monterotondo;94;1;7;0;4;0;0;0;12;3;5;0;24;0;0;0;32;44
58065;Monterotondo;95;0;4;0;7;0;0;0;11;1;0;0;21;0;0;0;22;33
58065;Monterotondo;96;0;1;0;1;0;0;0;2;1;0;0;15;0;0;0;16;18
58065;Monterotondo;97;0;1;0;0;0;0;0;1;0;0;0;9;0;0;0;9;10
58065;Monterotondo;98;0;1;0;0;0;0;0;1;0;0;0;6;0;0;0;6;7
58065;Monterotondo;99;0;1;0;0;0;0;0;1;0;0;0;6;0;0;0;6;7
58065;Monterotondo;100;0;0;0;0;0;0;0;0;0;1;0;5;0;0;0;6;6
58065;Monterotondo;999;9854;9034;650;423;22;0;0;19983;8749;9317;1034;2048;14;3;0;21165;41148
58066;Montorio Romano;0;7;0;0;0;;;;7;9;0;0;0;;;;9;16
58066;Montorio Romano;1;6;0;0;0;;;;6;7;0;0;0;;;;7;13
58066;Montorio Romano;2;4;0;0;0;;;;4;2;0;0;0;;;;2;6
58066;Montorio Romano;3;6;0;0;0;;;;6;8;0;0;0;;;;8;14
58066;Montorio Romano;4;6;0;0;0;;;;6;7;0;0;0;;;;7;13
58066;Montorio Romano;5;7;0;0;0;;;;7;9;0;0;0;;;;9;16
58066;Montorio Romano;6;8;0;0;0;;;;8;5;0;0;0;;;;5;13
58066;Montorio Romano;7;6;0;0;0;;;;6;6;0;0;0;;;;6;12
58066;Montorio Romano;8;7;0;0;0;;;;7;7;0;0;0;;;;7;14
58066;Montorio Romano;9;8;0;0;0;;;;8;13;0;0;0;;;;13;21
58066;Montorio Romano;10;7;0;0;0;;;;7;14;0;0;0;;;;14;21
58066;Montorio Romano;11;10;0;0;0;;;;10;11;0;0;0;;;;11;21
58066;Montorio Romano;12;14;0;0;0;;;;14;6;0;0;0;;;;6;20
58066;Montorio Romano;13;10;0;0;0;;;;10;6;0;0;0;;;;6;16
58066;Montorio Romano;14;10;0;0;0;;;;10;10;0;0;0;;;;10;20
58066;Montorio Romano;15;9;0;0;0;;;;9;6;0;0;0;;;;6;15
58066;Montorio Romano;16;9;0;0;0;;;;9;9;0;0;0;;;;9;18
58066;Montorio Romano;17;6;0;0;0;;;;6;12;0;0;0;;;;12;18
58066;Montorio Romano;18;12;0;0;0;;;;12;9;0;0;0;;;;9;21
58066;Montorio Romano;19;5;0;0;0;;;;5;12;0;0;0;;;;12;17
58066;Montorio Romano;20;13;0;0;0;;;;13;5;0;0;0;;;;5;18
58066;Montorio Romano;21;12;0;0;0;;;;12;10;0;0;0;;;;10;22
58066;Montorio Romano;22;7;0;0;0;;;;7;12;0;0;0;;;;12;19
58066;Montorio Romano;23;11;0;0;0;;;;11;7;0;0;0;;;;7;18
58066;Montorio Romano;24;3;0;0;0;;;;3;9;2;0;0;;;;11;14
58066;Montorio Romano;25;6;0;0;0;;;;6;10;0;0;0;;;;10;16
58066;Montorio Romano;26;13;0;0;0;;;;13;8;2;0;0;;;;10;23
58066;Montorio Romano;27;11;0;0;0;;;;11;4;3;0;0;;;;7;18
58066;Montorio Romano;28;10;0;0;0;;;;10;9;5;0;0;;;;14;24
58066;Montorio Romano;29;9;1;0;0;;;;10;5;3;0;0;;;;8;18
58066;Montorio Romano;30;11;1;0;0;;;;12;9;3;0;0;;;;12;24
58066;Montorio Romano;31;11;4;0;0;;;;15;7;1;0;0;;;;8;23
58066;Montorio Romano;32;10;4;0;0;;;;14;6;0;0;0;;;;6;20
58066;Montorio Romano;33;11;1;0;0;;;;12;8;2;0;0;;;;10;22
58066;Montorio Romano;34;7;2;1;0;;;;10;7;1;0;0;;;;8;18
58066;Montorio Romano;35;7;5;0;0;;;;12;8;3;0;0;;;;11;23
58066;Montorio Romano;36;12;4;0;0;;;;16;5;6;0;0;;;;11;27
58066;Montorio Romano;37;12;5;0;0;;;;17;8;3;1;0;;;;12;29
58066;Montorio Romano;38;7;3;0;0;;;;10;4;6;0;0;;;;10;20
58066;Montorio Romano;39;5;2;0;0;;;;7;6;6;0;0;;;;12;19
58066;Montorio Romano;40;10;4;0;0;;;;14;6;12;0;0;;;;18;32
58066;Montorio Romano;41;6;3;1;0;;;;10;5;6;2;0;;;;13;23
58066;Montorio Romano;42;8;7;0;0;;;;15;3;7;0;0;;;;10;25
58066;Montorio Romano;43;5;10;0;0;;;;15;4;9;0;0;;;;13;28
58066;Montorio Romano;44;10;6;2;0;;;;18;3;9;2;0;;;;14;32
58066;Montorio Romano;45;4;6;1;0;;;;11;3;8;0;0;;;;11;22
58066;Montorio Romano;46;4;7;2;0;;;;13;2;6;0;0;;;;8;21
58066;Montorio Romano;47;7;9;0;0;;;;16;6;7;0;0;;;;13;29
58066;Montorio Romano;48;7;5;0;0;;;;12;2;8;0;0;;;;10;22
58066;Montorio Romano;49;5;6;0;0;;;;11;1;6;1;1;;;;9;20
58066;Montorio Romano;50;5;4;1;0;;;;10;3;11;2;0;;;;16;26
58066;Montorio Romano;51;4;10;0;0;;;;14;4;11;2;0;;;;17;31
58066;Montorio Romano;52;4;16;1;0;;;;21;2;3;1;0;;;;6;27
58066;Montorio Romano;53;3;11;0;0;;;;14;6;11;0;1;;;;18;32
58066;Montorio Romano;54;10;10;2;0;;;;22;2;9;0;1;;;;12;34
58066;Montorio Romano;55;2;15;0;0;;;;17;2;10;0;1;;;;13;30
58066;Montorio Romano;56;6;7;1;0;;;;14;3;13;2;0;;;;18;32
58066;Montorio Romano;57;5;11;1;1;;;;18;0;12;0;0;;;;12;30
58066;Montorio Romano;58;2;12;1;0;;;;15;3;15;0;0;;;;18;33
58066;Montorio Romano;59;8;10;0;0;;;;18;1;18;0;1;;;;20;38
58066;Montorio Romano;60;3;17;1;0;;;;21;3;13;0;1;;;;17;38
58066;Montorio Romano;61;3;13;2;0;;;;18;2;16;0;1;;;;19;37
58066;Montorio Romano;62;2;11;0;0;;;;13;5;13;1;0;;;;19;32
58066;Montorio Romano;63;3;10;2;0;;;;15;6;15;0;3;;;;24;39
58066;Montorio Romano;64;0;14;0;0;;;;14;2;15;2;3;;;;22;36
58066;Montorio Romano;65;3;15;1;1;;;;20;2;9;0;2;;;;13;33
58066;Montorio Romano;66;2;16;1;0;;;;19;1;11;0;1;;;;13;32
58066;Montorio Romano;67;5;8;1;0;;;;14;1;8;1;3;;;;13;27
58066;Montorio Romano;68;2;8;0;0;;;;10;1;9;0;6;;;;16;26
58066;Montorio Romano;69;1;12;0;0;;;;13;1;10;1;2;;;;14;27
58066;Montorio Romano;70;3;7;0;1;;;;11;2;8;0;2;;;;12;23
58066;Montorio Romano;71;2;10;0;1;;;;13;1;4;0;0;;;;5;18
58066;Montorio Romano;72;1;9;0;0;;;;10;0;6;0;2;;;;8;18
58066;Montorio Romano;73;0;8;1;0;;;;9;2;6;2;0;;;;10;19
58066;Montorio Romano;74;0;7;0;0;;;;7;2;5;0;1;;;;8;15
58066;Montorio Romano;75;0;4;0;0;;;;4;0;4;0;3;;;;7;11
58066;Montorio Romano;76;1;12;0;0;;;;13;0;8;0;0;;;;8;21
58066;Montorio Romano;77;0;5;1;1;;;;7;0;5;0;4;;;;9;16
58066;Montorio Romano;78;1;3;0;1;;;;5;2;4;0;4;;;;10;15
58066;Montorio Romano;79;1;3;0;2;;;;6;0;4;0;5;;;;9;15
58066;Montorio Romano;80;0;1;0;0;;;;1;0;1;0;2;;;;3;4
58066;Montorio Romano;81;0;5;0;2;;;;7;0;5;0;2;;;;7;14
58066;Montorio Romano;82;0;2;0;0;;;;2;0;3;0;4;;;;7;9
58066;Montorio Romano;83;0;6;0;2;;;;8;0;2;0;7;;;;9;17
58066;Montorio Romano;84;1;4;0;0;;;;5;0;1;0;0;;;;1;6
58066;Montorio Romano;85;1;2;0;1;;;;4;0;1;0;6;;;;7;11
58066;Montorio Romano;86;1;8;0;0;;;;9;0;4;1;2;;;;7;16
58066;Montorio Romano;87;1;3;0;3;;;;7;0;2;0;0;;;;2;9
58066;Montorio Romano;88;0;2;0;1;;;;3;0;0;0;2;;;;2;5
58066;Montorio Romano;89;0;2;1;1;;;;4;1;3;0;3;;;;7;11
58066;Montorio Romano;90;0;2;0;0;;;;2;0;1;0;4;;;;5;7
58066;Montorio Romano;91;0;0;0;1;;;;1;0;1;0;1;;;;2;3
58066;Montorio Romano;92;0;1;0;2;;;;3;0;0;0;1;;;;1;4
58066;Montorio Romano;93;0;1;0;1;;;;2;1;0;0;0;;;;1;3
58066;Montorio Romano;94;0;0;0;0;;;;0;0;0;0;2;;;;2;2
58066;Montorio Romano;95;0;0;0;1;;;;1;0;0;0;2;;;;2;3
58066;Montorio Romano;96;0;0;0;0;;;;0;0;0;0;1;;;;1;1
58066;Montorio Romano;97;1;0;0;0;;;;1;0;0;0;1;;;;1;2
58066;Montorio Romano;98;0;0;0;0;;;;0;0;0;0;1;;;;1;1
58066;Montorio Romano;99;0;0;0;0;;;;0;0;0;0;0;;;;0;0
58066;Montorio Romano;100;0;0;0;0;;;;0;0;0;0;0;;;;0;0
58066;Montorio Romano;999;498;432;25;23;;;;978;411;434;21;89;;;;955;1933
58067;Moricone;0;8;0;0;0;;;;8;6;0;0;0;;;;6;14
58067;Moricone;1;9;0;0;0;;;;9;7;0;0;0;;;;7;16
58067;Moricone;2;9;0;0;0;;;;9;4;0;0;0;;;;4;13
58067;Moricone;3;11;0;0;0;;;;11;5;0;0;0;;;;5;16
58067;Moricone;4;8;0;0;0;;;;8;8;0;0;0;;;;8;16
58067;Moricone;5;3;0;0;0;;;;3;9;0;0;0;;;;9;12
58067;Moricone;6;6;0;0;0;;;;6;3;0;0;0;;;;3;9
58067;Moricone;7;13;0;0;0;;;;13;10;0;0;0;;;;10;23
58067;Moricone;8;12;0;0;0;;;;12;6;0;0;0;;;;6;18
58067;Moricone;9;14;0;0;0;;;;14;5;0;0;0;;;;5;19
58067;Moricone;10;7;0;0;0;;;;7;7;0;0;0;;;;7;14
58067;Moricone;11;13;0;0;0;;;;13;10;0;0;0;;;;10;23
58067;Moricone;12;13;0;0;0;;;;13;13;0;0;0;;;;13;26
58067;Moricone;13;4;0;0;0;;;;4;10;0;0;0;;;;10;14
58067;Moricone;14;14;0;0;0;;;;14;11;0;0;0;;;;11;25
58067;Moricone;15;7;0;0;0;;;;7;15;0;0;0;;;;15;22
58067;Moricone;16;12;0;0;0;;;;12;13;0;0;0;;;;13;25
58067;Moricone;17;19;0;0;0;;;;19;6;0;0;0;;;;6;25
58067;Moricone;18;10;0;0;0;;;;10;11;0;0;0;;;;11;21
58067;Moricone;19;11;0;0;0;;;;11;9;0;0;0;;;;9;20
58067;Moricone;20;14;0;0;0;;;;14;13;0;0;0;;;;13;27
58067;Moricone;21;11;0;0;0;;;;11;11;0;0;0;;;;11;22
58067;Moricone;22;6;0;0;0;;;;6;16;0;0;0;;;;16;22
58067;Moricone;23;12;0;0;0;;;;12;6;0;0;0;;;;6;18
58067;Moricone;24;13;0;0;0;;;;13;10;0;0;0;;;;10;23
58067;Moricone;25;5;0;0;0;;;;5;10;1;0;0;;;;11;16
58067;Moricone;26;9;0;0;0;;;;9;12;1;0;0;;;;13;22
58067;Moricone;27;8;0;0;0;;;;8;8;2;0;0;;;;10;18
58067;Moricone;28;9;0;0;0;;;;9;10;0;0;0;;;;10;19
58067;Moricone;29;15;4;0;0;;;;19;10;5;0;0;;;;15;34
58067;Moricone;30;7;5;0;0;;;;12;16;3;0;0;;;;19;31
58067;Moricone;31;8;1;0;0;;;;9;5;5;1;0;;;;11;20
58067;Moricone;32;15;2;0;0;;;;17;8;3;0;0;;;;11;28
58067;Moricone;33;8;2;0;0;;;;10;5;11;0;0;;;;16;26
58067;Moricone;34;13;1;0;0;;;;14;7;6;0;0;;;;13;27
58067;Moricone;35;14;3;0;0;;;;17;3;3;0;0;;;;6;23
58067;Moricone;36;7;4;0;0;;;;11;8;3;0;0;;;;11;22
58067;Moricone;37;7;2;0;0;;;;9;4;3;0;0;;;;7;16
58067;Moricone;38;7;8;0;0;;;;15;6;2;0;0;;;;8;23
58067;Moricone;39;7;5;0;0;;;;12;6;10;0;0;;;;16;28
58067;Moricone;40;6;12;0;0;;;;18;5;8;0;0;;;;13;31
58067;Moricone;41;9;4;1;0;;;;14;8;6;0;0;;;;14;28
58067;Moricone;42;8;4;1;0;;;;13;8;11;2;0;;;;21;34
58067;Moricone;43;8;9;0;0;;;;17;5;8;1;0;;;;14;31
58067;Moricone;44;7;6;0;0;;;;13;2;14;0;0;;;;16;29
58067;Moricone;45;5;12;0;0;;;;17;4;9;0;0;;;;13;30
58067;Moricone;46;6;9;1;0;;;;16;2;9;0;0;;;;11;27
58067;Moricone;47;6;11;1;0;;;;18;2;12;1;0;;;;15;33
58067;Moricone;48;7;17;0;0;;;;24;4;9;0;0;;;;13;37
58067;Moricone;49;7;16;0;1;;;;24;2;11;1;1;;;;15;39
58067;Moricone;50;8;12;1;0;;;;21;3;17;2;0;;;;22;43
58067;Moricone;51;3;17;1;0;;;;21;3;14;3;0;;;;20;41
58067;Moricone;52;8;18;5;0;;;;31;1;11;1;0;;;;13;44
58067;Moricone;53;4;13;0;1;;;;18;4;21;2;1;;;;28;46
58067;Moricone;54;8;11;0;0;;;;19;3;17;2;2;;;;24;43
58067;Moricone;55;5;9;3;0;;;;17;2;14;1;3;;;;20;37
58067;Moricone;56;4;11;2;0;;;;17;0;16;2;1;;;;19;36
58067;Moricone;57;3;17;3;0;;;;23;5;15;2;0;;;;22;45
58067;Moricone;58;4;18;1;0;;;;23;3;15;4;1;;;;23;46
58067;Moricone;59;5;24;2;0;;;;31;2;10;3;2;;;;17;48
58067;Moricone;60;1;13;2;1;;;;17;3;16;2;1;;;;22;39
58067;Moricone;61;3;19;3;0;;;;25;0;12;2;1;;;;15;40
58067;Moricone;62;1;12;2;0;;;;15;3;12;3;2;;;;20;35
58067;Moricone;63;3;13;3;1;;;;20;0;16;0;2;;;;18;38
58067;Moricone;64;0;13;4;0;;;;17;2;15;3;2;;;;22;39
58067;Moricone;65;3;17;0;0;;;;20;0;15;2;3;;;;20;40
58067;Moricone;66;2;6;1;1;;;;10;2;12;0;2;;;;16;26
58067;Moricone;67;0;12;2;0;;;;14;0;16;2;4;;;;22;36
58067;Moricone;68;1;13;0;1;;;;15;2;9;0;2;;;;13;28
58067;Moricone;69;0;23;1;0;;;;24;0;11;0;3;;;;14;38
58067;Moricone;70;2;10;2;1;;;;15;2;11;1;3;;;;17;32
58067;Moricone;71;1;12;1;0;;;;14;1;12;1;6;;;;20;34
58067;Moricone;72;0;15;0;1;;;;16;4;14;1;0;;;;19;35
58067;Moricone;73;3;12;3;0;;;;18;4;10;0;7;;;;21;39
58067;Moricone;74;0;12;1;0;;;;13;0;11;1;2;;;;14;27
58067;Moricone;75;0;6;2;0;;;;8;1;11;0;5;;;;17;25
58067;Moricone;76;0;14;0;1;;;;15;1;6;1;8;;;;16;31
58067;Moricone;77;1;9;0;2;;;;12;1;7;0;2;;;;10;22
58067;Moricone;78;0;12;1;1;;;;14;0;8;0;5;;;;13;27
58067;Moricone;79;0;7;0;1;;;;8;1;6;0;6;;;;13;21
58067;Moricone;80;1;4;0;1;;;;6;1;2;1;5;;;;9;15
58067;Moricone;81;1;7;2;0;;;;10;0;4;1;7;;;;12;22
58067;Moricone;82;1;6;0;1;;;;8;0;6;0;4;;;;10;18
58067;Moricone;83;1;6;0;1;;;;8;0;0;1;7;;;;8;16
58067;Moricone;84;0;2;0;2;;;;4;0;5;0;10;;;;15;19
58067;Moricone;85;0;10;0;0;;;;10;1;3;0;5;;;;9;19
58067;Moricone;86;0;4;0;0;;;;4;0;0;0;1;;;;1;5
58067;Moricone;87;0;4;0;1;;;;5;0;2;0;7;;;;9;14
58067;Moricone;88;0;1;1;1;;;;3;0;1;0;5;;;;6;9
58067;Moricone;89;0;2;0;0;;;;2;1;1;0;6;;;;8;10
58067;Moricone;90;0;2;0;0;;;;2;0;0;0;1;;;;1;3
58067;Moricone;91;0;0;0;0;;;;0;0;0;0;1;;;;1;1
58067;Moricone;92;0;2;0;0;;;;2;0;0;0;3;;;;3;5
58067;Moricone;93;0;2;0;0;;;;2;0;0;1;2;;;;3;5
58067;Moricone;94;0;0;0;0;;;;0;0;0;0;2;;;;2;2
58067;Moricone;95;0;0;0;1;;;;1;0;0;0;2;;;;2;3
58067;Moricone;96;0;0;0;0;;;;0;0;0;0;1;;;;1;1
58067;Moricone;97;0;0;0;0;;;;0;0;0;0;1;;;;1;1
58067;Moricone;98;0;0;0;0;;;;0;0;0;0;2;;;;2;2
58067;Moricone;99;0;0;0;1;;;;1;0;0;0;0;;;;0;1
58067;Moricone;100;0;0;0;1;;;;1;0;0;0;1;;;;1;2
58067;Moricone;999;544;589;53;23;;;;1209;440;559;51;150;;;;1200;2409
58068;Morlupo;0;24;0;0;0;;;;24;29;0;0;0;;;;29;53
58068;Morlupo;1;24;0;0;0;;;;24;21;0;0;0;;;;21;45
58068;Morlupo;2;22;0;0;0;;;;22;24;0;0;0;;;;24;46
58068;Morlupo;3;21;0;0;0;;;;21;35;0;0;0;;;;35;56
58068;Morlupo;4;28;0;0;0;;;;28;27;0;0;0;;;;27;55
58068;Morlupo;5;37;0;0;0;;;;37;37;0;0;0;;;;37;74
58068;Morlupo;6;32;0;0;0;;;;32;20;0;0;0;;;;20;52
58068;Morlupo;7;33;0;0;0;;;;33;22;0;0;0;;;;22;55
58068;Morlupo;8;37;0;0;0;;;;37;43;0;0;0;;;;43;80
58068;Morlupo;9;44;0;0;0;;;;44;32;0;0;0;;;;32;76
58068;Morlupo;10;32;0;0;0;;;;32;35;0;0;0;;;;35;67
58068;Morlupo;11;48;0;0;0;;;;48;34;0;0;0;;;;34;82
58068;Morlupo;12;43;0;0;0;;;;43;52;0;0;0;;;;52;95
58068;Morlupo;13;49;0;0;0;;;;49;33;0;0;0;;;;33;82
58068;Morlupo;14;32;0;0;0;;;;32;47;0;0;0;;;;47;79
58068;Morlupo;15;42;0;0;0;;;;42;45;0;0;0;;;;45;87
58068;Morlupo;16;33;0;0;0;;;;33;47;0;0;0;;;;47;80
58068;Morlupo;17;44;0;0;0;;;;44;45;0;0;0;;;;45;89
58068;Morlupo;18;36;0;0;0;;;;36;41;0;0;0;;;;41;77
58068;Morlupo;19;39;0;0;0;;;;39;47;0;0;0;;;;47;86
58068;Morlupo;20;53;0;0;0;;;;53;37;0;0;0;;;;37;90
58068;Morlupo;21;40;0;0;0;;;;40;44;0;0;0;;;;44;84
58068;Morlupo;22;42;0;0;0;;;;42;37;1;0;0;;;;38;80
58068;Morlupo;23;55;0;0;0;;;;55;42;1;0;0;;;;43;98
58068;Morlupo;24;39;0;0;0;;;;39;26;2;0;0;;;;28;67
58068;Morlupo;25;42;2;0;0;;;;44;40;3;0;0;;;;43;87
58068;Morlupo;26;34;1;0;0;;;;35;34;1;0;0;;;;35;70
58068;Morlupo;27;44;2;0;0;;;;46;31;4;0;0;;;;35;81
58068;Morlupo;28;30;4;0;0;;;;34;32;4;0;0;;;;36;70
58068;Morlupo;29;41;4;0;0;;;;45;39;4;0;0;;;;43;88
58068;Morlupo;30;49;4;0;0;;;;53;33;7;0;0;;;;40;93
58068;Morlupo;31;35;2;0;0;;;;37;35;18;1;0;;;;54;91
58068;Morlupo;32;43;4;0;0;;;;47;26;6;1;0;;;;33;80
58068;Morlupo;33;26;7;0;0;;;;33;24;7;0;0;;;;31;64
58068;Morlupo;34;32;7;0;0;;;;39;26;14;0;0;;;;40;79
58068;Morlupo;35;30;12;0;0;;;;42;32;20;3;0;;;;55;97
58068;Morlupo;36;27;10;1;0;;;;38;21;21;0;0;;;;42;80
58068;Morlupo;37;24;14;0;0;;;;38;23;15;0;0;;;;38;76
58068;Morlupo;38;32;17;2;0;;;;51;25;23;0;0;;;;48;99
58068;Morlupo;39;26;16;1;0;;;;43;25;30;2;0;;;;57;100
58068;Morlupo;40;27;18;1;0;;;;46;23;25;3;0;;;;51;97
58068;Morlupo;41;19;29;1;1;;;;50;18;38;0;0;;;;56;106
58068;Morlupo;42;22;30;1;0;;;;53;21;28;1;0;;;;50;103
58068;Morlupo;43;27;28;2;0;;;;57;26;32;2;2;;;;62;119
58068;Morlupo;44;36;30;1;0;;;;67;26;43;5;0;;;;74;141
58068;Morlupo;45;27;33;0;0;;;;60;16;35;5;0;;;;56;116
58068;Morlupo;46;22;29;2;0;;;;53;15;42;6;1;;;;64;117
58068;Morlupo;47;24;32;4;1;;;;61;17;35;3;1;;;;56;117
58068;Morlupo;48;24;43;2;0;;;;69;21;42;7;1;;;;71;140
58068;Morlupo;49;24;38;3;0;;;;65;17;49;7;2;;;;75;140
58068;Morlupo;50;29;43;4;0;;;;76;19;45;8;1;;;;73;149
58068;Morlupo;51;29;37;7;0;;;;73;16;41;3;2;;;;62;135
58068;Morlupo;52;22;46;5;0;;;;73;17;45;6;2;;;;70;143
58068;Morlupo;53;29;48;1;0;;;;78;18;55;4;2;;;;79;157
58068;Morlupo;54;24;30;4;0;;;;58;16;60;8;2;;;;86;144
58068;Morlupo;55;19;35;4;1;;;;59;16;47;9;2;;;;74;133
58068;Morlupo;56;21;49;5;0;;;;75;13;42;12;8;;;;75;150
58068;Morlupo;57;16;37;4;0;;;;57;13;53;4;4;;;;74;131
58068;Morlupo;58;13;56;7;0;;;;76;11;53;14;1;;;;79;155
58068;Morlupo;59;11;41;5;1;;;;58;15;54;6;6;;;;81;139
58068;Morlupo;60;14;57;7;1;;;;79;12;56;12;8;;;;88;167
58068;Morlupo;61;9;49;10;1;;;;69;15;50;6;6;;;;77;146
58068;Morlupo;62;12;49;1;0;;;;62;10;65;5;8;;;;88;150
58068;Morlupo;63;12;54;7;1;;;;74;4;47;13;7;;;;71;145
58068;Morlupo;64;8;51;3;1;;;;63;4;37;5;7;;;;53;116
58068;Morlupo;65;13;46;6;2;;;;67;12;38;7;3;;;;60;127
58068;Morlupo;66;6;53;11;3;;;;73;7;41;7;7;;;;62;135
58068;Morlupo;67;4;45;5;1;;;;55;9;40;6;7;;;;62;117
58068;Morlupo;68;7;39;1;1;;;;48;5;41;7;9;;;;62;110
58068;Morlupo;69;4;40;6;4;;;;54;7;35;5;14;;;;61;115
58068;Morlupo;70;2;43;5;2;;;;52;3;34;3;5;;;;45;97
58068;Morlupo;71;3;44;2;1;;;;50;5;24;5;6;;;;40;90
58068;Morlupo;72;7;37;1;1;;;;46;4;37;4;19;;;;64;110
58068;Morlupo;73;0;31;3;1;;;;35;5;29;3;14;;;;51;86
58068;Morlupo;74;2;18;4;4;;;;28;2;21;2;10;;;;35;63
58068;Morlupo;75;4;30;5;5;;;;44;3;19;3;6;;;;31;75
58068;Morlupo;76;0;36;2;4;;;;42;3;26;1;25;;;;55;97
58068;Morlupo;77;3;36;3;7;;;;49;4;20;3;15;;;;42;91
58068;Morlupo;78;2;33;0;1;;;;36;5;24;4;9;;;;42;78
58068;Morlupo;79;2;16;2;2;;;;22;2;22;0;12;;;;36;58
58068;Morlupo;80;1;20;0;3;;;;24;1;15;3;13;;;;32;56
58068;Morlupo;81;2;14;1;5;;;;22;1;16;2;14;;;;33;55
58068;Morlupo;82;2;26;2;7;;;;37;2;17;2;11;;;;32;69
58068;Morlupo;83;1;17;0;2;;;;20;3;9;3;21;;;;36;56
58068;Morlupo;84;0;14;1;4;;;;19;2;11;1;13;;;;27;46
58068;Morlupo;85;0;10;0;5;;;;15;4;13;1;25;;;;43;58
58068;Morlupo;86;2;12;0;3;;;;17;2;5;2;23;;;;32;49
58068;Morlupo;87;1;6;0;2;;;;9;1;7;0;9;;;;17;26
58068;Morlupo;88;0;11;0;3;;;;14;1;4;0;19;;;;24;38
58068;Morlupo;89;0;5;0;2;;;;7;2;0;0;11;;;;13;20
58068;Morlupo;90;1;6;0;2;;;;9;1;2;0;8;;;;11;20
58068;Morlupo;91;1;4;0;3;;;;8;1;1;0;8;;;;10;18
58068;Morlupo;92;0;4;1;4;;;;9;0;0;0;19;;;;19;28
58068;Morlupo;93;0;1;1;2;;;;4;2;2;0;9;;;;13;17
58068;Morlupo;94;0;0;0;0;;;;0;0;0;0;9;;;;9;9
58068;Morlupo;95;0;0;0;1;;;;1;1;0;0;2;;;;3;4
58068;Morlupo;96;0;0;0;1;;;;1;0;0;0;5;;;;5;6
58068;Morlupo;97;0;0;0;0;;;;0;1;0;0;3;;;;4;4
58068;Morlupo;98;0;0;1;0;;;;1;0;0;0;2;;;;2;3
58068;Morlupo;99;0;0;0;1;;;;1;0;0;0;1;;;;1;2
58068;Morlupo;100;0;0;0;0;;;;0;0;0;0;1;;;;1;1
58068;Morlupo;999;2034;1795;158;97;;;;4084;1848;1853;235;460;;;;4396;8480
58069;Nazzano;0;2;0;0;0;;;;2;3;0;0;0;;;;3;5
58069;Nazzano;1;7;0;0;0;;;;7;5;0;0;0;;;;5;12
58069;Nazzano;2;4;0;0;0;;;;4;3;0;0;0;;;;3;7
58069;Nazzano;3;1;0;0;0;;;;1;7;0;0;0;;;;7;8
58069;Nazzano;4;3;0;0;0;;;;3;4;0;0;0;;;;4;7
58069;Nazzano;5;4;0;0;0;;;;4;8;0;0;0;;;;8;12
58069;Nazzano;6;5;0;0;0;;;;5;7;0;0;0;;;;7;12
58069;Nazzano;7;3;0;0;0;;;;3;1;0;0;0;;;;1;4
58069;Nazzano;8;3;0;0;0;;;;3;3;0;0;0;;;;3;6
58069;Nazzano;9;11;0;0;0;;;;11;3;0;0;0;;;;3;14
58069;Nazzano;10;6;0;0;0;;;;6;6;0;0;0;;;;6;12
58069;Nazzano;11;4;0;0;0;;;;4;9;0;0;0;;;;9;13
58069;Nazzano;12;7;0;0;0;;;;7;3;0;0;0;;;;3;10
58069;Nazzano;13;7;0;0;0;;;;7;3;0;0;0;;;;3;10
58069;Nazzano;14;5;0;0;0;;;;5;9;0;0;0;;;;9;14
58069;Nazzano;15;6;0;0;0;;;;6;3;0;0;0;;;;3;9
58069;Nazzano;16;3;0;0;0;;;;3;6;0;0;0;;;;6;9
58069;Nazzano;17;7;0;0;0;;;;7;3;0;0;0;;;;3;10
58069;Nazzano;18;7;0;0;0;;;;7;3;0;0;0;;;;3;10
58069;Nazzano;19;6;0;0;0;;;;6;7;0;0;0;;;;7;13
58069;Nazzano;20;4;0;0;0;;;;4;7;0;0;0;;;;7;11
58069;Nazzano;21;2;0;0;0;;;;2;5;0;0;0;;;;5;7
58069;Nazzano;22;6;0;0;0;;;;6;3;1;0;0;;;;4;10
58069;Nazzano;23;6;1;0;0;;;;7;5;1;0;0;;;;6;13
58069;Nazzano;24;8;0;0;0;;;;8;5;0;0;0;;;;5;13
58069;Nazzano;25;6;0;0;0;;;;6;6;1;0;0;;;;7;13
58069;Nazzano;26;4;0;0;0;;;;4;5;0;0;0;;;;5;9
58069;Nazzano;27;7;0;0;0;;;;7;4;1;0;0;;;;5;12
58069;Nazzano;28;5;0;0;0;;;;5;5;1;0;0;;;;6;11
58069;Nazzano;29;5;1;0;0;;;;6;4;0;0;0;;;;4;10
58069;Nazzano;30;11;1;0;0;;;;12;3;2;0;0;;;;5;17
58069;Nazzano;31;6;0;0;0;;;;6;2;1;0;0;;;;3;9
58069;Nazzano;32;7;2;0;0;;;;9;3;1;0;0;;;;4;13
58069;Nazzano;33;4;0;0;0;;;;4;7;4;0;0;;;;11;15
58069;Nazzano;34;9;2;0;0;;;;11;3;2;0;0;;;;5;16
58069;Nazzano;35;7;3;0;0;;;;10;5;2;0;0;;;;7;17
58069;Nazzano;36;4;0;0;0;;;;4;7;5;0;0;;;;12;16
58069;Nazzano;37;8;3;0;0;;;;11;3;5;0;0;;;;8;19
58069;Nazzano;38;3;2;0;0;;;;5;4;2;0;0;;;;6;11
58069;Nazzano;39;7;4;0;0;;;;11;3;3;0;0;;;;6;17
58069;Nazzano;40;3;6;0;0;;;;9;1;5;0;0;;;;6;15
58069;Nazzano;41;0;2;0;0;;;;2;1;5;0;0;;;;6;8
58069;Nazzano;42;3;4;0;0;;;;7;5;5;0;0;;;;10;17
58069;Nazzano;43;6;1;0;0;;;;7;4;8;0;0;;;;12;19
58069;Nazzano;44;5;3;0;0;;;;8;2;8;0;0;;;;10;18
58069;Nazzano;45;5;4;0;0;;;;9;5;5;0;0;;;;10;19
58069;Nazzano;46;8;2;0;0;;;;10;2;1;0;1;;;;4;14
58069;Nazzano;47;4;6;0;0;;;;10;4;2;0;1;;;;7;17
58069;Nazzano;48;2;2;0;0;;;;4;2;2;0;1;;;;5;9
58069;Nazzano;49;7;5;2;0;;;;14;2;8;0;0;;;;10;24
58069;Nazzano;50;7;5;0;0;;;;12;4;8;1;1;;;;14;26
58069;Nazzano;51;3;8;1;0;;;;12;4;7;0;0;;;;11;23
58069;Nazzano;52;5;3;0;0;;;;8;1;9;2;1;;;;13;21
58069;Nazzano;53;6;7;0;0;;;;13;2;8;0;0;;;;10;23
58069;Nazzano;54;4;9;0;0;;;;13;2;9;1;0;;;;12;25
58069;Nazzano;55;2;6;0;0;;;;8;1;6;2;0;;;;9;17
58069;Nazzano;56;5;9;1;0;;;;15;2;8;2;0;;;;12;27
58069;Nazzano;57;2;9;0;0;;;;11;3;4;0;1;;;;8;19
58069;Nazzano;58;3;5;2;1;;;;11;1;3;1;1;;;;6;17
58069;Nazzano;59;6;9;0;0;;;;15;1;5;0;0;;;;6;21
58069;Nazzano;60;3;6;2;0;;;;11;2;11;0;0;;;;13;24
58069;Nazzano;61;2;5;0;0;;;;7;0;10;1;2;;;;13;20
58069;Nazzano;62;0;13;1;0;;;;14;1;12;1;3;;;;17;31
58069;Nazzano;63;3;8;2;0;;;;13;0;3;0;2;;;;5;18
58069;Nazzano;64;4;13;1;0;;;;18;1;10;1;1;;;;13;31
58069;Nazzano;65;0;5;0;0;;;;5;2;8;0;0;;;;10;15
58069;Nazzano;66;1;6;1;0;;;;8;1;7;0;2;;;;10;18
58069;Nazzano;67;2;16;2;1;;;;21;0;8;2;5;;;;15;36
58069;Nazzano;68;1;6;1;0;;;;8;1;6;1;1;;;;9;17
58069;Nazzano;69;0;7;0;0;;;;7;0;5;0;6;;;;11;18
58069;Nazzano;70;1;3;2;1;;;;7;0;5;0;1;;;;6;13
58069;Nazzano;71;1;3;0;0;;;;4;1;1;2;2;;;;6;10
58069;Nazzano;72;1;8;1;0;;;;10;1;7;1;2;;;;11;21
58069;Nazzano;73;0;4;1;0;;;;5;0;2;0;4;;;;6;11
58069;Nazzano;74;0;6;1;0;;;;7;0;6;1;2;;;;9;16
58069;Nazzano;75;0;4;0;1;;;;5;0;3;1;2;;;;6;11
58069;Nazzano;76;0;4;1;0;;;;5;1;3;0;2;;;;6;11
58069;Nazzano;77;0;5;0;0;;;;5;0;2;0;1;;;;3;8
58069;Nazzano;78;1;1;0;0;;;;2;0;2;0;2;;;;4;6
58069;Nazzano;79;1;4;1;0;;;;6;0;2;1;2;;;;5;11
58069;Nazzano;80;0;1;1;3;;;;5;0;1;0;0;;;;1;6
58069;Nazzano;81;0;2;0;0;;;;2;1;3;0;3;;;;7;9
58069;Nazzano;82;0;3;0;2;;;;5;0;4;0;1;;;;5;10
58069;Nazzano;83;0;5;0;1;;;;6;0;1;0;1;;;;2;8
58069;Nazzano;84;0;4;1;2;;;;7;0;4;0;4;;;;8;15
58069;Nazzano;85;0;4;0;0;;;;4;0;0;0;3;;;;3;7
58069;Nazzano;86;0;3;0;3;;;;6;1;3;0;4;;;;8;14
58069;Nazzano;87;0;4;0;0;;;;4;0;3;0;1;;;;4;8
58069;Nazzano;88;1;2;1;1;;;;5;1;2;0;2;;;;5;10
58069;Nazzano;89;0;0;0;0;;;;0;0;2;0;3;;;;5;5
58069;Nazzano;90;0;4;0;1;;;;5;0;0;0;3;;;;3;8
58069;Nazzano;91;0;0;0;1;;;;1;0;0;0;2;;;;2;3
58069;Nazzano;92;0;3;0;1;;;;4;1;0;0;4;;;;5;9
58069;Nazzano;93;0;0;0;0;;;;0;0;1;0;1;;;;2;2
58069;Nazzano;94;0;0;0;1;;;;1;0;0;0;2;;;;2;3
58069;Nazzano;95;0;0;0;0;;;;0;0;0;0;2;;;;2;2
58069;Nazzano;96;0;0;0;0;;;;0;0;0;0;1;;;;1;1
58069;Nazzano;97;0;0;0;0;;;;0;0;0;0;2;;;;2;2
58069;Nazzano;98;0;0;0;0;;;;0;0;0;0;0;;;;0;0
58069;Nazzano;99;0;0;0;0;;;;0;0;0;0;1;;;;1;1
58069;Nazzano;100;0;0;0;0;;;;0;0;0;0;1;;;;1;1
58069;Nazzano;999;328;286;26;20;;;;660;249;285;21;90;;;;645;1305
58070;Nemi;0;5;0;0;0;;;;5;7;0;0;0;;;;7;12
58070;Nemi;1;9;0;0;0;;;;9;6;0;0;0;;;;6;15
58070;Nemi;2;3;0;0;0;;;;3;7;0;0;0;;;;7;10
58070;Nemi;3;8;0;0;0;;;;8;5;0;0;0;;;;5;13
58070;Nemi;4;6;0;0;0;;;;6;1;0;0;0;;;;1;7
58070;Nemi;5;7;0;0;0;;;;7;3;0;0;0;;;;3;10
58070;Nemi;6;4;0;0;0;;;;4;2;0;0;0;;;;2;6
58070;Nemi;7;5;0;0;0;;;;5;5;0;0;0;;;;5;10
58070;Nemi;8;5;0;0;0;;;;5;2;0;0;0;;;;2;7
58070;Nemi;9;8;0;0;0;;;;8;7;0;0;0;;;;7;15
58070;Nemi;10;5;0;0;0;;;;5;11;0;0;0;;;;11;16
58070;Nemi;11;7;0;0;0;;;;7;5;0;0;0;;;;5;12
58070;Nemi;12;14;0;0;0;;;;14;10;0;0;0;;;;10;24
58070;Nemi;13;9;0;0;0;;;;9;9;0;0;0;;;;9;18
58070;Nemi;14;9;0;0;0;;;;9;10;0;0;0;;;;10;19
58070;Nemi;15;11;0;0;0;;;;11;9;0;0;0;;;;9;20
58070;Nemi;16;8;0;0;0;;;;8;9;0;0;0;;;;9;17
58070;Nemi;17;9;0;0;0;;;;9;7;0;0;0;;;;7;16
58070;Nemi;18;14;0;0;0;;;;14;12;0;0;0;;;;12;26
58070;Nemi;19;9;0;0;0;;;;9;8;0;0;0;;;;8;17
58070;Nemi;20;11;0;0;0;;;;11;9;0;0;0;;;;9;20
58070;Nemi;21;11;0;0;0;;;;11;10;0;0;0;;;;10;21
58070;Nemi;22;13;0;0;0;;;;13;18;0;0;0;;;;18;31
58070;Nemi;23;9;0;0;0;;;;9;9;0;0;0;;;;9;18
58070;Nemi;24;4;0;0;0;;;;4;8;0;0;0;;;;8;12
58070;Nemi;25;12;0;0;0;;;;12;6;1;0;0;;;;7;19
58070;Nemi;26;12;0;0;0;;;;12;3;1;0;0;;;;4;16
58070;Nemi;27;11;1;0;0;;;;12;6;1;0;0;;;;7;19
58070;Nemi;28;9;1;0;0;;;;10;8;0;0;0;;;;8;18
58070;Nemi;29;7;0;0;0;;;;7;5;1;0;0;;;;6;13
58070;Nemi;30;10;0;0;0;;;;10;6;1;0;0;;;;7;17
58070;Nemi;31;3;0;0;0;;;;3;4;2;0;0;;;;6;9
58070;Nemi;32;9;0;0;0;;;;9;4;2;0;0;;;;6;15
58070;Nemi;33;10;1;0;0;;;;11;10;3;1;0;;;;14;25
58070;Nemi;34;7;3;0;0;;;;10;7;5;0;0;;;;12;22
58070;Nemi;35;8;8;0;0;;;;16;8;5;0;0;;;;13;29
58070;Nemi;36;8;3;0;0;;;;11;3;1;0;0;;;;4;15
58070;Nemi;37;3;2;0;0;;;;5;9;3;0;0;;;;12;17
58070;Nemi;38;3;2;0;0;;;;5;6;4;0;0;;;;10;15
58070;Nemi;39;5;5;0;0;;;;10;1;7;0;0;;;;8;18
58070;Nemi;40;4;0;0;0;;;;4;3;5;0;0;;;;8;12
58070;Nemi;41;5;5;0;0;;;;10;3;7;1;0;;;;11;21
58070;Nemi;42;4;3;0;0;;;;7;6;6;0;0;;;;12;19
58070;Nemi;43;10;4;2;0;;;;16;3;5;2;0;;;;10;26
58070;Nemi;44;3;2;0;0;;;;5;4;5;0;0;;;;9;14
58070;Nemi;45;5;6;0;0;;;;11;2;7;0;0;;;;9;20
58070;Nemi;46;9;10;0;0;;;;19;4;6;0;1;;;;11;30
58070;Nemi;47;5;12;1;0;;;;18;6;11;1;0;;;;18;36
58070;Nemi;48;7;6;0;0;;;;13;4;14;0;0;;;;18;31
58070;Nemi;49;4;13;0;0;;;;17;7;7;1;0;;;;15;32
58070;Nemi;50;3;7;1;0;;;;11;2;7;2;0;;;;11;22
58070;Nemi;51;3;10;0;0;;;;13;2;14;1;0;;;;17;30
58070;Nemi;52;5;11;1;0;;;;17;5;12;2;0;;;;19;36
58070;Nemi;53;2;10;1;0;;;;13;3;10;1;0;;;;14;27
58070;Nemi;54;3;11;2;0;;;;16;1;11;2;0;;;;14;30
58070;Nemi;55;4;11;3;0;;;;18;2;17;3;0;;;;22;40
58070;Nemi;56;2;10;2;0;;;;14;1;7;3;0;;;;11;25
58070;Nemi;57;2;11;1;1;;;;15;3;10;5;2;;;;20;35
58070;Nemi;58;2;14;0;0;;;;16;1;13;2;1;;;;17;33
58070;Nemi;59;6;5;1;0;;;;12;1;16;2;1;;;;20;32
58070;Nemi;60;4;20;2;1;;;;27;4;11;0;0;;;;15;42
58070;Nemi;61;2;17;0;1;;;;20;3;12;2;0;;;;17;37
58070;Nemi;62;2;13;1;0;;;;16;2;10;1;1;;;;14;30
58070;Nemi;63;2;12;1;0;;;;15;2;7;1;2;;;;12;27
58070;Nemi;64;3;14;1;0;;;;18;1;16;1;0;;;;18;36
58070;Nemi;65;6;8;1;1;;;;16;2;14;1;1;;;;18;34
58070;Nemi;66;1;12;0;0;;;;13;2;10;0;0;;;;12;25
58070;Nemi;67;1;17;2;0;;;;20;2;5;2;5;;;;14;34
58070;Nemi;68;2;12;1;1;;;;16;6;6;2;2;;;;16;32
58070;Nemi;69;1;17;1;0;;;;19;1;10;2;1;;;;14;33
58070;Nemi;70;4;14;0;1;;;;19;1;8;3;1;;;;13;32
58070;Nemi;71;0;4;0;0;;;;4;1;7;1;4;;;;13;17
58070;Nemi;72;2;7;0;0;;;;9;0;8;0;1;;;;9;18
58070;Nemi;73;1;6;0;0;;;;7;1;2;0;3;;;;6;13
58070;Nemi;74;1;13;1;1;;;;16;2;9;0;2;;;;13;29
58070;Nemi;75;0;8;0;1;;;;9;0;6;1;1;;;;8;17
58070;Nemi;76;0;7;3;2;;;;12;0;4;0;3;;;;7;19
58070;Nemi;77;3;6;1;1;;;;11;0;2;0;2;;;;4;15
58070;Nemi;78;0;8;1;0;;;;9;1;6;2;6;;;;15;24
58070;Nemi;79;0;4;0;0;;;;4;0;1;1;8;;;;10;14
58070;Nemi;80;0;4;0;0;;;;4;1;7;0;1;;;;9;13
58070;Nemi;81;0;5;1;0;;;;6;0;4;0;2;;;;6;12
58070;Nemi;82;2;2;0;2;;;;6;1;2;0;5;;;;8;14
58070;Nemi;83;0;2;0;4;;;;6;0;0;1;5;;;;6;12
58070;Nemi;84;0;2;0;0;;;;2;0;2;0;3;;;;5;7
58070;Nemi;85;1;3;0;1;;;;5;1;1;0;7;;;;9;14
58070;Nemi;86;0;1;0;1;;;;2;0;1;0;8;;;;9;11
58070;Nemi;87;0;3;0;0;;;;3;1;0;0;2;;;;3;6
58070;Nemi;88;0;2;0;0;;;;2;0;2;0;4;;;;6;8
58070;Nemi;89;0;0;0;0;;;;0;0;1;0;4;;;;5;5
58070;Nemi;90;0;1;0;1;;;;2;0;0;0;1;;;;1;3
58070;Nemi;91;0;0;0;0;;;;0;1;0;0;4;;;;5;5
58070;Nemi;92;0;0;0;0;;;;0;0;0;0;1;;;;1;1
58070;Nemi;93;0;0;0;1;;;;1;0;1;0;2;;;;3;4
58070;Nemi;94;0;0;0;1;;;;1;1;0;0;2;;;;3;4
58070;Nemi;95;0;0;0;0;;;;0;0;0;0;0;;;;0;0
58070;Nemi;96;0;0;0;0;;;;0;0;0;0;0;;;;0;0
58070;Nemi;97;0;0;0;0;;;;0;0;0;1;2;;;;3;3
58070;Nemi;98;0;0;0;0;;;;0;0;0;0;1;;;;1;1
58070;Nemi;99;0;0;0;0;;;;0;0;0;0;0;;;;0;0
58070;Nemi;100;0;0;0;0;;;;0;0;0;0;0;;;;0;0
58070;Nemi;999;446;431;32;22;;;;931;375;402;51;102;;;;930;1861
58071;Nerola;0;8;0;0;0;;;;8;3;0;0;0;;;;3;11
58071;Nerola;1;1;0;0;0;;;;1;10;0;0;0;;;;10;11
58071;Nerola;2;2;0;0;0;;;;2;3;0;0;0;;;;3;5
58071;Nerola;3;8;0;0;0;;;;8;9;0;0;0;;;;9;17
58071;Nerola;4;6;0;0;0;;;;6;5;0;0;0;;;;5;11
58071;Nerola;5;9;0;0;0;;;;9;8;0;0;0;;;;8;17
58071;Nerola;6;9;0;0;0;;;;9;6;0;0;0;;;;6;15
58071;Nerola;7;2;0;0;0;;;;2;7;0;0;0;;;;7;9
58071;Nerola;8;6;0;0;0;;;;6;17;0;0;0;;;;17;23
58071;Nerola;9;5;0;0;0;;;;5;7;0;0;0;;;;7;12
58071;Nerola;10;13;0;0;0;;;;13;4;0;0;0;;;;4;17
58071;Nerola;11;7;0;0;0;;;;7;7;0;0;0;;;;7;14
58071;Nerola;12;8;0;0;0;;;;8;9;0;0;0;;;;9;17
58071;Nerola;13;9;0;0;0;;;;9;5;0;0;0;;;;5;14
58071;Nerola;14;7;0;0;0;;;;7;11;0;0;0;;;;11;18
58071;Nerola;15;16;0;0;0;;;;16;8;0;0;0;;;;8;24
58071;Nerola;16;4;0;0;0;;;;4;8;0;0;0;;;;8;12
58071;Nerola;17;5;0;0;0;;;;5;11;0;0;0;;;;11;16
58071;Nerola;18;11;0;0;0;;;;11;8;0;0;0;;;;8;19
58071;Nerola;19;11;0;0;0;;;;11;9;0;0;0;;;;9;20
58071;Nerola;20;8;0;0;0;;;;8;15;0;0;0;;;;15;23
58071;Nerola;21;16;0;0;0;;;;16;8;0;0;0;;;;8;24
58071;Nerola;22;13;0;0;0;;;;13;7;0;0;0;;;;7;20
58071;Nerola;23;12;0;0;0;;;;12;10;0;0;0;;;;10;22
58071;Nerola;24;10;0;0;0;;;;10;9;0;0;0;;;;9;19
58071;Nerola;25;14;0;0;0;;;;14;4;1;0;0;;;;5;19
58071;Nerola;26;9;0;0;0;;;;9;8;1;0;0;;;;9;18
58071;Nerola;27;6;0;0;0;;;;6;10;0;0;0;;;;10;16
58071;Nerola;28;7;1;0;0;;;;8;7;2;0;0;;;;9;17
58071;Nerola;29;10;0;0;0;;;;10;6;0;0;0;;;;6;16
58071;Nerola;30;14;2;0;0;;;;16;3;3;0;0;;;;6;22
58071;Nerola;31;9;2;0;0;;;;11;8;4;0;0;;;;12;23
58071;Nerola;32;10;3;0;0;;;;13;6;3;0;0;;;;9;22
58071;Nerola;33;7;1;0;0;;;;8;3;2;0;0;;;;5;13
58071;Nerola;34;5;1;0;0;;;;6;3;3;1;0;;;;7;13
58071;Nerola;35;3;2;0;0;;;;5;7;5;0;0;;;;12;17
58071;Nerola;36;9;5;0;0;;;;14;2;6;0;1;;;;9;23
58071;Nerola;37;5;3;1;0;;;;9;8;6;0;0;;;;14;23
58071;Nerola;38;9;6;0;0;;;;15;3;2;0;0;;;;5;20
58071;Nerola;39;4;4;0;0;;;;8;7;5;0;0;;;;12;20
58071;Nerola;40;2;10;1;0;;;;13;3;10;0;0;;;;13;26
58071;Nerola;41;9;6;0;0;;;;15;1;8;0;0;;;;9;24
58071;Nerola;42;11;2;0;0;;;;13;4;5;1;0;;;;10;23
58071;Nerola;43;3;5;0;0;;;;8;8;9;1;0;;;;18;26
58071;Nerola;44;5;8;0;0;;;;13;2;10;0;0;;;;12;25
58071;Nerola;45;4;6;2;0;;;;12;7;15;1;0;;;;23;35
58071;Nerola;46;6;11;1;0;;;;18;2;12;1;0;;;;15;33
58071;Nerola;47;11;6;2;0;;;;19;3;14;2;0;;;;19;38
58071;Nerola;48;5;13;0;0;;;;18;3;8;0;0;;;;11;29
58071;Nerola;49;10;16;0;0;;;;26;3;10;0;0;;;;13;39
58071;Nerola;50;3;10;0;0;;;;13;5;13;1;1;;;;20;33
58071;Nerola;51;3;9;0;0;;;;12;2;16;0;0;;;;18;30
58071;Nerola;52;5;11;2;0;;;;18;3;10;0;2;;;;15;33
58071;Nerola;53;2;14;2;1;;;;19;2;11;1;1;;;;15;34
58071;Nerola;54;4;11;1;2;;;;18;2;13;3;3;;;;21;39
58071;Nerola;55;4;15;1;0;;;;20;3;17;3;1;;;;24;44
58071;Nerola;56;7;9;1;1;;;;18;4;14;4;1;;;;23;41
58071;Nerola;57;0;11;0;0;;;;11;3;10;2;1;;;;16;27
58071;Nerola;58;3;5;2;1;;;;11;4;8;1;0;;;;13;24
58071;Nerola;59;2;14;0;0;;;;16;1;12;1;0;;;;14;30
58071;Nerola;60;2;21;1;1;;;;25;4;11;2;0;;;;17;42
58071;Nerola;61;4;6;5;1;;;;16;1;12;3;2;;;;18;34
58071;Nerola;62;0;10;1;0;;;;11;4;7;1;3;;;;15;26
58071;Nerola;63;2;17;0;0;;;;19;2;11;1;0;;;;14;33
58071;Nerola;64;3;15;0;0;;;;18;1;10;2;2;;;;15;33
58071;Nerola;65;2;8;2;0;;;;12;2;8;1;1;;;;12;24
58071;Nerola;66;0;7;1;0;;;;8;4;10;3;1;;;;18;26
58071;Nerola;67;3;5;0;0;;;;8;3;5;3;3;;;;14;22
58071;Nerola;68;0;5;1;0;;;;6;1;8;2;3;;;;14;20
58071;Nerola;69;0;13;0;0;;;;13;0;7;1;1;;;;9;22
58071;Nerola;70;1;9;1;1;;;;12;1;10;2;0;;;;13;25
58071;Nerola;71;0;6;1;0;;;;7;1;5;0;3;;;;9;16
58071;Nerola;72;2;6;3;1;;;;12;0;5;2;3;;;;10;22
58071;Nerola;73;1;7;3;0;;;;11;0;10;0;4;;;;14;25
58071;Nerola;74;0;5;0;1;;;;6;0;7;1;1;;;;9;15
58071;Nerola;75;0;12;0;0;;;;12;2;6;1;1;;;;10;22
58071;Nerola;76;2;13;1;1;;;;17;0;12;1;6;;;;19;36
58071;Nerola;77;0;7;1;1;;;;9;0;3;1;2;;;;6;15
58071;Nerola;78;2;5;0;0;;;;7;0;4;2;5;;;;11;18
58071;Nerola;79;0;5;0;1;;;;6;1;2;1;0;;;;4;10
58071;Nerola;80;1;3;0;0;;;;4;2;0;1;4;;;;7;11
58071;Nerola;81;1;2;0;0;;;;3;0;4;0;8;;;;12;15
58071;Nerola;82;1;3;2;1;;;;7;0;3;0;0;;;;3;10
58071;Nerola;83;0;2;2;2;;;;6;0;1;0;4;;;;5;11
58071;Nerola;84;0;3;3;2;;;;8;0;3;0;6;;;;9;17
58071;Nerola;85;0;6;0;1;;;;7;2;0;2;2;;;;6;13
58071;Nerola;86;0;4;0;0;;;;4;0;1;0;6;;;;7;11
58071;Nerola;87;0;1;0;2;;;;3;0;0;0;0;;;;0;3
58071;Nerola;88;1;0;0;0;;;;1;0;0;0;2;;;;2;3
58071;Nerola;89;0;4;0;0;;;;4;1;1;0;2;;;;4;8
58071;Nerola;90;0;2;0;1;;;;3;1;0;0;5;;;;6;9
58071;Nerola;91;0;1;0;0;;;;1;0;1;0;3;;;;4;5
58071;Nerola;92;0;1;0;0;;;;1;1;0;0;3;;;;4;5
58071;Nerola;93;0;1;0;0;;;;1;0;1;0;0;;;;1;2
58071;Nerola;94;0;0;0;0;;;;0;0;0;0;0;;;;0;0
58071;Nerola;95;0;0;0;2;;;;2;0;0;0;0;;;;0;2
58071;Nerola;96;0;0;0;0;;;;0;0;0;0;1;;;;1;1
58071;Nerola;97;0;0;0;0;;;;0;0;0;0;1;;;;1;1
58071;Nerola;98;0;0;0;0;;;;0;0;0;0;0;;;;0;0
58071;Nerola;99;0;0;0;0;;;;0;0;0;0;1;;;;1;1
58071;Nerola;100;0;0;0;0;;;;0;0;0;0;0;;;;0;0
58071;Nerola;999;454;437;44;24;;;;959;388;436;56;100;;;;980;1939
58072;Nettuno;0;134;0;0;0;0;0;0;134;122;0;0;0;0;0;0;122;256
58072;Nettuno;1;139;0;0;0;0;0;0;139;127;0;0;0;0;0;0;127;266
58072;Nettuno;2;163;0;0;0;0;0;0;163;153;0;0;0;0;0;0;153;316
58072;Nettuno;3;168;0;0;0;0;0;0;168;163;0;0;0;0;0;0;163;331
58072;Nettuno;4;186;0;0;0;0;0;0;186;176;0;0;0;0;0;0;176;362
58072;Nettuno;5;163;0;0;0;0;0;0;163;131;0;0;0;0;0;0;131;294
58072;Nettuno;6;188;0;0;0;0;0;0;188;159;0;0;0;0;0;0;159;347
58072;Nettuno;7;165;0;0;0;0;0;0;165;188;0;0;0;0;0;0;188;353
58072;Nettuno;8;194;0;0;0;0;0;0;194;177;0;0;0;0;0;0;177;371
58072;Nettuno;9;191;0;0;0;0;0;0;191;210;0;0;0;0;0;0;210;401
58072;Nettuno;10;212;0;0;0;0;0;0;212;183;0;0;0;0;0;0;183;395
58072;Nettuno;11;230;0;0;0;0;0;0;230;198;0;0;0;0;0;0;198;428
58072;Nettuno;12;217;0;0;0;0;0;0;217;203;0;0;0;0;0;0;203;420
58072;Nettuno;13;267;0;0;0;0;0;0;267;203;0;0;0;0;0;0;203;470
58072;Nettuno;14;230;0;0;0;0;0;0;230;196;0;0;0;0;0;0;196;426
58072;Nettuno;15;232;0;0;0;0;0;0;232;236;0;0;0;0;0;0;236;468
58072;Nettuno;16;255;0;0;0;0;0;0;255;243;0;0;0;0;0;0;243;498
58072;Nettuno;17;270;0;0;0;0;0;0;270;250;0;0;0;0;0;0;250;520
58072;Nettuno;18;246;0;0;0;0;0;0;246;249;0;0;0;0;0;0;249;495
58072;Nettuno;19;257;0;0;0;0;0;0;257;229;0;0;0;0;0;0;229;486
58072;Nettuno;20;253;0;0;0;0;0;0;253;221;1;0;0;0;0;0;222;475
58072;Nettuno;21;232;0;0;0;0;0;0;232;236;2;0;0;0;0;0;238;470
58072;Nettuno;22;252;0;0;0;0;0;0;252;203;2;0;0;1;0;0;206;458
58072;Nettuno;23;216;0;0;0;0;0;0;216;242;5;0;0;0;0;0;247;463
58072;Nettuno;24;252;3;0;0;0;0;0;255;204;6;0;0;0;0;0;210;465
58072;Nettuno;25;251;3;0;0;0;0;0;254;202;13;0;0;0;0;0;215;469
58072;Nettuno;26;265;7;0;0;0;0;0;272;221;9;1;0;0;0;0;231;503
58072;Nettuno;27;244;19;0;0;0;0;0;263;197;25;0;0;1;0;0;223;486
58072;Nettuno;28;242;8;0;0;0;0;0;250;200;27;0;0;1;0;0;228;478
58072;Nettuno;29;224;14;0;0;0;0;0;238;192;33;1;0;0;0;0;226;464
58072;Nettuno;30;221;22;0;0;0;0;0;243;181;46;1;0;1;0;0;229;472
58072;Nettuno;31;224;38;1;0;0;0;0;263;179;60;1;1;1;0;0;242;505
58072;Nettuno;32;240;39;3;0;0;0;0;282;166;65;5;0;1;0;0;237;519
58072;Nettuno;33;211;56;4;0;1;0;0;272;161;94;2;1;0;0;0;258;530
58072;Nettuno;34;219;59;3;0;0;0;0;281;154;85;2;0;1;0;0;242;523
58072;Nettuno;35;193;76;3;0;0;0;0;272;160;103;4;1;0;0;0;268;540
58072;Nettuno;36;199;74;1;0;0;1;0;275;135;123;7;3;0;0;0;268;543
58072;Nettuno;37;223;83;5;0;1;0;0;312;122;129;5;0;0;0;0;256;568
58072;Nettuno;38;172;113;5;2;1;0;0;293;118;118;9;2;0;0;0;247;540
58072;Nettuno;39;191;116;3;0;0;0;0;310;95;144;7;0;0;0;0;246;556
58072;Nettuno;40;165;144;8;0;1;0;0;318;120;132;20;2;1;0;0;275;593
58072;Nettuno;41;139;153;17;0;1;0;0;310;141;163;12;0;0;0;0;316;626
58072;Nettuno;42;146;138;8;0;0;0;0;292;107;185;11;1;1;0;0;305;597
58072;Nettuno;43;152;147;14;1;0;0;0;314;96;158;18;4;0;0;0;276;590
58072;Nettuno;44;154;177;15;2;1;0;0;349;94;181;11;3;1;0;0;290;639
58072;Nettuno;45;142;169;14;3;0;1;0;329;92;201;23;3;2;0;0;321;650
58072;Nettuno;46;132;201;14;0;0;0;0;347;98;218;29;5;1;0;0;351;698
58072;Nettuno;47;127;208;16;1;0;0;0;352;85;239;29;3;1;0;0;357;709
58072;Nettuno;48;142;224;17;3;0;0;0;386;89;244;32;7;0;0;0;372;758
58072;Nettuno;49;148;232;24;0;0;1;0;405;86;263;23;11;0;0;0;383;788
58072;Nettuno;50;133;252;20;2;1;0;0;408;74;302;33;12;0;0;0;421;829
58072;Nettuno;51;102;269;32;3;0;0;0;406;65;300;25;8;0;0;0;398;804
58072;Nettuno;52;105;291;28;1;1;0;0;426;69;311;37;7;0;0;0;424;850
58072;Nettuno;53;87;305;24;5;1;0;0;422;67;296;39;14;0;0;0;416;838
58072;Nettuno;54;84;280;29;0;0;0;0;393;56;317;33;9;0;0;0;415;808
58072;Nettuno;55;79;257;25;2;0;0;0;363;57;331;44;15;0;0;0;447;810
58072;Nettuno;56;83;273;32;4;0;0;0;392;58;283;43;23;0;0;0;407;799
58072;Nettuno;57;69;264;32;4;0;0;0;369;49;326;29;22;0;0;0;426;795
58072;Nettuno;58;75;320;28;8;0;0;0;431;50;295;35;21;0;0;0;401;832
58072;Nettuno;59;67;311;33;6;0;0;0;417;30;316;35;21;0;0;0;402;819
58072;Nettuno;60;51;320;30;10;0;0;0;411;39;332;48;29;0;0;0;448;859
58072;Nettuno;61;46;261;33;9;1;0;0;350;40;286;50;32;0;0;0;408;758
58072;Nettuno;62;51;312;29;3;1;0;0;396;41;303;34;26;0;0;0;404;800
58072;Nettuno;63;44;312;30;9;1;0;0;396;28;292;54;42;0;0;0;416;812
58072;Nettuno;64;32;256;30;8;0;0;0;326;32;224;36;42;0;0;0;334;660
58072;Nettuno;65;31;278;29;9;0;0;0;347;36;238;24;39;0;0;0;337;684
58072;Nettuno;66;20;264;27;10;1;0;0;322;22;231;22;36;0;0;0;311;633
58072;Nettuno;67;19;240;20;11;0;0;0;290;19;244;19;42;0;0;0;324;614
58072;Nettuno;68;10;283;17;9;1;0;0;320;28;228;29;48;0;0;0;333;653
58072;Nettuno;69;28;194;18;12;0;0;0;252;25;231;19;53;0;0;0;328;580
58072;Nettuno;70;13;216;17;13;0;0;0;259;18;168;27;78;0;0;0;291;550
58072;Nettuno;71;20;244;14;17;0;0;0;295;24;182;19;68;0;0;0;293;588
58072;Nettuno;72;15;202;9;18;0;0;0;244;15;172;29;61;0;0;0;277;521
58072;Nettuno;73;10;179;13;11;0;0;0;213;15;191;21;70;0;0;0;297;510
58072;Nettuno;74;9;183;11;22;0;0;0;225;17;158;16;76;1;0;0;268;493
58072;Nettuno;75;9;190;13;17;0;0;0;229;16;158;12;85;0;0;0;271;500
58072;Nettuno;76;9;195;14;20;0;0;0;238;23;162;15;77;0;0;0;277;515
58072;Nettuno;77;8;177;11;22;0;0;0;218;12;176;15;80;0;0;0;283;501
58072;Nettuno;78;8;184;7;23;0;0;0;222;14;147;14;95;0;0;0;270;492
58072;Nettuno;79;6;125;7;21;0;0;0;159;8;115;10;95;0;0;0;228;387
58072;Nettuno;80;6;118;11;20;0;0;0;155;5;86;11;94;0;0;0;196;351
58072;Nettuno;81;3;138;4;19;0;0;0;164;10;62;11;99;0;0;0;182;346
58072;Nettuno;82;8;107;5;31;0;0;0;151;9;78;4;98;0;0;0;189;340
58072;Nettuno;83;1;102;2;23;0;0;0;128;8;60;5;98;0;0;0;171;299
58072;Nettuno;84;3;109;3;24;0;0;0;139;12;54;7;117;0;0;0;190;329
58072;Nettuno;85;2;85;1;17;0;0;0;105;11;48;5;92;0;0;0;156;261
58072;Nettuno;86;4;62;2;15;0;0;0;83;8;39;1;96;0;0;0;144;227
58072;Nettuno;87;1;57;2;15;0;0;0;75;5;27;5;82;0;0;0;119;194
58072;Nettuno;88;2;52;1;11;0;0;0;66;4;27;3;76;0;0;0;110;176
58072;Nettuno;89;2;29;4;20;0;0;0;55;7;26;2;91;0;0;0;126;181
58072;Nettuno;90;3;28;1;8;0;0;0;40;2;7;0;83;0;0;0;92;132
58072;Nettuno;91;1;19;1;10;0;0;0;31;1;12;0;50;0;0;0;63;94
58072;Nettuno;92;0;14;0;7;0;0;0;21;2;5;0;53;0;0;0;60;81
58072;Nettuno;93;1;12;0;8;0;0;0;21;2;2;2;36;0;0;0;42;63
58072;Nettuno;94;1;14;0;6;0;0;0;21;3;3;0;31;0;0;0;37;58
58072;Nettuno;95;0;8;0;11;0;0;0;19;1;2;0;28;0;0;0;31;50
58072;Nettuno;96;0;5;0;0;0;0;0;5;1;0;0;22;0;0;0;23;28
58072;Nettuno;97;1;1;0;2;0;0;0;4;0;1;0;13;0;0;0;14;18
58072;Nettuno;98;0;1;0;1;0;0;0;2;0;0;0;12;0;0;0;12;14
58072;Nettuno;99;0;1;0;1;0;0;0;2;0;1;0;12;0;0;0;13;15
58072;Nettuno;100;0;0;0;3;0;0;0;3;1;1;0;11;0;0;0;13;16
58072;Nettuno;999;11440;10922;874;573;14;3;0;23826;9532;10930;1175;2667;15;0;0;24319;48145
58073;Olevano Romano;0;19;0;0;0;;;;19;14;0;0;0;;;;14;33
58073;Olevano Romano;1;24;0;0;0;;;;24;13;0;0;0;;;;13;37
58073;Olevano Romano;2;21;0;0;0;;;;21;21;0;0;0;;;;21;42
58073;Olevano Romano;3;24;0;0;0;;;;24;17;0;0;0;;;;17;41
58073;Olevano Romano;4;16;0;0;0;;;;16;17;0;0;0;;;;17;33
58073;Olevano Romano;5;20;0;0;0;;;;20;28;0;0;0;;;;28;48
58073;Olevano Romano;6;23;0;0;0;;;;23;19;0;0;0;;;;19;42
58073;Olevano Romano;7;25;0;0;0;;;;25;17;0;0;0;;;;17;42
58073;Olevano Romano;8;26;0;0;0;;;;26;25;0;0;0;;;;25;51
58073;Olevano Romano;9;18;0;0;0;;;;18;21;0;0;0;;;;21;39
58073;Olevano Romano;10;23;0;0;0;;;;23;26;0;0;0;;;;26;49
58073;Olevano Romano;11;20;0;0;0;;;;20;19;0;0;0;;;;19;39
58073;Olevano Romano;12;23;0;0;0;;;;23;22;0;0;0;;;;22;45
58073;Olevano Romano;13;28;0;0;0;;;;28;28;0;0;0;;;;28;56
58073;Olevano Romano;14;27;0;0;0;;;;27;32;0;0;0;;;;32;59
58073;Olevano Romano;15;31;0;0;0;;;;31;23;0;0;0;;;;23;54
58073;Olevano Romano;16;36;0;0;0;;;;36;29;0;0;0;;;;29;65
58073;Olevano Romano;17;45;0;0;0;;;;45;33;0;0;0;;;;33;78
58073;Olevano Romano;18;35;0;0;0;;;;35;25;0;0;0;;;;25;60
58073;Olevano Romano;19;34;0;0;0;;;;34;43;0;0;0;;;;43;77
58073;Olevano Romano;20;35;0;0;0;;;;35;27;0;0;0;;;;27;62
58073;Olevano Romano;21;33;0;0;0;;;;33;42;0;0;0;;;;42;75
58073;Olevano Romano;22;33;0;0;0;;;;33;29;0;0;0;;;;29;62
58073;Olevano Romano;23;28;0;0;0;;;;28;25;1;0;0;;;;26;54
58073;Olevano Romano;24;43;0;0;0;;;;43;32;0;0;0;;;;32;75
58073;Olevano Romano;25;38;0;0;0;;;;38;25;1;0;0;;;;26;64
58073;Olevano Romano;26;32;0;0;0;;;;32;27;2;0;0;;;;29;61
58073;Olevano Romano;27;24;1;0;0;;;;25;28;4;0;0;;;;32;57
58073;Olevano Romano;28;42;0;0;0;;;;42;25;3;0;0;;;;28;70
58073;Olevano Romano;29;34;1;0;0;;;;35;16;3;0;0;;;;19;54
58073;Olevano Romano;30;21;5;1;0;;;;27;10;1;0;0;;;;11;38
58073;Olevano Romano;31;21;1;0;0;;;;22;27;7;0;0;;;;34;56
58073;Olevano Romano;32;29;1;0;0;;;;30;16;6;0;0;;;;22;52
58073;Olevano Romano;33;26;11;0;0;;;;37;16;15;0;0;;;;31;68
58073;Olevano Romano;34;29;7;2;0;;;;38;24;12;1;0;;;;37;75
58073;Olevano Romano;35;29;8;0;0;;;;37;17;17;0;0;;;;34;71
58073;Olevano Romano;36;24;10;0;0;;;;34;22;13;0;0;;;;35;69
58073;Olevano Romano;37;29;11;0;0;;;;40;27;11;0;0;;;;38;78
58073;Olevano Romano;38;18;6;0;0;;;;24;22;13;0;0;;;;35;59
58073;Olevano Romano;39;36;13;1;0;;;;50;16;24;0;0;;;;40;90
58073;Olevano Romano;40;28;15;1;0;;;;44;25;23;1;0;;;;49;93
58073;Olevano Romano;41;33;18;0;0;;;;51;17;16;2;0;;;;35;86
58073;Olevano Romano;42;31;18;0;0;;;;49;12;16;2;0;;;;30;79
58073;Olevano Romano;43;25;16;1;0;;;;42;12;23;3;1;;;;39;81
58073;Olevano Romano;44;18;25;3;0;;;;46;16;15;2;2;;;;35;81
58073;Olevano Romano;45;10;27;1;0;;;;38;11;30;1;0;;;;42;80
58073;Olevano Romano;46;25;15;5;0;;;;45;9;23;3;0;;;;35;80
58073;Olevano Romano;47;13;22;2;0;;;;37;14;28;2;0;;;;44;81
58073;Olevano Romano;48;17;24;1;0;;;;42;6;27;6;0;;;;39;81
58073;Olevano Romano;49;11;28;2;0;;;;41;10;26;4;2;;;;42;83
58073;Olevano Romano;50;13;29;2;0;;;;44;11;42;9;2;;;;64;108
58073;Olevano Romano;51;21;34;7;0;;;;62;11;34;1;1;;;;47;109
58073;Olevano Romano;52;11;40;1;0;;;;52;8;52;1;1;;;;62;114
58073;Olevano Romano;53;9;28;2;1;;;;40;12;44;5;1;;;;62;102
58073;Olevano Romano;54;20;40;2;1;;;;63;10;40;4;3;;;;57;120
58073;Olevano Romano;55;23;48;6;1;;;;78;10;42;5;1;;;;58;136
58073;Olevano Romano;56;6;27;7;0;;;;40;9;43;4;4;;;;60;100
58073;Olevano Romano;57;13;55;2;3;;;;73;6;38;1;2;;;;47;120
58073;Olevano Romano;58;12;36;2;0;;;;50;2;44;2;2;;;;50;100
58073;Olevano Romano;59;9;38;2;0;;;;49;6;35;3;5;;;;49;98
58073;Olevano Romano;60;8;47;6;1;;;;62;7;41;4;7;;;;59;121
58073;Olevano Romano;61;4;42;6;2;;;;54;10;44;2;7;;;;63;117
58073;Olevano Romano;62;9;39;0;1;;;;49;4;38;4;7;;;;53;102
58073;Olevano Romano;63;11;38;2;0;;;;51;2;44;2;7;;;;55;106
58073;Olevano Romano;64;7;36;3;2;;;;48;6;32;0;8;;;;46;94
58073;Olevano Romano;65;12;40;1;2;;;;55;3;35;1;13;;;;52;107
58073;Olevano Romano;66;8;43;4;1;;;;56;3;30;3;1;;;;37;93
58073;Olevano Romano;67;1;38;2;2;;;;43;1;36;2;7;;;;46;89
58073;Olevano Romano;68;5;30;2;4;;;;41;1;37;1;11;;;;50;91
58073;Olevano Romano;69;2;35;3;4;;;;44;4;34;2;8;;;;48;92
58073;Olevano Romano;70;4;32;2;1;;;;39;3;29;0;8;;;;40;79
58073;Olevano Romano;71;2;24;0;1;;;;27;5;25;0;10;;;;40;67
58073;Olevano Romano;72;0;27;2;2;;;;31;1;14;4;9;;;;28;59
58073;Olevano Romano;73;3;27;2;1;;;;33;2;16;1;4;;;;23;56
58073;Olevano Romano;74;1;33;1;2;;;;37;1;16;1;14;;;;32;69
58073;Olevano Romano;75;1;26;0;2;;;;29;0;21;2;23;;;;46;75
58073;Olevano Romano;76;2;21;1;3;;;;27;1;23;1;8;;;;33;60
58073;Olevano Romano;77;4;22;2;3;;;;31;3;21;0;14;;;;38;69
58073;Olevano Romano;78;1;17;1;3;;;;22;2;18;0;15;;;;35;57
58073;Olevano Romano;79;0;16;2;2;;;;20;0;12;0;11;;;;23;43
58073;Olevano Romano;80;0;20;0;1;;;;21;1;11;2;17;;;;31;52
58073;Olevano Romano;81;2;15;0;2;;;;19;1;14;2;14;;;;31;50
58073;Olevano Romano;82;0;14;0;4;;;;18;1;9;0;14;;;;24;42
58073;Olevano Romano;83;1;11;0;2;;;;14;1;6;0;12;;;;19;33
58073;Olevano Romano;84;3;18;0;6;;;;27;0;9;0;16;;;;25;52
58073;Olevano Romano;85;2;12;0;2;;;;16;0;3;0;19;;;;22;38
58073;Olevano Romano;86;1;7;0;4;;;;12;0;4;0;19;;;;23;35
58073;Olevano Romano;87;1;11;0;2;;;;14;1;5;0;14;;;;20;34
58073;Olevano Romano;88;1;6;0;5;;;;12;1;1;0;11;;;;13;25
58073;Olevano Romano;89;0;7;0;3;;;;10;0;1;0;9;;;;10;20
58073;Olevano Romano;90;0;5;0;0;;;;5;0;1;0;9;;;;10;15
58073;Olevano Romano;91;0;0;0;0;;;;0;0;1;0;9;;;;10;10
58073;Olevano Romano;92;0;3;1;0;;;;4;0;2;0;8;;;;10;14
58073;Olevano Romano;93;0;0;0;2;;;;2;0;0;0;11;;;;11;13
58073;Olevano Romano;94;1;1;0;1;;;;3;0;0;0;6;;;;6;9
58073;Olevano Romano;95;0;0;0;3;;;;3;0;0;0;5;;;;5;8
58073;Olevano Romano;96;0;0;0;1;;;;1;1;0;0;9;;;;10;11
58073;Olevano Romano;97;0;0;0;0;;;;0;0;0;0;3;;;;3;3
58073;Olevano Romano;98;0;0;0;0;;;;0;0;0;0;1;;;;1;1
58073;Olevano Romano;99;0;0;0;0;;;;0;0;0;0;2;;;;2;2
58073;Olevano Romano;100;0;0;0;0;;;;0;0;0;0;0;;;;0;0
58073;Olevano Romano;999;1567;1421;96;83;;;;3167;1228;1407;96;427;;;;3158;6325
58074;Palestrina;0;54;0;0;0;0;0;0;54;64;0;0;0;0;0;0;64;118
58074;Palestrina;1;79;0;0;0;0;0;0;79;77;0;0;0;0;0;0;77;156
58074;Palestrina;2;77;0;0;0;0;0;0;77;83;0;0;0;0;0;0;83;160
58074;Palestrina;3;90;0;0;0;0;0;0;90;97;0;0;0;0;0;0;97;187
58074;Palestrina;4;80;0;0;0;0;0;0;80;79;0;0;0;0;0;0;79;159
58074;Palestrina;5;87;0;0;0;0;0;0;87;101;0;0;0;0;0;0;101;188
58074;Palestrina;6;118;0;0;0;0;0;0;118;80;0;0;0;0;0;0;80;198
58074;Palestrina;7;100;0;0;0;0;0;0;100;92;0;0;0;0;0;0;92;192
58074;Palestrina;8;111;0;0;0;0;0;0;111;91;0;0;0;0;0;0;91;202
58074;Palestrina;9;116;0;0;0;0;0;0;116;109;0;0;0;0;0;0;109;225
58074;Palestrina;10;104;0;0;0;0;0;0;104;100;0;0;0;0;0;0;100;204
58074;Palestrina;11;113;0;0;0;0;0;0;113;112;0;0;0;0;0;0;112;225
58074;Palestrina;12;108;0;0;0;0;0;0;108;112;0;0;0;0;0;0;112;220
58074;Palestrina;13;111;0;0;0;0;0;0;111;108;0;0;0;0;0;0;108;219
58074;Palestrina;14;123;0;0;0;0;0;0;123;133;0;0;0;0;0;0;133;256
58074;Palestrina;15;110;0;0;0;0;0;0;110;113;0;0;0;0;0;0;113;223
58074;Palestrina;16;120;0;0;0;0;0;0;120;124;0;0;0;0;0;0;124;244
58074;Palestrina;17;122;0;0;0;0;0;0;122;118;0;0;0;0;0;0;118;240
58074;Palestrina;18;107;0;0;0;0;0;0;107;102;0;0;0;0;0;0;102;209
58074;Palestrina;19;126;0;0;0;0;0;0;126;93;1;0;0;0;0;0;94;220
58074;Palestrina;20;125;0;0;0;0;0;0;125;100;0;0;0;0;0;0;100;225
58074;Palestrina;21;109;0;0;0;0;0;0;109;104;2;0;0;0;0;0;106;215
58074;Palestrina;22;100;0;0;0;0;0;0;100;104;2;0;0;0;0;0;106;206
58074;Palestrina;23;108;2;0;0;0;0;0;110;110;1;0;0;0;0;0;111;221
58074;Palestrina;24;106;1;0;0;0;0;0;107;104;2;0;0;0;0;0;106;213
58074;Palestrina;25;116;2;0;0;0;0;0;118;93;7;0;0;0;0;0;100;218
58074;Palestrina;26;118;2;0;0;0;0;0;120;114;5;0;0;0;0;0;119;239
58074;Palestrina;27;83;5;0;0;0;0;0;88;87;8;0;0;0;0;0;95;183
58074;Palestrina;28;106;7;0;0;0;0;0;113;75;15;0;0;0;0;0;90;203
58074;Palestrina;29;103;5;0;0;0;0;0;108;78;22;1;0;0;0;0;101;209
58074;Palestrina;30;93;12;1;0;0;0;0;106;82;26;0;0;0;0;0;108;214
58074;Palestrina;31;112;30;0;0;0;0;0;142;86;37;0;0;0;0;0;123;265
58074;Palestrina;32;121;31;1;0;0;0;0;153;78;35;2;0;0;0;0;115;268
58074;Palestrina;33;109;35;2;0;0;0;0;146;78;45;4;0;0;0;0;127;273
58074;Palestrina;34;108;35;0;0;0;0;0;143;78;48;2;1;0;0;0;129;272
58074;Palestrina;35;79;34;0;0;0;0;0;113;65;62;2;0;1;0;0;130;243
58074;Palestrina;36;94;55;1;0;0;0;0;150;67;65;2;0;0;0;0;134;284
58074;Palestrina;37;91;38;2;0;0;0;0;131;66;68;5;1;1;0;0;141;272
58074;Palestrina;38;91;50;5;0;0;0;0;146;66;66;4;1;0;0;0;137;283
58074;Palestrina;39;88;61;5;0;1;0;0;155;66;65;4;0;0;0;0;135;290
58074;Palestrina;40;81;78;2;1;0;0;0;162;47;69;8;0;1;0;0;125;287
58074;Palestrina;41;75;79;7;0;0;0;0;161;53;105;7;2;1;0;0;168;329
58074;Palestrina;42;67;78;3;0;0;0;0;148;55;91;8;1;0;0;0;155;303
58074;Palestrina;43;65;79;1;0;0;0;0;145;43;103;5;2;0;0;0;153;298
58074;Palestrina;44;77;95;7;0;0;0;0;179;45;109;4;5;0;0;0;163;342
58074;Palestrina;45;49;87;10;0;0;0;0;146;43;119;10;1;0;0;0;173;319
58074;Palestrina;46;68;103;4;0;0;0;0;175;35;117;10;3;0;0;0;165;340
58074;Palestrina;47;60;92;3;0;0;0;0;155;32;108;8;3;1;0;0;152;307
58074;Palestrina;48;56;109;7;1;0;0;0;173;30;118;9;5;0;0;0;162;335
58074;Palestrina;49;49;120;7;0;0;0;0;176;52;134;14;4;0;0;0;204;380
58074;Palestrina;50;48;121;10;0;1;0;0;180;38;127;18;4;0;0;0;187;367
58074;Palestrina;51;54;93;12;1;0;0;0;160;28;132;12;5;0;0;0;177;337
58074;Palestrina;52;43;132;11;1;0;0;0;187;42;131;15;3;0;0;0;191;378
58074;Palestrina;53;44;122;13;0;0;0;0;179;35;125;13;6;0;0;0;179;358
58074;Palestrina;54;41;120;11;2;1;0;0;175;23;135;9;3;0;0;0;170;345
58074;Palestrina;55;36;112;15;4;1;0;0;168;38;124;18;7;0;0;0;187;355
58074;Palestrina;56;29;132;7;1;0;0;0;169;30;140;13;4;0;0;0;187;356
58074;Palestrina;57;24;128;12;1;0;0;0;165;23;155;10;8;0;0;0;196;361
58074;Palestrina;58;32;136;11;4;0;0;0;183;21;145;17;9;0;0;0;192;375
58074;Palestrina;59;21;128;11;3;0;0;0;163;26;132;8;13;0;0;0;179;342
58074;Palestrina;60;16;149;8;1;0;0;0;174;13;146;16;13;0;0;0;188;362
58074;Palestrina;61;19;133;8;5;0;0;0;165;13;142;13;14;0;0;0;182;347
58074;Palestrina;62;21;105;13;1;1;0;0;141;16;105;7;10;0;0;0;138;279
58074;Palestrina;63;15;132;9;4;0;0;0;160;19;125;7;12;0;0;0;163;323
58074;Palestrina;64;13;143;8;3;0;0;0;167;4;138;8;21;0;0;0;171;338
58074;Palestrina;65;10;122;7;4;2;0;0;145;15;135;11;16;0;0;0;177;322
58074;Palestrina;66;12;122;10;3;0;0;0;147;18;93;12;17;0;0;0;140;287
58074;Palestrina;67;15;114;4;5;0;0;0;138;8;93;6;19;0;0;0;126;264
58074;Palestrina;68;12;96;13;2;0;0;0;123;7;88;4;23;0;0;0;122;245
58074;Palestrina;69;9;116;2;6;0;0;0;133;12;95;8;35;0;0;0;150;283
58074;Palestrina;70;5;110;5;5;0;0;0;125;11;97;6;37;0;0;0;151;276
58074;Palestrina;71;11;114;7;11;0;0;0;143;9;80;4;30;0;0;0;123;266
58074;Palestrina;72;5;73;7;6;0;0;0;91;10;59;1;34;0;0;0;104;195
58074;Palestrina;73;4;74;2;10;1;0;0;91;5;56;6;28;0;0;0;95;186
58074;Palestrina;74;7;77;1;3;0;0;0;88;7;65;2;44;0;0;0;118;206
58074;Palestrina;75;5;69;1;8;0;0;0;83;4;62;2;48;0;0;0;116;199
58074;Palestrina;76;3;73;1;9;0;0;0;86;6;65;2;43;0;0;0;116;202
58074;Palestrina;77;2;93;4;10;0;0;0;109;7;52;6;39;0;0;0;104;213
58074;Palestrina;78;4;59;1;4;0;0;0;68;6;54;1;49;0;0;0;110;178
58074;Palestrina;79;6;42;2;1;0;0;0;51;7;37;0;33;0;0;0;77;128
58074;Palestrina;80;2;63;1;10;0;0;0;76;6;34;1;41;0;0;0;82;158
58074;Palestrina;81;1;39;1;9;0;0;0;50;3;36;5;46;0;0;0;90;140
58074;Palestrina;82;6;49;1;10;0;0;0;66;3;30;0;45;0;0;0;78;144
58074;Palestrina;83;2;27;2;10;0;0;0;41;3;22;0;42;0;0;0;67;108
58074;Palestrina;84;3;34;0;10;0;0;0;47;6;23;1;49;0;0;0;79;126
58074;Palestrina;85;1;24;0;6;0;0;0;31;1;20;2;46;0;0;0;69;100
58074;Palestrina;86;1;31;2;8;0;0;0;42;2;18;0;34;0;0;0;54;96
58074;Palestrina;87;1;31;2;15;0;0;0;49;1;7;1;44;0;0;0;53;102
58074;Palestrina;88;0;17;0;14;0;0;0;31;3;9;1;31;0;0;0;44;75
58074;Palestrina;89;2;13;1;10;0;0;0;26;1;5;0;40;0;0;0;46;72
58074;Palestrina;90;1;11;0;3;0;0;0;15;1;3;0;27;0;0;0;31;46
58074;Palestrina;91;0;4;0;6;0;0;0;10;2;5;0;24;0;0;0;31;41
58074;Palestrina;92;0;7;0;3;0;0;0;10;1;1;0;17;0;0;0;19;29
58074;Palestrina;93;0;4;0;0;0;0;0;4;0;3;1;21;0;0;0;25;29
58074;Palestrina;94;0;3;0;7;0;0;0;10;2;2;0;18;0;0;0;22;32
58074;Palestrina;95;0;1;0;1;0;0;0;2;0;0;0;7;0;0;0;7;9
58074;Palestrina;96;0;1;0;0;0;0;0;1;1;0;0;9;0;0;0;10;11
58074;Palestrina;97;1;1;0;0;0;0;0;2;0;0;0;3;0;0;0;3;5
58074;Palestrina;98;0;0;0;2;0;0;0;2;0;0;0;6;0;0;0;6;8
58074;Palestrina;99;0;0;0;0;0;0;0;0;0;0;0;6;0;0;0;6;6
58074;Palestrina;100;0;0;0;1;0;0;0;1;0;0;0;0;0;0;0;0;1
58074;Palestrina;999;5350;4925;304;245;8;0;0;10832;4661;5006;376;1212;5;0;0;11260;22092
58075;Palombara Sabina;0;41;0;0;0;;;;41;41;0;0;0;;;;41;82
58075;Palombara Sabina;1;44;0;0;0;;;;44;32;0;0;0;;;;32;76
58075;Palombara Sabina;2;51;0;0;0;;;;51;54;0;0;0;;;;54;105
58075;Palombara Sabina;3;53;0;0;0;;;;53;42;0;0;0;;;;42;95
58075;Palombara Sabina;4;57;0;0;0;;;;57;54;0;0;0;;;;54;111
58075;Palombara Sabina;5;50;0;0;0;;;;50;40;0;0;0;;;;40;90
58075;Palombara Sabina;6;56;0;0;0;;;;56;58;0;0;0;;;;58;114
58075;Palombara Sabina;7;45;0;0;0;;;;45;59;0;0;0;;;;59;104
58075;Palombara Sabina;8;55;0;0;0;;;;55;63;0;0;0;;;;63;118
58075;Palombara Sabina;9;60;0;0;0;;;;60;62;0;0;0;;;;62;122
58075;Palombara Sabina;10;61;0;0;0;;;;61;55;0;0;0;;;;55;116
58075;Palombara Sabina;11;67;0;0;0;;;;67;61;0;0;0;;;;61;128
58075;Palombara Sabina;12;81;0;0;0;;;;81;65;0;0;0;;;;65;146
58075;Palombara Sabina;13;78;0;0;0;;;;78;63;0;0;0;;;;63;141
58075;Palombara Sabina;14;70;0;0;0;;;;70;67;0;0;0;;;;67;137
58075;Palombara Sabina;15;81;0;0;0;;;;81;59;0;0;0;;;;59;140
58075;Palombara Sabina;16;68;0;0;0;;;;68;71;0;0;0;;;;71;139
58075;Palombara Sabina;17;77;0;0;0;;;;77;73;0;0;0;;;;73;150
58075;Palombara Sabina;18;66;0;0;0;;;;66;60;0;0;0;;;;60;126
58075;Palombara Sabina;19;71;0;0;0;;;;71;55;0;0;0;;;;55;126
58075;Palombara Sabina;20;79;0;0;0;;;;79;68;1;0;0;;;;69;148
58075;Palombara Sabina;21;75;0;0;0;;;;75;59;0;0;0;;;;59;134
58075;Palombara Sabina;22;76;0;0;0;;;;76;55;2;0;0;;;;57;133
58075;Palombara Sabina;23;61;0;0;0;;;;61;60;3;0;0;;;;63;124
58075;Palombara Sabina;24;66;1;0;0;;;;67;57;3;0;0;;;;60;127
58075;Palombara Sabina;25;75;2;0;0;;;;77;65;3;0;0;;;;68;145
58075;Palombara Sabina;26;69;2;0;0;;;;71;55;5;0;0;;;;60;131
58075;Palombara Sabina;27;65;2;0;0;;;;67;50;4;0;0;;;;54;121
58075;Palombara Sabina;28;60;6;0;0;;;;66;52;12;0;0;;;;64;130
58075;Palombara Sabina;29;67;9;0;0;;;;76;56;11;0;0;;;;67;143
58075;Palombara Sabina;30;63;13;0;0;;;;76;40;15;0;0;;;;55;131
58075;Palombara Sabina;31;46;8;0;0;;;;54;57;16;0;0;;;;73;127
58075;Palombara Sabina;32;56;10;1;0;;;;67;42;16;0;0;;;;58;125
58075;Palombara Sabina;33;70;8;0;0;;;;78;45;21;0;0;;;;66;144
58075;Palombara Sabina;34;58;24;0;0;;;;82;41;29;0;0;;;;70;152
58075;Palombara Sabina;35;53;24;0;0;;;;77;43;33;1;0;;;;77;154
58075;Palombara Sabina;36;45;27;0;0;;;;72;26;29;3;1;;;;59;131
58075;Palombara Sabina;37;52;26;0;0;;;;78;20;42;1;0;;;;63;141
58075;Palombara Sabina;38;47;27;0;0;;;;74;31;40;3;0;;;;74;148
58075;Palombara Sabina;39;48;33;1;0;;;;82;44;39;3;0;;;;86;168
58075;Palombara Sabina;40;40;45;3;0;;;;88;22;41;2;0;;;;65;153
58075;Palombara Sabina;41;42;44;1;0;;;;87;35;55;3;1;;;;94;181
58075;Palombara Sabina;42;44;52;1;0;;;;97;21;55;4;1;;;;81;178
58075;Palombara Sabina;43;32;47;0;0;;;;79;20;57;3;1;;;;81;160
58075;Palombara Sabina;44;38;49;1;0;;;;88;27;62;4;0;;;;93;181
58075;Palombara Sabina;45;27;54;4;1;;;;86;23;73;4;1;;;;101;187
58075;Palombara Sabina;46;38;51;2;1;;;;92;30;73;4;1;;;;108;200
58075;Palombara Sabina;47;32;59;4;1;;;;96;20;66;6;5;;;;97;193
58075;Palombara Sabina;48;27;58;2;0;;;;87;22;68;5;3;;;;98;185
58075;Palombara Sabina;49;35;73;9;0;;;;117;31;64;7;5;;;;107;224
58075;Palombara Sabina;50;46;85;4;1;;;;136;19;72;14;3;;;;108;244
58075;Palombara Sabina;51;21;72;8;1;;;;102;20;83;9;5;;;;117;219
58075;Palombara Sabina;52;28;66;7;0;;;;101;12;80;6;8;;;;106;207
58075;Palombara Sabina;53;20;67;7;2;;;;96;17;89;10;7;;;;123;219
58075;Palombara Sabina;54;19;64;6;1;;;;90;20;84;7;4;;;;115;205
58075;Palombara Sabina;55;24;71;9;1;;;;105;20;100;13;5;;;;138;243
58075;Palombara Sabina;56;21;82;8;1;;;;112;9;78;12;6;;;;105;217
58075;Palombara Sabina;57;17;79;11;0;;;;107;16;86;10;4;;;;116;223
58075;Palombara Sabina;58;19;69;7;0;;;;95;19;99;13;7;;;;138;233
58075;Palombara Sabina;59;11;93;6;0;;;;110;12;78;6;8;;;;104;214
58075;Palombara Sabina;60;19;99;8;5;;;;131;10;67;14;12;;;;103;234
58075;Palombara Sabina;61;12;83;6;4;;;;105;15;87;5;6;;;;113;218
58075;Palombara Sabina;62;14;82;9;4;;;;109;10;77;12;7;;;;106;215
58075;Palombara Sabina;63;10;85;13;1;;;;109;6;62;6;10;;;;84;193
58075;Palombara Sabina;64;7;86;5;1;;;;99;10;55;5;14;;;;84;183
58075;Palombara Sabina;65;7;76;5;1;;;;89;11;67;11;11;;;;100;189
58075;Palombara Sabina;66;8;72;5;3;;;;88;13;77;8;5;;;;103;191
58075;Palombara Sabina;67;9;66;5;4;;;;84;3;62;8;9;;;;82;166
58075;Palombara Sabina;68;5;56;7;4;;;;72;5;51;2;15;;;;73;145
58075;Palombara Sabina;69;5;69;6;2;;;;82;8;64;6;10;;;;88;170
58075;Palombara Sabina;70;5;57;7;5;;;;74;3;49;5;18;;;;75;149
58075;Palombara Sabina;71;3;49;2;4;;;;58;3;61;2;16;;;;82;140
58075;Palombara Sabina;72;2;52;3;7;;;;64;4;43;4;15;;;;66;130
58075;Palombara Sabina;73;3;58;4;5;;;;70;3;29;2;21;;;;55;125
58075;Palombara Sabina;74;3;57;4;2;;;;66;2;36;1;13;;;;52;118
58075;Palombara Sabina;75;3;37;2;6;;;;48;2;42;2;26;;;;72;120
58075;Palombara Sabina;76;8;50;0;5;;;;63;2;42;3;34;;;;81;144
58075;Palombara Sabina;77;1;45;4;5;;;;55;5;30;0;26;;;;61;116
58075;Palombara Sabina;78;4;43;0;5;;;;52;2;34;2;32;;;;70;122
58075;Palombara Sabina;79;1;34;2;5;;;;42;1;14;0;29;;;;44;86
58075;Palombara Sabina;80;1;35;1;8;;;;45;2;17;0;21;;;;40;85
58075;Palombara Sabina;81;1;22;0;8;;;;31;2;23;1;22;;;;48;79
58075;Palombara Sabina;82;3;23;1;6;;;;33;2;21;1;22;;;;46;79
58075;Palombara Sabina;83;3;25;1;5;;;;34;0;17;0;24;;;;41;75
58075;Palombara Sabina;84;1;21;0;11;;;;33;0;17;0;27;;;;44;77
58075;Palombara Sabina;85;0;21;0;6;;;;27;2;8;1;31;;;;42;69
58075;Palombara Sabina;86;0;18;2;6;;;;26;4;7;0;26;;;;37;63
58075;Palombara Sabina;87;2;13;0;5;;;;20;1;7;0;14;;;;22;42
58075;Palombara Sabina;88;1;14;0;5;;;;20;1;5;0;28;;;;34;54
58075;Palombara Sabina;89;1;8;0;5;;;;14;0;5;0;16;;;;21;35
58075;Palombara Sabina;90;0;8;0;2;;;;10;0;1;0;21;;;;22;32
58075;Palombara Sabina;91;0;2;0;3;;;;5;0;0;0;10;;;;10;15
58075;Palombara Sabina;92;0;6;0;2;;;;8;0;2;0;8;;;;10;18
58075;Palombara Sabina;93;0;3;0;1;;;;4;2;1;0;9;;;;12;16
58075;Palombara Sabina;94;0;1;0;1;;;;2;0;0;0;7;;;;7;9
58075;Palombara Sabina;95;0;1;0;1;;;;2;0;0;0;3;;;;3;5
58075;Palombara Sabina;96;0;0;0;3;;;;3;0;1;0;2;;;;3;6
58075;Palombara Sabina;97;0;0;0;1;;;;1;0;0;0;4;;;;4;5
58075;Palombara Sabina;98;0;0;0;0;;;;0;0;0;0;1;;;;1;1
58075;Palombara Sabina;99;0;0;0;0;;;;0;0;0;0;0;;;;0;0
58075;Palombara Sabina;100;0;1;0;0;;;;1;0;0;0;1;;;;1;2
58075;Palombara Sabina;999;3186;2980;204;167;;;;6537;2649;2968;254;702;;;;6573;13110
58076;Percile;0;0;0;0;0;;;;0;0;0;0;0;;;;0;0
58076;Percile;1;0;0;0;0;;;;0;0;0;0;0;;;;0;0
58076;Percile;2;1;0;0;0;;;;1;0;0;0;0;;;;0;1
58076;Percile;3;0;0;0;0;;;;0;0;0;0;0;;;;0;0
58076;Percile;4;1;0;0;0;;;;1;0;0;0;0;;;;0;1
58076;Percile;5;0;0;0;0;;;;0;0;0;0;0;;;;0;0
58076;Percile;6;0;0;0;0;;;;0;0;0;0;0;;;;0;0
58076;Percile;7;0;0;0;0;;;;0;0;0;0;0;;;;0;0
58076;Percile;8;0;0;0;0;;;;0;0;0;0;0;;;;0;0
58076;Percile;9;0;0;0;0;;;;0;1;0;0;0;;;;1;1
58076;Percile;10;0;0;0;0;;;;0;0;0;0;0;;;;0;0
58076;Percile;11;1;0;0;0;;;;1;0;0;0;0;;;;0;1
58076;Percile;12;0;0;0;0;;;;0;0;0;0;0;;;;0;0
58076;Percile;13;1;0;0;0;;;;1;1;0;0;0;;;;1;2
58076;Percile;14;1;0;0;0;;;;1;2;0;0;0;;;;2;3
58076;Percile;15;1;0;0;0;;;;1;1;0;0;0;;;;1;2
58076;Percile;16;3;0;0;0;;;;3;1;0;0;0;;;;1;4
58076;Percile;17;2;0;0;0;;;;2;1;0;0;0;;;;1;3
58076;Percile;18;0;0;0;0;;;;0;0;0;0;0;;;;0;0
58076;Percile;19;0;0;0;0;;;;0;0;0;0;0;;;;0;0
58076;Percile;20;2;0;0;0;;;;2;1;0;0;0;;;;1;3
58076;Percile;21;1;0;0;0;;;;1;0;0;0;0;;;;0;1
58076;Percile;22;2;0;0;0;;;;2;3;0;0;0;;;;3;5
58076;Percile;23;2;0;0;0;;;;2;0;0;0;0;;;;0;2
58076;Percile;24;1;0;0;0;;;;1;3;0;0;0;;;;3;4
58076;Percile;25;1;0;0;0;;;;1;2;0;0;0;;;;2;3
58076;Percile;26;1;0;0;0;;;;1;2;0;0;0;;;;2;3
58076;Percile;27;0;0;0;0;;;;0;0;2;0;0;;;;2;2
58076;Percile;28;1;0;0;0;;;;1;0;0;0;0;;;;0;1
58076;Percile;29;0;0;0;0;;;;0;1;0;0;0;;;;1;1
58076;Percile;30;1;0;0;0;;;;1;0;0;0;0;;;;0;1
58076;Percile;31;1;0;0;0;;;;1;1;0;0;0;;;;1;2
58076;Percile;32;2;0;0;0;;;;2;0;0;0;0;;;;0;2
58076;Percile;33;0;0;0;0;;;;0;3;0;0;0;;;;3;3
58076;Percile;34;1;2;0;0;;;;3;0;0;0;0;;;;0;3
58076;Percile;35;0;0;1;0;;;;1;2;0;0;0;;;;2;3
58076;Percile;36;1;0;0;0;;;;1;1;1;0;0;;;;2;3
58076;Percile;37;0;0;0;0;;;;0;2;0;0;0;;;;2;2
58076;Percile;38;2;0;0;0;;;;2;0;1;0;0;;;;1;3
58076;Percile;39;1;0;0;0;;;;1;0;0;0;0;;;;0;1
58076;Percile;40;2;0;0;0;;;;2;0;0;0;0;;;;0;2
58076;Percile;41;2;1;0;0;;;;3;0;0;0;0;;;;0;3
58076;Percile;42;1;0;0;0;;;;1;2;0;0;0;;;;2;3
58076;Percile;43;0;0;0;0;;;;0;0;0;0;0;;;;0;0
58076;Percile;44;0;0;0;0;;;;0;0;0;1;0;;;;1;1
58076;Percile;45;1;0;0;0;;;;1;0;0;0;1;;;;1;2
58076;Percile;46;1;0;0;0;;;;1;0;1;0;0;;;;1;2
58076;Percile;47;1;0;0;0;;;;1;1;1;0;0;;;;2;3
58076;Percile;48;1;0;0;0;;;;1;0;1;0;0;;;;1;2
58076;Percile;49;0;0;0;0;;;;0;0;3;0;0;;;;3;3
58076;Percile;50;0;1;0;0;;;;1;0;3;0;0;;;;3;4
58076;Percile;51;0;0;0;0;;;;0;1;1;0;0;;;;2;2
58076;Percile;52;1;0;0;0;;;;1;0;1;0;0;;;;1;2
58076;Percile;53;0;1;1;0;;;;2;0;2;0;0;;;;2;4
58076;Percile;54;1;2;0;0;;;;3;1;0;0;0;;;;1;4
58076;Percile;55;0;3;0;0;;;;3;1;1;1;0;;;;3;6
58076;Percile;56;0;1;0;0;;;;1;0;1;0;0;;;;1;2
58076;Percile;57;2;3;0;0;;;;5;0;2;0;0;;;;2;7
58076;Percile;58;0;2;0;0;;;;2;1;2;0;0;;;;3;5
58076;Percile;59;1;0;0;0;;;;1;1;2;0;0;;;;3;4
58076;Percile;60;2;3;0;0;;;;5;0;3;0;0;;;;3;8
58076;Percile;61;0;0;1;0;;;;1;0;0;1;0;;;;1;2
58076;Percile;62;1;0;0;0;;;;1;2;0;1;0;;;;3;4
58076;Percile;63;0;2;0;0;;;;2;0;0;0;0;;;;0;2
58076;Percile;64;0;1;0;0;;;;1;1;2;0;0;;;;3;4
58076;Percile;65;2;1;0;0;;;;3;0;1;0;0;;;;1;4
58076;Percile;66;0;1;0;0;;;;1;0;0;0;0;;;;0;1
58076;Percile;67;0;2;1;0;;;;3;0;1;0;0;;;;1;4
58076;Percile;68;0;0;0;0;;;;0;0;2;0;1;;;;3;3
58076;Percile;69;1;1;0;0;;;;2;0;1;0;1;;;;2;4
58076;Percile;70;1;0;0;0;;;;1;0;0;0;0;;;;0;1
58076;Percile;71;0;0;0;0;;;;0;0;0;0;1;;;;1;1
58076;Percile;72;0;0;2;0;;;;2;0;1;0;0;;;;1;3
58076;Percile;73;0;0;0;0;;;;0;0;0;0;0;;;;0;0
58076;Percile;74;0;1;1;0;;;;2;0;2;0;0;;;;2;4
58076;Percile;75;0;0;0;0;;;;0;0;2;0;0;;;;2;2
58076;Percile;76;1;1;0;0;;;;2;0;0;0;0;;;;0;2
58076;Percile;77;0;2;0;0;;;;2;0;1;0;0;;;;1;3
58076;Percile;78;0;2;0;0;;;;2;0;3;0;1;;;;4;6
58076;Percile;79;0;2;0;0;;;;2;0;0;0;0;;;;0;2
58076;Percile;80;1;1;0;0;;;;2;0;0;0;0;;;;0;2
58076;Percile;81;0;2;0;0;;;;2;0;0;0;1;;;;1;3
58076;Percile;82;0;1;0;0;;;;1;0;1;0;1;;;;2;3
58076;Percile;83;0;2;0;0;;;;2;0;0;0;1;;;;1;3
58076;Percile;84;0;1;0;0;;;;1;0;1;0;4;;;;5;6
58076;Percile;85;1;0;0;0;;;;1;0;1;0;0;;;;1;2
58076;Percile;86;0;0;0;0;;;;0;0;0;0;0;;;;0;0
58076;Percile;87;1;3;0;0;;;;4;0;1;0;0;;;;1;5
58076;Percile;88;0;1;0;0;;;;1;0;0;0;1;;;;1;2
58076;Percile;89;0;0;0;0;;;;0;0;0;0;1;;;;1;1
58076;Percile;90;0;0;0;0;;;;0;0;0;0;0;;;;0;0
58076;Percile;91;0;0;0;0;;;;0;0;0;0;0;;;;0;0
58076;Percile;92;0;0;0;1;;;;1;0;0;0;0;;;;0;1
58076;Percile;93;0;0;0;0;;;;0;0;0;0;1;;;;1;1
58076;Percile;94;0;0;0;0;;;;0;0;0;0;0;;;;0;0
58076;Percile;95;0;0;0;0;;;;0;0;0;0;1;;;;1;1
58076;Percile;96;0;0;0;0;;;;0;0;0;0;0;;;;0;0
58076;Percile;97;0;0;0;0;;;;0;0;0;0;0;;;;0;0
58076;Percile;98;0;0;0;0;;;;0;0;0;0;0;;;;0;0
58076;Percile;99;0;0;0;0;;;;0;0;0;0;0;;;;0;0
58076;Percile;100;0;0;0;0;;;;0;0;0;0;0;;;;0;0
58076;Percile;999;56;46;7;1;;;;110;39;48;4;16;;;;107;217
58077;Pisoniano;0;0;0;0;0;;;;0;1;0;0;0;;;;1;1
58077;Pisoniano;1;6;0;0;0;;;;6;2;0;0;0;;;;2;8
58077;Pisoniano;2;0;0;0;0;;;;0;2;0;0;0;;;;2;2
58077;Pisoniano;3;1;0;0;0;;;;1;1;0;0;0;;;;1;2
58077;Pisoniano;4;4;0;0;0;;;;4;3;0;0;0;;;;3;7
58077;Pisoniano;5;2;0;0;0;;;;2;3;0;0;0;;;;3;5
58077;Pisoniano;6;1;0;0;0;;;;1;2;0;0;0;;;;2;3
58077;Pisoniano;7;2;0;0;0;;;;2;0;0;0;0;;;;0;2
58077;Pisoniano;8;5;0;0;0;;;;5;2;0;0;0;;;;2;7
58077;Pisoniano;9;3;0;0;0;;;;3;2;0;0;0;;;;2;5
58077;Pisoniano;10;5;0;0;0;;;;5;2;0;0;0;;;;2;7
58077;Pisoniano;11;3;0;0;0;;;;3;3;0;0;0;;;;3;6
58077;Pisoniano;12;3;0;0;0;;;;3;2;0;0;0;;;;2;5
58077;Pisoniano;13;2;0;0;0;;;;2;2;0;0;0;;;;2;4
58077;Pisoniano;14;6;0;0;0;;;;6;3;0;0;0;;;;3;9
58077;Pisoniano;15;4;0;0;0;;;;4;1;0;0;0;;;;1;5
58077;Pisoniano;16;2;0;0;0;;;;2;4;0;0;0;;;;4;6
58077;Pisoniano;17;2;0;0;0;;;;2;4;0;0;0;;;;4;6
58077;Pisoniano;18;4;0;0;0;;;;4;2;0;0;0;;;;2;6
58077;Pisoniano;19;5;0;0;0;;;;5;1;0;0;0;;;;1;6
58077;Pisoniano;20;3;0;0;0;;;;3;1;0;0;0;;;;1;4
58077;Pisoniano;21;4;0;0;0;;;;4;1;0;0;0;;;;1;5
58077;Pisoniano;22;4;0;0;0;;;;4;4;0;0;0;;;;4;8
58077;Pisoniano;23;0;0;0;0;;;;0;2;0;0;0;;;;2;2
58077;Pisoniano;24;1;0;0;0;;;;1;4;0;0;0;;;;4;5
58077;Pisoniano;25;3;0;0;0;;;;3;2;0;0;0;;;;2;5
58077;Pisoniano;26;5;0;0;0;;;;5;4;0;0;0;;;;4;9
58077;Pisoniano;27;4;0;0;0;;;;4;2;0;0;0;;;;2;6
58077;Pisoniano;28;4;0;0;0;;;;4;5;0;0;0;;;;5;9
58077;Pisoniano;29;1;0;0;0;;;;1;2;0;0;0;;;;2;3
58077;Pisoniano;30;2;0;0;0;;;;2;3;1;0;0;;;;4;6
58077;Pisoniano;31;1;0;0;0;;;;1;3;0;0;0;;;;3;4
58077;Pisoniano;32;3;1;0;0;;;;4;2;1;0;0;;;;3;7
58077;Pisoniano;33;2;1;0;0;;;;3;2;0;0;0;;;;2;5
58077;Pisoniano;34;5;2;0;0;;;;7;1;1;0;0;;;;2;9
58077;Pisoniano;35;3;1;0;0;;;;4;3;3;0;0;;;;6;10
58077;Pisoniano;36;6;1;0;0;;;;7;1;5;1;0;;;;7;14
58077;Pisoniano;37;2;0;0;0;;;;2;1;0;0;0;;;;1;3
58077;Pisoniano;38;3;0;0;0;;;;3;1;4;0;0;;;;5;8
58077;Pisoniano;39;4;2;0;0;;;;6;2;0;0;0;;;;2;8
58077;Pisoniano;40;2;1;0;0;;;;3;1;1;1;0;;;;3;6
58077;Pisoniano;41;2;0;0;0;;;;2;1;2;0;0;;;;3;5
58077;Pisoniano;42;4;3;0;0;;;;7;1;5;0;0;;;;6;13
58077;Pisoniano;43;3;0;0;0;;;;3;1;2;1;0;;;;4;7
58077;Pisoniano;44;1;2;0;0;;;;3;5;3;2;0;;;;10;13
58077;Pisoniano;45;4;3;0;0;;;;7;2;0;1;0;;;;3;10
58077;Pisoniano;46;2;0;3;0;;;;5;1;4;2;0;;;;7;12
58077;Pisoniano;47;2;2;0;0;;;;4;3;3;0;0;;;;6;10
58077;Pisoniano;48;3;4;0;0;;;;7;4;0;1;0;;;;5;12
58077;Pisoniano;49;3;3;0;0;;;;6;2;3;0;0;;;;5;11
58077;Pisoniano;50;2;2;2;0;;;;6;0;2;1;0;;;;3;9
58077;Pisoniano;51;1;3;0;0;;;;4;0;1;0;0;;;;1;5
58077;Pisoniano;52;1;4;0;0;;;;5;1;5;0;0;;;;6;11
58077;Pisoniano;53;1;5;0;0;;;;6;0;4;0;0;;;;4;10
58077;Pisoniano;54;0;1;0;0;;;;1;0;5;0;0;;;;5;6
58077;Pisoniano;55;0;6;1;0;;;;7;1;7;0;1;;;;9;16
58077;Pisoniano;56;1;2;0;0;;;;3;0;3;1;0;;;;4;7
58077;Pisoniano;57;1;4;0;0;;;;5;0;12;1;1;;;;14;19
58077;Pisoniano;58;4;3;1;0;;;;8;2;5;0;0;;;;7;15
58077;Pisoniano;59;1;4;0;0;;;;5;1;8;0;0;;;;9;14
58077;Pisoniano;60;1;5;1;0;;;;7;1;3;0;0;;;;4;11
58077;Pisoniano;61;1;8;0;0;;;;9;1;5;0;0;;;;6;15
58077;Pisoniano;62;1;9;0;0;;;;10;2;2;0;0;;;;4;14
58077;Pisoniano;63;3;6;1;1;;;;11;0;4;1;2;;;;7;18
58077;Pisoniano;64;0;6;0;0;;;;6;0;2;1;0;;;;3;9
58077;Pisoniano;65;2;4;1;0;;;;7;1;9;1;1;;;;12;19
58077;Pisoniano;66;0;4;0;0;;;;4;0;5;0;2;;;;7;11
58077;Pisoniano;67;1;3;0;1;;;;5;0;5;0;0;;;;5;10
58077;Pisoniano;68;1;8;0;0;;;;9;0;2;1;2;;;;5;14
58077;Pisoniano;69;0;5;0;0;;;;5;1;1;0;0;;;;2;7
58077;Pisoniano;70;0;7;0;0;;;;7;0;4;1;0;;;;5;12
58077;Pisoniano;71;0;2;1;0;;;;3;0;4;0;0;;;;4;7
58077;Pisoniano;72;1;5;0;0;;;;6;1;3;1;0;;;;5;11
58077;Pisoniano;73;0;3;0;0;;;;3;0;1;0;1;;;;2;5
58077;Pisoniano;74;0;4;1;0;;;;5;1;2;0;1;;;;4;9
58077;Pisoniano;75;0;2;0;1;;;;3;0;2;0;2;;;;4;7
58077;Pisoniano;76;1;5;1;0;;;;7;1;1;0;1;;;;3;10
58077;Pisoniano;77;0;5;0;0;;;;5;0;3;0;1;;;;4;9
58077;Pisoniano;78;0;1;0;0;;;;1;0;2;0;2;;;;4;5
58077;Pisoniano;79;0;4;0;0;;;;4;0;1;0;2;;;;3;7
58077;Pisoniano;80;1;1;1;0;;;;3;0;2;1;1;;;;4;7
58077;Pisoniano;81;0;2;0;1;;;;3;0;3;0;1;;;;4;7
58077;Pisoniano;82;0;3;0;0;;;;3;0;0;0;1;;;;1;4
58077;Pisoniano;83;0;2;0;1;;;;3;0;1;0;3;;;;4;7
58077;Pisoniano;84;0;2;0;0;;;;2;0;0;0;2;;;;2;4
58077;Pisoniano;85;0;1;0;0;;;;1;0;3;0;2;;;;5;6
58077;Pisoniano;86;0;1;0;0;;;;1;0;1;0;3;;;;4;5
58077;Pisoniano;87;0;4;0;0;;;;4;1;0;0;3;;;;4;8
58077;Pisoniano;88;0;0;1;0;;;;1;0;0;0;2;;;;2;3
58077;Pisoniano;89;0;0;0;0;;;;0;0;0;0;0;;;;0;0
58077;Pisoniano;90;0;0;0;0;;;;0;0;0;0;3;;;;3;3
58077;Pisoniano;91;0;1;0;1;;;;2;0;0;0;3;;;;3;5
58077;Pisoniano;92;1;0;0;0;;;;1;0;0;0;0;;;;0;1
58077;Pisoniano;93;0;0;0;1;;;;1;0;0;0;0;;;;0;1
58077;Pisoniano;94;0;0;0;0;;;;0;0;0;0;1;;;;1;1
58077;Pisoniano;95;0;0;0;0;;;;0;0;0;0;0;;;;0;0
58077;Pisoniano;96;0;0;0;0;;;;0;0;0;0;0;;;;0;0
58077;Pisoniano;97;0;0;0;0;;;;0;0;0;0;1;;;;1;1
58077;Pisoniano;98;0;1;0;0;;;;1;0;0;0;0;;;;0;1
58077;Pisoniano;99;0;0;0;0;;;;0;0;0;0;0;;;;0;0
58077;Pisoniano;100;0;0;0;0;;;;0;0;0;0;0;;;;0;0
58077;Pisoniano;999;172;174;15;7;;;;368;124;161;19;45;;;;349;717
58078;Poli;0;5;0;0;0;;;;5;8;0;0;0;;;;8;13
58078;Poli;1;5;0;0;0;;;;5;8;0;0;0;;;;8;13
58078;Poli;2;6;0;0;0;;;;6;6;0;0;0;;;;6;12
58078;Poli;3;6;0;0;0;;;;6;4;0;0;0;;;;4;10
58078;Poli;4;10;0;0;0;;;;10;10;0;0;0;;;;10;20
58078;Poli;5;10;0;0;0;;;;10;10;0;0;0;;;;10;20
58078;Poli;6;9;0;0;0;;;;9;13;0;0;0;;;;13;22
58078;Poli;7;3;0;0;0;;;;3;8;0;0;0;;;;8;11
58078;Poli;8;12;0;0;0;;;;12;10;0;0;0;;;;10;22
58078;Poli;9;9;0;0;0;;;;9;7;0;0;0;;;;7;16
58078;Poli;10;13;0;0;0;;;;13;15;0;0;0;;;;15;28
58078;Poli;11;15;0;0;0;;;;15;11;0;0;0;;;;11;26
58078;Poli;12;13;0;0;0;;;;13;10;0;0;0;;;;10;23
58078;Poli;13;12;0;0;0;;;;12;6;0;0;0;;;;6;18
58078;Poli;14;21;0;0;0;;;;21;10;0;0;0;;;;10;31
58078;Poli;15;15;0;0;0;;;;15;13;0;0;0;;;;13;28
58078;Poli;16;14;0;0;0;;;;14;2;0;0;0;;;;2;16
58078;Poli;17;12;0;0;0;;;;12;12;0;0;0;;;;12;24
58078;Poli;18;5;0;0;0;;;;5;14;0;0;0;;;;14;19
58078;Poli;19;8;0;0;0;;;;8;9;0;0;0;;;;9;17
58078;Poli;20;8;0;0;0;;;;8;10;0;0;0;;;;10;18
58078;Poli;21;10;0;0;0;;;;10;11;1;0;0;;;;12;22
58078;Poli;22;14;0;0;0;;;;14;8;0;0;0;;;;8;22
58078;Poli;23;11;0;0;0;;;;11;7;0;0;0;;;;7;18
58078;Poli;24;4;0;0;0;;;;4;11;0;0;0;;;;11;15
58078;Poli;25;11;0;0;0;;;;11;9;1;0;0;;;;10;21
58078;Poli;26;5;0;0;0;;;;5;8;0;0;0;;;;8;13
58078;Poli;27;11;0;0;0;;;;11;6;4;0;0;;;;10;21
58078;Poli;28;12;2;0;0;;;;14;11;0;0;0;;;;11;25
58078;Poli;29;13;1;0;0;;;;14;13;3;0;0;;;;16;30
58078;Poli;30;13;0;0;0;;;;13;6;4;1;0;;;;11;24
58078;Poli;31;14;4;0;0;;;;18;7;6;0;0;;;;13;31
58078;Poli;32;3;2;0;0;;;;5;10;7;0;0;;;;17;22
58078;Poli;33;9;3;0;0;;;;12;2;1;1;0;;;;4;16
58078;Poli;34;8;4;0;0;;;;12;7;7;0;0;;;;14;26
58078;Poli;35;16;6;0;0;;;;22;9;2;0;0;;;;11;33
58078;Poli;36;9;2;0;0;;;;11;3;5;1;0;;;;9;20
58078;Poli;37;7;1;0;0;;;;8;6;3;0;0;;;;9;17
58078;Poli;38;7;4;0;0;;;;11;8;4;1;0;;;;13;24
58078;Poli;39;10;4;0;0;;;;14;9;5;0;0;;;;14;28
58078;Poli;40;13;5;1;0;;;;19;6;6;0;0;;;;12;31
58078;Poli;41;7;10;0;0;;;;17;4;6;0;0;;;;10;27
58078;Poli;42;6;6;1;0;;;;13;4;10;2;1;;;;17;30
58078;Poli;43;4;7;0;0;;;;11;4;12;0;0;;;;16;27
58078;Poli;44;8;4;0;0;;;;12;4;7;4;0;;;;15;27
58078;Poli;45;4;10;0;0;;;;14;7;11;0;0;;;;18;32
58078;Poli;46;4;9;0;0;;;;13;5;12;4;0;;;;21;34
58078;Poli;47;6;6;1;0;;;;13;4;11;1;0;;;;16;29
58078;Poli;48;7;14;0;0;;;;21;4;8;1;0;;;;13;34
58078;Poli;49;6;14;0;0;;;;20;4;18;1;1;;;;24;44
58078;Poli;50;4;16;6;0;;;;26;2;9;1;0;;;;12;38
58078;Poli;51;4;9;2;0;;;;15;7;11;3;0;;;;21;36
58078;Poli;52;6;13;2;0;;;;21;1;9;0;1;;;;11;32
58078;Poli;53;1;14;2;0;;;;17;0;8;1;0;;;;9;26
58078;Poli;54;4;18;0;0;;;;22;3;8;0;1;;;;12;34
58078;Poli;55;2;4;2;0;;;;8;3;14;0;2;;;;19;27
58078;Poli;56;3;13;3;0;;;;19;1;13;2;3;;;;19;38
58078;Poli;57;4;7;2;0;;;;13;5;13;1;3;;;;22;35
58078;Poli;58;7;18;2;0;;;;27;2;18;2;2;;;;24;51
58078;Poli;59;4;9;0;1;;;;14;1;12;2;0;;;;15;29
58078;Poli;60;5;13;2;2;;;;22;2;11;1;2;;;;16;38
58078;Poli;61;3;17;3;0;;;;23;1;15;1;1;;;;18;41
58078;Poli;62;3;14;0;0;;;;17;1;16;3;3;;;;23;40
58078;Poli;63;6;8;1;1;;;;16;0;9;1;6;;;;16;32
58078;Poli;64;2;11;1;1;;;;15;0;13;1;1;;;;15;30
58078;Poli;65;1;12;3;0;;;;16;0;9;0;2;;;;11;27
58078;Poli;66;2;6;0;0;;;;8;1;18;3;2;;;;24;32
58078;Poli;67;2;14;0;1;;;;17;0;9;1;0;;;;10;27
58078;Poli;68;0;14;1;1;;;;16;1;16;2;3;;;;22;38
58078;Poli;69;1;13;0;0;;;;14;0;15;0;3;;;;18;32
58078;Poli;70;1;13;3;1;;;;18;0;11;1;4;;;;16;34
58078;Poli;71;0;10;0;0;;;;10;0;7;0;2;;;;9;19
58078;Poli;72;0;11;1;0;;;;12;1;4;0;3;;;;8;20
58078;Poli;73;0;9;1;0;;;;10;0;7;0;7;;;;14;24
58078;Poli;74;1;11;0;3;;;;15;0;6;0;4;;;;10;25
58078;Poli;75;0;11;0;2;;;;13;1;9;0;8;;;;18;31
58078;Poli;76;1;11;0;0;;;;12;1;5;0;6;;;;12;24
58078;Poli;77;1;8;0;0;;;;9;0;4;0;8;;;;12;21
58078;Poli;78;1;4;0;2;;;;7;1;5;1;2;;;;9;16
58078;Poli;79;0;4;2;0;;;;6;0;3;0;9;;;;12;18
58078;Poli;80;0;3;0;3;;;;6;0;1;2;5;;;;8;14
58078;Poli;81;0;13;0;0;;;;13;2;4;0;5;;;;11;24
58078;Poli;82;0;5;0;1;;;;6;1;3;0;8;;;;12;18
58078;Poli;83;0;6;0;1;;;;7;0;2;0;7;;;;9;16
58078;Poli;84;0;5;0;1;;;;6;0;1;0;9;;;;10;16
58078;Poli;85;0;1;0;2;;;;3;0;3;1;5;;;;9;12
58078;Poli;86;0;3;0;0;;;;3;0;1;1;6;;;;8;11
58078;Poli;87;0;1;0;1;;;;2;0;0;0;6;;;;6;8
58078;Poli;88;1;1;0;1;;;;3;0;1;0;5;;;;6;9
58078;Poli;89;1;2;0;0;;;;3;0;0;0;3;;;;3;6
58078;Poli;90;0;0;0;1;;;;1;0;0;0;2;;;;2;3
58078;Poli;91;0;0;0;0;;;;0;0;0;0;6;;;;6;6
58078;Poli;92;0;0;0;0;;;;0;0;0;0;2;;;;2;2
58078;Poli;93;0;0;0;1;;;;1;1;0;0;3;;;;4;5
58078;Poli;94;0;0;0;0;;;;0;0;0;0;2;;;;2;2
58078;Poli;95;0;0;0;0;;;;0;0;0;0;0;;;;0;0
58078;Poli;96;0;0;0;0;;;;0;0;0;0;2;;;;2;2
58078;Poli;97;0;0;0;0;;;;0;0;0;0;0;;;;0;0
58078;Poli;98;0;0;0;0;;;;0;0;0;0;0;;;;0;0
58078;Poli;99;0;0;0;1;;;;1;0;0;0;0;;;;0;1
58078;Poli;100;0;0;0;0;;;;0;0;0;0;0;;;;0;0
58078;Poli;999;534;493;42;28;;;;1097;432;477;48;166;;;;1123;2220
58079;Pomezia;0;199;0;0;0;0;0;0;199;200;0;0;0;0;0;0;200;399
58079;Pomezia;1;188;0;0;0;0;0;0;188;183;0;0;0;0;0;0;183;371
58079;Pomezia;2;217;0;0;0;0;0;0;217;196;0;0;0;0;0;0;196;413
58079;Pomezia;3;238;0;0;0;0;0;0;238;189;0;0;0;0;0;0;189;427
58079;Pomezia;4;236;0;0;0;0;0;0;236;230;0;0;0;0;0;0;230;466
58079;Pomezia;5;258;0;0;0;0;0;0;258;246;0;0;0;0;0;0;246;504
58079;Pomezia;6;252;0;0;0;0;0;0;252;241;0;0;0;0;0;0;241;493
58079;Pomezia;7;296;0;0;0;0;0;0;296;280;0;0;0;0;0;0;280;576
58079;Pomezia;8;310;0;0;0;0;0;0;310;277;0;0;0;0;0;0;277;587
58079;Pomezia;9;333;0;0;0;0;0;0;333;346;0;0;0;0;0;0;346;679
58079;Pomezia;10;333;0;0;0;0;0;0;333;286;0;0;0;0;0;0;286;619
58079;Pomezia;11;345;0;0;0;0;0;0;345;318;0;0;0;0;0;0;318;663
58079;Pomezia;12;347;0;0;0;0;0;0;347;323;0;0;0;0;0;0;323;670
58079;Pomezia;13;367;0;0;0;0;0;0;367;353;0;0;0;0;0;0;353;720
58079;Pomezia;14;377;0;0;0;0;0;0;377;309;0;0;0;0;0;0;309;686
58079;Pomezia;15;353;0;0;0;0;0;0;353;322;0;0;0;0;0;0;322;675
58079;Pomezia;16;336;0;0;0;0;0;0;336;346;0;0;0;0;0;0;346;682
58079;Pomezia;17;349;0;0;0;0;0;0;349;332;0;0;0;0;0;0;332;681
58079;Pomezia;18;366;0;0;0;0;0;0;366;331;0;0;0;0;0;0;331;697
58079;Pomezia;19;368;0;0;0;0;0;0;368;329;0;0;0;0;0;0;329;697
58079;Pomezia;20;340;0;0;0;0;0;0;340;301;0;0;0;0;0;0;301;641
58079;Pomezia;21;358;0;0;0;0;0;0;358;301;5;0;0;0;0;0;306;664
58079;Pomezia;22;366;0;0;0;0;0;0;366;300;2;0;0;0;0;0;302;668
58079;Pomezia;23;341;2;0;0;0;0;0;343;296;9;1;0;0;0;0;306;649
58079;Pomezia;24;383;2;0;0;0;0;0;385;289;9;0;0;0;0;0;298;683
58079;Pomezia;25;362;9;1;0;0;0;0;372;297;10;0;0;1;0;0;308;680
58079;Pomezia;26;352;12;0;0;0;0;0;364;299;23;0;0;0;0;0;322;686
58079;Pomezia;27;340;15;0;0;0;0;0;355;252;25;0;0;0;0;0;277;632
58079;Pomezia;28;354;22;0;0;0;0;0;376;304;35;1;0;0;0;0;340;716
58079;Pomezia;29;335;34;1;0;2;1;0;373;253;61;0;0;1;0;0;315;688
58079;Pomezia;30;337;27;1;0;1;0;0;366;253;58;3;0;0;0;0;314;680
58079;Pomezia;31;321;55;1;0;1;0;0;378;227;69;2;1;0;0;0;299;677
58079;Pomezia;32;299;66;0;0;0;0;0;365;224;114;2;0;0;0;0;340;705
58079;Pomezia;33;283;83;2;0;0;0;0;368;233;113;4;0;1;0;0;351;719
58079;Pomezia;34;295;101;8;0;1;0;0;405;194;141;6;1;0;0;0;342;747
58079;Pomezia;35;261;112;5;0;0;0;0;378;176;159;5;1;0;0;0;341;719
58079;Pomezia;36;274;132;4;0;2;0;0;412;209;169;9;0;4;0;0;391;803
58079;Pomezia;37;221;152;4;0;2;0;0;379;169;207;7;0;1;0;0;384;763
58079;Pomezia;38;218;183;2;0;2;0;0;405;138;194;13;2;0;1;0;348;753
58079;Pomezia;39;186;171;6;0;0;0;0;363;144;209;14;2;1;0;0;370;733
58079;Pomezia;40;210;184;11;1;1;0;0;407;137;252;13;4;1;0;0;407;814
58079;Pomezia;41;192;226;17;2;2;0;0;439;153;230;18;2;0;0;0;403;842
58079;Pomezia;42;186;241;16;2;1;0;0;446;142;261;25;0;0;0;0;428;874
58079;Pomezia;43;212;230;16;0;0;0;0;458;177;294;23;5;1;0;0;500;958
58079;Pomezia;44;185;225;19;1;2;0;0;432;132;300;32;6;1;0;0;471;903
58079;Pomezia;45;181;287;12;1;3;0;0;484;153;333;24;10;1;0;0;521;1005
58079;Pomezia;46;174;310;21;3;1;0;0;509;126;382;27;2;0;0;0;537;1046
58079;Pomezia;47;171;297;19;0;3;0;0;490;126;315;39;6;0;0;0;486;976
58079;Pomezia;48;186;311;26;6;1;0;0;530;146;343;35;11;1;0;0;536;1066
58079;Pomezia;49;185;376;20;0;4;0;0;585;151;382;46;11;0;0;0;590;1175
58079;Pomezia;50;196;378;45;4;2;0;0;625;154;413;64;16;0;0;0;647;1272
58079;Pomezia;51;190;383;46;1;2;0;0;622;135;382;65;18;1;0;0;601;1223
58079;Pomezia;52;164;398;41;5;6;0;0;614;132;396;56;13;1;0;0;598;1212
58079;Pomezia;53;157;370;46;4;0;0;0;577;107;374;58;21;0;0;0;560;1137
58079;Pomezia;54;121;402;42;3;2;0;0;570;96;406;57;16;1;0;0;576;1146
58079;Pomezia;55;124;379;43;6;1;0;0;553;87;448;69;26;0;0;0;630;1183
58079;Pomezia;56;109;380;46;10;3;1;0;549;84;387;66;23;0;0;0;560;1109
58079;Pomezia;57;109;409;51;7;3;0;0;579;81;429;69;26;0;0;0;605;1184
58079;Pomezia;58;92;396;51;9;2;0;0;550;58;392;61;37;1;0;0;549;1099
58079;Pomezia;59;79;397;49;4;2;0;0;531;56;410;74;31;1;0;0;572;1103
58079;Pomezia;60;103;428;50;7;2;0;0;590;61;398;59;39;0;0;0;557;1147
58079;Pomezia;61;63;387;44;17;2;0;1;514;34;364;62;39;0;0;0;499;1013
58079;Pomezia;62;37;359;50;9;0;0;0;455;38;317;51;46;0;0;0;452;907
58079;Pomezia;63;61;344;53;15;1;0;0;474;29;327;38;44;0;0;0;438;912
58079;Pomezia;64;36;344;35;8;3;0;0;426;25;308;49;50;1;0;0;433;859
58079;Pomezia;65;37;335;40;9;1;0;0;422;37;303;48;61;0;0;0;449;871
58079;Pomezia;66;42;277;37;13;0;0;0;369;26;273;38;53;0;0;0;390;759
58079;Pomezia;67;22;268;34;13;3;0;0;340;22;248;38;61;0;0;0;369;709
58079;Pomezia;68;19;278;32;13;1;0;0;343;19;268;35;62;0;0;0;384;727
58079;Pomezia;69;23;259;20;15;2;0;0;319;25;212;22;68;0;0;0;327;646
58079;Pomezia;70;18;223;18;21;1;0;0;281;22;227;26;74;0;0;0;349;630
58079;Pomezia;71;16;228;25;12;0;0;0;281;21;219;35;67;0;0;0;342;623
58079;Pomezia;72;8;231;15;17;1;0;0;272;10;196;16;63;0;0;0;285;557
58079;Pomezia;73;14;209;14;25;3;0;0;265;8;156;21;83;0;0;0;268;533
58079;Pomezia;74;9;201;14;22;1;0;0;247;13;188;14;102;0;0;0;317;564
58079;Pomezia;75;9;230;14;22;1;0;0;276;13;176;25;108;0;0;0;322;598
58079;Pomezia;76;7;206;15;25;1;0;0;254;10;167;17;113;0;0;0;307;561
58079;Pomezia;77;9;226;15;27;0;0;0;277;6;174;17;127;0;0;0;324;601
58079;Pomezia;78;7;189;9;33;0;0;0;238;11;148;16;124;0;0;0;299;537
58079;Pomezia;79;6;126;7;23;0;0;0;162;10;125;9;97;0;0;0;241;403
58079;Pomezia;80;8;140;2;21;0;0;0;171;10;82;11;101;0;0;0;204;375
58079;Pomezia;81;4;128;4;29;0;0;0;165;8;83;8;97;0;0;0;196;361
58079;Pomezia;82;6;107;5;32;0;0;0;150;9;79;7;111;0;0;0;206;356
58079;Pomezia;83;3;114;4;34;0;0;0;155;5;62;10;113;0;0;0;190;345
58079;Pomezia;84;2;119;6;31;0;0;0;158;4;59;5;127;0;0;0;195;353
58079;Pomezia;85;3;98;2;20;0;0;0;123;4;57;4;112;0;0;0;177;300
58079;Pomezia;86;5;67;5;23;1;0;0;101;5;42;4;95;0;0;0;146;247
58079;Pomezia;87;0;62;4;29;0;0;0;95;7;29;5;110;0;0;0;151;246
58079;Pomezia;88;2;53;2;15;0;0;0;72;4;26;4;87;0;0;0;121;193
58079;Pomezia;89;2;42;3;13;0;0;0;60;9;22;0;74;0;0;0;105;165
58079;Pomezia;90;0;35;5;10;0;0;0;50;3;11;1;57;0;0;0;72;122
58079;Pomezia;91;3;30;0;17;0;0;0;50;4;13;4;62;0;0;0;83;133
58079;Pomezia;92;0;14;0;12;0;0;0;26;0;5;0;45;0;0;0;50;76
58079;Pomezia;93;1;7;0;16;0;0;0;24;1;7;2;32;0;0;0;42;66
58079;Pomezia;94;2;7;0;5;0;0;0;14;1;2;0;19;0;0;0;22;36
58079;Pomezia;95;1;3;1;2;0;0;0;7;0;0;0;20;0;0;0;20;27
58079;Pomezia;96;0;0;0;5;0;0;0;5;0;3;0;18;0;0;0;21;26
58079;Pomezia;97;0;1;0;3;0;0;0;4;1;2;0;12;0;0;0;15;19
58079;Pomezia;98;0;1;0;0;0;0;0;1;0;0;0;9;0;0;0;9;10
58079;Pomezia;99;0;1;0;0;0;0;0;1;0;0;0;2;0;0;0;2;3
58079;Pomezia;100;0;0;0;3;0;0;0;3;1;0;0;7;0;0;0;8;11
58079;Pomezia;999;16105;14134;1256;735;76;2;1;32309;13445;14119;1689;3082;20;1;0;32356;64665
58080;Ponzano Romano;0;4;0;0;0;;;;4;6;0;0;0;;;;6;10
58080;Ponzano Romano;1;3;0;0;0;;;;3;7;0;0;0;;;;7;10
58080;Ponzano Romano;2;6;0;0;0;;;;6;6;0;0;0;;;;6;12
58080;Ponzano Romano;3;6;0;0;0;;;;6;5;0;0;0;;;;5;11
58080;Ponzano Romano;4;5;0;0;0;;;;5;5;0;0;0;;;;5;10
58080;Ponzano Romano;5;6;0;0;0;;;;6;6;0;0;0;;;;6;12
58080;Ponzano Romano;6;8;0;0;0;;;;8;3;0;0;0;;;;3;11
58080;Ponzano Romano;7;6;0;0;0;;;;6;7;0;0;0;;;;7;13
58080;Ponzano Romano;8;5;0;0;0;;;;5;3;0;0;0;;;;3;8
58080;Ponzano Romano;9;7;0;0;0;;;;7;6;0;0;0;;;;6;13
58080;Ponzano Romano;10;5;0;0;0;;;;5;3;0;0;0;;;;3;8
58080;Ponzano Romano;11;6;0;0;0;;;;6;5;0;0;0;;;;5;11
58080;Ponzano Romano;12;3;0;0;0;;;;3;5;0;0;0;;;;5;8
58080;Ponzano Romano;13;6;0;0;0;;;;6;8;0;0;0;;;;8;14
58080;Ponzano Romano;14;3;0;0;0;;;;3;11;0;0;0;;;;11;14
58080;Ponzano Romano;15;1;0;0;0;;;;1;1;0;0;0;;;;1;2
58080;Ponzano Romano;16;6;0;0;0;;;;6;4;0;0;0;;;;4;10
58080;Ponzano Romano;17;9;0;0;0;;;;9;5;0;0;0;;;;5;14
58080;Ponzano Romano;18;3;0;0;0;;;;3;4;0;0;0;;;;4;7
58080;Ponzano Romano;19;7;0;0;0;;;;7;2;0;0;0;;;;2;9
58080;Ponzano Romano;20;9;0;0;0;;;;9;5;0;0;0;;;;5;14
58080;Ponzano Romano;21;7;0;0;0;;;;7;7;0;0;0;;;;7;14
58080;Ponzano Romano;22;7;0;0;0;;;;7;2;0;0;0;;;;2;9
58080;Ponzano Romano;23;5;0;0;0;;;;5;7;0;0;0;;;;7;12
58080;Ponzano Romano;24;8;0;0;0;;;;8;0;1;0;0;;;;1;9
58080;Ponzano Romano;25;7;1;0;0;;;;8;5;0;0;0;;;;5;13
58080;Ponzano Romano;26;6;2;0;0;;;;8;4;1;0;0;;;;5;13
58080;Ponzano Romano;27;5;0;0;0;;;;5;2;1;0;0;;;;3;8
58080;Ponzano Romano;28;6;0;0;0;;;;6;6;0;0;0;;;;6;12
58080;Ponzano Romano;29;6;0;0;0;;;;6;2;4;0;0;;;;6;12
58080;Ponzano Romano;30;14;1;0;0;;;;15;4;5;0;0;;;;9;24
58080;Ponzano Romano;31;9;3;0;0;;;;12;4;0;0;0;;;;4;16
58080;Ponzano Romano;32;4;1;0;0;;;;5;4;6;0;0;;;;10;15
58080;Ponzano Romano;33;5;1;0;0;;;;6;1;2;0;0;;;;3;9
58080;Ponzano Romano;34;6;4;0;0;;;;10;7;4;1;0;;;;12;22
58080;Ponzano Romano;35;6;4;0;0;;;;10;1;1;1;0;;;;3;13
58080;Ponzano Romano;36;2;4;0;0;;;;6;8;8;0;0;;;;16;22
58080;Ponzano Romano;37;9;5;0;0;;;;14;1;5;0;0;;;;6;20
58080;Ponzano Romano;38;4;4;0;0;;;;8;1;5;0;0;;;;6;14
58080;Ponzano Romano;39;5;5;1;0;;;;11;3;4;0;0;;;;7;18
58080;Ponzano Romano;40;6;2;0;0;;;;8;7;6;0;0;;;;13;21
58080;Ponzano Romano;41;3;5;0;0;;;;8;4;1;0;0;;;;5;13
58080;Ponzano Romano;42;4;6;1;0;;;;11;3;1;0;0;;;;4;15
58080;Ponzano Romano;43;5;7;1;0;;;;13;3;6;2;0;;;;11;24
58080;Ponzano Romano;44;10;2;0;0;;;;12;0;5;0;0;;;;5;17
58080;Ponzano Romano;45;4;7;0;0;;;;11;2;4;0;0;;;;6;17
58080;Ponzano Romano;46;3;6;1;0;;;;10;1;6;1;0;;;;8;18
58080;Ponzano Romano;47;1;4;0;0;;;;5;2;11;1;0;;;;14;19
58080;Ponzano Romano;48;4;6;1;0;;;;11;5;7;0;0;;;;12;23
58080;Ponzano Romano;49;2;5;1;0;;;;8;0;6;0;0;;;;6;14
58080;Ponzano Romano;50;6;7;0;0;;;;13;2;11;2;0;;;;15;28
58080;Ponzano Romano;51;2;3;1;0;;;;6;0;2;0;0;;;;2;8
58080;Ponzano Romano;52;5;5;0;0;;;;10;1;9;0;0;;;;10;20
58080;Ponzano Romano;53;3;11;0;0;;;;14;1;7;0;0;;;;8;22
58080;Ponzano Romano;54;2;8;1;0;;;;11;3;6;0;0;;;;9;20
58080;Ponzano Romano;55;5;11;0;0;;;;16;3;5;1;0;;;;9;25
58080;Ponzano Romano;56;8;5;1;0;;;;14;1;6;1;0;;;;8;22
58080;Ponzano Romano;57;5;8;0;0;;;;13;0;9;1;3;;;;13;26
58080;Ponzano Romano;58;1;5;0;0;;;;6;2;8;0;0;;;;10;16
58080;Ponzano Romano;59;1;9;1;0;;;;11;0;6;0;0;;;;6;17
58080;Ponzano Romano;60;3;9;3;0;;;;15;3;6;1;1;;;;11;26
58080;Ponzano Romano;61;3;6;0;0;;;;9;1;5;1;0;;;;7;16
58080;Ponzano Romano;62;1;11;1;0;;;;13;2;7;1;2;;;;12;25
58080;Ponzano Romano;63;2;8;2;1;;;;13;1;9;1;1;;;;12;25
58080;Ponzano Romano;64;1;10;1;0;;;;12;0;6;0;2;;;;8;20
58080;Ponzano Romano;65;2;6;0;1;;;;9;1;4;0;1;;;;6;15
58080;Ponzano Romano;66;0;5;1;0;;;;6;1;5;0;2;;;;8;14
58080;Ponzano Romano;67;0;8;1;0;;;;9;0;5;0;0;;;;5;14
58080;Ponzano Romano;68;1;3;0;0;;;;4;0;5;1;1;;;;7;11
58080;Ponzano Romano;69;1;4;0;1;;;;6;0;3;0;1;;;;4;10
58080;Ponzano Romano;70;0;7;1;0;;;;8;2;6;1;1;;;;10;18
58080;Ponzano Romano;71;1;2;0;1;;;;4;2;4;0;2;;;;8;12
58080;Ponzano Romano;72;0;1;0;2;;;;3;0;1;0;1;;;;2;5
58080;Ponzano Romano;73;1;6;0;0;;;;7;0;3;1;6;;;;10;17
58080;Ponzano Romano;74;0;0;0;0;;;;0;0;4;0;0;;;;4;4
58080;Ponzano Romano;75;1;5;0;0;;;;6;0;4;0;1;;;;5;11
58080;Ponzano Romano;76;1;7;1;1;;;;10;1;4;1;2;;;;8;18
58080;Ponzano Romano;77;0;2;0;0;;;;2;0;6;0;1;;;;7;9
58080;Ponzano Romano;78;0;9;0;0;;;;9;0;4;0;3;;;;7;16
58080;Ponzano Romano;79;0;1;0;1;;;;2;0;3;0;2;;;;5;7
58080;Ponzano Romano;80;0;6;0;0;;;;6;0;2;0;1;;;;3;9
58080;Ponzano Romano;81;0;4;1;0;;;;5;0;4;0;2;;;;6;11
58080;Ponzano Romano;82;0;3;0;0;;;;3;0;1;1;6;;;;8;11
58080;Ponzano Romano;83;0;3;0;0;;;;3;0;1;1;2;;;;4;7
58080;Ponzano Romano;84;0;1;0;0;;;;1;0;0;0;1;;;;1;2
58080;Ponzano Romano;85;3;4;0;0;;;;7;0;0;0;1;;;;1;8
58080;Ponzano Romano;86;0;0;0;0;;;;0;1;1;0;3;;;;5;5
58080;Ponzano Romano;87;0;3;0;0;;;;3;0;1;0;4;;;;5;8
58080;Ponzano Romano;88;0;0;0;0;;;;0;0;4;0;6;;;;10;10
58080;Ponzano Romano;89;0;0;0;1;;;;1;0;0;0;1;;;;1;2
58080;Ponzano Romano;90;0;1;0;0;;;;1;0;0;0;3;;;;3;4
58080;Ponzano Romano;91;0;3;0;0;;;;3;0;0;0;1;;;;1;4
58080;Ponzano Romano;92;0;1;0;0;;;;1;0;0;0;3;;;;3;4
58080;Ponzano Romano;93;0;0;0;0;;;;0;0;0;0;1;;;;1;1
58080;Ponzano Romano;94;0;0;0;0;;;;0;0;0;0;1;;;;1;1
58080;Ponzano Romano;95;0;0;0;1;;;;1;0;0;0;0;;;;0;1
58080;Ponzano Romano;96;0;0;0;0;;;;0;0;0;0;0;;;;0;0
58080;Ponzano Romano;97;0;0;0;0;;;;0;1;0;0;0;;;;1;1
58080;Ponzano Romano;98;0;0;0;0;;;;0;0;0;0;0;;;;0;0
58080;Ponzano Romano;99;0;0;0;0;;;;0;0;0;0;1;;;;1;1
58080;Ponzano Romano;100;0;0;0;0;;;;0;0;0;0;1;;;;1;1
58080;Ponzano Romano;999;336;296;22;10;;;;664;232;277;21;71;;;;601;1265
58081;Riano;0;26;0;0;0;;;;26;32;0;0;0;;;;32;58
58081;Riano;1;32;0;0;0;;;;32;32;0;0;0;;;;32;64
58081;Riano;2;42;0;0;0;;;;42;36;0;0;0;;;;36;78
58081;Riano;3;33;0;0;0;;;;33;33;0;0;0;;;;33;66
58081;Riano;4;35;0;0;0;;;;35;35;0;0;0;;;;35;70
58081;Riano;5;41;0;0;0;;;;41;34;0;0;0;;;;34;75
58081;Riano;6;52;0;0;0;;;;52;42;0;0;0;;;;42;94
58081;Riano;7;58;0;0;0;;;;58;54;0;0;0;;;;54;112
58081;Riano;8;61;0;0;0;;;;61;40;0;0;0;;;;40;101
58081;Riano;9;44;0;0;0;;;;44;51;0;0;0;;;;51;95
58081;Riano;10;58;0;0;0;;;;58;52;0;0;0;;;;52;110
58081;Riano;11;62;0;0;0;;;;62;45;0;0;0;;;;45;107
58081;Riano;12;65;0;0;0;;;;65;62;0;0;0;;;;62;127
58081;Riano;13;59;0;0;0;;;;59;60;0;0;0;;;;60;119
58081;Riano;14;69;0;0;0;;;;69;64;0;0;0;;;;64;133
58081;Riano;15;72;0;0;0;;;;72;54;0;0;0;;;;54;126
58081;Riano;16;58;0;0;0;;;;58;52;0;0;0;;;;52;110
58081;Riano;17;69;0;0;0;;;;69;51;0;0;0;;;;51;120
58081;Riano;18;60;0;0;0;;;;60;60;0;0;0;;;;60;120
58081;Riano;19;55;0;0;0;;;;55;52;0;0;0;;;;52;107
58081;Riano;20;53;0;0;0;;;;53;47;0;0;0;;;;47;100
58081;Riano;21;50;1;0;0;;;;51;42;0;0;0;;;;42;93
58081;Riano;22;54;0;0;0;;;;54;52;2;0;0;;;;54;108
58081;Riano;23;51;0;0;0;;;;51;41;1;0;0;;;;42;93
58081;Riano;24;53;1;0;0;;;;54;55;1;0;0;;;;56;110
58081;Riano;25;46;1;0;0;;;;47;55;0;0;0;;;;55;102
58081;Riano;26;69;1;0;0;;;;70;53;1;0;0;;;;54;124
58081;Riano;27;57;1;0;0;;;;58;28;5;0;0;;;;33;91
58081;Riano;28;47;1;0;0;;;;48;34;3;0;0;;;;37;85
58081;Riano;29;45;1;0;0;;;;46;37;9;0;0;;;;46;92
58081;Riano;30;53;3;0;0;;;;56;28;6;0;0;;;;34;90
58081;Riano;31;47;6;0;0;;;;53;36;9;0;0;;;;45;98
58081;Riano;32;46;5;0;0;;;;51;32;17;0;0;;;;49;100
58081;Riano;33;37;12;0;0;;;;49;39;16;0;0;;;;55;104
58081;Riano;34;36;20;0;0;;;;56;45;30;0;0;;;;75;131
58081;Riano;35;38;19;0;0;;;;57;32;21;1;0;;;;54;111
58081;Riano;36;31;19;1;0;;;;51;31;32;0;0;;;;63;114
58081;Riano;37;38;23;1;0;;;;62;25;46;1;0;;;;72;134
58081;Riano;38;28;24;0;0;;;;52;35;43;0;1;;;;79;131
58081;Riano;39;38;39;0;0;;;;77;24;30;1;0;;;;55;132
58081;Riano;40;39;29;2;0;;;;70;21;35;5;0;;;;61;131
58081;Riano;41;36;37;2;0;;;;75;25;35;0;1;;;;61;136
58081;Riano;42;33;40;3;0;;;;76;24;59;3;0;;;;86;162
58081;Riano;43;23;39;2;0;;;;64;24;39;2;0;;;;65;129
58081;Riano;44;31;53;2;1;;;;87;23;51;2;0;;;;76;163
58081;Riano;45;20;44;3;0;;;;67;25;53;5;1;;;;84;151
58081;Riano;46;23;50;4;1;;;;78;24;52;3;2;;;;81;159
58081;Riano;47;27;45;0;0;;;;72;30;66;6;0;;;;102;174
58081;Riano;48;38;48;8;0;;;;94;27;60;11;1;;;;99;193
58081;Riano;49;32;56;8;0;;;;96;21;71;6;2;;;;100;196
58081;Riano;50;29;63;1;1;;;;94;17;63;10;2;;;;92;186
58081;Riano;51;19;58;4;0;;;;81;26;60;5;3;;;;94;175
58081;Riano;52;26;57;6;1;;;;90;9;71;6;4;;;;90;180
58081;Riano;53;25;66;9;1;;;;101;16;58;6;0;;;;80;181
58081;Riano;54;19;66;5;0;;;;90;19;63;5;7;;;;94;184
58081;Riano;55;18;52;5;0;;;;75;17;72;10;3;;;;102;177
58081;Riano;56;21;61;5;3;;;;90;13;73;6;9;;;;101;191
58081;Riano;57;18;80;7;1;;;;106;23;62;12;3;;;;100;206
58081;Riano;58;18;51;9;2;;;;80;9;64;6;5;;;;84;164
58081;Riano;59;10;68;9;0;;;;87;16;61;8;5;;;;90;177
58081;Riano;60;17;61;7;1;;;;86;12;67;12;7;;;;98;184
58081;Riano;61;10;56;3;0;;;;69;9;55;6;7;;;;77;146
58081;Riano;62;9;63;5;3;;;;80;6;43;7;7;;;;63;143
58081;Riano;63;10;53;5;2;;;;70;2;56;9;4;;;;71;141
58081;Riano;64;9;54;7;3;;;;73;5;42;8;6;;;;61;134
58081;Riano;65;7;51;3;3;;;;64;4;38;3;4;;;;49;113
58081;Riano;66;8;48;3;1;;;;60;5;41;2;13;;;;61;121
58081;Riano;67;7;49;7;2;;;;65;4;37;2;10;;;;53;118
58081;Riano;68;13;42;4;2;;;;61;5;44;4;4;;;;57;118
58081;Riano;69;8;36;2;3;;;;49;3;42;2;8;;;;55;104
58081;Riano;70;0;40;1;3;;;;44;2;38;7;7;;;;54;98
58081;Riano;71;3;41;2;7;;;;53;2;45;3;9;;;;59;112
58081;Riano;72;3;33;6;1;;;;43;6;43;3;9;;;;61;104
58081;Riano;73;2;25;2;4;;;;33;3;34;4;8;;;;49;82
58081;Riano;74;2;46;2;3;;;;53;3;31;1;13;;;;48;101
58081;Riano;75;1;52;5;3;;;;61;3;30;1;9;;;;43;104
58081;Riano;76;4;32;0;6;;;;42;2;25;6;16;;;;49;91
58081;Riano;77;2;36;2;3;;;;43;4;17;2;17;;;;40;83
58081;Riano;78;1;30;3;3;;;;37;2;24;3;15;;;;44;81
58081;Riano;79;1;22;1;0;;;;24;4;21;0;19;;;;44;68
58081;Riano;80;1;21;1;1;;;;24;2;18;2;15;;;;37;61
58081;Riano;81;1;26;2;6;;;;35;3;19;2;18;;;;42;77
58081;Riano;82;5;24;2;8;;;;39;0;14;1;13;;;;28;67
58081;Riano;83;1;20;1;5;;;;27;2;3;0;10;;;;15;42
58081;Riano;84;2;16;1;3;;;;22;2;13;1;25;;;;41;63
58081;Riano;85;1;10;0;4;;;;15;3;15;0;12;;;;30;45
58081;Riano;86;1;24;1;2;;;;28;1;6;0;18;;;;25;53
58081;Riano;87;1;10;0;3;;;;14;2;5;0;15;;;;22;36
58081;Riano;88;1;6;1;2;;;;10;0;7;0;16;;;;23;33
58081;Riano;89;0;5;0;2;;;;7;0;5;0;16;;;;21;28
58081;Riano;90;1;10;0;6;;;;17;1;0;0;12;;;;13;30
58081;Riano;91;1;5;0;1;;;;7;1;1;0;5;;;;7;14
58081;Riano;92;0;6;0;1;;;;7;0;0;0;7;;;;7;14
58081;Riano;93;1;6;0;0;;;;7;0;1;0;3;;;;4;11
58081;Riano;94;0;1;0;2;;;;3;0;2;0;6;;;;8;11
58081;Riano;95;0;0;0;1;;;;1;0;0;0;6;;;;6;7
58081;Riano;96;0;0;0;0;;;;0;0;0;0;1;;;;1;1
58081;Riano;97;0;0;0;0;;;;0;0;0;0;3;;;;3;3
58081;Riano;98;0;0;0;0;;;;0;0;0;0;2;;;;2;2
58081;Riano;99;0;1;0;0;;;;1;0;1;0;0;;;;1;2
58081;Riano;100;0;2;0;1;;;;3;0;0;0;1;;;;1;4
58081;Riano;999;2607;2303;175;112;;;;5197;2224;2323;211;445;;;;5203;10400
58082;Rignano Flaminio;0;36;0;0;0;;;;36;32;0;0;0;;;;32;68
58082;Rignano Flaminio;1;24;0;0;0;;;;24;31;0;0;0;;;;31;55
58082;Rignano Flaminio;2;34;0;0;0;;;;34;27;0;0;0;;;;27;61
58082;Rignano Flaminio;3;45;0;0;0;;;;45;28;0;0;0;;;;28;73
58082;Rignano Flaminio;4;29;0;0;0;;;;29;35;0;0;0;;;;35;64
58082;Rignano Flaminio;5;36;0;0;0;;;;36;51;0;0;0;;;;51;87
58082;Rignano Flaminio;6;46;0;0;0;;;;46;47;0;0;0;;;;47;93
58082;Rignano Flaminio;7;44;0;0;0;;;;44;41;0;0;0;;;;41;85
58082;Rignano Flaminio;8;40;0;0;0;;;;40;55;0;0;0;;;;55;95
58082;Rignano Flaminio;9;39;0;0;0;;;;39;50;0;0;0;;;;50;89
58082;Rignano Flaminio;10;46;0;0;0;;;;46;54;0;0;0;;;;54;100
58082;Rignano Flaminio;11;56;0;0;0;;;;56;43;0;0;0;;;;43;99
58082;Rignano Flaminio;12;60;0;0;0;;;;60;55;0;0;0;;;;55;115
58082;Rignano Flaminio;13;47;0;0;0;;;;47;52;0;0;0;;;;52;99
58082;Rignano Flaminio;14;50;0;0;0;;;;50;59;0;0;0;;;;59;109
58082;Rignano Flaminio;15;54;0;0;0;;;;54;51;0;0;0;;;;51;105
58082;Rignano Flaminio;16;52;0;0;0;;;;52;63;0;0;0;;;;63;115
58082;Rignano Flaminio;17;62;0;0;0;;;;62;61;0;0;0;;;;61;123
58082;Rignano Flaminio;18;51;0;0;0;;;;51;58;0;0;0;;;;58;109
58082;Rignano Flaminio;19;67;0;0;0;;;;67;40;0;0;0;;;;40;107
58082;Rignano Flaminio;20;65;0;0;0;;;;65;46;0;0;0;;;;46;111
58082;Rignano Flaminio;21;51;0;0;0;;;;51;53;0;0;0;;;;53;104
58082;Rignano Flaminio;22;51;0;0;0;;;;51;56;1;0;0;;;;57;108
58082;Rignano Flaminio;23;47;1;0;0;;;;48;47;4;0;0;;;;51;99
58082;Rignano Flaminio;24;47;0;0;0;;;;47;39;2;0;0;;;;41;88
58082;Rignano Flaminio;25;50;1;0;0;;;;51;24;4;0;0;;;;28;79
58082;Rignano Flaminio;26;52;6;0;0;;;;58;42;6;0;0;;;;48;106
58082;Rignano Flaminio;27;43;0;0;0;;;;43;49;9;0;0;;;;58;101
58082;Rignano Flaminio;28;46;6;0;0;;;;52;43;8;0;0;;;;51;103
58082;Rignano Flaminio;29;37;6;0;0;;;;43;25;6;0;0;;;;31;74
58082;Rignano Flaminio;30;49;11;0;0;;;;60;27;11;0;0;;;;38;98
58082;Rignano Flaminio;31;44;12;0;0;;;;56;33;11;1;0;;;;45;101
58082;Rignano Flaminio;32;45;9;0;0;;;;54;28;18;0;0;;;;46;100
58082;Rignano Flaminio;33;46;19;0;0;;;;65;37;13;0;0;;;;50;115
58082;Rignano Flaminio;34;27;10;0;0;;;;37;27;27;0;0;;;;54;91
58082;Rignano Flaminio;35;30;24;0;0;;;;54;32;24;2;0;;;;58;112
58082;Rignano Flaminio;36;40;18;0;0;;;;58;28;34;1;0;;;;63;121
58082;Rignano Flaminio;37;38;28;1;0;;;;67;31;37;1;1;;;;70;137
58082;Rignano Flaminio;38;32;26;0;0;;;;58;12;32;5;0;;;;49;107
58082;Rignano Flaminio;39;30;19;0;0;;;;49;24;50;0;1;;;;75;124
58082;Rignano Flaminio;40;35;22;1;0;;;;58;14;35;2;0;;;;51;109
58082;Rignano Flaminio;41;31;33;3;0;;;;67;32;31;4;0;;;;67;134
58082;Rignano Flaminio;42;36;30;0;0;;;;66;18;54;1;0;;;;73;139
58082;Rignano Flaminio;43;28;36;2;0;;;;66;23;39;0;1;;;;63;129
58082;Rignano Flaminio;44;22;40;5;2;;;;69;24;46;4;0;;;;74;143
58082;Rignano Flaminio;45;30;52;4;0;;;;86;23;61;4;1;;;;89;175
58082;Rignano Flaminio;46;25;46;5;0;;;;76;17;54;5;0;;;;76;152
58082;Rignano Flaminio;47;34;58;1;1;;;;94;25;62;8;2;;;;97;191
58082;Rignano Flaminio;48;24;41;9;0;;;;74;20;59;9;3;;;;91;165
58082;Rignano Flaminio;49;30;67;4;0;;;;101;20;68;8;2;;;;98;199
58082;Rignano Flaminio;50;26;47;5;0;;;;78;15;59;7;1;;;;82;160
58082;Rignano Flaminio;51;23;53;3;0;;;;79;15;58;6;3;;;;82;161
58082;Rignano Flaminio;52;25;53;4;1;;;;83;15;51;8;0;;;;74;157
58082;Rignano Flaminio;53;21;67;7;0;;;;95;14;80;7;1;;;;102;197
58082;Rignano Flaminio;54;21;59;7;1;;;;88;17;62;14;4;;;;97;185
58082;Rignano Flaminio;55;15;56;2;1;;;;74;13;68;10;1;;;;92;166
58082;Rignano Flaminio;56;16;66;11;0;;;;93;13;73;13;7;;;;106;199
58082;Rignano Flaminio;57;16;61;6;0;;;;83;8;50;11;6;;;;75;158
58082;Rignano Flaminio;58;14;70;10;2;;;;96;9;52;12;2;;;;75;171
58082;Rignano Flaminio;59;18;52;9;1;;;;80;13;69;14;4;;;;100;180
58082;Rignano Flaminio;60;18;63;5;0;;;;86;6;67;9;1;;;;83;169
58082;Rignano Flaminio;61;11;63;4;2;;;;80;12;58;5;5;;;;80;160
58082;Rignano Flaminio;62;4;52;6;3;;;;65;10;62;6;2;;;;80;145
58082;Rignano Flaminio;63;11;51;3;3;;;;68;5;50;6;7;;;;68;136
58082;Rignano Flaminio;64;5;57;5;1;;;;68;8;43;8;4;;;;63;131
58082;Rignano Flaminio;65;3;58;5;2;;;;68;14;53;5;6;;;;78;146
58082;Rignano Flaminio;66;5;61;10;4;;;;80;12;61;2;7;;;;82;162
58082;Rignano Flaminio;67;7;45;6;3;;;;61;6;64;4;3;;;;77;138
58082;Rignano Flaminio;68;4;46;5;5;;;;60;1;36;5;11;;;;53;113
58082;Rignano Flaminio;69;5;48;2;1;;;;56;8;45;6;7;;;;66;122
58082;Rignano Flaminio;70;8;47;2;2;;;;59;4;42;5;15;;;;66;125
58082;Rignano Flaminio;71;4;36;4;2;;;;46;5;29;3;13;;;;50;96
58082;Rignano Flaminio;72;4;34;3;3;;;;44;2;29;5;11;;;;47;91
58082;Rignano Flaminio;73;0;43;3;5;;;;51;4;38;3;17;;;;62;113
58082;Rignano Flaminio;74;2;38;2;3;;;;45;3;31;4;9;;;;47;92
58082;Rignano Flaminio;75;1;27;2;4;;;;34;4;28;0;12;;;;44;78
58082;Rignano Flaminio;76;2;37;0;9;;;;48;2;29;4;26;;;;61;109
58082;Rignano Flaminio;77;2;33;3;6;;;;44;1;18;0;18;;;;37;81
58082;Rignano Flaminio;78;3;34;1;3;;;;41;3;27;4;13;;;;47;88
58082;Rignano Flaminio;79;1;24;1;5;;;;31;3;22;3;13;;;;41;72
58082;Rignano Flaminio;80;1;21;3;2;;;;27;1;13;1;13;;;;28;55
58082;Rignano Flaminio;81;0;22;1;8;;;;31;1;24;2;21;;;;48;79
58082;Rignano Flaminio;82;0;22;0;1;;;;23;0;11;1;21;;;;33;56
58082;Rignano Flaminio;83;2;22;0;4;;;;28;1;7;4;14;;;;26;54
58082;Rignano Flaminio;84;0;24;0;4;;;;28;1;15;0;24;;;;40;68
58082;Rignano Flaminio;85;1;11;0;8;;;;20;0;9;1;17;;;;27;47
58082;Rignano Flaminio;86;0;11;0;3;;;;14;1;5;0;14;;;;20;34
58082;Rignano Flaminio;87;0;8;1;3;;;;12;1;4;1;21;;;;27;39
58082;Rignano Flaminio;88;0;5;1;3;;;;9;0;0;0;6;;;;6;15
58082;Rignano Flaminio;89;0;13;0;0;;;;13;0;2;0;10;;;;12;25
58082;Rignano Flaminio;90;0;3;0;1;;;;4;0;3;1;4;;;;8;12
58082;Rignano Flaminio;91;0;3;0;1;;;;4;0;0;0;10;;;;10;14
58082;Rignano Flaminio;92;0;3;0;1;;;;4;2;2;0;6;;;;10;14
58082;Rignano Flaminio;93;0;2;0;0;;;;2;0;0;1;9;;;;10;12
58082;Rignano Flaminio;94;0;1;0;2;;;;3;0;0;0;7;;;;7;10
58082;Rignano Flaminio;95;0;1;0;1;;;;2;0;0;0;3;;;;3;5
58082;Rignano Flaminio;96;0;0;0;0;;;;0;0;0;0;0;;;;0;0
58082;Rignano Flaminio;97;0;0;0;1;;;;1;0;0;0;3;;;;3;4
58082;Rignano Flaminio;98;0;0;0;2;;;;2;0;0;0;0;;;;0;2
58082;Rignano Flaminio;99;0;0;0;0;;;;0;0;0;0;0;;;;0;0
58082;Rignano Flaminio;100;0;0;0;0;;;;0;1;0;0;2;;;;3;3
58082;Rignano Flaminio;999;2382;2274;177;120;;;;4953;2106;2355;256;445;;;;5162;10115
58083;Riofreddo;0;2;0;0;0;;;;2;1;0;0;0;;;;1;3
58083;Riofreddo;1;2;0;0;0;;;;2;3;0;0;0;;;;3;5
58083;Riofreddo;2;0;0;0;0;;;;0;1;0;0;0;;;;1;1
58083;Riofreddo;3;0;0;0;0;;;;0;4;0;0;0;;;;4;4
58083;Riofreddo;4;3;0;0;0;;;;3;3;0;0;0;;;;3;6
58083;Riofreddo;5;3;0;0;0;;;;3;1;0;0;0;;;;1;4
58083;Riofreddo;6;2;0;0;0;;;;2;2;0;0;0;;;;2;4
58083;Riofreddo;7;2;0;0;0;;;;2;1;0;0;0;;;;1;3
58083;Riofreddo;8;0;0;0;0;;;;0;2;0;0;0;;;;2;2
58083;Riofreddo;9;4;0;0;0;;;;4;3;0;0;0;;;;3;7
58083;Riofreddo;10;4;0;0;0;;;;4;3;0;0;0;;;;3;7
58083;Riofreddo;11;3;0;0;0;;;;3;4;0;0;0;;;;4;7
58083;Riofreddo;12;3;0;0;0;;;;3;3;0;0;0;;;;3;6
58083;Riofreddo;13;7;0;0;0;;;;7;4;0;0;0;;;;4;11
58083;Riofreddo;14;5;0;0;0;;;;5;3;0;0;0;;;;3;8
58083;Riofreddo;15;0;0;0;0;;;;0;2;0;0;0;;;;2;2
58083;Riofreddo;16;1;0;0;0;;;;1;3;0;0;0;;;;3;4
58083;Riofreddo;17;6;0;0;0;;;;6;5;0;0;0;;;;5;11
58083;Riofreddo;18;1;0;0;0;;;;1;3;0;0;0;;;;3;4
58083;Riofreddo;19;2;0;0;0;;;;2;2;0;0;0;;;;2;4
58083;Riofreddo;20;3;0;0;0;;;;3;3;1;0;0;;;;4;7
58083;Riofreddo;21;1;0;0;0;;;;1;3;0;0;0;;;;3;4
58083;Riofreddo;22;6;0;0;0;;;;6;3;0;0;0;;;;3;9
58083;Riofreddo;23;3;0;0;0;;;;3;1;0;0;0;;;;1;4
58083;Riofreddo;24;4;0;0;0;;;;4;2;0;0;0;;;;2;6
58083;Riofreddo;25;2;0;0;0;;;;2;6;0;0;0;;;;6;8
58083;Riofreddo;26;5;0;0;0;;;;5;7;0;0;0;;;;7;12
58083;Riofreddo;27;5;1;0;0;;;;6;1;0;0;0;;;;1;7
58083;Riofreddo;28;5;1;0;0;;;;6;4;1;0;0;;;;5;11
58083;Riofreddo;29;2;0;0;0;;;;2;2;0;0;0;;;;2;4
58083;Riofreddo;30;1;0;0;0;;;;1;5;0;0;0;;;;5;6
58083;Riofreddo;31;2;2;0;0;;;;4;2;0;0;0;;;;2;6
58083;Riofreddo;32;4;0;0;0;;;;4;2;1;0;0;;;;3;7
58083;Riofreddo;33;4;0;0;0;;;;4;1;1;0;0;;;;2;6
58083;Riofreddo;34;4;0;0;0;;;;4;3;1;0;0;;;;4;8
58083;Riofreddo;35;2;1;0;0;;;;3;5;0;0;0;;;;5;8
58083;Riofreddo;36;5;0;0;0;;;;5;3;2;0;0;;;;5;10
58083;Riofreddo;37;2;0;0;0;;;;2;3;3;1;0;;;;7;9
58083;Riofreddo;38;3;2;0;0;;;;5;2;1;1;0;;;;4;9
58083;Riofreddo;39;4;2;0;0;;;;6;4;5;0;0;;;;9;15
58083;Riofreddo;40;5;1;0;0;;;;6;0;0;0;0;;;;0;6
58083;Riofreddo;41;0;0;0;0;;;;0;1;2;1;0;;;;4;4
58083;Riofreddo;42;3;3;0;0;;;;6;1;1;0;0;;;;2;8
58083;Riofreddo;43;1;3;0;0;;;;4;0;4;0;0;;;;4;8
58083;Riofreddo;44;4;2;0;0;;;;6;0;5;0;0;;;;5;11
58083;Riofreddo;45;7;2;0;0;;;;9;2;4;0;0;;;;6;15
58083;Riofreddo;46;4;4;1;0;;;;9;0;4;0;0;;;;4;13
58083;Riofreddo;47;1;1;0;0;;;;2;1;6;2;0;;;;9;11
58083;Riofreddo;48;5;4;0;0;;;;9;1;4;0;0;;;;5;14
58083;Riofreddo;49;2;4;0;0;;;;6;1;1;0;0;;;;2;8
58083;Riofreddo;50;0;6;0;0;;;;6;0;7;0;0;;;;7;13
58083;Riofreddo;51;2;4;0;0;;;;6;1;9;0;0;;;;10;16
58083;Riofreddo;52;0;3;0;0;;;;3;0;2;0;0;;;;2;5
58083;Riofreddo;53;0;4;0;0;;;;4;0;1;1;0;;;;2;6
58083;Riofreddo;54;1;6;0;0;;;;7;1;2;0;1;;;;4;11
58083;Riofreddo;55;2;2;0;0;;;;4;0;7;0;0;;;;7;11
58083;Riofreddo;56;0;1;0;0;;;;1;0;5;0;0;;;;5;6
58083;Riofreddo;57;0;4;0;0;;;;4;1;4;0;1;;;;6;10
58083;Riofreddo;58;1;5;0;0;;;;6;2;5;1;0;;;;8;14
58083;Riofreddo;59;1;6;0;0;;;;7;0;5;0;0;;;;5;12
58083;Riofreddo;60;0;3;0;0;;;;3;0;6;1;1;;;;8;11
58083;Riofreddo;61;2;6;0;0;;;;8;0;5;1;1;;;;7;15
58083;Riofreddo;62;1;4;0;0;;;;5;2;4;1;0;;;;7;12
58083;Riofreddo;63;0;4;0;0;;;;4;0;3;1;0;;;;4;8
58083;Riofreddo;64;2;5;0;1;;;;8;0;2;0;0;;;;2;10
58083;Riofreddo;65;1;3;0;0;;;;4;1;4;0;0;;;;5;9
58083;Riofreddo;66;0;6;0;0;;;;6;0;5;1;2;;;;8;14
58083;Riofreddo;67;1;4;0;0;;;;5;0;1;1;1;;;;3;8
58083;Riofreddo;68;1;2;0;2;;;;5;1;6;0;1;;;;8;13
58083;Riofreddo;69;0;0;1;0;;;;1;0;3;0;2;;;;5;6
58083;Riofreddo;70;1;4;1;0;;;;6;0;5;1;1;;;;7;13
58083;Riofreddo;71;2;5;3;0;;;;10;0;6;0;2;;;;8;18
58083;Riofreddo;72;1;6;0;0;;;;7;1;2;0;0;;;;3;10
58083;Riofreddo;73;0;2;0;0;;;;2;1;1;0;0;;;;2;4
58083;Riofreddo;74;3;3;1;0;;;;7;0;2;0;2;;;;4;11
58083;Riofreddo;75;0;5;1;0;;;;6;1;3;0;3;;;;7;13
58083;Riofreddo;76;1;3;1;2;;;;7;0;1;0;2;;;;3;10
58083;Riofreddo;77;0;4;0;0;;;;4;0;3;0;4;;;;7;11
58083;Riofreddo;78;0;3;0;2;;;;5;1;2;1;1;;;;5;10
58083;Riofreddo;79;0;3;0;1;;;;4;1;2;1;1;;;;5;9
58083;Riofreddo;80;0;2;0;0;;;;2;0;4;0;2;;;;6;8
58083;Riofreddo;81;0;2;0;0;;;;2;0;2;0;1;;;;3;5
58083;Riofreddo;82;1;2;1;0;;;;4;0;1;0;2;;;;3;7
58083;Riofreddo;83;1;1;0;0;;;;2;0;3;0;4;;;;7;9
58083;Riofreddo;84;0;1;0;0;;;;1;1;1;0;2;;;;4;5
58083;Riofreddo;85;0;2;0;0;;;;2;0;4;0;3;;;;7;9
58083;Riofreddo;86;0;3;0;0;;;;3;0;0;0;1;;;;1;4
58083;Riofreddo;87;0;1;0;0;;;;1;0;1;0;1;;;;2;3
58083;Riofreddo;88;0;2;0;0;;;;2;0;0;0;1;;;;1;3
58083;Riofreddo;89;0;2;0;0;;;;2;0;1;0;2;;;;3;5
58083;Riofreddo;90;0;2;0;0;;;;2;0;0;0;3;;;;3;5
58083;Riofreddo;91;0;0;0;0;;;;0;0;0;0;0;;;;0;0
58083;Riofreddo;92;0;0;0;0;;;;0;0;0;0;0;;;;0;0
58083;Riofreddo;93;0;0;0;0;;;;0;1;0;0;0;;;;1;1
58083;Riofreddo;94;0;0;0;0;;;;0;0;0;0;2;;;;2;2
58083;Riofreddo;95;0;0;0;0;;;;0;0;0;0;0;;;;0;0
58083;Riofreddo;96;0;0;0;0;;;;0;0;0;0;0;;;;0;0
58083;Riofreddo;97;0;0;0;0;;;;0;0;0;0;0;;;;0;0
58083;Riofreddo;98;0;0;0;0;;;;0;0;0;0;0;;;;0;0
58083;Riofreddo;99;0;0;0;0;;;;0;1;0;0;0;;;;1;1
58083;Riofreddo;100;0;0;0;0;;;;0;0;0;0;2;;;;2;2
58083;Riofreddo;999;174;169;10;8;;;;361;139;177;16;52;;;;384;745
58084;Rocca Canterano;0;1;0;0;0;;;;1;1;0;0;0;;;;1;2
58084;Rocca Canterano;1;1;0;0;0;;;;1;1;0;0;0;;;;1;2
58084;Rocca Canterano;2;1;0;0;0;;;;1;1;0;0;0;;;;1;2
58084;Rocca Canterano;3;0;0;0;0;;;;0;2;0;0;0;;;;2;2
58084;Rocca Canterano;4;0;0;0;0;;;;0;1;0;0;0;;;;1;1
58084;Rocca Canterano;5;0;0;0;0;;;;0;2;0;0;0;;;;2;2
58084;Rocca Canterano;6;0;0;0;0;;;;0;0;0;0;0;;;;0;0
58084;Rocca Canterano;7;0;0;0;0;;;;0;1;0;0;0;;;;1;1
58084;Rocca Canterano;8;0;0;0;0;;;;0;0;0;0;0;;;;0;0
58084;Rocca Canterano;9;0;0;0;0;;;;0;0;0;0;0;;;;0;0
58084;Rocca Canterano;10;0;0;0;0;;;;0;0;0;0;0;;;;0;0
58084;Rocca Canterano;11;0;0;0;0;;;;0;0;0;0;0;;;;0;0
58084;Rocca Canterano;12;0;0;0;0;;;;0;0;0;0;0;;;;0;0
58084;Rocca Canterano;13;0;0;0;0;;;;0;0;0;0;0;;;;0;0
58084;Rocca Canterano;14;0;0;0;0;;;;0;1;0;0;0;;;;1;1
58084;Rocca Canterano;15;0;0;0;0;;;;0;0;0;0;0;;;;0;0
58084;Rocca Canterano;16;1;0;0;0;;;;1;0;0;0;0;;;;0;1
58084;Rocca Canterano;17;0;0;0;0;;;;0;0;0;0;0;;;;0;0
58084;Rocca Canterano;18;0;0;0;0;;;;0;0;0;0;0;;;;0;0
58084;Rocca Canterano;19;0;0;0;0;;;;0;0;0;0;0;;;;0;0
58084;Rocca Canterano;20;0;0;0;0;;;;0;0;0;0;0;;;;0;0
58084;Rocca Canterano;21;0;0;0;0;;;;0;1;0;0;0;;;;1;1
58084;Rocca Canterano;22;0;0;0;0;;;;0;0;0;0;0;;;;0;0
58084;Rocca Canterano;23;0;0;0;0;;;;0;0;0;0;0;;;;0;0
58084;Rocca Canterano;24;1;0;0;0;;;;1;0;0;0;0;;;;0;1
58084;Rocca Canterano;25;0;0;0;0;;;;0;1;0;0;0;;;;1;1
58084;Rocca Canterano;26;1;0;0;0;;;;1;0;0;0;0;;;;0;1
58084;Rocca Canterano;27;0;0;0;0;;;;0;1;0;0;0;;;;1;1
58084;Rocca Canterano;28;2;0;0;0;;;;2;1;0;0;0;;;;1;3
58084;Rocca Canterano;29;2;0;0;0;;;;2;0;0;0;0;;;;0;2
58084;Rocca Canterano;30;0;0;0;0;;;;0;0;0;0;0;;;;0;0
58084;Rocca Canterano;31;1;0;0;0;;;;1;1;0;0;0;;;;1;2
58084;Rocca Canterano;32;1;0;0;0;;;;1;0;0;0;0;;;;0;1
58084;Rocca Canterano;33;1;0;0;0;;;;1;0;1;0;0;;;;1;2
58084;Rocca Canterano;34;0;0;0;0;;;;0;1;0;0;0;;;;1;1
58084;Rocca Canterano;35;2;0;0;0;;;;2;1;0;0;0;;;;1;3
58084;Rocca Canterano;36;2;1;0;0;;;;3;1;0;0;0;;;;1;4
58084;Rocca Canterano;37;0;1;0;0;;;;1;0;2;0;0;;;;2;3
58084;Rocca Canterano;38;2;0;0;0;;;;2;1;1;0;0;;;;2;4
58084;Rocca Canterano;39;1;0;0;0;;;;1;0;0;0;0;;;;0;1
58084;Rocca Canterano;40;0;0;0;0;;;;0;1;0;0;0;;;;1;1
58084;Rocca Canterano;41;0;0;0;0;;;;0;0;0;0;0;;;;0;0
58084;Rocca Canterano;42;1;0;0;0;;;;1;0;0;0;0;;;;0;1
58084;Rocca Canterano;43;1;0;1;0;;;;2;0;0;0;0;;;;0;2
58084;Rocca Canterano;44;0;1;0;0;;;;1;0;0;0;0;;;;0;1
58084;Rocca Canterano;45;0;0;0;0;;;;0;0;1;0;0;;;;1;1
58084;Rocca Canterano;46;0;1;0;0;;;;1;0;0;0;0;;;;0;1
58084;Rocca Canterano;47;1;1;0;0;;;;2;0;0;0;0;;;;0;2
58084;Rocca Canterano;48;0;1;0;0;;;;1;0;0;0;0;;;;0;1
58084;Rocca Canterano;49;2;0;0;0;;;;2;0;0;0;0;;;;0;2
58084;Rocca Canterano;50;0;1;0;0;;;;1;1;0;0;0;;;;1;2
58084;Rocca Canterano;51;2;1;0;0;;;;3;1;1;0;0;;;;2;5
58084;Rocca Canterano;52;0;0;0;0;;;;0;0;0;0;0;;;;0;0
58084;Rocca Canterano;53;1;0;0;0;;;;1;0;0;0;0;;;;0;1
58084;Rocca Canterano;54;0;1;0;0;;;;1;1;0;0;0;;;;1;2
58084;Rocca Canterano;55;1;0;0;0;;;;1;0;0;0;1;;;;1;2
58084;Rocca Canterano;56;1;0;0;0;;;;1;1;1;0;0;;;;2;3
58084;Rocca Canterano;57;2;3;0;0;;;;5;0;3;0;0;;;;3;8
58084;Rocca Canterano;58;0;0;0;1;;;;1;0;0;0;0;;;;0;1
58084;Rocca Canterano;59;1;2;0;0;;;;3;1;0;0;0;;;;1;4
58084;Rocca Canterano;60;1;2;1;0;;;;4;0;0;0;1;;;;1;5
58084;Rocca Canterano;61;0;1;0;0;;;;1;0;2;0;1;;;;3;4
58084;Rocca Canterano;62;0;0;0;0;;;;0;0;2;0;0;;;;2;2
58084;Rocca Canterano;63;1;0;0;0;;;;1;1;1;0;0;;;;2;3
58084;Rocca Canterano;64;0;1;1;0;;;;2;0;2;0;0;;;;2;4
58084;Rocca Canterano;65;0;0;0;0;;;;0;0;0;0;0;;;;0;0
58084;Rocca Canterano;66;1;1;0;0;;;;2;0;2;0;2;;;;4;6
58084;Rocca Canterano;67;0;0;1;0;;;;1;0;0;0;0;;;;0;1
58084;Rocca Canterano;68;2;2;0;1;;;;5;1;0;0;1;;;;2;7
58084;Rocca Canterano;69;0;3;0;0;;;;3;0;2;0;0;;;;2;5
58084;Rocca Canterano;70;1;1;0;0;;;;2;1;1;0;1;;;;3;5
58084;Rocca Canterano;71;0;0;0;0;;;;0;0;1;0;0;;;;1;1
58084;Rocca Canterano;72;0;0;0;0;;;;0;0;0;0;0;;;;0;0
58084;Rocca Canterano;73;1;3;0;0;;;;4;1;0;0;1;;;;2;6
58084;Rocca Canterano;74;1;2;1;0;;;;4;0;1;0;1;;;;2;6
58084;Rocca Canterano;75;2;3;0;0;;;;5;0;1;0;0;;;;1;6
58084;Rocca Canterano;76;1;2;0;0;;;;3;0;2;0;0;;;;2;5
58084;Rocca Canterano;77;0;2;0;0;;;;2;0;1;0;0;;;;1;3
58084;Rocca Canterano;78;0;1;0;0;;;;1;0;0;0;0;;;;0;1
58084;Rocca Canterano;79;0;0;0;0;;;;0;0;0;0;0;;;;0;0
58084;Rocca Canterano;80;0;1;0;0;;;;1;0;1;0;0;;;;1;2
58084;Rocca Canterano;81;0;0;0;0;;;;0;2;0;0;1;;;;3;3
58084;Rocca Canterano;82;0;0;0;0;;;;0;0;0;0;0;;;;0;0
58084;Rocca Canterano;83;1;1;0;1;;;;3;0;0;0;0;;;;0;3
58084;Rocca Canterano;84;0;0;0;0;;;;0;0;0;0;0;;;;0;0
58084;Rocca Canterano;85;0;0;0;0;;;;0;0;0;0;0;;;;0;0
58084;Rocca Canterano;86;0;0;0;0;;;;0;1;0;0;1;;;;2;2
58084;Rocca Canterano;87;0;1;0;0;;;;1;0;0;0;1;;;;1;2
58084;Rocca Canterano;88;0;0;0;0;;;;0;0;0;0;0;;;;0;0
58084;Rocca Canterano;89;0;0;0;0;;;;0;0;0;0;0;;;;0;0
58084;Rocca Canterano;90;0;0;0;0;;;;0;0;0;0;0;;;;0;0
58084;Rocca Canterano;91;0;0;0;0;;;;0;0;0;0;0;;;;0;0
58084;Rocca Canterano;92;0;0;0;0;;;;0;0;0;0;1;;;;1;1
58084;Rocca Canterano;93;0;0;0;0;;;;0;0;0;0;0;;;;0;0
58084;Rocca Canterano;94;0;0;0;0;;;;0;0;0;0;0;;;;0;0
58084;Rocca Canterano;95;0;0;0;0;;;;0;0;0;0;0;;;;0;0
58084;Rocca Canterano;96;0;0;0;0;;;;0;0;0;0;0;;;;0;0
58084;Rocca Canterano;97;0;0;0;0;;;;0;0;0;0;0;;;;0;0
58084;Rocca Canterano;98;0;0;0;0;;;;0;0;0;0;0;;;;0;0
58084;Rocca Canterano;99;0;0;0;0;;;;0;0;0;0;1;;;;1;1
58084;Rocca Canterano;100;0;0;0;0;;;;0;0;0;0;1;;;;1;1
58084;Rocca Canterano;999;45;41;5;3;;;;94;32;29;0;15;;;;76;170
58085;Rocca di Cave;0;1;0;0;0;;;;1;5;0;0;0;;;;5;6
58085;Rocca di Cave;1;5;0;0;0;;;;5;0;0;0;0;;;;0;5
58085;Rocca di Cave;2;0;0;0;0;;;;0;1;0;0;0;;;;1;1
58085;Rocca di Cave;3;0;0;0;0;;;;0;4;0;0;0;;;;4;4
58085;Rocca di Cave;4;1;0;0;0;;;;1;2;0;0;0;;;;2;3
58085;Rocca di Cave;5;0;0;0;0;;;;0;0;0;0;0;;;;0;0
58085;Rocca di Cave;6;3;0;0;0;;;;3;2;0;0;0;;;;2;5
58085;Rocca di Cave;7;0;0;0;0;;;;0;1;0;0;0;;;;1;1
58085;Rocca di Cave;8;1;0;0;0;;;;1;2;0;0;0;;;;2;3
58085;Rocca di Cave;9;0;0;0;0;;;;0;2;0;0;0;;;;2;2
58085;Rocca di Cave;10;1;0;0;0;;;;1;1;0;0;0;;;;1;2
58085;Rocca di Cave;11;1;0;0;0;;;;1;1;0;0;0;;;;1;2
58085;Rocca di Cave;12;3;0;0;0;;;;3;2;0;0;0;;;;2;5
58085;Rocca di Cave;13;0;0;0;0;;;;0;3;0;0;0;;;;3;3
58085;Rocca di Cave;14;1;0;0;0;;;;1;3;0;0;0;;;;3;4
58085;Rocca di Cave;15;2;0;0;0;;;;2;2;0;0;0;;;;2;4
58085;Rocca di Cave;16;0;0;0;0;;;;0;3;0;0;0;;;;3;3
58085;Rocca di Cave;17;2;0;0;0;;;;2;3;0;0;0;;;;3;5
58085;Rocca di Cave;18;0;0;0;0;;;;0;1;0;0;0;;;;1;1
58085;Rocca di Cave;19;1;0;0;0;;;;1;4;0;0;0;;;;4;5
58085;Rocca di Cave;20;1;0;0;0;;;;1;0;0;0;0;;;;0;1
58085;Rocca di Cave;21;1;0;0;0;;;;1;3;0;0;0;;;;3;4
58085;Rocca di Cave;22;1;0;0;0;;;;1;0;0;0;0;;;;0;1
58085;Rocca di Cave;23;2;0;0;0;;;;2;0;0;0;0;;;;0;2
58085;Rocca di Cave;24;1;0;0;0;;;;1;1;0;0;0;;;;1;2
58085;Rocca di Cave;25;3;0;0;0;;;;3;0;0;0;0;;;;0;3
58085;Rocca di Cave;26;2;0;0;0;;;;2;1;0;0;0;;;;1;3
58085;Rocca di Cave;27;1;0;0;0;;;;1;0;0;0;0;;;;0;1
58085;Rocca di Cave;28;3;0;0;0;;;;3;3;1;0;0;;;;4;7
58085;Rocca di Cave;29;1;0;0;0;;;;1;4;0;0;0;;;;4;5
58085;Rocca di Cave;30;1;1;0;0;;;;2;0;1;0;0;;;;1;3
58085;Rocca di Cave;31;2;0;0;0;;;;2;1;0;0;0;;;;1;3
58085;Rocca di Cave;32;1;0;0;0;;;;1;1;1;0;0;;;;2;3
58085;Rocca di Cave;33;0;0;0;0;;;;0;0;1;1;0;;;;2;2
58085;Rocca di Cave;34;1;1;0;0;;;;2;0;1;0;0;;;;1;3
58085;Rocca di Cave;35;1;0;0;0;;;;1;1;2;0;0;;;;3;4
58085;Rocca di Cave;36;2;0;0;0;;;;2;1;1;0;0;;;;2;4
58085;Rocca di Cave;37;2;1;0;0;;;;3;1;0;0;0;;;;1;4
58085;Rocca di Cave;38;1;0;0;0;;;;1;1;0;0;0;;;;1;2
58085;Rocca di Cave;39;1;2;0;0;;;;3;1;2;0;0;;;;3;6
58085;Rocca di Cave;40;2;1;0;0;;;;3;1;0;0;0;;;;1;4
58085;Rocca di Cave;41;5;1;0;0;;;;6;2;2;0;0;;;;4;10
58085;Rocca di Cave;42;2;2;0;0;;;;4;0;0;0;0;;;;0;4
58085;Rocca di Cave;43;0;0;0;0;;;;0;0;1;1;0;;;;2;2
58085;Rocca di Cave;44;0;2;0;0;;;;2;1;1;0;0;;;;2;4
58085;Rocca di Cave;45;1;1;0;0;;;;2;0;2;0;0;;;;2;4
58085;Rocca di Cave;46;0;4;0;0;;;;4;1;0;0;0;;;;1;5
58085;Rocca di Cave;47;1;1;0;0;;;;2;1;3;0;0;;;;4;6
58085;Rocca di Cave;48;0;3;0;0;;;;3;0;1;0;0;;;;1;4
58085;Rocca di Cave;49;4;2;0;0;;;;6;1;2;0;0;;;;3;9
58085;Rocca di Cave;50;2;0;0;0;;;;2;1;0;0;0;;;;1;3
58085;Rocca di Cave;51;1;2;0;0;;;;3;0;3;0;0;;;;3;6
58085;Rocca di Cave;52;1;2;0;0;;;;3;0;2;0;0;;;;2;5
58085;Rocca di Cave;53;1;3;0;0;;;;4;0;3;0;0;;;;3;7
58085;Rocca di Cave;54;1;3;0;0;;;;4;0;1;0;0;;;;1;5
58085;Rocca di Cave;55;1;2;0;0;;;;3;1;2;0;0;;;;3;6
58085;Rocca di Cave;56;1;1;0;0;;;;2;0;3;0;0;;;;3;5
58085;Rocca di Cave;57;2;1;0;0;;;;3;1;2;0;0;;;;3;6
58085;Rocca di Cave;58;1;3;0;0;;;;4;1;1;0;1;;;;3;7
58085;Rocca di Cave;59;1;2;1;0;;;;4;0;1;0;0;;;;1;5
58085;Rocca di Cave;60;1;2;0;0;;;;3;1;0;0;0;;;;1;4
58085;Rocca di Cave;61;2;4;0;0;;;;6;1;1;0;0;;;;2;8
58085;Rocca di Cave;62;3;5;0;0;;;;8;3;1;0;0;;;;4;12
58085;Rocca di Cave;63;2;3;0;0;;;;5;1;2;0;0;;;;3;8
58085;Rocca di Cave;64;0;1;0;0;;;;1;2;4;0;0;;;;6;7
58085;Rocca di Cave;65;1;2;0;0;;;;3;2;0;0;0;;;;2;5
58085;Rocca di Cave;66;1;0;0;0;;;;1;0;1;0;1;;;;2;3
58085;Rocca di Cave;67;1;0;0;0;;;;1;0;1;0;1;;;;2;3
58085;Rocca di Cave;68;0;0;0;0;;;;0;0;1;0;0;;;;1;1
58085;Rocca di Cave;69;0;4;0;0;;;;4;0;3;0;1;;;;4;8
58085;Rocca di Cave;70;1;1;0;0;;;;2;0;2;0;1;;;;3;5
58085;Rocca di Cave;71;0;1;0;0;;;;1;0;1;0;0;;;;1;2
58085;Rocca di Cave;72;1;1;0;0;;;;2;0;1;0;1;;;;2;4
58085;Rocca di Cave;73;1;5;0;0;;;;6;1;1;0;2;;;;4;10
58085;Rocca di Cave;74;1;0;0;0;;;;1;0;0;0;0;;;;0;1
58085;Rocca di Cave;75;0;1;0;0;;;;1;0;1;0;3;;;;4;5
58085;Rocca di Cave;76;0;1;0;0;;;;1;0;1;0;1;;;;2;3
58085;Rocca di Cave;77;1;2;0;0;;;;3;0;0;0;1;;;;1;4
58085;Rocca di Cave;78;1;1;0;0;;;;2;1;1;0;0;;;;2;4
58085;Rocca di Cave;79;0;0;0;0;;;;0;0;0;0;1;;;;1;1
58085;Rocca di Cave;80;0;1;0;0;;;;1;0;2;0;1;;;;3;4
58085;Rocca di Cave;81;0;2;0;0;;;;2;0;0;0;1;;;;1;3
58085;Rocca di Cave;82;1;0;0;0;;;;1;0;0;0;4;;;;4;5
58085;Rocca di Cave;83;1;0;0;0;;;;1;0;2;0;1;;;;3;4
58085;Rocca di Cave;84;0;1;0;0;;;;1;1;0;0;0;;;;1;2
58085;Rocca di Cave;85;2;2;0;0;;;;4;0;0;0;0;;;;0;4
58085;Rocca di Cave;86;0;2;0;0;;;;2;0;2;0;0;;;;2;4
58085;Rocca di Cave;87;0;0;0;0;;;;0;0;2;0;2;;;;4;4
58085;Rocca di Cave;88;1;0;0;0;;;;1;0;0;0;0;;;;0;1
58085;Rocca di Cave;89;0;0;0;1;;;;1;0;0;0;1;;;;1;2
58085;Rocca di Cave;90;0;1;0;0;;;;1;0;0;0;1;;;;1;2
58085;Rocca di Cave;91;0;0;0;0;;;;0;0;0;0;0;;;;0;0
58085;Rocca di Cave;92;0;0;0;1;;;;1;0;0;0;1;;;;1;2
58085;Rocca di Cave;93;0;0;0;0;;;;0;1;0;0;0;;;;1;1
58085;Rocca di Cave;94;0;1;0;0;;;;1;0;0;0;0;;;;0;1
58085;Rocca di Cave;95;0;0;0;0;;;;0;0;0;0;0;;;;0;0
58085;Rocca di Cave;96;0;0;0;0;;;;0;0;0;0;0;;;;0;0
58085;Rocca di Cave;97;0;0;0;0;;;;0;0;0;0;0;;;;0;0
58085;Rocca di Cave;98;0;0;0;0;;;;0;0;0;0;0;;;;0;0
58085;Rocca di Cave;99;0;0;0;0;;;;0;0;0;0;0;;;;0;0
58085;Rocca di Cave;100;0;0;0;0;;;;0;0;0;0;0;;;;0;0
58085;Rocca di Cave;999;99;85;1;2;;;;187;86;70;2;26;;;;184;371
58086;Rocca di Papa;0;42;0;0;0;;;;42;41;0;0;0;;;;41;83
58086;Rocca di Papa;1;57;0;0;0;;;;57;47;0;0;0;;;;47;104
58086;Rocca di Papa;2;65;0;0;0;;;;65;80;0;0;0;;;;80;145
58086;Rocca di Papa;3;60;0;0;0;;;;60;42;0;0;0;;;;42;102
58086;Rocca di Papa;4;70;0;0;0;;;;70;74;0;0;0;;;;74;144
58086;Rocca di Papa;5;88;0;0;0;;;;88;70;0;0;0;;;;70;158
58086;Rocca di Papa;6;65;0;0;0;;;;65;71;0;0;0;;;;71;136
58086;Rocca di Papa;7;70;0;0;0;;;;70;73;0;0;0;;;;73;143
58086;Rocca di Papa;8;82;0;0;0;;;;82;82;0;0;0;;;;82;164
58086;Rocca di Papa;9;86;0;0;0;;;;86;70;0;0;0;;;;70;156
58086;Rocca di Papa;10;84;0;0;0;;;;84;74;0;0;0;;;;74;158
58086;Rocca di Papa;11;100;0;0;0;;;;100;93;0;0;0;;;;93;193
58086;Rocca di Papa;12;93;0;0;0;;;;93;82;0;0;0;;;;82;175
58086;Rocca di Papa;13;95;0;0;0;;;;95;93;0;0;0;;;;93;188
58086;Rocca di Papa;14;123;0;0;0;;;;123;85;0;0;0;;;;85;208
58086;Rocca di Papa;15;89;0;0;0;;;;89;85;0;0;0;;;;85;174
58086;Rocca di Papa;16;104;0;0;0;;;;104;94;0;0;0;;;;94;198
58086;Rocca di Papa;17;125;0;0;0;;;;125;94;0;0;0;;;;94;219
58086;Rocca di Papa;18;111;0;0;0;;;;111;89;0;0;0;;;;89;200
58086;Rocca di Papa;19;128;0;0;0;;;;128;104;0;0;0;;;;104;232
58086;Rocca di Papa;20;133;0;0;0;;;;133;83;1;0;0;;;;84;217
58086;Rocca di Papa;21;133;0;0;0;;;;133;88;0;0;0;;;;88;221
58086;Rocca di Papa;22;109;0;0;0;;;;109;100;0;0;0;;;;100;209
58086;Rocca di Papa;23;124;0;0;0;;;;124;88;2;0;0;;;;90;214
58086;Rocca di Papa;24;139;1;0;0;;;;140;79;1;0;0;;;;80;220
58086;Rocca di Papa;25;148;0;0;0;;;;148;82;1;1;0;;;;84;232
58086;Rocca di Papa;26;134;3;0;0;;;;137;83;3;0;0;;;;86;223
58086;Rocca di Papa;27;104;1;0;0;;;;105;74;8;0;0;;;;82;187
58086;Rocca di Papa;28;102;7;0;0;;;;109;82;8;1;0;;;;91;200
58086;Rocca di Papa;29;101;4;0;0;;;;105;69;14;0;0;;;;83;188
58086;Rocca di Papa;30;83;9;0;0;;;;92;70;20;1;0;;;;91;183
58086;Rocca di Papa;31;91;13;0;0;;;;104;60;13;0;0;;;;73;177
58086;Rocca di Papa;32;113;5;1;0;;;;119;59;24;0;0;;;;83;202
58086;Rocca di Papa;33;83;16;1;0;;;;100;56;24;0;0;;;;80;180
58086;Rocca di Papa;34;105;25;0;0;;;;130;48;43;3;0;;;;94;224
58086;Rocca di Papa;35;95;14;2;0;;;;111;56;43;1;0;;;;100;211
58086;Rocca di Papa;36;74;40;0;1;;;;115;50;39;1;1;;;;91;206
58086;Rocca di Papa;37;64;55;0;0;;;;119;49;52;2;0;;;;103;222
58086;Rocca di Papa;38;56;44;2;0;;;;102;30;42;4;0;;;;76;178
58086;Rocca di Papa;39;73;56;0;0;;;;129;46;56;6;0;;;;108;237
58086;Rocca di Papa;40;62;54;7;0;;;;123;45;61;1;0;;;;107;230
58086;Rocca di Papa;41;67;59;2;0;;;;128;30;77;5;0;;;;112;240
58086;Rocca di Papa;42;59;64;0;1;;;;124;35;71;8;0;;;;114;238
58086;Rocca di Papa;43;69;63;5;0;;;;137;38;97;3;0;;;;138;275
58086;Rocca di Papa;44;52;72;1;0;;;;125;31;74;7;1;;;;113;238
58086;Rocca di Papa;45;50;75;4;1;;;;130;50;71;8;1;;;;130;260
58086;Rocca di Papa;46;56;78;7;0;;;;141;25;85;8;0;;;;118;259
58086;Rocca di Papa;47;37;84;5;1;;;;127;33;100;8;1;;;;142;269
58086;Rocca di Papa;48;52;96;7;0;;;;155;34;75;7;1;;;;117;272
58086;Rocca di Papa;49;50;90;9;1;;;;150;21;97;15;1;;;;134;284
58086;Rocca di Papa;50;56;88;5;0;;;;149;32;118;16;3;;;;169;318
58086;Rocca di Papa;51;54;85;14;0;;;;153;28;114;15;4;;;;161;314
58086;Rocca di Papa;52;47;97;5;3;;;;152;28;107;9;3;;;;147;299
58086;Rocca di Papa;53;29;116;6;1;;;;152;25;114;7;6;;;;152;304
58086;Rocca di Papa;54;29;105;8;1;;;;143;21;104;10;3;;;;138;281
58086;Rocca di Papa;55;18;111;7;4;;;;140;19;128;11;2;;;;160;300
58086;Rocca di Papa;56;23;119;17;1;;;;160;19;102;7;10;;;;138;298
58086;Rocca di Papa;57;24;114;16;0;;;;154;17;116;18;4;;;;155;309
58086;Rocca di Papa;58;29;106;11;3;;;;149;11;105;13;9;;;;138;287
58086;Rocca di Papa;59;28;99;15;2;;;;144;25;108;9;8;;;;150;294
58086;Rocca di Papa;60;29;112;10;2;;;;153;16;105;6;9;;;;136;289
58086;Rocca di Papa;61;19;86;9;7;;;;121;23;108;23;7;;;;161;282
58086;Rocca di Papa;62;14;103;5;2;;;;124;7;99;12;11;;;;129;253
58086;Rocca di Papa;63;17;102;11;2;;;;132;9;85;10;14;;;;118;250
58086;Rocca di Papa;64;14;90;14;5;;;;123;14;100;10;19;;;;143;266
58086;Rocca di Papa;65;15;86;8;2;;;;111;5;90;7;15;;;;117;228
58086;Rocca di Papa;66;4;88;9;6;;;;107;7;91;5;13;;;;116;223
58086;Rocca di Papa;67;8;87;5;1;;;;101;11;83;6;11;;;;111;212
58086;Rocca di Papa;68;12;84;7;1;;;;104;10;88;12;17;;;;127;231
58086;Rocca di Papa;69;13;87;5;6;;;;111;9;80;5;19;;;;113;224
58086;Rocca di Papa;70;11;88;5;6;;;;110;7;62;4;13;;;;86;196
58086;Rocca di Papa;71;12;79;8;9;;;;108;9;64;7;19;;;;99;207
58086;Rocca di Papa;72;8;83;3;6;;;;100;6;51;4;16;;;;77;177
58086;Rocca di Papa;73;8;66;2;6;;;;82;8;55;2;14;;;;79;161
58086;Rocca di Papa;74;5;64;4;4;;;;77;6;57;3;27;;;;93;170
58086;Rocca di Papa;75;9;55;4;2;;;;70;4;34;4;20;;;;62;132
58086;Rocca di Papa;76;2;72;2;5;;;;81;6;44;5;16;;;;71;152
58086;Rocca di Papa;77;6;58;3;9;;;;76;7;49;2;27;;;;85;161
58086;Rocca di Papa;78;7;43;0;5;;;;55;2;43;4;25;;;;74;129
58086;Rocca di Papa;79;5;49;0;2;;;;56;6;31;3;20;;;;60;116
58086;Rocca di Papa;80;5;38;1;9;;;;53;4;25;0;19;;;;48;101
58086;Rocca di Papa;81;2;33;0;4;;;;39;4;14;1;23;;;;42;81
58086;Rocca di Papa;82;3;35;1;6;;;;45;2;15;0;11;;;;28;73
58086;Rocca di Papa;83;0;17;1;4;;;;22;3;16;1;32;;;;52;74
58086;Rocca di Papa;84;5;20;1;4;;;;30;5;21;2;22;;;;50;80
58086;Rocca di Papa;85;2;23;0;9;;;;34;2;13;0;35;;;;50;84
58086;Rocca di Papa;86;2;16;1;4;;;;23;4;14;0;19;;;;37;60
58086;Rocca di Papa;87;1;16;1;6;;;;24;1;5;2;21;;;;29;53
58086;Rocca di Papa;88;1;21;1;3;;;;26;1;3;1;20;;;;25;51
58086;Rocca di Papa;89;0;12;0;5;;;;17;2;4;0;15;;;;21;38
58086;Rocca di Papa;90;0;7;1;3;;;;11;1;5;0;16;;;;22;33
58086;Rocca di Papa;91;2;10;0;1;;;;13;1;1;1;4;;;;7;20
58086;Rocca di Papa;92;1;4;0;3;;;;8;0;2;0;6;;;;8;16
58086;Rocca di Papa;93;0;5;0;3;;;;8;0;1;0;10;;;;11;19
58086;Rocca di Papa;94;0;1;0;3;;;;4;0;0;0;7;;;;7;11
58086;Rocca di Papa;95;0;1;0;0;;;;1;0;0;0;4;;;;4;5
58086;Rocca di Papa;96;0;0;0;1;;;;1;0;0;0;4;;;;4;5
58086;Rocca di Papa;97;0;0;0;2;;;;2;1;0;0;0;;;;1;3
58086;Rocca di Papa;98;0;0;0;1;;;;1;0;0;0;0;;;;0;1
58086;Rocca di Papa;99;0;0;0;0;;;;0;0;0;0;0;;;;0;0
58086;Rocca di Papa;100;0;0;0;0;;;;0;1;1;0;4;;;;6;6
58086;Rocca di Papa;999;4934;3909;279;179;;;;9301;3666;3877;347;662;;;;8552;17853
58087;Roccagiovine;0;1;0;0;0;;;;1;0;0;0;0;;;;0;1
58087;Roccagiovine;1;0;0;0;0;;;;0;0;0;0;0;;;;0;0
58087;Roccagiovine;2;2;0;0;0;;;;2;1;0;0;0;;;;1;3
58087;Roccagiovine;3;1;0;0;0;;;;1;0;0;0;0;;;;0;1
58087;Roccagiovine;4;1;0;0;0;;;;1;0;0;0;0;;;;0;1
58087;Roccagiovine;5;0;0;0;0;;;;0;1;0;0;0;;;;1;1
58087;Roccagiovine;6;0;0;0;0;;;;0;1;0;0;0;;;;1;1
58087;Roccagiovine;7;0;0;0;0;;;;0;3;0;0;0;;;;3;3
58087;Roccagiovine;8;0;0;0;0;;;;0;1;0;0;0;;;;1;1
58087;Roccagiovine;9;0;0;0;0;;;;0;0;0;0;0;;;;0;0
58087;Roccagiovine;10;0;0;0;0;;;;0;1;0;0;0;;;;1;1
58087;Roccagiovine;11;3;0;0;0;;;;3;0;0;0;0;;;;0;3
58087;Roccagiovine;12;2;0;0;0;;;;2;4;0;0;0;;;;4;6
58087;Roccagiovine;13;0;0;0;0;;;;0;0;0;0;0;;;;0;0
58087;Roccagiovine;14;1;0;0;0;;;;1;2;0;0;0;;;;2;3
58087;Roccagiovine;15;0;0;0;0;;;;0;0;0;0;0;;;;0;0
58087;Roccagiovine;16;0;0;0;0;;;;0;1;0;0;0;;;;1;1
58087;Roccagiovine;17;0;0;0;0;;;;0;1;0;0;0;;;;1;1
58087;Roccagiovine;18;0;0;0;0;;;;0;1;0;0;0;;;;1;1
58087;Roccagiovine;19;0;0;0;0;;;;0;0;0;0;0;;;;0;0
58087;Roccagiovine;20;1;0;0;0;;;;1;0;0;0;0;;;;0;1
58087;Roccagiovine;21;1;0;0;0;;;;1;0;0;0;0;;;;0;1
58087;Roccagiovine;22;0;0;0;0;;;;0;0;0;0;0;;;;0;0
58087;Roccagiovine;23;3;0;0;0;;;;3;2;0;0;0;;;;2;5
58087;Roccagiovine;24;2;0;0;0;;;;2;1;0;0;0;;;;1;3
58087;Roccagiovine;25;0;0;0;0;;;;0;1;0;0;0;;;;1;1
58087;Roccagiovine;26;0;0;0;0;;;;0;3;0;0;0;;;;3;3
58087;Roccagiovine;27;1;0;0;0;;;;1;2;0;0;0;;;;2;3
58087;Roccagiovine;28;0;0;0;0;;;;0;0;1;0;0;;;;1;1
58087;Roccagiovine;29;1;1;0;0;;;;2;1;0;0;0;;;;1;3
58087;Roccagiovine;30;0;0;0;0;;;;0;0;0;0;0;;;;0;0
58087;Roccagiovine;31;3;0;0;0;;;;3;1;0;0;0;;;;1;4
58087;Roccagiovine;32;0;0;0;0;;;;0;0;0;0;0;;;;0;0
58087;Roccagiovine;33;2;0;0;0;;;;2;1;0;0;0;;;;1;3
58087;Roccagiovine;34;1;0;0;0;;;;1;0;0;0;0;;;;0;1
58087;Roccagiovine;35;0;1;0;0;;;;1;1;0;0;0;;;;1;2
58087;Roccagiovine;36;0;0;0;0;;;;0;0;1;0;0;;;;1;1
58087;Roccagiovine;37;0;0;0;0;;;;0;0;0;0;0;;;;0;0
58087;Roccagiovine;38;0;0;0;0;;;;0;0;2;0;0;;;;2;2
58087;Roccagiovine;39;1;0;0;0;;;;1;0;1;0;0;;;;1;2
58087;Roccagiovine;40;1;2;0;0;;;;3;0;2;0;0;;;;2;5
58087;Roccagiovine;41;4;0;0;0;;;;4;0;1;0;0;;;;1;5
58087;Roccagiovine;42;1;2;0;0;;;;3;1;1;0;0;;;;2;5
58087;Roccagiovine;43;0;0;0;0;;;;0;1;1;0;0;;;;2;2
58087;Roccagiovine;44;3;0;0;0;;;;3;0;0;0;0;;;;0;3
58087;Roccagiovine;45;1;2;0;0;;;;3;0;1;0;0;;;;1;4
58087;Roccagiovine;46;0;1;0;0;;;;1;0;1;0;0;;;;1;2
58087;Roccagiovine;47;1;0;1;0;;;;2;1;0;0;0;;;;1;3
58087;Roccagiovine;48;0;0;1;0;;;;1;0;1;0;0;;;;1;2
58087;Roccagiovine;49;1;2;0;0;;;;3;0;4;0;0;;;;4;7
58087;Roccagiovine;50;0;2;0;0;;;;2;1;1;0;0;;;;2;4
58087;Roccagiovine;51;0;4;0;0;;;;4;1;1;0;0;;;;2;6
58087;Roccagiovine;52;0;2;0;0;;;;2;2;0;0;0;;;;2;4
58087;Roccagiovine;53;1;0;0;0;;;;1;0;1;0;0;;;;1;2
58087;Roccagiovine;54;0;2;0;0;;;;2;0;1;1;0;;;;2;4
58087;Roccagiovine;55;0;1;0;0;;;;1;0;1;0;0;;;;1;2
58087;Roccagiovine;56;0;0;1;0;;;;1;0;1;0;0;;;;1;2
58087;Roccagiovine;57;0;0;2;0;;;;2;0;2;0;0;;;;2;4
58087;Roccagiovine;58;0;3;0;0;;;;3;0;2;0;0;;;;2;5
58087;Roccagiovine;59;0;0;0;0;;;;0;0;0;0;0;;;;0;0
58087;Roccagiovine;60;0;0;0;0;;;;0;0;1;0;0;;;;1;1
58087;Roccagiovine;61;0;2;0;0;;;;2;0;1;0;0;;;;1;3
58087;Roccagiovine;62;0;0;0;0;;;;0;0;0;0;0;;;;0;0
58087;Roccagiovine;63;0;0;0;0;;;;0;0;2;0;1;;;;3;3
58087;Roccagiovine;64;0;3;1;0;;;;4;0;3;0;2;;;;5;9
58087;Roccagiovine;65;0;1;0;0;;;;1;1;6;0;0;;;;7;8
58087;Roccagiovine;66;0;1;1;0;;;;2;0;2;0;0;;;;2;4
58087;Roccagiovine;67;0;6;1;0;;;;7;0;2;0;0;;;;2;9
58087;Roccagiovine;68;0;2;0;0;;;;2;1;1;0;0;;;;2;4
58087;Roccagiovine;69;0;2;2;0;;;;4;0;1;0;0;;;;1;5
58087;Roccagiovine;70;1;1;0;0;;;;2;0;0;0;0;;;;0;2
58087;Roccagiovine;71;0;0;0;0;;;;0;0;0;0;0;;;;0;0
58087;Roccagiovine;72;0;1;0;0;;;;1;0;2;0;0;;;;2;3
58087;Roccagiovine;73;1;4;0;1;;;;6;0;2;0;0;;;;2;8
58087;Roccagiovine;74;1;2;0;0;;;;3;0;3;0;1;;;;4;7
58087;Roccagiovine;75;0;2;0;0;;;;2;0;0;0;3;;;;3;5
58087;Roccagiovine;76;0;2;1;0;;;;3;0;0;0;0;;;;0;3
58087;Roccagiovine;77;0;0;0;0;;;;0;0;2;0;0;;;;2;2
58087;Roccagiovine;78;0;4;0;0;;;;4;0;2;0;0;;;;2;6
58087;Roccagiovine;79;0;1;0;1;;;;2;0;0;0;0;;;;0;2
58087;Roccagiovine;80;0;1;0;0;;;;1;0;1;0;0;;;;1;2
58087;Roccagiovine;81;0;3;0;0;;;;3;0;0;0;0;;;;0;3
58087;Roccagiovine;82;0;0;0;0;;;;0;0;1;0;0;;;;1;1
58087;Roccagiovine;83;0;3;0;0;;;;3;0;0;0;1;;;;1;4
58087;Roccagiovine;84;0;1;0;0;;;;1;0;1;0;0;;;;1;2
58087;Roccagiovine;85;0;1;0;0;;;;1;0;1;0;0;;;;1;2
58087;Roccagiovine;86;0;1;0;0;;;;1;0;0;0;0;;;;0;1
58087;Roccagiovine;87;0;0;0;0;;;;0;0;0;0;4;;;;4;4
58087;Roccagiovine;88;0;0;0;0;;;;0;0;0;0;0;;;;0;0
58087;Roccagiovine;89;0;1;0;1;;;;2;0;0;0;1;;;;1;3
58087;Roccagiovine;90;0;0;0;0;;;;0;0;0;0;1;;;;1;1
58087;Roccagiovine;91;0;0;0;0;;;;0;0;0;0;1;;;;1;1
58087;Roccagiovine;92;0;0;0;0;;;;0;0;0;0;0;;;;0;0
58087;Roccagiovine;93;0;0;0;0;;;;0;1;0;0;0;;;;1;1
58087;Roccagiovine;94;0;0;0;1;;;;1;0;0;0;0;;;;0;1
58087;Roccagiovine;95;0;0;0;0;;;;0;0;0;0;1;;;;1;1
58087;Roccagiovine;96;0;0;0;0;;;;0;0;0;0;0;;;;0;0
58087;Roccagiovine;97;0;0;0;0;;;;0;0;0;0;1;;;;1;1
58087;Roccagiovine;98;0;0;0;0;;;;0;0;0;0;0;;;;0;0
58087;Roccagiovine;99;0;0;0;0;;;;0;0;0;0;0;;;;0;0
58087;Roccagiovine;100;0;0;0;0;;;;0;0;0;0;0;;;;0;0
58087;Roccagiovine;999;43;70;11;4;;;;128;40;61;1;17;;;;119;247
58088;Rocca Priora;0;27;0;0;0;;;;27;38;0;0;0;;;;38;65
58088;Rocca Priora;1;47;0;0;0;;;;47;30;0;0;0;;;;30;77
58088;Rocca Priora;2;31;0;0;0;;;;31;52;0;0;0;;;;52;83
58088;Rocca Priora;3;47;0;0;0;;;;47;45;0;0;0;;;;45;92
58088;Rocca Priora;4;56;0;0;0;;;;56;32;0;0;0;;;;32;88
58088;Rocca Priora;5;42;0;0;0;;;;42;58;0;0;0;;;;58;100
58088;Rocca Priora;6;38;0;0;0;;;;38;47;0;0;0;;;;47;85
58088;Rocca Priora;7;46;0;0;0;;;;46;47;0;0;0;;;;47;93
58088;Rocca Priora;8;57;0;0;0;;;;57;52;0;0;0;;;;52;109
58088;Rocca Priora;9;48;0;0;0;;;;48;52;0;0;0;;;;52;100
58088;Rocca Priora;10;48;0;0;0;;;;48;64;0;0;0;;;;64;112
58088;Rocca Priora;11;55;0;0;0;;;;55;48;0;0;0;;;;48;103
58088;Rocca Priora;12;78;0;0;0;;;;78;63;0;0;0;;;;63;141
58088;Rocca Priora;13;55;0;0;0;;;;55;58;0;0;0;;;;58;113
58088;Rocca Priora;14;64;0;0;0;;;;64;74;0;0;0;;;;74;138
58088;Rocca Priora;15;52;0;0;0;;;;52;58;0;0;0;;;;58;110
58088;Rocca Priora;16;61;0;0;0;;;;61;78;0;0;0;;;;78;139
58088;Rocca Priora;17;80;0;0;0;;;;80;68;0;0;0;;;;68;148
58088;Rocca Priora;18;81;0;0;0;;;;81;65;0;0;0;;;;65;146
58088;Rocca Priora;19;66;0;0;0;;;;66;52;0;0;0;;;;52;118
58088;Rocca Priora;20;65;0;0;0;;;;65;52;1;0;0;;;;53;118
58088;Rocca Priora;21;68;0;0;0;;;;68;49;0;0;0;;;;49;117
58088;Rocca Priora;22;57;1;0;0;;;;58;50;0;0;0;;;;50;108
58088;Rocca Priora;23;68;1;0;0;;;;69;43;3;0;0;;;;46;115
58088;Rocca Priora;24;63;0;0;0;;;;63;62;0;0;0;;;;62;125
58088;Rocca Priora;25;60;1;0;0;;;;61;60;1;0;0;;;;61;122
58088;Rocca Priora;26;56;4;0;0;;;;60;48;5;0;0;;;;53;113
58088;Rocca Priora;27;71;2;0;0;;;;73;58;5;0;0;;;;63;136
58088;Rocca Priora;28;40;0;0;0;;;;40;69;4;0;0;;;;73;113
58088;Rocca Priora;29;56;3;0;0;;;;59;45;10;0;0;;;;55;114
58088;Rocca Priora;30;59;7;1;0;;;;67;46;11;0;0;;;;57;124
58088;Rocca Priora;31;55;8;0;0;;;;63;64;10;0;0;;;;74;137
58088;Rocca Priora;32;67;9;0;0;;;;76;32;11;0;0;;;;43;119
58088;Rocca Priora;33;39;10;0;0;;;;49;57;19;2;0;;;;78;127
58088;Rocca Priora;34;72;15;0;0;;;;87;37;21;1;0;;;;59;146
58088;Rocca Priora;35;53;23;1;0;;;;77;28;33;1;0;;;;62;139
58088;Rocca Priora;36;44;16;1;0;;;;61;28;34;2;0;;;;64;125
58088;Rocca Priora;37;44;21;0;0;;;;65;36;32;2;0;;;;70;135
58088;Rocca Priora;38;43;24;1;0;;;;68;22;30;0;0;;;;52;120
58088;Rocca Priora;39;42;36;3;0;;;;81;29;37;4;0;;;;70;151
58088;Rocca Priora;40;45;36;2;0;;;;83;29;37;6;0;;;;72;155
58088;Rocca Priora;41;32;34;3;0;;;;69;23;35;2;0;;;;60;129
58088;Rocca Priora;42;44;42;4;0;;;;90;33;50;4;0;;;;87;177
58088;Rocca Priora;43;48;39;0;0;;;;87;26;47;4;0;;;;77;164
58088;Rocca Priora;44;41;40;0;1;;;;82;29;46;2;1;;;;78;160
58088;Rocca Priora;45;45;48;4;0;;;;97;32;60;4;1;;;;97;194
58088;Rocca Priora;46;32;49;2;1;;;;84;20;57;7;2;;;;86;170
58088;Rocca Priora;47;27;56;5;2;;;;90;23;65;6;4;;;;98;188
58088;Rocca Priora;48;25;58;5;1;;;;89;27;65;4;1;;;;97;186
58088;Rocca Priora;49;34;57;4;0;;;;95;21;69;12;0;;;;102;197
58088;Rocca Priora;50;32;49;8;0;;;;89;23;70;7;4;;;;104;193
58088;Rocca Priora;51;27;67;8;1;;;;103;18;62;7;2;;;;89;192
58088;Rocca Priora;52;27;68;7;1;;;;103;18;65;8;2;;;;93;196
58088;Rocca Priora;53;14;60;6;0;;;;80;15;69;6;1;;;;91;171
58088;Rocca Priora;54;29;70;9;1;;;;109;12;67;13;1;;;;93;202
58088;Rocca Priora;55;19;69;14;3;;;;105;17;87;13;5;;;;122;227
58088;Rocca Priora;56;19;78;5;1;;;;103;11;83;12;3;;;;109;212
58088;Rocca Priora;57;18;72;7;2;;;;99;13;81;9;11;;;;114;213
58088;Rocca Priora;58;12;103;11;1;;;;127;12;79;4;1;;;;96;223
58088;Rocca Priora;59;7;73;13;5;;;;98;6;78;9;7;;;;100;198
58088;Rocca Priora;60;6;93;9;3;;;;111;14;78;12;9;;;;113;224
58088;Rocca Priora;61;13;72;8;0;;;;93;9;77;11;1;;;;98;191
58088;Rocca Priora;62;8;77;6;1;;;;92;5;88;6;9;;;;108;200
58088;Rocca Priora;63;10;84;5;3;;;;102;7;80;7;8;;;;102;204
58088;Rocca Priora;64;11;71;7;1;;;;90;4;65;3;8;;;;80;170
58088;Rocca Priora;65;11;65;3;2;;;;81;7;56;6;9;;;;78;159
58088;Rocca Priora;66;5;70;8;1;;;;84;2;56;6;14;;;;78;162
58088;Rocca Priora;67;4;52;6;3;;;;65;6;60;6;11;;;;83;148
58088;Rocca Priora;68;0;53;5;8;;;;66;4;63;8;18;;;;93;159
58088;Rocca Priora;69;3;46;4;6;;;;59;1;43;1;15;;;;60;119
58088;Rocca Priora;70;2;56;2;1;;;;61;2;51;4;15;;;;72;133
58088;Rocca Priora;71;4;46;2;1;;;;53;4;41;3;12;;;;60;113
58088;Rocca Priora;72;2;55;6;5;;;;68;5;51;3;12;;;;71;139
58088;Rocca Priora;73;3;47;3;6;;;;59;2;37;2;18;;;;59;118
58088;Rocca Priora;74;2;57;3;7;;;;69;2;36;4;15;;;;57;126
58088;Rocca Priora;75;3;44;2;5;;;;54;0;25;2;29;;;;56;110
58088;Rocca Priora;76;3;57;2;4;;;;66;2;34;3;30;;;;69;135
58088;Rocca Priora;77;3;37;2;8;;;;50;2;38;1;26;;;;67;117
58088;Rocca Priora;78;3;40;1;7;;;;51;0;30;1;18;;;;49;100
58088;Rocca Priora;79;0;27;0;2;;;;29;1;19;0;24;;;;44;73
58088;Rocca Priora;80;1;25;4;7;;;;37;1;24;3;10;;;;38;75
58088;Rocca Priora;81;0;51;5;7;;;;63;0;15;1;20;;;;36;99
58088;Rocca Priora;82;2;28;0;6;;;;36;2;17;0;18;;;;37;73
58088;Rocca Priora;83;0;25;1;8;;;;34;3;15;0;15;;;;33;67
58088;Rocca Priora;84;1;22;2;8;;;;33;3;15;2;29;;;;49;82
58088;Rocca Priora;85;0;14;0;10;;;;24;2;9;1;21;;;;33;57
58088;Rocca Priora;86;1;23;0;5;;;;29;1;14;1;17;;;;33;62
58088;Rocca Priora;87;0;13;0;0;;;;13;0;2;1;15;;;;18;31
58088;Rocca Priora;88;1;14;0;3;;;;18;0;5;1;14;;;;20;38
58088;Rocca Priora;89;0;8;0;4;;;;12;2;2;0;9;;;;13;25
58088;Rocca Priora;90;0;5;0;3;;;;8;0;3;1;18;;;;22;30
58088;Rocca Priora;91;0;4;1;3;;;;8;0;1;2;8;;;;11;19
58088;Rocca Priora;92;0;1;0;2;;;;3;0;0;0;13;;;;13;16
58088;Rocca Priora;93;0;3;0;3;;;;6;0;2;0;6;;;;8;14
58088;Rocca Priora;94;0;0;0;4;;;;4;0;0;0;8;;;;8;12
58088;Rocca Priora;95;0;0;0;0;;;;0;0;1;0;5;;;;6;6
58088;Rocca Priora;96;0;0;0;1;;;;1;0;0;0;3;;;;3;4
58088;Rocca Priora;97;0;0;0;1;;;;1;1;0;0;3;;;;4;5
58088;Rocca Priora;98;0;0;0;0;;;;0;0;0;0;1;;;;1;1
58088;Rocca Priora;99;0;0;0;0;;;;0;0;0;1;0;;;;1;1
58088;Rocca Priora;100;0;0;0;0;;;;0;0;0;0;2;;;;2;2
58088;Rocca Priora;999;2880;2734;221;169;;;;6004;2498;2692;254;582;;;;6026;12030
58089;Rocca Santo Stefano;0;4;0;0;0;;;;4;3;0;0;0;;;;3;7
58089;Rocca Santo Stefano;1;2;0;0;0;;;;2;0;0;0;0;;;;0;2
58089;Rocca Santo Stefano;2;3;0;0;0;;;;3;2;0;0;0;;;;2;5
58089;Rocca Santo Stefano;3;3;0;0;0;;;;3;4;0;0;0;;;;4;7
58089;Rocca Santo Stefano;4;3;0;0;0;;;;3;1;0;0;0;;;;1;4
58089;Rocca Santo Stefano;5;6;0;0;0;;;;6;3;0;0;0;;;;3;9
58089;Rocca Santo Stefano;6;4;0;0;0;;;;4;0;0;0;0;;;;0;4
58089;Rocca Santo Stefano;7;5;0;0;0;;;;5;4;0;0;0;;;;4;9
58089;Rocca Santo Stefano;8;2;0;0;0;;;;2;1;0;0;0;;;;1;3
58089;Rocca Santo Stefano;9;0;0;0;0;;;;0;5;0;0;0;;;;5;5
58089;Rocca Santo Stefano;10;3;0;0;0;;;;3;1;0;0;0;;;;1;4
58089;Rocca Santo Stefano;11;7;0;0;0;;;;7;1;0;0;0;;;;1;8
58089;Rocca Santo Stefano;12;3;0;0;0;;;;3;0;0;0;0;;;;0;3
58089;Rocca Santo Stefano;13;3;0;0;0;;;;3;4;0;0;0;;;;4;7
58089;Rocca Santo Stefano;14;4;0;0;0;;;;4;2;0;0;0;;;;2;6
58089;Rocca Santo Stefano;15;3;0;0;0;;;;3;3;0;0;0;;;;3;6
58089;Rocca Santo Stefano;16;6;0;0;0;;;;6;1;0;0;0;;;;1;7
58089;Rocca Santo Stefano;17;9;0;0;0;;;;9;6;0;0;0;;;;6;15
58089;Rocca Santo Stefano;18;5;0;0;0;;;;5;5;0;0;0;;;;5;10
58089;Rocca Santo Stefano;19;5;0;0;0;;;;5;3;0;0;0;;;;3;8
58089;Rocca Santo Stefano;20;3;0;0;0;;;;3;3;0;0;0;;;;3;6
58089;Rocca Santo Stefano;21;8;0;0;0;;;;8;5;0;0;0;;;;5;13
58089;Rocca Santo Stefano;22;0;0;0;0;;;;0;5;0;0;0;;;;5;5
58089;Rocca Santo Stefano;23;9;0;0;0;;;;9;3;0;0;0;;;;3;12
58089;Rocca Santo Stefano;24;6;0;0;0;;;;6;5;1;0;0;;;;6;12
58089;Rocca Santo Stefano;25;5;0;0;0;;;;5;3;0;0;0;;;;3;8
58089;Rocca Santo Stefano;26;8;0;0;0;;;;8;12;0;0;0;;;;12;20
58089;Rocca Santo Stefano;27;3;0;0;0;;;;3;5;1;0;0;;;;6;9
58089;Rocca Santo Stefano;28;3;1;0;0;;;;4;4;0;0;0;;;;4;8
58089;Rocca Santo Stefano;29;4;0;0;0;;;;4;1;1;0;0;;;;2;6
58089;Rocca Santo Stefano;30;2;0;0;0;;;;2;1;0;0;0;;;;1;3
58089;Rocca Santo Stefano;31;4;0;0;0;;;;4;2;0;0;0;;;;2;6
58089;Rocca Santo Stefano;32;5;1;1;0;;;;7;3;2;0;0;;;;5;12
58089;Rocca Santo Stefano;33;3;2;0;0;;;;5;5;4;0;0;;;;9;14
58089;Rocca Santo Stefano;34;5;2;0;0;;;;7;4;1;0;0;;;;5;12
58089;Rocca Santo Stefano;35;0;2;0;0;;;;2;1;0;0;0;;;;1;3
58089;Rocca Santo Stefano;36;4;1;0;0;;;;5;3;0;0;0;;;;3;8
58089;Rocca Santo Stefano;37;6;2;0;0;;;;8;2;1;0;0;;;;3;11
58089;Rocca Santo Stefano;38;5;1;0;0;;;;6;2;3;0;1;;;;6;12
58089;Rocca Santo Stefano;39;2;4;0;0;;;;6;2;6;0;0;;;;8;14
58089;Rocca Santo Stefano;40;2;2;0;0;;;;4;1;0;0;0;;;;1;5
58089;Rocca Santo Stefano;41;6;0;0;0;;;;6;6;4;0;0;;;;10;16
58089;Rocca Santo Stefano;42;5;4;0;0;;;;9;2;2;0;1;;;;5;14
58089;Rocca Santo Stefano;43;6;4;0;0;;;;10;1;3;0;0;;;;4;14
58089;Rocca Santo Stefano;44;1;0;1;0;;;;2;1;1;0;0;;;;2;4
58089;Rocca Santo Stefano;45;3;0;0;0;;;;3;3;5;0;0;;;;8;11
58089;Rocca Santo Stefano;46;5;3;0;0;;;;8;3;6;0;0;;;;9;17
58089;Rocca Santo Stefano;47;5;3;0;0;;;;8;0;3;1;0;;;;4;12
58089;Rocca Santo Stefano;48;1;3;1;0;;;;5;1;2;0;1;;;;4;9
58089;Rocca Santo Stefano;49;0;3;1;0;;;;4;0;6;0;0;;;;6;10
58089;Rocca Santo Stefano;50;3;4;0;0;;;;7;0;6;0;0;;;;6;13
58089;Rocca Santo Stefano;51;2;4;0;1;;;;7;0;6;0;0;;;;6;13
58089;Rocca Santo Stefano;52;2;1;0;0;;;;3;0;5;0;0;;;;5;8
58089;Rocca Santo Stefano;53;2;5;0;0;;;;7;0;5;0;0;;;;5;12
58089;Rocca Santo Stefano;54;1;6;1;0;;;;8;1;4;2;0;;;;7;15
58089;Rocca Santo Stefano;55;2;5;0;0;;;;7;1;4;1;0;;;;6;13
58089;Rocca Santo Stefano;56;0;4;0;0;;;;4;3;10;0;0;;;;13;17
58089;Rocca Santo Stefano;57;1;7;0;0;;;;8;0;7;1;1;;;;9;17
58089;Rocca Santo Stefano;58;1;11;0;0;;;;12;0;10;0;0;;;;10;22
58089;Rocca Santo Stefano;59;2;4;0;0;;;;6;3;9;0;0;;;;12;18
58089;Rocca Santo Stefano;60;2;10;0;0;;;;12;2;5;0;0;;;;7;19
58089;Rocca Santo Stefano;61;0;9;1;0;;;;10;0;4;0;0;;;;4;14
58089;Rocca Santo Stefano;62;2;6;0;0;;;;8;0;5;0;0;;;;5;13
58089;Rocca Santo Stefano;63;2;7;0;0;;;;9;1;5;0;0;;;;6;15
58089;Rocca Santo Stefano;64;2;7;0;1;;;;10;1;2;0;2;;;;5;15
58089;Rocca Santo Stefano;65;1;4;0;0;;;;5;1;7;0;2;;;;10;15
58089;Rocca Santo Stefano;66;1;2;0;0;;;;3;2;9;0;0;;;;11;14
58089;Rocca Santo Stefano;67;1;4;1;1;;;;7;1;8;0;2;;;;11;18
58089;Rocca Santo Stefano;68;1;6;0;0;;;;7;0;5;1;1;;;;7;14
58089;Rocca Santo Stefano;69;0;4;0;0;;;;4;0;5;0;2;;;;7;11
58089;Rocca Santo Stefano;70;0;5;1;0;;;;6;0;2;0;1;;;;3;9
58089;Rocca Santo Stefano;71;1;5;0;2;;;;8;0;6;0;2;;;;8;16
58089;Rocca Santo Stefano;72;0;9;0;0;;;;9;0;2;0;1;;;;3;12
58089;Rocca Santo Stefano;73;2;3;1;0;;;;6;1;8;0;2;;;;11;17
58089;Rocca Santo Stefano;74;1;7;0;0;;;;8;0;2;0;0;;;;2;10
58089;Rocca Santo Stefano;75;0;6;0;1;;;;7;1;3;0;1;;;;5;12
58089;Rocca Santo Stefano;76;1;5;0;1;;;;7;0;3;0;1;;;;4;11
58089;Rocca Santo Stefano;77;0;0;0;1;;;;1;0;2;0;1;;;;3;4
58089;Rocca Santo Stefano;78;0;4;0;1;;;;5;0;1;0;3;;;;4;9
58089;Rocca Santo Stefano;79;0;0;0;0;;;;0;0;0;0;1;;;;1;1
58089;Rocca Santo Stefano;80;0;1;0;0;;;;1;0;2;0;2;;;;4;5
58089;Rocca Santo Stefano;81;0;4;0;0;;;;4;1;3;0;2;;;;6;10
58089;Rocca Santo Stefano;82;0;1;0;0;;;;1;0;0;0;3;;;;3;4
58089;Rocca Santo Stefano;83;0;2;0;0;;;;2;0;2;0;2;;;;4;6
58089;Rocca Santo Stefano;84;0;2;0;2;;;;4;0;0;0;2;;;;2;6
58089;Rocca Santo Stefano;85;0;1;0;2;;;;3;0;1;0;7;;;;8;11
58089;Rocca Santo Stefano;86;0;3;0;0;;;;3;0;0;0;4;;;;4;7
58089;Rocca Santo Stefano;87;0;1;0;0;;;;1;0;0;0;3;;;;3;4
58089;Rocca Santo Stefano;88;0;0;0;1;;;;1;0;0;0;1;;;;1;2
58089;Rocca Santo Stefano;89;0;0;0;2;;;;2;1;1;0;0;;;;2;4
58089;Rocca Santo Stefano;90;0;0;0;0;;;;0;1;0;0;1;;;;2;2
58089;Rocca Santo Stefano;91;0;1;0;0;;;;1;0;0;0;1;;;;1;2
58089;Rocca Santo Stefano;92;0;0;0;0;;;;0;0;0;0;1;;;;1;1
58089;Rocca Santo Stefano;93;0;0;0;1;;;;1;0;0;0;0;;;;0;1
58089;Rocca Santo Stefano;94;0;0;0;1;;;;1;0;0;0;0;;;;0;1
58089;Rocca Santo Stefano;95;0;0;0;1;;;;1;0;0;0;1;;;;1;2
58089;Rocca Santo Stefano;96;0;0;0;0;;;;0;0;0;0;0;;;;0;0
58089;Rocca Santo Stefano;97;0;0;0;0;;;;0;0;0;0;0;;;;0;0
58089;Rocca Santo Stefano;98;0;0;0;1;;;;1;0;0;0;1;;;;1;2
58089;Rocca Santo Stefano;99;0;0;0;0;;;;0;0;0;0;0;;;;0;0
58089;Rocca Santo Stefano;100;0;0;0;0;;;;0;0;0;0;0;;;;0;0
58089;Rocca Santo Stefano;999;232;208;9;20;;;;469;159;211;6;57;;;;433;902
58090;Roiate;0;1;0;0;0;;;;1;3;0;0;0;;;;3;4
58090;Roiate;1;3;0;0;0;;;;3;2;0;0;0;;;;2;5
58090;Roiate;2;1;0;0;0;;;;1;1;0;0;0;;;;1;2
58090;Roiate;3;1;0;0;0;;;;1;1;0;0;0;;;;1;2
58090;Roiate;4;1;0;0;0;;;;1;2;0;0;0;;;;2;3
58090;Roiate;5;2;0;0;0;;;;2;1;0;0;0;;;;1;3
58090;Roiate;6;2;0;0;0;;;;2;1;0;0;0;;;;1;3
58090;Roiate;7;3;0;0;0;;;;3;3;0;0;0;;;;3;6
58090;Roiate;8;1;0;0;0;;;;1;3;0;0;0;;;;3;4
58090;Roiate;9;2;0;0;0;;;;2;8;0;0;0;;;;8;10
58090;Roiate;10;2;0;0;0;;;;2;4;0;0;0;;;;4;6
58090;Roiate;11;0;0;0;0;;;;0;2;0;0;0;;;;2;2
58090;Roiate;12;3;0;0;0;;;;3;3;0;0;0;;;;3;6
58090;Roiate;13;3;0;0;0;;;;3;1;0;0;0;;;;1;4
58090;Roiate;14;1;0;0;0;;;;1;2;0;0;0;;;;2;3
58090;Roiate;15;0;0;0;0;;;;0;1;0;0;0;;;;1;1
58090;Roiate;16;1;0;0;0;;;;1;1;0;0;0;;;;1;2
58090;Roiate;17;1;0;0;0;;;;1;2;0;0;0;;;;2;3
58090;Roiate;18;1;0;0;0;;;;1;2;0;0;0;;;;2;3
58090;Roiate;19;3;0;0;0;;;;3;3;0;0;0;;;;3;6
58090;Roiate;20;3;0;0;0;;;;3;0;0;0;0;;;;0;3
58090;Roiate;21;3;0;0;0;;;;3;1;0;0;0;;;;1;4
58090;Roiate;22;7;0;0;0;;;;7;2;0;0;0;;;;2;9
58090;Roiate;23;6;0;0;0;;;;6;1;0;0;0;;;;1;7
58090;Roiate;24;3;0;0;0;;;;3;2;0;0;0;;;;2;5
58090;Roiate;25;3;0;0;0;;;;3;2;1;0;0;;;;3;6
58090;Roiate;26;3;0;0;0;;;;3;1;0;0;0;;;;1;4
58090;Roiate;27;0;0;0;0;;;;0;3;0;0;0;;;;3;3
58090;Roiate;28;0;0;0;0;;;;0;1;0;0;0;;;;1;1
58090;Roiate;29;1;0;0;0;;;;1;2;0;0;0;;;;2;3
58090;Roiate;30;2;1;0;0;;;;3;4;1;0;0;;;;5;8
58090;Roiate;31;4;0;0;0;;;;4;2;0;0;0;;;;2;6
58090;Roiate;32;2;0;0;0;;;;2;1;1;0;0;;;;2;4
58090;Roiate;33;1;0;0;0;;;;1;2;3;0;0;;;;5;6
58090;Roiate;34;2;0;1;0;;;;3;3;1;0;0;;;;4;7
58090;Roiate;35;3;1;0;0;;;;4;3;0;0;0;;;;3;7
58090;Roiate;36;1;2;0;0;;;;3;2;3;0;0;;;;5;8
58090;Roiate;37;1;1;0;0;;;;2;0;0;1;0;;;;1;3
58090;Roiate;38;3;2;0;0;;;;5;1;1;0;0;;;;2;7
58090;Roiate;39;2;0;0;0;;;;2;0;3;0;0;;;;3;5
58090;Roiate;40;0;0;0;0;;;;0;3;1;0;0;;;;4;4
58090;Roiate;41;1;2;0;0;;;;3;1;0;0;0;;;;1;4
58090;Roiate;42;1;0;0;0;;;;1;1;1;0;0;;;;2;3
58090;Roiate;43;1;3;0;0;;;;4;1;3;0;0;;;;4;8
58090;Roiate;44;3;2;1;0;;;;6;2;1;0;0;;;;3;9
58090;Roiate;45;2;0;1;0;;;;3;4;4;0;0;;;;8;11
58090;Roiate;46;2;2;0;0;;;;4;1;3;1;1;;;;6;10
58090;Roiate;47;2;1;0;0;;;;3;0;1;0;0;;;;1;4
58090;Roiate;48;2;1;0;0;;;;3;3;1;1;0;;;;5;8
58090;Roiate;49;3;5;1;0;;;;9;1;2;1;0;;;;4;13
58090;Roiate;50;1;3;0;0;;;;4;1;3;0;0;;;;4;8
58090;Roiate;51;2;3;0;0;;;;5;0;2;0;0;;;;2;7
58090;Roiate;52;1;4;0;0;;;;5;1;0;0;0;;;;1;6
58090;Roiate;53;2;2;1;0;;;;5;1;3;1;0;;;;5;10
58090;Roiate;54;1;2;0;0;;;;3;1;2;0;0;;;;3;6
58090;Roiate;55;3;2;0;0;;;;5;1;1;0;0;;;;2;7
58090;Roiate;56;1;3;0;0;;;;4;0;5;0;0;;;;5;9
58090;Roiate;57;4;4;1;0;;;;9;2;5;0;1;;;;8;17
58090;Roiate;58;0;2;0;0;;;;2;2;5;0;0;;;;7;9
58090;Roiate;59;1;3;0;0;;;;4;1;4;1;0;;;;6;10
58090;Roiate;60;2;6;0;0;;;;8;0;6;1;2;;;;9;17
58090;Roiate;61;2;6;1;0;;;;9;0;7;2;0;;;;9;18
58090;Roiate;62;2;4;1;0;;;;7;2;7;0;0;;;;9;16
58090;Roiate;63;0;6;0;0;;;;6;1;7;0;2;;;;10;16
58090;Roiate;64;0;2;1;0;;;;3;1;7;0;2;;;;10;13
58090;Roiate;65;1;8;0;0;;;;9;0;4;0;0;;;;4;13
58090;Roiate;66;2;5;0;0;;;;7;0;4;0;1;;;;5;12
58090;Roiate;67;0;4;0;1;;;;5;1;6;2;1;;;;10;15
58090;Roiate;68;1;4;0;0;;;;5;0;2;0;3;;;;5;10
58090;Roiate;69;1;5;0;0;;;;6;0;2;0;1;;;;3;9
58090;Roiate;70;0;5;0;1;;;;6;0;7;0;0;;;;7;13
58090;Roiate;71;1;8;0;0;;;;9;1;7;0;6;;;;14;23
58090;Roiate;72;0;5;1;0;;;;6;0;3;0;0;;;;3;9
58090;Roiate;73;0;4;2;0;;;;6;1;3;1;2;;;;7;13
58090;Roiate;74;0;6;0;0;;;;6;0;0;0;3;;;;3;9
58090;Roiate;75;0;5;0;0;;;;5;0;2;1;2;;;;5;10
58090;Roiate;76;1;0;0;0;;;;1;0;4;0;1;;;;5;6
58090;Roiate;77;0;5;0;0;;;;5;1;2;0;2;;;;5;10
58090;Roiate;78;0;1;0;0;;;;1;0;0;0;0;;;;0;1
58090;Roiate;79;0;2;0;0;;;;2;0;0;1;2;;;;3;5
58090;Roiate;80;0;3;0;0;;;;3;0;0;0;1;;;;1;4
58090;Roiate;81;0;2;0;0;;;;2;0;1;1;0;;;;2;4
58090;Roiate;82;0;2;0;0;;;;2;0;3;0;2;;;;5;7
58090;Roiate;83;1;1;0;1;;;;3;0;1;0;0;;;;1;4
58090;Roiate;84;0;2;0;2;;;;4;0;0;0;1;;;;1;5
58090;Roiate;85;0;3;0;1;;;;4;0;0;0;2;;;;2;6
58090;Roiate;86;0;0;0;0;;;;0;0;0;0;2;;;;2;2
58090;Roiate;87;0;1;0;0;;;;1;0;0;0;2;;;;2;3
58090;Roiate;88;0;0;0;0;;;;0;0;0;0;2;;;;2;2
58090;Roiate;89;0;1;0;0;;;;1;0;1;0;3;;;;4;5
58090;Roiate;90;0;0;0;1;;;;1;0;0;0;1;;;;1;2
58090;Roiate;91;0;0;0;0;;;;0;1;1;0;2;;;;4;4
58090;Roiate;92;0;0;0;0;;;;0;0;0;0;0;;;;0;0
58090;Roiate;93;0;1;0;0;;;;1;1;0;0;0;;;;1;2
58090;Roiate;94;0;0;0;0;;;;0;0;0;0;1;;;;1;1
58090;Roiate;95;0;0;0;0;;;;0;0;0;0;1;;;;1;1
58090;Roiate;96;0;0;0;0;;;;0;0;0;0;0;;;;0;0
58090;Roiate;97;0;0;0;0;;;;0;0;0;0;1;;;;1;1
58090;Roiate;98;0;0;0;0;;;;0;0;0;0;0;;;;0;0
58090;Roiate;99;0;0;0;0;;;;0;0;0;0;0;;;;0;0
58090;Roiate;100;0;0;0;0;;;;0;0;0;0;0;;;;0;0
58090;Roiate;999;129;158;12;7;;;;306;116;148;15;53;;;;332;638
58091;Roma;0;8657;0;0;0;0;0;0;8657;8205;0;0;0;0;0;0;8205;16862
58091;Roma;1;8826;0;0;0;0;0;0;8826;8346;0;0;0;0;0;0;8346;17172
58091;Roma;2;9226;0;0;0;0;0;0;9226;8664;0;0;0;0;0;0;8664;17890
58091;Roma;3;9586;0;0;0;0;0;0;9586;9164;0;0;0;0;0;0;9164;18750
58091;Roma;4;9751;0;0;0;0;0;0;9751;9261;0;0;0;0;0;0;9261;19012
58091;Roma;5;10200;0;0;0;0;0;0;10200;9643;0;0;0;0;0;0;9643;19843
58091;Roma;6;10704;0;0;0;0;0;0;10704;10308;0;0;0;0;0;0;10308;21012
58091;Roma;7;11078;0;0;0;0;0;0;11078;10407;0;0;0;0;0;0;10407;21485
58091;Roma;8;11677;0;0;0;0;0;0;11677;10966;0;0;0;0;0;0;10966;22643
58091;Roma;9;11879;0;0;0;0;0;0;11879;11390;0;0;0;0;0;0;11390;23269
58091;Roma;10;12648;0;0;0;0;0;0;12648;11711;0;0;0;0;0;0;11711;24359
58091;Roma;11;12506;0;0;0;0;0;0;12506;11865;0;0;0;0;0;0;11865;24371
58091;Roma;12;13287;0;0;0;0;0;0;13287;12646;0;0;0;0;0;0;12646;25933
58091;Roma;13;13309;0;0;0;0;0;0;13309;12531;0;0;0;0;0;0;12531;25840
58091;Roma;14;13702;0;0;0;0;0;0;13702;12774;0;0;0;0;0;0;12774;26476
58091;Roma;15;13767;0;0;0;0;0;0;13767;12874;0;0;0;0;0;0;12874;26641
58091;Roma;16;13759;0;0;0;0;0;0;13759;12993;1;0;0;0;0;0;12994;26753
58091;Roma;17;14014;0;0;0;0;0;0;14014;13123;0;0;0;0;0;0;13123;27137
58091;Roma;18;14079;1;0;0;0;0;0;14080;13144;2;0;0;0;0;0;13146;27226
58091;Roma;19;13843;1;1;0;0;0;0;13845;12588;10;0;0;0;0;0;12598;26443
58091;Roma;20;13929;5;0;0;0;0;0;13934;12918;27;1;0;1;0;0;12947;26881
58091;Roma;21;13532;7;0;0;0;0;0;13539;12521;46;0;0;0;0;0;12567;26106
58091;Roma;22;13194;15;0;0;0;0;0;13209;12245;80;2;0;1;0;0;12328;25537
58091;Roma;23;13350;24;5;0;1;0;0;13380;12075;150;2;0;2;0;0;12229;25609
58091;Roma;24;13672;50;7;0;2;0;0;13731;12179;259;3;1;1;0;0;12443;26174
58091;Roma;25;13126;111;8;0;4;0;0;13249;11928;392;10;0;5;0;0;12335;25584
58091;Roma;26;13738;209;6;0;4;1;0;13958;12023;603;13;2;3;0;0;12644;26602
58091;Roma;27;13364;329;10;0;6;0;0;13709;11931;857;11;1;5;0;0;12805;26514
58091;Roma;28;13783;471;11;0;10;0;0;14275;11917;1187;20;1;10;0;0;13135;27410
58091;Roma;29;13765;730;12;0;11;2;0;14520;11608;1629;27;5;15;3;0;13287;27807
58091;Roma;30;13289;1134;28;0;21;0;0;14472;11407;2175;46;6;27;1;0;13662;28134
58091;Roma;31;13056;1462;26;1;18;3;0;14566;11352;2804;64;5;21;1;0;14247;28813
58091;Roma;32;13148;2019;27;3;29;1;0;15227;11276;3547;85;8;35;3;0;14954;30181
58091;Roma;33;12359;2618;46;6;40;0;0;15069;10617;4128;111;7;21;3;0;14887;29956
58091;Roma;34;12472;3167;54;5;47;5;0;15750;10187;4851;130;24;45;2;0;15239;30989
58091;Roma;35;11607;3790;90;4;44;0;0;15535;9518;5521;180;22;34;3;0;15278;30813
58091;Roma;36;11236;4489;121;18;64;1;0;15929;9231;6316;240;20;59;2;1;15869;31798
58091;Roma;37;10518;5003;145;9;62;0;0;15737;8769;6799;264;34;45;7;0;15918;31655
58091;Roma;38;9862;5549;152;14;47;3;0;15627;8280;7140;388;55;45;3;0;15911;31538
58091;Roma;39;9724;6308;212;21;69;4;0;16338;8108;8010;425;75;58;5;0;16681;33019
58091;Roma;40;9446;7091;231;22;53;0;1;16844;8025;8606;516;93;52;3;0;17295;34139
58091;Roma;41;9061;7759;296;25;76;6;1;17224;7746;8968;605;94;43;0;0;17456;34680
58091;Roma;42;8791;8324;393;26;87;6;0;17627;7852;9551;656;102;58;2;0;18221;35848
58091;Roma;43;8411;8599;388;53;74;2;0;17527;7450;10067;752;152;50;1;0;18472;35999
58091;Roma;44;8113;9116;471;47;66;2;0;17815;7417;10333;831;177;28;2;0;18788;36603
58091;Roma;45;7994;9531;584;58;82;4;0;18253;7172;10730;1036;203;55;4;0;19200;37453
58091;Roma;46;8205;10193;610;68;72;4;0;19152;7409;11536;1114;226;48;0;0;20333;39485
58091;Roma;47;8063;10228;699;51;72;1;0;19114;7082;12059;1279;242;45;2;0;20709;39823
58091;Roma;48;7765;11057;837;66;72;3;0;19800;7318;12808;1339;304;37;3;0;21809;41609
58091;Roma;49;8029;11703;944;96;82;0;0;20854;7397;13725;1635;341;37;4;0;23139;43993
58091;Roma;50;8216;12590;1064;95;82;3;3;22053;7361;14577;1815;400;51;2;0;24206;46259
58091;Roma;51;7579;13169;1204;124;85;1;1;22163;7132;14746;1953;450;35;1;0;24317;46480
58091;Roma;52;7417;13421;1251;139;83;1;1;22313;6785;15316;2103;510;37;2;2;24755;47068
58091;Roma;53;6930;13685;1347;135;74;3;1;22175;6300;15624;2307;596;30;2;0;24859;47034
58091;Roma;54;6538;14056;1400;166;83;0;1;22244;6002;15595;2459;705;35;3;0;24799;47043
58091;Roma;55;6176;14521;1567;173;68;1;2;22508;5790;15711;2544;735;32;0;0;24812;47320
58091;Roma;56;5835;14163;1601;226;83;2;2;21912;5386;15697;2624;807;27;2;0;24543;46455
58091;Roma;57;5316;14416;1663;216;90;3;1;21705;5131;15852;2799;916;25;1;0;24724;46429
58091;Roma;58;5159;14922;1810;270;97;0;0;22258;4842;15946;2831;1082;17;2;0;24720;46978
58091;Roma;59;4705;15250;1844;275;91;0;1;22166;4565;15954;2954;1130;30;2;1;24636;46802
58091;Roma;60;4387;15503;1881;309;80;1;3;22164;4268;16324;2993;1296;32;2;3;24918;47082
58091;Roma;61;3720;14608;1775;368;72;3;0;20546;3872;15390;2770;1449;19;2;1;23503;44049
58091;Roma;62;3295;14105;1721;356;54;2;1;19534;3528;14390;2646;1509;24;1;0;22098;41632
58091;Roma;63;2871;13697;1601;441;54;0;1;18665;3196;14035;2482;1709;19;0;0;21441;40106
58091;Roma;64;2617;12898;1443;441;58;1;1;17459;2991;13060;2435;1850;17;1;0;20354;37813
58091;Roma;65;2349;12405;1372;445;54;0;0;16625;2757;12575;2278;1895;10;2;0;19517;36142
58091;Roma;66;2011;11738;1288;485;60;1;2;15585;2521;11815;2190;2087;14;0;0;18627;34212
58091;Roma;67;1890;11630;1185;458;50;0;1;15214;2350;11630;1995;2246;14;0;0;18235;33449
58091;Roma;68;1736;11450;1167;544;30;0;0;14927;1990;11106;1938;2456;14;0;1;17505;32432
58091;Roma;69;1507;10956;1032;572;21;2;0;14090;2026;10629;1758;2619;7;0;0;17039;31129
58091;Roma;70;1262;10527;986;663;29;0;0;13467;1927;10231;1696;2845;4;0;0;16703;30170
58091;Roma;71;1257;9813;838;640;26;0;0;12574;1721;9598;1496;2837;9;0;0;15661;28235
58091;Roma;72;1059;9556;834;709;22;0;1;12181;1547;9065;1490;3089;8;0;0;15199;27380
58091;Roma;73;1038;9153;705;709;25;1;1;11632;1486;8736;1399;3389;9;0;0;15019;26651
58091;Roma;74;951;9423;643;790;27;1;0;11835;1435;8925;1371;3765;8;0;0;15504;27339
58091;Roma;75;831;9169;596;905;19;0;2;11522;1383;8394;1227;4108;5;0;0;15117;26639
58091;Roma;76;822;9408;609;1057;15;0;1;11912;1434;8526;1224;4682;6;0;0;15872;27784
58091;Roma;77;712;9169;574;1180;21;0;0;11656;1324;8120;1134;5155;5;0;0;15738;27394
58091;Roma;78;688;8802;531;1147;11;0;0;11179;1246;7609;1142;5506;4;0;0;15507;26686
58091;Roma;79;499;6779;365;1063;11;0;0;8717;1080;5667;869;4819;2;0;1;12438;21155
58091;Roma;80;488;6501;324;1157;12;0;1;8483;1036;5187;762;5103;4;0;1;12093;20576
58091;Roma;81;485;6654;343;1211;9;0;0;8702;1055;5250;781;5676;2;0;0;12764;21466
58091;Roma;82;420;6028;296;1286;13;0;1;8044;1013;4624;712;5948;4;0;1;12302;20346
58091;Roma;83;388;5997;229;1394;8;0;0;8016;937;4198;631;6252;4;0;1;12023;20039
58091;Roma;84;366;5822;220;1571;12;0;0;7991;1082;3981;613;7145;0;0;0;12821;20812
58091;Roma;85;323;5357;199;1579;2;0;0;7460;925;3275;492;6978;1;0;0;11671;19131
58091;Roma;86;278;4543;165;1410;5;0;0;6401;823;2708;466;6683;1;0;0;10681;17082
58091;Roma;87;221;3671;129;1405;2;0;0;5428;778;2032;317;6244;0;0;0;9371;14799
58091;Roma;88;168;2979;97;1290;4;0;0;4538;691;1525;322;5672;1;0;0;8211;12749
58091;Roma;89;152;2615;82;1197;0;0;1;4047;584;1171;249;5346;0;0;0;7350;11397
58091;Roma;90;134;1961;71;1105;3;0;0;3274;509;845;190;4859;0;0;0;6403;9677
58091;Roma;91;104;1510;47;881;0;0;1;2543;445;624;140;4166;0;0;0;5375;7918
58091;Roma;92;62;1173;28;756;0;1;0;2020;395;415;109;3422;0;0;0;4341;6361
58091;Roma;93;65;837;20;678;0;0;0;1600;322;299;90;3036;0;0;0;3747;5347
58091;Roma;94;46;648;10;582;0;0;0;1286;303;223;68;2527;0;0;0;3121;4407
58091;Roma;95;31;373;9;387;0;0;0;800;185;127;62;1830;0;0;0;2204;3004
58091;Roma;96;26;243;6;240;0;0;0;515;164;73;33;1358;0;0;0;1628;2143
58091;Roma;97;16;135;2;211;0;0;0;364;94;43;21;1054;0;0;0;1212;1576
58091;Roma;98;19;92;5;135;0;0;0;251;93;36;14;741;0;0;0;884;1135
58091;Roma;99;6;43;0;103;0;0;0;152;70;28;20;515;0;0;0;633;785
58091;Roma;100;37;79;4;161;0;0;0;281;154;43;28;818;0;0;0;1043;1324
58091;Roma;999;676308;549336;44597;34433;2860;75;33;1307642;632595;572467;78827;154215;1452;79;13;1439648;2747290
58092;Roviano;0;2;0;0;0;;;;2;3;0;0;0;;;;3;5
58092;Roviano;1;2;0;0;0;;;;2;8;0;0;0;;;;8;10
58092;Roviano;2;0;0;0;0;;;;0;4;0;0;0;;;;4;4
58092;Roviano;3;3;0;0;0;;;;3;1;0;0;0;;;;1;4
58092;Roviano;4;3;0;0;0;;;;3;5;0;0;0;;;;5;8
58092;Roviano;5;0;0;0;0;;;;0;2;0;0;0;;;;2;2
58092;Roviano;6;6;0;0;0;;;;6;3;0;0;0;;;;3;9
58092;Roviano;7;3;0;0;0;;;;3;5;0;0;0;;;;5;8
58092;Roviano;8;5;0;0;0;;;;5;5;0;0;0;;;;5;10
58092;Roviano;9;2;0;0;0;;;;2;4;0;0;0;;;;4;6
58092;Roviano;10;10;0;0;0;;;;10;3;0;0;0;;;;3;13
58092;Roviano;11;5;0;0;0;;;;5;3;0;0;0;;;;3;8
58092;Roviano;12;3;0;0;0;;;;3;4;0;0;0;;;;4;7
58092;Roviano;13;4;0;0;0;;;;4;2;0;0;0;;;;2;6
58092;Roviano;14;5;0;0;0;;;;5;4;0;0;0;;;;4;9
58092;Roviano;15;8;0;0;0;;;;8;2;0;0;0;;;;2;10
58092;Roviano;16;5;0;0;0;;;;5;10;0;0;0;;;;10;15
58092;Roviano;17;2;0;0;0;;;;2;5;0;0;0;;;;5;7
58092;Roviano;18;2;0;0;0;;;;2;7;0;0;0;;;;7;9
58092;Roviano;19;4;0;0;0;;;;4;8;0;0;0;;;;8;12
58092;Roviano;20;6;0;0;0;;;;6;4;0;0;0;;;;4;10
58092;Roviano;21;10;0;0;0;;;;10;9;0;0;0;;;;9;19
58092;Roviano;22;3;0;0;0;;;;3;5;0;0;0;;;;5;8
58092;Roviano;23;8;0;0;0;;;;8;5;0;0;0;;;;5;13
58092;Roviano;24;3;0;0;0;;;;3;3;0;0;0;;;;3;6
58092;Roviano;25;2;0;0;0;;;;2;7;1;0;0;;;;8;10
58092;Roviano;26;8;0;0;0;;;;8;6;1;0;0;;;;7;15
58092;Roviano;27;11;1;0;0;;;;12;14;1;0;0;;;;15;27
58092;Roviano;28;5;0;0;0;;;;5;7;1;0;0;;;;8;13
58092;Roviano;29;4;0;0;0;;;;4;3;0;0;0;;;;3;7
58092;Roviano;30;6;1;0;0;;;;7;4;0;0;0;;;;4;11
58092;Roviano;31;7;0;0;0;;;;7;3;0;0;0;;;;3;10
58092;Roviano;32;6;1;0;0;;;;7;6;2;0;0;;;;8;15
58092;Roviano;33;4;0;0;0;;;;4;4;2;0;0;;;;6;10
58092;Roviano;34;7;1;0;0;;;;8;4;1;0;0;;;;5;13
58092;Roviano;35;7;0;0;0;;;;7;3;1;0;0;;;;4;11
58092;Roviano;36;6;2;0;0;;;;8;4;3;0;0;;;;7;15
58092;Roviano;37;4;3;0;0;;;;7;0;3;0;0;;;;3;10
58092;Roviano;38;4;0;0;0;;;;4;2;1;0;0;;;;3;7
58092;Roviano;39;5;2;0;0;;;;7;0;1;0;0;;;;1;8
58092;Roviano;40;2;4;0;0;;;;6;6;5;0;0;;;;11;17
58092;Roviano;41;3;2;0;0;;;;5;3;8;0;0;;;;11;16
58092;Roviano;42;4;3;0;1;;;;8;5;7;0;0;;;;12;20
58092;Roviano;43;7;2;0;0;;;;9;3;1;0;0;;;;4;13
58092;Roviano;44;3;1;0;0;;;;4;3;1;0;0;;;;4;8
58092;Roviano;45;4;5;0;0;;;;9;0;1;0;0;;;;1;10
58092;Roviano;46;5;3;0;0;;;;8;4;3;0;0;;;;7;15
58092;Roviano;47;4;3;0;1;;;;8;3;5;0;0;;;;8;16
58092;Roviano;48;4;1;0;0;;;;5;3;8;1;0;;;;12;17
58092;Roviano;49;8;3;0;0;;;;11;3;7;0;0;;;;10;21
58092;Roviano;50;4;5;0;0;;;;9;2;6;0;1;;;;9;18
58092;Roviano;51;7;3;0;1;;;;11;1;9;0;0;;;;10;21
58092;Roviano;52;0;9;0;0;;;;9;3;7;0;0;;;;10;19
58092;Roviano;53;2;6;0;1;;;;9;4;5;1;0;;;;10;19
58092;Roviano;54;2;7;0;0;;;;9;2;12;1;0;;;;15;24
58092;Roviano;55;3;7;0;0;;;;10;2;8;0;1;;;;11;21
58092;Roviano;56;2;8;2;0;;;;12;2;7;0;0;;;;9;21
58092;Roviano;57;1;13;0;0;;;;14;2;8;2;2;;;;14;28
58092;Roviano;58;4;12;0;0;;;;16;0;9;1;0;;;;10;26
58092;Roviano;59;2;6;1;0;;;;9;0;8;0;0;;;;8;17
58092;Roviano;60;2;9;1;0;;;;12;3;10;2;0;;;;15;27
58092;Roviano;61;1;6;2;0;;;;9;0;7;0;3;;;;10;19
58092;Roviano;62;1;5;0;0;;;;6;1;7;1;2;;;;11;17
58092;Roviano;63;2;5;0;0;;;;7;2;8;0;0;;;;10;17
58092;Roviano;64;0;7;0;0;;;;7;6;6;1;0;;;;13;20
58092;Roviano;65;2;4;0;1;;;;7;3;3;3;3;;;;12;19
58092;Roviano;66;1;12;0;0;;;;13;1;9;0;1;;;;11;24
58092;Roviano;67;2;5;0;0;;;;7;0;11;1;2;;;;14;21
58092;Roviano;68;3;9;0;0;;;;12;1;8;0;1;;;;10;22
58092;Roviano;69;3;8;0;1;;;;12;0;4;0;0;;;;4;16
58092;Roviano;70;0;6;0;0;;;;6;0;7;0;4;;;;11;17
58092;Roviano;71;1;9;0;0;;;;10;0;8;0;6;;;;14;24
58092;Roviano;72;0;9;0;0;;;;9;1;10;0;1;;;;12;21
58092;Roviano;73;2;10;0;0;;;;12;0;3;0;2;;;;5;17
58092;Roviano;74;0;8;0;0;;;;8;0;3;0;4;;;;7;15
58092;Roviano;75;2;6;0;0;;;;8;0;2;0;3;;;;5;13
58092;Roviano;76;0;5;2;0;;;;7;0;8;0;3;;;;11;18
58092;Roviano;77;0;6;1;1;;;;8;0;3;1;3;;;;7;15
58092;Roviano;78;1;3;0;0;;;;4;0;2;1;4;;;;7;11
58092;Roviano;79;0;4;0;0;;;;4;0;2;0;2;;;;4;8
58092;Roviano;80;0;1;0;0;;;;1;0;4;0;3;;;;7;8
58092;Roviano;81;0;5;0;0;;;;5;0;1;0;4;;;;5;10
58092;Roviano;82;0;3;0;0;;;;3;0;0;0;2;;;;2;5
58092;Roviano;83;0;3;0;0;;;;3;0;2;0;3;;;;5;8
58092;Roviano;84;0;4;0;3;;;;7;1;4;0;5;;;;10;17
58092;Roviano;85;0;3;0;0;;;;3;0;0;0;3;;;;3;6
58092;Roviano;86;0;1;0;1;;;;2;0;3;1;1;;;;5;7
58092;Roviano;87;0;1;0;0;;;;1;0;1;0;3;;;;4;5
58092;Roviano;88;1;0;0;2;;;;3;0;0;0;1;;;;1;4
58092;Roviano;89;0;2;0;0;;;;2;1;0;0;6;;;;7;9
58092;Roviano;90;0;2;0;1;;;;3;2;0;0;3;;;;5;8
58092;Roviano;91;0;0;1;0;;;;1;0;1;0;3;;;;4;5
58092;Roviano;92;0;2;0;0;;;;2;0;1;0;2;;;;3;5
58092;Roviano;93;0;0;0;0;;;;0;0;0;0;3;;;;3;3
58092;Roviano;94;0;1;0;1;;;;2;0;0;0;1;;;;1;3
58092;Roviano;95;0;0;0;0;;;;0;1;0;0;3;;;;4;4
58092;Roviano;96;0;1;0;0;;;;1;0;0;0;1;;;;1;2
58092;Roviano;97;0;0;0;0;;;;0;0;0;0;0;;;;0;0
58092;Roviano;98;0;0;0;0;;;;0;0;0;0;1;;;;1;1
58092;Roviano;99;0;0;0;0;;;;0;0;0;0;0;;;;0;0
58092;Roviano;100;0;0;0;0;;;;0;1;0;0;0;;;;1;1
58092;Roviano;999;285;279;10;15;;;;589;256;281;17;96;;;;650;1239
58093;Sacrofano;0;18;0;0;0;;;;18;15;0;0;0;;;;15;33
58093;Sacrofano;1;12;0;0;0;;;;12;22;0;0;0;;;;22;34
58093;Sacrofano;2;21;0;0;0;;;;21;16;0;0;0;;;;16;37
58093;Sacrofano;3;35;0;0;0;;;;35;24;0;0;0;;;;24;59
58093;Sacrofano;4;26;0;0;0;;;;26;14;0;0;0;;;;14;40
58093;Sacrofano;5;20;0;0;0;;;;20;20;0;0;0;;;;20;40
58093;Sacrofano;6;25;0;0;0;;;;25;30;0;0;0;;;;30;55
58093;Sacrofano;7;22;0;0;0;;;;22;29;0;0;0;;;;29;51
58093;Sacrofano;8;28;0;0;0;;;;28;27;0;0;0;;;;27;55
58093;Sacrofano;9;30;0;0;0;;;;30;29;0;0;0;;;;29;59
58093;Sacrofano;10;25;0;0;0;;;;25;36;0;0;0;;;;36;61
58093;Sacrofano;11;27;0;0;0;;;;27;31;0;0;0;;;;31;58
58093;Sacrofano;12;34;0;0;0;;;;34;38;0;0;0;;;;38;72
58093;Sacrofano;13;31;0;0;0;;;;31;29;0;0;0;;;;29;60
58093;Sacrofano;14;40;0;0;0;;;;40;44;0;0;0;;;;44;84
58093;Sacrofano;15;42;0;0;0;;;;42;32;0;0;0;;;;32;74
58093;Sacrofano;16;37;0;0;0;;;;37;41;0;0;0;;;;41;78
58093;Sacrofano;17;30;0;0;0;;;;30;47;0;0;0;;;;47;77
58093;Sacrofano;18;42;0;0;0;;;;42;36;0;0;0;;;;36;78
58093;Sacrofano;19;42;0;0;0;;;;42;41;0;0;0;;;;41;83
58093;Sacrofano;20;45;0;0;0;;;;45;38;0;0;0;;;;38;83
58093;Sacrofano;21;38;0;0;0;;;;38;34;0;0;0;;;;34;72
58093;Sacrofano;22;35;0;0;0;;;;35;39;0;0;0;;;;39;74
58093;Sacrofano;23;45;0;0;0;;;;45;38;0;0;0;;;;38;83
58093;Sacrofano;24;39;0;0;0;;;;39;31;0;0;0;;;;31;70
58093;Sacrofano;25;40;0;0;0;;;;40;27;2;0;0;;;;29;69
58093;Sacrofano;26;34;0;0;0;;;;34;41;1;0;0;;;;42;76
58093;Sacrofano;27;39;1;0;0;;;;40;26;3;0;0;;;;29;69
58093;Sacrofano;28;36;0;0;0;;;;36;28;0;0;0;;;;28;64
58093;Sacrofano;29;25;2;0;0;;;;27;28;5;0;0;;;;33;60
58093;Sacrofano;30;35;3;0;0;;;;38;23;3;0;0;;;;26;64
58093;Sacrofano;31;26;2;0;0;;;;28;31;9;0;0;;;;40;68
58093;Sacrofano;32;25;0;0;0;;;;25;27;6;1;0;;;;34;59
58093;Sacrofano;33;32;6;0;0;;;;38;24;14;0;0;;;;38;76
58093;Sacrofano;34;25;11;0;0;;;;36;19;9;0;0;;;;28;64
58093;Sacrofano;35;31;6;0;0;;;;37;25;19;1;0;;;;45;82
58093;Sacrofano;36;26;8;0;0;;;;34;19;14;1;0;;;;34;68
58093;Sacrofano;37;26;15;0;0;;;;41;13;19;0;0;;;;32;73
58093;Sacrofano;38;21;13;0;0;;;;34;17;16;1;0;;;;34;68
58093;Sacrofano;39;28;16;1;0;;;;45;22;19;0;0;;;;41;86
58093;Sacrofano;40;29;16;1;0;;;;46;17;28;0;1;;;;46;92
58093;Sacrofano;41;24;16;0;0;;;;40;20;24;1;0;;;;45;85
58093;Sacrofano;42;29;18;2;0;;;;49;21;25;1;0;;;;47;96
58093;Sacrofano;43;22;14;0;0;;;;36;20;28;1;1;;;;50;86
58093;Sacrofano;44;18;30;0;0;;;;48;18;23;2;0;;;;43;91
58093;Sacrofano;45;23;25;1;0;;;;49;26;29;0;1;;;;56;105
58093;Sacrofano;46;20;25;0;0;;;;45;14;33;0;0;;;;47;92
58093;Sacrofano;47;25;34;1;0;;;;60;23;24;7;0;;;;54;114
58093;Sacrofano;48;26;28;0;0;;;;54;20;40;4;2;;;;66;120
58093;Sacrofano;49;27;31;3;0;;;;61;33;49;2;1;;;;85;146
58093;Sacrofano;50;42;48;3;0;;;;93;20;41;1;0;;;;62;155
58093;Sacrofano;51;32;33;8;1;;;;74;25;45;4;1;;;;75;149
58093;Sacrofano;52;18;41;1;0;;;;60;13;41;9;0;;;;63;123
58093;Sacrofano;53;17;40;4;0;;;;61;24;47;11;1;;;;83;144
58093;Sacrofano;54;20;46;6;0;;;;72;12;53;8;1;;;;74;146
58093;Sacrofano;55;25;55;9;0;;;;89;11;49;7;1;;;;68;157
58093;Sacrofano;56;18;54;6;1;;;;79;13;58;7;5;;;;83;162
58093;Sacrofano;57;16;51;5;1;;;;73;13;51;12;2;;;;78;151
58093;Sacrofano;58;11;50;10;1;;;;72;17;47;5;2;;;;71;143
58093;Sacrofano;59;6;42;1;1;;;;50;8;41;4;1;;;;54;104
58093;Sacrofano;60;15;50;2;0;;;;67;18;46;13;3;;;;80;147
58093;Sacrofano;61;11;42;4;0;;;;57;12;43;1;4;;;;60;117
58093;Sacrofano;62;7;43;4;0;;;;54;7;40;7;4;;;;58;112
58093;Sacrofano;63;13;50;2;0;;;;65;12;37;3;5;;;;57;122
58093;Sacrofano;64;7;40;8;1;;;;56;10;41;5;6;;;;62;118
58093;Sacrofano;65;6;33;3;3;;;;45;9;37;3;8;;;;57;102
58093;Sacrofano;66;8;37;1;0;;;;46;4;33;7;4;;;;48;94
58093;Sacrofano;67;3;32;4;1;;;;40;6;32;4;4;;;;46;86
58093;Sacrofano;68;5;31;1;2;;;;39;2;25;3;7;;;;37;76
58093;Sacrofano;69;4;48;8;3;;;;63;6;34;3;10;;;;53;116
58093;Sacrofano;70;9;37;2;2;;;;50;5;26;2;11;;;;44;94
58093;Sacrofano;71;4;28;3;2;;;;37;3;31;1;8;;;;43;80
58093;Sacrofano;72;3;22;2;0;;;;27;3;26;4;9;;;;42;69
58093;Sacrofano;73;2;38;2;1;;;;43;8;24;1;8;;;;41;84
58093;Sacrofano;74;4;27;1;5;;;;37;5;26;1;15;;;;47;84
58093;Sacrofano;75;4;29;2;1;;;;36;2;19;0;10;;;;31;67
58093;Sacrofano;76;0;36;2;3;;;;41;1;27;1;12;;;;41;82
58093;Sacrofano;77;2;32;0;1;;;;35;7;23;2;6;;;;38;73
58093;Sacrofano;78;0;32;0;3;;;;35;3;20;1;16;;;;40;75
58093;Sacrofano;79;1;18;1;3;;;;23;7;21;3;7;;;;38;61
58093;Sacrofano;80;1;13;0;4;;;;18;2;15;1;20;;;;38;56
58093;Sacrofano;81;2;15;0;3;;;;20;5;11;1;14;;;;31;51
58093;Sacrofano;82;2;17;0;3;;;;22;0;4;2;10;;;;16;38
58093;Sacrofano;83;1;23;0;3;;;;27;3;12;2;11;;;;28;55
58093;Sacrofano;84;0;17;2;4;;;;23;3;11;1;15;;;;30;53
58093;Sacrofano;85;1;19;0;2;;;;22;2;4;1;11;;;;18;40
58093;Sacrofano;86;0;7;1;3;;;;11;2;14;2;16;;;;34;45
58093;Sacrofano;87;0;10;0;3;;;;13;1;5;1;13;;;;20;33
58093;Sacrofano;88;0;11;0;4;;;;15;1;5;1;14;;;;21;36
58093;Sacrofano;89;1;1;1;1;;;;4;2;2;0;8;;;;12;16
58093;Sacrofano;90;0;4;0;4;;;;8;1;2;0;10;;;;13;21
58093;Sacrofano;91;0;6;0;1;;;;7;0;1;0;8;;;;9;16
58093;Sacrofano;92;1;4;0;0;;;;5;0;0;2;5;;;;7;12
58093;Sacrofano;93;0;4;0;0;;;;4;1;0;0;3;;;;4;8
58093;Sacrofano;94;0;0;0;1;;;;1;1;1;0;3;;;;5;6
58093;Sacrofano;95;0;1;0;0;;;;1;1;0;0;2;;;;3;4
58093;Sacrofano;96;0;0;0;2;;;;2;0;0;1;2;;;;3;5
58093;Sacrofano;97;0;0;0;3;;;;3;0;0;0;3;;;;3;6
58093;Sacrofano;98;0;2;0;0;;;;2;1;0;0;1;;;;2;4
58093;Sacrofano;99;0;0;0;0;;;;0;0;0;0;2;;;;2;2
58093;Sacrofano;100;0;0;0;0;;;;0;0;0;0;1;;;;1;1
58093;Sacrofano;999;1803;1639;118;77;;;;3637;1675;1613;170;349;;;;3807;7444
58094;Sambuci;0;1;0;0;0;;;;1;1;0;0;0;;;;1;2
58094;Sambuci;1;4;0;0;0;;;;4;6;0;0;0;;;;6;10
58094;Sambuci;2;2;0;0;0;;;;2;3;0;0;0;;;;3;5
58094;Sambuci;3;2;0;0;0;;;;2;4;0;0;0;;;;4;6
58094;Sambuci;4;1;0;0;0;;;;1;2;0;0;0;;;;2;3
58094;Sambuci;5;4;0;0;0;;;;4;4;0;0;0;;;;4;8
58094;Sambuci;6;2;0;0;0;;;;2;3;0;0;0;;;;3;5
58094;Sambuci;7;3;0;0;0;;;;3;0;0;0;0;;;;0;3
58094;Sambuci;8;1;0;0;0;;;;1;0;0;0;0;;;;0;1
58094;Sambuci;9;4;0;0;0;;;;4;6;0;0;0;;;;6;10
58094;Sambuci;10;2;0;0;0;;;;2;2;0;0;0;;;;2;4
58094;Sambuci;11;8;0;0;0;;;;8;3;0;0;0;;;;3;11
58094;Sambuci;12;1;0;0;0;;;;1;5;0;0;0;;;;5;6
58094;Sambuci;13;2;0;0;0;;;;2;2;0;0;0;;;;2;4
58094;Sambuci;14;5;0;0;0;;;;5;5;0;0;0;;;;5;10
58094;Sambuci;15;2;0;0;0;;;;2;6;0;0;0;;;;6;8
58094;Sambuci;16;4;0;0;0;;;;4;5;0;0;0;;;;5;9
58094;Sambuci;17;3;0;0;0;;;;3;3;0;0;0;;;;3;6
58094;Sambuci;18;4;0;0;0;;;;4;4;0;0;0;;;;4;8
58094;Sambuci;19;5;0;0;0;;;;5;6;0;0;0;;;;6;11
58094;Sambuci;20;4;0;0;0;;;;4;1;0;0;0;;;;1;5
58094;Sambuci;21;3;0;0;0;;;;3;3;0;0;0;;;;3;6
58094;Sambuci;22;4;0;0;0;;;;4;4;0;0;0;;;;4;8
58094;Sambuci;23;6;0;0;0;;;;6;3;0;0;0;;;;3;9
58094;Sambuci;24;2;0;0;0;;;;2;2;0;0;0;;;;2;4
58094;Sambuci;25;3;0;0;0;;;;3;1;0;0;0;;;;1;4
58094;Sambuci;26;6;0;0;0;;;;6;3;0;0;0;;;;3;9
58094;Sambuci;27;2;0;0;0;;;;2;1;0;0;0;;;;1;3
58094;Sambuci;28;3;0;0;0;;;;3;2;1;0;0;;;;3;6
58094;Sambuci;29;6;0;0;0;;;;6;5;0;0;0;;;;5;11
58094;Sambuci;30;2;0;0;0;;;;2;3;1;0;0;;;;4;6
58094;Sambuci;31;6;0;0;0;;;;6;2;1;0;0;;;;3;9
58094;Sambuci;32;4;0;0;0;;;;4;6;0;0;0;;;;6;10
58094;Sambuci;33;4;0;0;0;;;;4;1;1;0;0;;;;2;6
58094;Sambuci;34;1;2;0;0;;;;3;3;3;0;0;;;;6;9
58094;Sambuci;35;2;1;0;0;;;;3;5;0;0;0;;;;5;8
58094;Sambuci;36;5;0;0;0;;;;5;5;3;0;0;;;;8;13
58094;Sambuci;37;5;3;0;0;;;;8;3;3;0;0;;;;6;14
58094;Sambuci;38;4;0;0;0;;;;4;3;4;0;0;;;;7;11
58094;Sambuci;39;4;3;0;0;;;;7;7;1;1;0;;;;9;16
58094;Sambuci;40;4;0;0;0;;;;4;1;2;0;0;;;;3;7
58094;Sambuci;41;5;0;0;0;;;;5;5;3;0;0;;;;8;13
58094;Sambuci;42;4;5;1;0;;;;10;2;2;0;0;;;;4;14
58094;Sambuci;43;3;2;1;0;;;;6;0;0;0;0;;;;0;6
58094;Sambuci;44;2;5;1;0;;;;8;1;3;1;0;;;;5;13
58094;Sambuci;45;1;3;0;0;;;;4;4;1;0;0;;;;5;9
58094;Sambuci;46;2;6;0;0;;;;8;0;4;1;0;;;;5;13
58094;Sambuci;47;2;2;0;0;;;;4;2;6;0;1;;;;9;13
58094;Sambuci;48;4;2;0;0;;;;6;0;5;1;1;;;;7;13
58094;Sambuci;49;1;6;0;0;;;;7;1;5;1;0;;;;7;14
58094;Sambuci;50;1;1;0;0;;;;2;1;2;0;0;;;;3;5
58094;Sambuci;51;3;1;0;0;;;;4;1;3;1;0;;;;5;9
58094;Sambuci;52;1;7;0;0;;;;8;1;7;0;0;;;;8;16
58094;Sambuci;53;1;2;3;0;;;;6;3;3;1;0;;;;7;13
58094;Sambuci;54;2;6;1;1;;;;10;1;4;0;1;;;;6;16
58094;Sambuci;55;1;3;0;0;;;;4;0;8;0;1;;;;9;13
58094;Sambuci;56;1;5;1;0;;;;7;2;4;0;0;;;;6;13
58094;Sambuci;57;2;3;0;0;;;;5;1;4;0;0;;;;5;10
58094;Sambuci;58;0;5;2;0;;;;7;0;6;0;0;;;;6;13
58094;Sambuci;59;0;4;1;1;;;;6;0;4;1;0;;;;5;11
58094;Sambuci;60;2;4;1;0;;;;7;3;4;0;1;;;;8;15
58094;Sambuci;61;1;4;0;0;;;;5;0;9;0;1;;;;10;15
58094;Sambuci;62;2;5;1;0;;;;8;0;2;0;1;;;;3;11
58094;Sambuci;63;2;3;1;1;;;;7;2;6;0;2;;;;10;17
58094;Sambuci;64;0;3;0;0;;;;3;0;8;0;0;;;;8;11
58094;Sambuci;65;0;8;0;2;;;;10;0;3;0;1;;;;4;14
58094;Sambuci;66;2;10;0;0;;;;12;1;4;0;0;;;;5;17
58094;Sambuci;67;0;6;1;0;;;;7;1;9;0;1;;;;11;18
58094;Sambuci;68;0;4;1;0;;;;5;0;3;1;2;;;;6;11
58094;Sambuci;69;0;3;0;0;;;;3;0;2;2;3;;;;7;10
58094;Sambuci;70;0;0;1;0;;;;1;0;7;1;1;;;;9;10
58094;Sambuci;71;0;5;0;0;;;;5;0;6;0;1;;;;7;12
58094;Sambuci;72;1;5;0;0;;;;6;0;1;0;1;;;;2;8
58094;Sambuci;73;0;8;1;1;;;;10;0;5;0;0;;;;5;15
58094;Sambuci;74;0;9;0;1;;;;10;0;2;0;0;;;;2;12
58094;Sambuci;75;0;4;0;0;;;;4;0;4;1;2;;;;7;11
58094;Sambuci;76;0;4;1;1;;;;6;0;3;0;1;;;;4;10
58094;Sambuci;77;0;7;0;2;;;;9;0;1;0;2;;;;3;12
58094;Sambuci;78;0;6;0;0;;;;6;0;4;0;2;;;;6;12
58094;Sambuci;79;0;2;0;0;;;;2;0;0;0;0;;;;0;2
58094;Sambuci;80;0;1;0;0;;;;1;0;1;1;1;;;;3;4
58094;Sambuci;81;0;2;1;0;;;;3;0;2;0;2;;;;4;7
58094;Sambuci;82;0;1;0;1;;;;2;0;1;0;1;;;;2;4
58094;Sambuci;83;0;1;0;0;;;;1;1;0;0;1;;;;2;3
58094;Sambuci;84;0;1;0;0;;;;1;0;0;0;1;;;;1;2
58094;Sambuci;85;0;0;1;0;;;;1;0;0;0;2;;;;2;3
58094;Sambuci;86;0;0;0;2;;;;2;1;0;1;1;;;;3;5
58094;Sambuci;87;0;3;0;1;;;;4;0;0;0;2;;;;2;6
58094;Sambuci;88;0;0;0;1;;;;1;0;0;0;2;;;;2;3
58094;Sambuci;89;0;0;0;1;;;;1;0;0;0;4;;;;4;5
58094;Sambuci;90;0;0;0;1;;;;1;0;0;0;0;;;;0;1
58094;Sambuci;91;0;0;0;1;;;;1;0;1;0;1;;;;2;3
58094;Sambuci;92;0;0;0;0;;;;0;0;0;0;1;;;;1;1
58094;Sambuci;93;0;0;0;0;;;;0;0;0;0;0;;;;0;0
58094;Sambuci;94;0;0;0;0;;;;0;0;0;0;0;;;;0;0
58094;Sambuci;95;0;0;0;0;;;;0;0;0;0;1;;;;1;1
58094;Sambuci;96;0;0;0;0;;;;0;0;0;0;0;;;;0;0
58094;Sambuci;97;0;0;0;0;;;;0;0;0;0;0;;;;0;0
58094;Sambuci;98;0;0;0;0;;;;0;0;0;0;0;;;;0;0
58094;Sambuci;99;0;0;0;0;;;;0;0;0;0;0;;;;0;0
58094;Sambuci;100;0;0;0;0;;;;0;0;0;0;0;;;;0;0
58094;Sambuci;999;186;186;21;18;;;;411;168;182;15;46;;;;411;822
58119;San Cesareo;0;68;0;0;0;;;;68;47;0;0;0;;;;47;115
58119;San Cesareo;1;71;0;0;0;;;;71;62;0;0;0;;;;62;133
58119;San Cesareo;2;50;0;0;0;;;;50;60;0;0;0;;;;60;110
58119;San Cesareo;3;71;0;0;0;;;;71;72;0;0;0;;;;72;143
58119;San Cesareo;4;64;0;0;0;;;;64;59;0;0;0;;;;59;123
58119;San Cesareo;5;79;0;0;0;;;;79;77;0;0;0;;;;77;156
58119;San Cesareo;6;88;0;0;0;;;;88;89;0;0;0;;;;89;177
58119;San Cesareo;7;82;0;0;0;;;;82;93;0;0;0;;;;93;175
58119;San Cesareo;8;78;0;0;0;;;;78;89;0;0;0;;;;89;167
58119;San Cesareo;9;89;0;0;0;;;;89;82;0;0;0;;;;82;171
58119;San Cesareo;10;88;0;0;0;;;;88;78;0;0;0;;;;78;166
58119;San Cesareo;11;85;0;0;0;;;;85;99;0;0;0;;;;99;184
58119;San Cesareo;12;91;0;0;0;;;;91;93;0;0;0;;;;93;184
58119;San Cesareo;13;87;0;0;0;;;;87;102;0;0;0;;;;102;189
58119;San Cesareo;14;101;0;0;0;;;;101;94;0;0;0;;;;94;195
58119;San Cesareo;15;109;0;0;0;;;;109;76;0;0;0;;;;76;185
58119;San Cesareo;16;100;0;0;0;;;;100;112;0;0;0;;;;112;212
58119;San Cesareo;17;100;0;0;0;;;;100;93;1;0;0;;;;94;194
58119;San Cesareo;18;96;0;0;0;;;;96;83;1;0;0;;;;84;180
58119;San Cesareo;19;98;0;0;0;;;;98;69;0;0;0;;;;69;167
58119;San Cesareo;20;100;0;0;0;;;;100;76;1;0;0;;;;77;177
58119;San Cesareo;21;82;0;0;0;;;;82;75;1;0;0;;;;76;158
58119;San Cesareo;22;95;0;0;0;;;;95;70;1;0;0;;;;71;166
58119;San Cesareo;23;62;1;0;0;;;;63;68;2;0;0;;;;70;133
58119;San Cesareo;24;82;2;0;0;;;;84;74;3;2;0;;;;79;163
58119;San Cesareo;25;78;1;0;0;;;;79;80;4;0;0;;;;84;163
58119;San Cesareo;26;95;3;0;0;;;;98;82;4;0;0;;;;86;184
58119;San Cesareo;27;90;5;1;0;;;;96;59;9;0;0;;;;68;164
58119;San Cesareo;28;60;6;0;0;;;;66;74;11;0;0;;;;85;151
58119;San Cesareo;29;71;8;1;0;;;;80;73;12;0;1;;;;86;166
58119;San Cesareo;30;77;11;0;0;;;;88;57;20;0;0;;;;77;165
58119;San Cesareo;31;69;13;1;0;;;;83;66;27;0;0;;;;93;176
58119;San Cesareo;32;65;12;0;0;;;;77;63;39;0;1;;;;103;180
58119;San Cesareo;33;88;24;0;0;;;;112;49;29;0;0;;;;78;190
58119;San Cesareo;34;80;26;0;1;;;;107;47;49;2;0;;;;98;205
58119;San Cesareo;35;72;35;1;0;;;;108;57;50;2;0;;;;109;217
58119;San Cesareo;36;72;28;2;0;;;;102;41;45;1;0;;;;87;189
58119;San Cesareo;37;53;48;0;0;;;;101;52;66;0;1;;;;119;220
58119;San Cesareo;38;77;49;2;0;;;;128;55;55;1;0;;;;111;239
58119;San Cesareo;39;57;66;1;0;;;;124;52;64;1;2;;;;119;243
58119;San Cesareo;40;53;48;2;0;;;;103;47;64;3;0;;;;114;217
58119;San Cesareo;41;61;56;4;0;;;;121;40;83;2;0;;;;125;246
58119;San Cesareo;42;58;69;3;1;;;;131;26;79;4;0;;;;109;240
58119;San Cesareo;43;57;58;1;0;;;;116;24;76;4;0;;;;104;220
58119;San Cesareo;44;36;89;6;0;;;;131;36;81;7;0;;;;124;255
58119;San Cesareo;45;34;81;6;1;;;;122;30;83;6;2;;;;121;243
58119;San Cesareo;46;50;89;5;0;;;;144;34;94;13;2;;;;143;287
58119;San Cesareo;47;46;91;8;0;;;;145;28;79;7;2;;;;116;261
58119;San Cesareo;48;32;95;7;2;;;;136;32;104;5;3;;;;144;280
58119;San Cesareo;49;36;79;8;1;;;;124;23;75;16;2;;;;116;240
58119;San Cesareo;50;32;77;5;2;;;;116;20;105;14;5;;;;144;260
58119;San Cesareo;51;34;109;11;0;;;;154;33;108;12;3;;;;156;310
58119;San Cesareo;52;31;93;12;4;;;;140;24;109;9;5;;;;147;287
58119;San Cesareo;53;25;103;12;1;;;;141;23;97;11;5;;;;136;277
58119;San Cesareo;54;40;89;8;1;;;;138;18;101;16;3;;;;138;276
58119;San Cesareo;55;25;105;8;2;;;;140;13;102;8;9;;;;132;272
58119;San Cesareo;56;26;99;17;1;;;;143;15;94;10;5;;;;124;267
58119;San Cesareo;57;21;102;12;2;;;;137;17;82;10;15;;;;124;261
58119;San Cesareo;58;20;93;5;1;;;;119;9;79;19;12;;;;119;238
58119;San Cesareo;59;17;96;14;0;;;;127;11;111;7;8;;;;137;264
58119;San Cesareo;60;17;94;8;6;;;;125;12;93;12;4;;;;121;246
58119;San Cesareo;61;18;82;9;1;;;;110;11;87;14;7;;;;119;229
58119;San Cesareo;62;10;91;8;5;;;;114;10;74;8;20;;;;112;226
58119;San Cesareo;63;12;79;6;4;;;;101;12;81;7;10;;;;110;211
58119;San Cesareo;64;10;85;7;3;;;;105;1;69;6;11;;;;87;192
58119;San Cesareo;65;9;80;5;3;;;;97;0;67;3;14;;;;84;181
58119;San Cesareo;66;5;79;3;5;;;;92;6;60;6;16;;;;88;180
58119;San Cesareo;67;5;69;7;4;;;;85;5;63;7;11;;;;86;171
58119;San Cesareo;68;5;74;6;6;;;;91;3;76;6;26;;;;111;202
58119;San Cesareo;69;7;75;3;4;;;;89;7;67;3;11;;;;88;177
58119;San Cesareo;70;4;69;1;6;;;;80;7;57;2;20;;;;86;166
58119;San Cesareo;71;5;49;5;9;;;;68;4;51;8;18;;;;81;149
58119;San Cesareo;72;6;51;3;2;;;;62;1;40;7;18;;;;66;128
58119;San Cesareo;73;4;61;1;9;;;;75;5;45;1;18;;;;69;144
58119;San Cesareo;74;1;49;3;3;;;;56;5;44;4;26;;;;79;135
58119;San Cesareo;75;3;46;2;4;;;;55;2;32;2;27;;;;63;118
58119;San Cesareo;76;3;65;3;5;;;;76;4;37;1;23;;;;65;141
58119;San Cesareo;77;1;55;1;11;;;;68;1;37;3;30;;;;71;139
58119;San Cesareo;78;0;48;0;10;;;;58;1;37;2;23;;;;63;121
58119;San Cesareo;79;0;33;0;3;;;;36;1;31;5;29;;;;66;102
58119;San Cesareo;80;0;27;3;2;;;;32;1;20;3;25;;;;49;81
58119;San Cesareo;81;0;33;0;2;;;;35;1;22;0;22;;;;45;80
58119;San Cesareo;82;1;21;0;8;;;;30;0;12;1;22;;;;35;65
58119;San Cesareo;83;0;24;1;9;;;;34;2;18;0;31;;;;51;85
58119;San Cesareo;84;1;31;0;9;;;;41;2;13;3;31;;;;49;90
58119;San Cesareo;85;0;25;0;5;;;;30;1;7;1;22;;;;31;61
58119;San Cesareo;86;0;16;1;7;;;;24;2;4;2;32;;;;40;64
58119;San Cesareo;87;0;22;0;5;;;;27;1;7;1;25;;;;34;61
58119;San Cesareo;88;1;11;0;6;;;;18;1;10;0;15;;;;26;44
58119;San Cesareo;89;0;12;0;4;;;;16;1;3;0;16;;;;20;36
58119;San Cesareo;90;0;10;0;3;;;;13;1;3;0;19;;;;23;36
58119;San Cesareo;91;0;4;0;1;;;;5;0;4;0;12;;;;16;21
58119;San Cesareo;92;0;3;0;2;;;;5;1;4;0;11;;;;16;21
58119;San Cesareo;93;0;0;0;1;;;;1;0;1;0;9;;;;10;11
58119;San Cesareo;94;2;2;0;3;;;;7;0;1;0;6;;;;7;14
58119;San Cesareo;95;0;3;0;1;;;;4;0;1;0;6;;;;7;11
58119;San Cesareo;96;0;0;0;0;;;;0;0;1;0;6;;;;7;7
58119;San Cesareo;97;0;0;0;1;;;;1;0;1;0;2;;;;3;4
58119;San Cesareo;98;0;0;0;0;;;;0;0;0;0;1;;;;1;1
58119;San Cesareo;99;0;0;0;1;;;;1;0;0;0;0;;;;0;1
58119;San Cesareo;100;0;1;0;0;;;;1;0;0;0;3;;;;3;4
58119;San Cesareo;999;4084;3638;249;193;;;;8164;3514;3580;310;764;;;;8168;16332
58095;San Gregorio da Sassola;0;4;0;0;0;;;;4;8;0;0;0;;;;8;12
58095;San Gregorio da Sassola;1;4;0;0;0;;;;4;3;0;0;0;;;;3;7
58095;San Gregorio da Sassola;2;2;0;0;0;;;;2;3;0;0;0;;;;3;5
58095;San Gregorio da Sassola;3;7;0;0;0;;;;7;5;0;0;0;;;;5;12
58095;San Gregorio da Sassola;4;6;0;0;0;;;;6;6;0;0;0;;;;6;12
58095;San Gregorio da Sassola;5;4;0;0;0;;;;4;8;0;0;0;;;;8;12
58095;San Gregorio da Sassola;6;8;0;0;0;;;;8;4;0;0;0;;;;4;12
58095;San Gregorio da Sassola;7;1;0;0;0;;;;1;1;0;0;0;;;;1;2
58095;San Gregorio da Sassola;8;8;0;0;0;;;;8;7;0;0;0;;;;7;15
58095;San Gregorio da Sassola;9;6;0;0;0;;;;6;2;0;0;0;;;;2;8
58095;San Gregorio da Sassola;10;5;0;0;0;;;;5;5;0;0;0;;;;5;10
58095;San Gregorio da Sassola;11;5;0;0;0;;;;5;8;0;0;0;;;;8;13
58095;San Gregorio da Sassola;12;4;0;0;0;;;;4;8;0;0;0;;;;8;12
58095;San Gregorio da Sassola;13;9;0;0;0;;;;9;2;0;0;0;;;;2;11
58095;San Gregorio da Sassola;14;3;0;0;0;;;;3;6;0;0;0;;;;6;9
58095;San Gregorio da Sassola;15;8;0;0;0;;;;8;9;0;0;0;;;;9;17
58095;San Gregorio da Sassola;16;7;0;0;0;;;;7;7;0;0;0;;;;7;14
58095;San Gregorio da Sassola;17;8;0;0;0;;;;8;5;0;0;0;;;;5;13
58095;San Gregorio da Sassola;18;7;0;0;0;;;;7;2;0;0;0;;;;2;9
58095;San Gregorio da Sassola;19;8;0;0;0;;;;8;5;0;0;0;;;;5;13
58095;San Gregorio da Sassola;20;7;0;0;0;;;;7;4;0;0;0;;;;4;11
58095;San Gregorio da Sassola;21;4;0;0;0;;;;4;6;0;0;0;;;;6;10
58095;San Gregorio da Sassola;22;8;0;0;0;;;;8;4;0;0;0;;;;4;12
58095;San Gregorio da Sassola;23;7;0;0;0;;;;7;4;0;0;0;;;;4;11
58095;San Gregorio da Sassola;24;4;0;0;0;;;;4;5;0;0;0;;;;5;9
58095;San Gregorio da Sassola;25;9;0;0;0;;;;9;7;1;0;0;;;;8;17
58095;San Gregorio da Sassola;26;5;1;0;0;;;;6;9;1;0;0;;;;10;16
58095;San Gregorio da Sassola;27;6;0;0;0;;;;6;8;1;0;0;;;;9;15
58095;San Gregorio da Sassola;28;3;1;0;0;;;;4;7;1;0;0;;;;8;12
58095;San Gregorio da Sassola;29;5;0;0;0;;;;5;7;3;0;0;;;;10;15
58095;San Gregorio da Sassola;30;10;1;0;0;;;;11;3;1;0;0;;;;4;15
58095;San Gregorio da Sassola;31;5;1;0;0;;;;6;5;2;0;0;;;;7;13
58095;San Gregorio da Sassola;32;9;2;0;0;;;;11;8;2;0;0;;;;10;21
58095;San Gregorio da Sassola;33;8;1;0;0;;;;9;4;1;1;0;;;;6;15
58095;San Gregorio da Sassola;34;7;0;0;0;;;;7;5;2;1;0;;;;8;15
58095;San Gregorio da Sassola;35;3;1;0;0;;;;4;3;2;0;0;;;;5;9
58095;San Gregorio da Sassola;36;2;3;1;0;;;;6;3;3;0;0;;;;6;12
58095;San Gregorio da Sassola;37;4;3;0;0;;;;7;10;2;0;0;;;;12;19
58095;San Gregorio da Sassola;38;2;5;0;0;;;;7;4;5;0;0;;;;9;16
58095;San Gregorio da Sassola;39;5;2;0;0;;;;7;5;2;0;0;;;;7;14
58095;San Gregorio da Sassola;40;5;2;0;0;;;;7;1;6;0;0;;;;7;14
58095;San Gregorio da Sassola;41;4;8;0;0;;;;12;5;3;0;0;;;;8;20
58095;San Gregorio da Sassola;42;5;2;0;0;;;;7;3;2;1;1;;;;7;14
58095;San Gregorio da Sassola;43;5;6;0;0;;;;11;3;1;0;0;;;;4;15
58095;San Gregorio da Sassola;44;1;0;0;0;;;;1;2;6;1;1;;;;10;11
58095;San Gregorio da Sassola;45;5;5;0;0;;;;10;1;5;0;0;;;;6;16
58095;San Gregorio da Sassola;46;5;4;0;0;;;;9;1;6;0;0;;;;7;16
58095;San Gregorio da Sassola;47;6;7;0;0;;;;13;3;8;0;0;;;;11;24
58095;San Gregorio da Sassola;48;8;7;1;0;;;;16;3;8;1;1;;;;13;29
58095;San Gregorio da Sassola;49;5;6;1;1;;;;13;3;8;0;1;;;;12;25
58095;San Gregorio da Sassola;50;2;12;0;0;;;;14;2;3;0;0;;;;5;19
58095;San Gregorio da Sassola;51;2;7;0;0;;;;9;1;9;1;0;;;;11;20
58095;San Gregorio da Sassola;52;3;6;0;0;;;;9;0;5;1;1;;;;7;16
58095;San Gregorio da Sassola;53;9;5;0;0;;;;14;1;7;0;0;;;;8;22
58095;San Gregorio da Sassola;54;3;3;0;0;;;;6;1;7;0;2;;;;10;16
58095;San Gregorio da Sassola;55;2;5;0;0;;;;7;0;8;1;0;;;;9;16
58095;San Gregorio da Sassola;56;3;6;1;0;;;;10;1;10;0;0;;;;11;21
58095;San Gregorio da Sassola;57;3;6;2;0;;;;11;0;6;3;1;;;;10;21
58095;San Gregorio da Sassola;58;1;10;1;0;;;;12;3;16;0;0;;;;19;31
58095;San Gregorio da Sassola;59;3;10;0;1;;;;14;4;6;0;0;;;;10;24
58095;San Gregorio da Sassola;60;2;14;1;0;;;;17;3;8;1;1;;;;13;30
58095;San Gregorio da Sassola;61;1;10;0;0;;;;11;1;11;0;1;;;;13;24
58095;San Gregorio da Sassola;62;1;13;0;1;;;;15;0;7;1;2;;;;10;25
58095;San Gregorio da Sassola;63;3;11;1;0;;;;15;1;5;1;4;;;;11;26
58095;San Gregorio da Sassola;64;1;7;0;1;;;;9;1;6;0;1;;;;8;17
58095;San Gregorio da Sassola;65;0;7;1;0;;;;8;0;9;1;1;;;;11;19
58095;San Gregorio da Sassola;66;6;10;1;0;;;;17;0;12;0;2;;;;14;31
58095;San Gregorio da Sassola;67;2;7;0;0;;;;9;1;9;0;1;;;;11;20
58095;San Gregorio da Sassola;68;1;9;1;0;;;;11;1;2;0;1;;;;4;15
58095;San Gregorio da Sassola;69;2;12;0;1;;;;15;2;9;1;4;;;;16;31
58095;San Gregorio da Sassola;70;6;8;2;0;;;;16;1;6;0;0;;;;7;23
58095;San Gregorio da Sassola;71;1;10;0;0;;;;11;1;3;0;1;;;;5;16
58095;San Gregorio da Sassola;72;2;5;0;0;;;;7;0;7;0;1;;;;8;15
58095;San Gregorio da Sassola;73;0;5;0;0;;;;5;0;3;0;2;;;;5;10
58095;San Gregorio da Sassola;74;1;5;0;1;;;;7;0;9;0;1;;;;10;17
58095;San Gregorio da Sassola;75;0;11;0;0;;;;11;2;5;0;0;;;;7;18
58095;San Gregorio da Sassola;76;1;7;0;0;;;;8;0;5;0;2;;;;7;15
58095;San Gregorio da Sassola;77;0;2;1;0;;;;3;1;4;0;4;;;;9;12
58095;San Gregorio da Sassola;78;1;5;0;1;;;;7;0;2;0;5;;;;7;14
58095;San Gregorio da Sassola;79;0;3;0;0;;;;3;1;4;0;4;;;;9;12
58095;San Gregorio da Sassola;80;1;2;0;0;;;;3;0;2;0;2;;;;4;7
58095;San Gregorio da Sassola;81;0;5;0;2;;;;7;0;3;0;2;;;;5;12
58095;San Gregorio da Sassola;82;1;1;0;0;;;;2;0;1;0;3;;;;4;6
58095;San Gregorio da Sassola;83;0;3;0;4;;;;7;0;2;0;3;;;;5;12
58095;San Gregorio da Sassola;84;2;3;0;0;;;;5;0;2;0;6;;;;8;13
58095;San Gregorio da Sassola;85;1;4;0;1;;;;6;0;0;0;5;;;;5;11
58095;San Gregorio da Sassola;86;0;3;0;1;;;;4;1;2;0;2;;;;5;9
58095;San Gregorio da Sassola;87;0;0;1;2;;;;3;0;2;0;5;;;;7;10
58095;San Gregorio da Sassola;88;0;2;0;0;;;;2;0;0;0;3;;;;3;5
58095;San Gregorio da Sassola;89;0;1;0;2;;;;3;0;0;0;6;;;;6;9
58095;San Gregorio da Sassola;90;1;0;1;0;;;;2;2;1;0;2;;;;5;7
58095;San Gregorio da Sassola;91;1;0;0;1;;;;2;0;1;0;1;;;;2;4
58095;San Gregorio da Sassola;92;0;1;0;0;;;;1;0;1;0;3;;;;4;5
58095;San Gregorio da Sassola;93;0;1;0;0;;;;1;0;0;0;4;;;;4;5
58095;San Gregorio da Sassola;94;0;0;0;0;;;;0;0;0;0;1;;;;1;1
58095;San Gregorio da Sassola;95;0;1;0;0;;;;1;0;0;0;1;;;;1;2
58095;San Gregorio da Sassola;96;0;0;0;0;;;;0;0;0;0;2;;;;2;2
58095;San Gregorio da Sassola;97;0;0;0;0;;;;0;0;0;0;1;;;;1;1
58095;San Gregorio da Sassola;98;0;0;0;0;;;;0;0;0;0;1;;;;1;1
58095;San Gregorio da Sassola;99;0;0;0;0;;;;0;0;0;0;0;;;;0;0
58095;San Gregorio da Sassola;100;0;0;0;0;;;;0;0;0;0;0;;;;0;0
58095;San Gregorio da Sassola;999;345;326;17;20;;;;708;272;302;16;99;;;;689;1397
58096;San Polo dei Cavalieri;0;7;0;0;0;;;;7;6;0;0;0;;;;6;13
58096;San Polo dei Cavalieri;1;8;0;0;0;;;;8;3;0;0;0;;;;3;11
58096;San Polo dei Cavalieri;2;6;0;0;0;;;;6;7;0;0;0;;;;7;13
58096;San Polo dei Cavalieri;3;10;0;0;0;;;;10;8;0;0;0;;;;8;18
58096;San Polo dei Cavalieri;4;9;0;0;0;;;;9;9;0;0;0;;;;9;18
58096;San Polo dei Cavalieri;5;7;0;0;0;;;;7;6;0;0;0;;;;6;13
58096;San Polo dei Cavalieri;6;8;0;0;0;;;;8;18;0;0;0;;;;18;26
58096;San Polo dei Cavalieri;7;15;0;0;0;;;;15;12;0;0;0;;;;12;27
58096;San Polo dei Cavalieri;8;11;0;0;0;;;;11;8;0;0;0;;;;8;19
58096;San Polo dei Cavalieri;9;12;0;0;0;;;;12;7;0;0;0;;;;7;19
58096;San Polo dei Cavalieri;10;14;0;0;0;;;;14;14;0;0;0;;;;14;28
58096;San Polo dei Cavalieri;11;13;0;0;0;;;;13;13;0;0;0;;;;13;26
58096;San Polo dei Cavalieri;12;15;0;0;0;;;;15;13;0;0;0;;;;13;28
58096;San Polo dei Cavalieri;13;19;0;0;0;;;;19;17;0;0;0;;;;17;36
58096;San Polo dei Cavalieri;14;13;0;0;0;;;;13;12;0;0;0;;;;12;25
58096;San Polo dei Cavalieri;15;8;0;0;0;;;;8;13;0;0;0;;;;13;21
58096;San Polo dei Cavalieri;16;9;0;0;0;;;;9;15;0;0;0;;;;15;24
58096;San Polo dei Cavalieri;17;10;0;0;0;;;;10;12;0;0;0;;;;12;22
58096;San Polo dei Cavalieri;18;15;0;0;0;;;;15;12;0;0;0;;;;12;27
58096;San Polo dei Cavalieri;19;8;0;0;0;;;;8;18;0;0;0;;;;18;26
58096;San Polo dei Cavalieri;20;9;0;0;0;;;;9;13;0;0;0;;;;13;22
58096;San Polo dei Cavalieri;21;14;0;0;0;;;;14;13;0;0;0;;;;13;27
58096;San Polo dei Cavalieri;22;18;0;0;0;;;;18;14;0;0;0;;;;14;32
58096;San Polo dei Cavalieri;23;20;0;0;0;;;;20;11;0;0;0;;;;11;31
58096;San Polo dei Cavalieri;24;8;0;0;0;;;;8;13;1;0;0;;;;14;22
58096;San Polo dei Cavalieri;25;18;0;0;0;;;;18;4;0;0;0;;;;4;22
58096;San Polo dei Cavalieri;26;14;0;0;0;;;;14;12;0;0;0;;;;12;26
58096;San Polo dei Cavalieri;27;16;3;0;0;;;;19;11;2;0;0;;;;13;32
58096;San Polo dei Cavalieri;28;11;1;0;0;;;;12;4;2;0;0;;;;6;18
58096;San Polo dei Cavalieri;29;16;1;0;0;;;;17;6;2;0;0;;;;8;25
58096;San Polo dei Cavalieri;30;12;2;0;0;;;;14;7;4;0;0;;;;11;25
58096;San Polo dei Cavalieri;31;11;0;0;0;;;;11;15;2;0;0;;;;17;28
58096;San Polo dei Cavalieri;32;16;2;0;0;;;;18;11;2;0;0;;;;13;31
58096;San Polo dei Cavalieri;33;4;0;0;0;;;;4;10;4;0;0;;;;14;18
58096;San Polo dei Cavalieri;34;16;2;0;0;;;;18;11;5;0;0;;;;16;34
58096;San Polo dei Cavalieri;35;12;4;0;0;;;;16;3;10;1;0;;;;14;30
58096;San Polo dei Cavalieri;36;16;4;0;0;;;;20;14;5;0;0;;;;19;39
58096;San Polo dei Cavalieri;37;12;3;0;0;;;;15;5;5;0;0;;;;10;25
58096;San Polo dei Cavalieri;38;15;2;0;0;;;;17;2;6;0;0;;;;8;25
58096;San Polo dei Cavalieri;39;5;7;0;0;;;;12;5;12;0;0;;;;17;29
58096;San Polo dei Cavalieri;40;13;6;1;0;;;;20;7;10;0;0;;;;17;37
58096;San Polo dei Cavalieri;41;8;4;0;0;;;;12;4;9;1;0;;;;14;26
58096;San Polo dei Cavalieri;42;6;18;1;0;;;;25;7;14;1;0;;;;22;47
58096;San Polo dei Cavalieri;43;10;13;0;0;;;;23;12;10;1;0;;;;23;46
58096;San Polo dei Cavalieri;44;12;9;0;0;;;;21;4;18;0;0;;;;22;43
58096;San Polo dei Cavalieri;45;10;15;0;0;;;;25;6;12;0;0;;;;18;43
58096;San Polo dei Cavalieri;46;5;9;2;0;;;;16;9;18;0;0;;;;27;43
58096;San Polo dei Cavalieri;47;7;11;1;0;;;;19;3;18;1;0;;;;22;41
58096;San Polo dei Cavalieri;48;6;19;3;0;;;;28;7;17;2;1;;;;27;55
58096;San Polo dei Cavalieri;49;11;17;0;0;;;;28;1;22;1;0;;;;24;52
58096;San Polo dei Cavalieri;50;10;18;3;0;;;;31;4;21;1;0;;;;26;57
58096;San Polo dei Cavalieri;51;8;13;1;0;;;;22;2;12;3;0;;;;17;39
58096;San Polo dei Cavalieri;52;8;17;0;0;;;;25;3;15;0;1;;;;19;44
58096;San Polo dei Cavalieri;53;4;16;1;0;;;;21;1;19;0;0;;;;20;41
58096;San Polo dei Cavalieri;54;6;17;2;0;;;;25;6;15;0;1;;;;22;47
58096;San Polo dei Cavalieri;55;2;16;4;0;;;;22;2;16;3;0;;;;21;43
58096;San Polo dei Cavalieri;56;5;12;0;0;;;;17;4;20;0;0;;;;24;41
58096;San Polo dei Cavalieri;57;7;15;3;1;;;;26;2;16;4;1;;;;23;49
58096;San Polo dei Cavalieri;58;5;21;1;0;;;;27;3;13;2;2;;;;20;47
58096;San Polo dei Cavalieri;59;3;11;3;1;;;;18;1;18;2;2;;;;23;41
58096;San Polo dei Cavalieri;60;3;18;3;2;;;;26;1;14;2;3;;;;20;46
58096;San Polo dei Cavalieri;61;6;9;1;0;;;;16;2;16;1;0;;;;19;35
58096;San Polo dei Cavalieri;62;4;21;0;0;;;;25;0;11;3;2;;;;16;41
58096;San Polo dei Cavalieri;63;5;18;2;3;;;;28;4;18;2;4;;;;28;56
58096;San Polo dei Cavalieri;64;2;18;3;2;;;;25;5;11;3;5;;;;24;49
58096;San Polo dei Cavalieri;65;3;20;3;0;;;;26;1;17;3;2;;;;23;49
58096;San Polo dei Cavalieri;66;1;6;2;1;;;;10;1;14;6;3;;;;24;34
58096;San Polo dei Cavalieri;67;3;23;2;3;;;;31;1;20;0;0;;;;21;52
58096;San Polo dei Cavalieri;68;3;12;1;0;;;;16;1;9;1;5;;;;16;32
58096;San Polo dei Cavalieri;69;3;17;0;1;;;;21;0;14;1;4;;;;19;40
58096;San Polo dei Cavalieri;70;1;16;1;2;;;;20;3;11;0;7;;;;21;41
58096;San Polo dei Cavalieri;71;1;20;2;2;;;;25;2;8;0;4;;;;14;39
58096;San Polo dei Cavalieri;72;1;15;1;0;;;;17;0;14;0;4;;;;18;35
58096;San Polo dei Cavalieri;73;1;13;3;0;;;;17;0;7;0;5;;;;12;29
58096;San Polo dei Cavalieri;74;3;9;4;0;;;;16;1;6;0;4;;;;11;27
58096;San Polo dei Cavalieri;75;0;4;0;1;;;;5;1;6;3;6;;;;16;21
58096;San Polo dei Cavalieri;76;0;21;0;2;;;;23;1;10;0;2;;;;13;36
58096;San Polo dei Cavalieri;77;0;9;0;1;;;;10;1;8;2;9;;;;20;30
58096;San Polo dei Cavalieri;78;2;8;0;2;;;;12;1;3;1;6;;;;11;23
58096;San Polo dei Cavalieri;79;0;5;3;3;;;;11;0;4;1;4;;;;9;20
58096;San Polo dei Cavalieri;80;0;3;0;2;;;;5;0;4;0;6;;;;10;15
58096;San Polo dei Cavalieri;81;0;11;1;0;;;;12;1;3;0;10;;;;14;26
58096;San Polo dei Cavalieri;82;0;10;0;1;;;;11;1;3;0;6;;;;10;21
58096;San Polo dei Cavalieri;83;0;6;0;2;;;;8;0;2;0;6;;;;8;16
58096;San Polo dei Cavalieri;84;0;5;0;3;;;;8;0;1;0;10;;;;11;19
58096;San Polo dei Cavalieri;85;0;5;0;2;;;;7;0;2;1;6;;;;9;16
58096;San Polo dei Cavalieri;86;0;1;0;1;;;;2;0;1;0;8;;;;9;11
58096;San Polo dei Cavalieri;87;0;2;0;1;;;;3;0;3;0;5;;;;8;11
58096;San Polo dei Cavalieri;88;0;2;0;0;;;;2;0;0;0;7;;;;7;9
58096;San Polo dei Cavalieri;89;0;1;0;3;;;;4;0;1;0;2;;;;3;7
58096;San Polo dei Cavalieri;90;0;2;0;1;;;;3;0;1;0;4;;;;5;8
58096;San Polo dei Cavalieri;91;1;0;0;3;;;;4;0;0;0;0;;;;0;4
58096;San Polo dei Cavalieri;92;0;1;0;1;;;;2;2;0;0;0;;;;2;4
58096;San Polo dei Cavalieri;93;0;1;0;0;;;;1;0;0;0;2;;;;2;3
58096;San Polo dei Cavalieri;94;0;2;0;1;;;;3;0;0;0;0;;;;0;3
58096;San Polo dei Cavalieri;95;0;0;0;1;;;;1;1;0;0;1;;;;2;3
58096;San Polo dei Cavalieri;96;0;0;0;0;;;;0;1;0;0;1;;;;2;2
58096;San Polo dei Cavalieri;97;0;0;0;0;;;;0;0;0;0;0;;;;0;0
58096;San Polo dei Cavalieri;98;0;0;0;0;;;;0;0;0;0;1;;;;1;1
58096;San Polo dei Cavalieri;99;0;0;0;1;;;;1;0;0;0;1;;;;1;2
58096;San Polo dei Cavalieri;100;0;0;0;0;;;;0;0;0;0;0;;;;0;0
58096;San Polo dei Cavalieri;999;669;642;58;50;;;;1419;527;617;53;163;;;;1360;2779
58097;Santa Marinella;0;52;0;0;0;;;;52;43;0;0;0;;;;43;95
58097;Santa Marinella;1;46;0;0;0;;;;46;56;0;0;0;;;;56;102
58097;Santa Marinella;2;32;0;0;0;;;;32;60;0;0;0;;;;60;92
58097;Santa Marinella;3;55;0;0;0;;;;55;40;0;0;0;;;;40;95
58097;Santa Marinella;4;66;0;0;0;;;;66;44;0;0;0;;;;44;110
58097;Santa Marinella;5;63;0;0;0;;;;63;52;0;0;0;;;;52;115
58097;Santa Marinella;6;60;0;0;0;;;;60;53;0;0;0;;;;53;113
58097;Santa Marinella;7;55;0;0;0;;;;55;55;0;0;0;;;;55;110
58097;Santa Marinella;8;63;0;0;0;;;;63;72;0;0;0;;;;72;135
58097;Santa Marinella;9;66;0;0;0;;;;66;75;0;0;0;;;;75;141
58097;Santa Marinella;10;84;0;0;0;;;;84;55;0;0;0;;;;55;139
58097;Santa Marinella;11;77;0;0;0;;;;77;68;0;0;0;;;;68;145
58097;Santa Marinella;12;88;0;0;0;;;;88;63;0;0;0;;;;63;151
58097;Santa Marinella;13;80;0;0;0;;;;80;75;0;0;0;;;;75;155
58097;Santa Marinella;14;76;0;0;0;;;;76;85;0;0;0;;;;85;161
58097;Santa Marinella;15;61;0;0;0;;;;61;85;0;0;0;;;;85;146
58097;Santa Marinella;16;90;0;0;0;;;;90;64;1;0;0;;;;65;155
58097;Santa Marinella;17;84;0;0;0;;;;84;94;0;0;0;;;;94;178
58097;Santa Marinella;18;89;0;0;0;;;;89;88;0;0;0;;;;88;177
58097;Santa Marinella;19;77;1;0;0;;;;78;78;0;0;0;;;;78;156
58097;Santa Marinella;20;83;0;0;0;;;;83;80;0;0;0;;;;80;163
58097;Santa Marinella;21;73;0;0;0;;;;73;56;0;0;0;;;;56;129
58097;Santa Marinella;22;92;0;0;0;;;;92;69;0;0;0;;;;69;161
58097;Santa Marinella;23;76;0;0;0;;;;76;67;0;0;0;;;;67;143
58097;Santa Marinella;24;86;1;0;0;;;;87;78;3;0;0;;;;81;168
58097;Santa Marinella;25;73;0;0;0;;;;73;56;2;0;0;;;;58;131
58097;Santa Marinella;26;93;1;0;0;;;;94;72;3;0;0;;;;75;169
58097;Santa Marinella;27;76;1;0;0;;;;77;82;7;0;0;;;;89;166
58097;Santa Marinella;28;80;0;1;0;;;;81;68;6;0;0;;;;74;155
58097;Santa Marinella;29;77;4;0;0;;;;81;67;7;1;1;;;;76;157
58097;Santa Marinella;30;72;6;0;0;;;;78;56;8;1;0;;;;65;143
58097;Santa Marinella;31;62;10;1;0;;;;73;49;18;0;0;;;;67;140
58097;Santa Marinella;32;62;12;1;0;;;;75;66;19;1;0;;;;86;161
58097;Santa Marinella;33;84;11;0;0;;;;95;77;26;2;0;;;;105;200
58097;Santa Marinella;34;57;19;0;0;;;;76;61;40;1;2;;;;104;180
58097;Santa Marinella;35;63;19;0;0;;;;82;48;46;6;1;;;;101;183
58097;Santa Marinella;36;44;26;0;0;;;;70;52;53;2;0;;;;107;177
58097;Santa Marinella;37;63;21;0;0;;;;84;50;39;5;0;;;;94;178
58097;Santa Marinella;38;53;34;4;0;;;;91;44;51;4;1;;;;100;191
58097;Santa Marinella;39;58;37;0;0;;;;95;60;47;8;0;;;;115;210
58097;Santa Marinella;40;47;39;4;0;;;;90;43;49;5;0;;;;97;187
58097;Santa Marinella;41;52;53;3;0;;;;108;53;54;4;0;;;;111;219
58097;Santa Marinella;42;60;44;4;0;;;;108;38;58;4;0;;;;100;208
58097;Santa Marinella;43;64;60;2;0;;;;126;44;56;6;0;;;;106;232
58097;Santa Marinella;44;40;66;4;0;;;;110;37;62;3;2;;;;104;214
58097;Santa Marinella;45;55;69;7;0;;;;131;56;73;7;0;;;;136;267
58097;Santa Marinella;46;64;72;8;1;;;;145;44;89;7;1;;;;141;286
58097;Santa Marinella;47;58;83;8;1;;;;150;45;84;12;5;;;;146;296
58097;Santa Marinella;48;55;70;11;0;;;;136;39;90;13;2;;;;144;280
58097;Santa Marinella;49;67;82;14;0;;;;163;45;97;18;1;;;;161;324
58097;Santa Marinella;50;56;82;18;0;;;;156;53;115;17;4;;;;189;345
58097;Santa Marinella;51;54;108;14;0;;;;176;44;120;19;2;;;;185;361
58097;Santa Marinella;52;39;110;19;3;;;;171;36;101;21;1;;;;159;330
58097;Santa Marinella;53;46;110;16;1;;;;173;41;120;15;5;;;;181;354
58097;Santa Marinella;54;38;98;10;1;;;;147;35;105;22;7;;;;169;316
58097;Santa Marinella;55;43;110;24;0;;;;177;38;109;24;4;;;;175;352
58097;Santa Marinella;56;39;117;9;0;;;;165;30;121;28;9;;;;188;353
58097;Santa Marinella;57;24;102;17;2;;;;145;39;109;19;9;;;;176;321
58097;Santa Marinella;58;29;129;11;5;;;;174;36;113;30;3;;;;182;356
58097;Santa Marinella;59;34;110;14;6;;;;164;29;108;17;7;;;;161;325
58097;Santa Marinella;60;30;108;15;4;;;;157;24;120;24;7;;;;175;332
58097;Santa Marinella;61;22;112;18;3;;;;155;23;104;25;7;;;;159;314
58097;Santa Marinella;62;19;89;23;5;;;;136;24;103;15;9;;;;151;287
58097;Santa Marinella;63;19;115;19;1;;;;154;21;101;20;13;;;;155;309
58097;Santa Marinella;64;13;111;22;1;;;;147;15;92;14;10;;;;131;278
58097;Santa Marinella;65;13;108;14;3;;;;138;17;92;24;20;;;;153;291
58097;Santa Marinella;66;15;74;11;3;;;;103;11;87;9;9;;;;116;219
58097;Santa Marinella;67;12;87;10;6;;;;115;12;85;13;15;;;;125;240
58097;Santa Marinella;68;20;108;16;8;;;;152;10;75;22;15;;;;122;274
58097;Santa Marinella;69;16;96;13;8;;;;133;12;96;6;15;;;;129;262
58097;Santa Marinella;70;7;90;12;4;;;;113;14;85;10;20;;;;129;242
58097;Santa Marinella;71;7;80;18;1;;;;106;9;65;11;19;;;;104;210
58097;Santa Marinella;72;4;81;7;3;;;;95;12;65;8;30;;;;115;210
58097;Santa Marinella;73;8;66;10;4;;;;88;6;57;10;24;;;;97;185
58097;Santa Marinella;74;9;93;4;9;;;;115;9;61;13;32;;;;115;230
58097;Santa Marinella;75;4;77;9;6;;;;96;6;75;11;29;;;;121;217
58097;Santa Marinella;76;6;88;10;12;;;;116;7;54;8;36;;;;105;221
58097;Santa Marinella;77;4;84;5;8;;;;101;3;81;13;42;;;;139;240
58097;Santa Marinella;78;5;82;14;8;;;;109;12;60;7;46;;;;125;234
58097;Santa Marinella;79;6;70;8;9;;;;93;7;50;8;38;;;;103;196
58097;Santa Marinella;80;6;49;6;7;;;;68;6;41;8;33;;;;88;156
58097;Santa Marinella;81;2;51;4;12;;;;69;11;40;8;49;;;;108;177
58097;Santa Marinella;82;4;49;3;6;;;;62;7;26;0;37;;;;70;132
58097;Santa Marinella;83;0;44;4;12;;;;60;8;28;4;44;;;;84;144
58097;Santa Marinella;84;2;46;2;11;;;;61;12;25;3;33;;;;73;134
58097;Santa Marinella;85;3;38;2;15;;;;58;12;21;2;44;;;;79;137
58097;Santa Marinella;86;4;34;2;10;;;;50;16;18;2;35;;;;71;121
58097;Santa Marinella;87;3;27;2;7;;;;39;3;13;1;30;;;;47;86
58097;Santa Marinella;88;2;14;3;5;;;;24;4;15;4;34;;;;57;81
58097;Santa Marinella;89;1;21;2;11;;;;35;4;10;0;27;;;;41;76
58097;Santa Marinella;90;1;15;0;4;;;;20;8;4;0;36;;;;48;68
58097;Santa Marinella;91;0;9;0;3;;;;12;5;2;1;19;;;;27;39
58097;Santa Marinella;92;1;10;1;2;;;;14;3;3;0;25;;;;31;45
58097;Santa Marinella;93;0;7;0;5;;;;12;4;3;1;28;;;;36;48
58097;Santa Marinella;94;0;3;0;4;;;;7;6;0;0;16;;;;22;29
58097;Santa Marinella;95;0;0;0;2;;;;2;4;1;0;11;;;;16;18
58097;Santa Marinella;96;0;2;0;2;;;;4;2;1;0;8;;;;11;15
58097;Santa Marinella;97;0;1;0;1;;;;2;0;2;0;6;;;;8;10
58097;Santa Marinella;98;1;0;0;0;;;;1;0;1;0;6;;;;7;8
58097;Santa Marinella;99;0;0;0;0;;;;0;0;0;0;2;;;;2;2
58097;Santa Marinella;100;0;1;0;1;;;;2;1;0;0;9;;;;10;12
58097;Santa Marinella;999;4024;4157;513;246;;;;8940;3758;4071;627;1035;;;;9491;18431
58098;Sant'Angelo Romano;0;15;0;0;0;;;;15;14;0;0;0;;;;14;29
58098;Sant'Angelo Romano;1;19;0;0;0;;;;19;18;0;0;0;;;;18;37
58098;Sant'Angelo Romano;2;14;0;0;0;;;;14;14;0;0;0;;;;14;28
58098;Sant'Angelo Romano;3;16;0;0;0;;;;16;20;0;0;0;;;;20;36
58098;Sant'Angelo Romano;4;10;0;0;0;;;;10;12;0;0;0;;;;12;22
58098;Sant'Angelo Romano;5;13;0;0;0;;;;13;14;0;0;0;;;;14;27
58098;Sant'Angelo Romano;6;22;0;0;0;;;;22;18;0;0;0;;;;18;40
58098;Sant'Angelo Romano;7;18;0;0;0;;;;18;25;0;0;0;;;;25;43
58098;Sant'Angelo Romano;8;22;0;0;0;;;;22;25;0;0;0;;;;25;47
58098;Sant'Angelo Romano;9;35;0;0;0;;;;35;25;0;0;0;;;;25;60
58098;Sant'Angelo Romano;10;18;0;0;0;;;;18;30;0;0;0;;;;30;48
58098;Sant'Angelo Romano;11;25;0;0;0;;;;25;28;0;0;0;;;;28;53
58098;Sant'Angelo Romano;12;29;0;0;0;;;;29;21;0;0;0;;;;21;50
58098;Sant'Angelo Romano;13;25;0;0;0;;;;25;29;0;0;0;;;;29;54
58098;Sant'Angelo Romano;14;28;0;0;0;;;;28;28;0;0;0;;;;28;56
58098;Sant'Angelo Romano;15;24;0;0;0;;;;24;23;0;0;0;;;;23;47
58098;Sant'Angelo Romano;16;26;0;0;0;;;;26;24;0;0;0;;;;24;50
58098;Sant'Angelo Romano;17;38;0;0;0;;;;38;21;0;0;0;;;;21;59
58098;Sant'Angelo Romano;18;28;0;0;0;;;;28;23;0;0;0;;;;23;51
58098;Sant'Angelo Romano;19;33;0;0;0;;;;33;37;0;0;0;;;;37;70
58098;Sant'Angelo Romano;20;37;0;0;0;;;;37;30;0;0;0;;;;30;67
58098;Sant'Angelo Romano;21;34;0;0;0;;;;34;28;0;0;0;;;;28;62
58098;Sant'Angelo Romano;22;23;0;0;0;;;;23;19;2;0;0;;;;21;44
58098;Sant'Angelo Romano;23;26;0;0;0;;;;26;31;1;0;0;;;;32;58
58098;Sant'Angelo Romano;24;26;1;0;0;;;;27;25;1;0;0;;;;26;53
58098;Sant'Angelo Romano;25;25;0;0;0;;;;25;24;1;0;0;;;;25;50
58098;Sant'Angelo Romano;26;26;4;0;0;;;;30;23;3;0;0;;;;26;56
58098;Sant'Angelo Romano;27;27;1;0;0;;;;28;15;3;0;0;;;;18;46
58098;Sant'Angelo Romano;28;25;0;0;0;;;;25;21;5;0;0;;;;26;51
58098;Sant'Angelo Romano;29;30;3;0;0;;;;33;16;9;0;0;;;;25;58
58098;Sant'Angelo Romano;30;18;5;0;0;;;;23;18;2;0;0;;;;20;43
58098;Sant'Angelo Romano;31;24;1;0;0;;;;25;24;7;0;0;;;;31;56
58098;Sant'Angelo Romano;32;26;5;0;0;;;;31;13;2;1;1;;;;17;48
58098;Sant'Angelo Romano;33;22;6;0;0;;;;28;10;7;1;0;;;;18;46
58098;Sant'Angelo Romano;34;14;5;1;0;;;;20;7;13;1;0;;;;21;41
58098;Sant'Angelo Romano;35;14;6;1;0;;;;21;16;14;0;0;;;;30;51
58098;Sant'Angelo Romano;36;18;9;0;0;;;;27;12;18;1;0;;;;31;58
58098;Sant'Angelo Romano;37;19;12;0;0;;;;31;20;11;1;0;;;;32;63
58098;Sant'Angelo Romano;38;14;11;0;0;;;;25;8;20;1;0;;;;29;54
58098;Sant'Angelo Romano;39;14;20;0;0;;;;34;12;17;1;0;;;;30;64
58098;Sant'Angelo Romano;40;11;12;1;0;;;;24;3;23;0;0;;;;26;50
58098;Sant'Angelo Romano;41;8;14;0;0;;;;22;6;14;1;1;;;;22;44
58098;Sant'Angelo Romano;42;12;19;1;0;;;;32;11;14;2;0;;;;27;59
58098;Sant'Angelo Romano;43;15;19;1;0;;;;35;7;17;4;1;;;;29;64
58098;Sant'Angelo Romano;44;13;18;3;0;;;;34;9;30;1;1;;;;41;75
58098;Sant'Angelo Romano;45;19;37;2;0;;;;58;9;25;2;1;;;;37;95
58098;Sant'Angelo Romano;46;7;19;2;0;;;;28;10;35;3;1;;;;49;77
58098;Sant'Angelo Romano;47;15;28;4;1;;;;48;10;35;2;1;;;;48;96
58098;Sant'Angelo Romano;48;9;25;3;0;;;;37;14;31;5;0;;;;50;87
58098;Sant'Angelo Romano;49;20;25;1;1;;;;47;2;35;2;1;;;;40;87
58098;Sant'Angelo Romano;50;12;32;3;0;;;;47;8;27;6;2;;;;43;90
58098;Sant'Angelo Romano;51;13;31;3;0;;;;47;8;30;5;1;;;;44;91
58098;Sant'Angelo Romano;52;11;36;4;0;;;;51;10;32;3;2;;;;47;98
58098;Sant'Angelo Romano;53;12;27;4;0;;;;43;12;33;8;3;;;;56;99
58098;Sant'Angelo Romano;54;8;33;1;0;;;;42;11;40;6;10;;;;67;109
58098;Sant'Angelo Romano;55;8;27;4;0;;;;39;6;32;0;1;;;;39;78
58098;Sant'Angelo Romano;56;12;40;2;2;;;;56;7;33;3;0;;;;43;99
58098;Sant'Angelo Romano;57;8;31;4;1;;;;44;5;36;1;4;;;;46;90
58098;Sant'Angelo Romano;58;4;43;4;0;;;;51;4;27;2;2;;;;35;86
58098;Sant'Angelo Romano;59;6;32;6;0;;;;44;5;32;6;2;;;;45;89
58098;Sant'Angelo Romano;60;4;22;6;1;;;;33;4;34;0;3;;;;41;74
58098;Sant'Angelo Romano;61;5;27;1;2;;;;35;7;35;1;3;;;;46;81
58098;Sant'Angelo Romano;62;1;31;4;3;;;;39;0;23;2;1;;;;26;65
58098;Sant'Angelo Romano;63;2;37;6;2;;;;47;2;28;4;2;;;;36;83
58098;Sant'Angelo Romano;64;2;22;5;2;;;;31;3;17;3;4;;;;27;58
58098;Sant'Angelo Romano;65;6;17;2;1;;;;26;0;24;4;4;;;;32;58
58098;Sant'Angelo Romano;66;5;16;5;0;;;;26;4;19;2;4;;;;29;55
58098;Sant'Angelo Romano;67;2;23;5;0;;;;30;3;20;1;5;;;;29;59
58098;Sant'Angelo Romano;68;3;22;1;2;;;;28;0;17;2;6;;;;25;53
58098;Sant'Angelo Romano;69;1;23;2;1;;;;27;3;18;1;5;;;;27;54
58098;Sant'Angelo Romano;70;2;19;1;0;;;;22;2;21;2;7;;;;32;54
58098;Sant'Angelo Romano;71;1;17;3;2;;;;23;2;18;0;4;;;;24;47
58098;Sant'Angelo Romano;72;1;28;3;4;;;;36;1;17;1;3;;;;22;58
58098;Sant'Angelo Romano;73;2;17;1;2;;;;22;1;12;2;5;;;;20;42
58098;Sant'Angelo Romano;74;0;14;0;1;;;;15;0;13;2;5;;;;20;35
58098;Sant'Angelo Romano;75;2;18;1;0;;;;21;0;13;1;9;;;;23;44
58098;Sant'Angelo Romano;76;1;15;2;2;;;;20;0;12;2;2;;;;16;36
58098;Sant'Angelo Romano;77;2;16;0;4;;;;22;1;8;2;4;;;;15;37
58098;Sant'Angelo Romano;78;2;16;1;6;;;;25;2;12;1;9;;;;24;49
58098;Sant'Angelo Romano;79;0;5;0;5;;;;10;0;7;0;6;;;;13;23
58098;Sant'Angelo Romano;80;0;7;2;1;;;;10;0;3;0;9;;;;12;22
58098;Sant'Angelo Romano;81;1;7;3;2;;;;13;1;7;0;7;;;;15;28
58098;Sant'Angelo Romano;82;1;8;0;2;;;;11;1;7;1;7;;;;16;27
58098;Sant'Angelo Romano;83;1;8;0;2;;;;11;0;5;1;7;;;;13;24
58098;Sant'Angelo Romano;84;0;8;0;3;;;;11;0;4;0;14;;;;18;29
58098;Sant'Angelo Romano;85;1;6;1;6;;;;14;0;2;0;9;;;;11;25
58098;Sant'Angelo Romano;86;1;6;0;1;;;;8;0;2;0;4;;;;6;14
58098;Sant'Angelo Romano;87;0;6;2;3;;;;11;1;5;0;5;;;;11;22
58098;Sant'Angelo Romano;88;0;4;0;1;;;;5;0;1;0;9;;;;10;15
58098;Sant'Angelo Romano;89;0;5;0;0;;;;5;1;0;0;4;;;;5;10
58098;Sant'Angelo Romano;90;0;2;0;2;;;;4;0;0;0;7;;;;7;11
58098;Sant'Angelo Romano;91;0;1;0;2;;;;3;1;0;0;5;;;;6;9
58098;Sant'Angelo Romano;92;0;1;0;1;;;;2;0;0;0;6;;;;6;8
58098;Sant'Angelo Romano;93;0;0;0;2;;;;2;0;0;0;4;;;;4;6
58098;Sant'Angelo Romano;94;0;0;0;1;;;;1;0;1;0;2;;;;3;4
58098;Sant'Angelo Romano;95;0;0;0;3;;;;3;0;0;0;5;;;;5;8
58098;Sant'Angelo Romano;96;0;0;0;0;;;;0;0;0;0;2;;;;2;2
58098;Sant'Angelo Romano;97;0;0;0;1;;;;1;0;0;0;3;;;;3;4
58098;Sant'Angelo Romano;98;0;0;0;0;;;;0;0;0;0;2;;;;2;2
58098;Sant'Angelo Romano;99;0;0;0;1;;;;1;0;0;0;2;;;;2;3
58098;Sant'Angelo Romano;100;0;0;0;0;;;;0;0;0;0;3;;;;3;3
58098;Sant'Angelo Romano;999;1192;1111;112;79;;;;2494;1018;1122;104;242;;;;2486;4980
58099;Sant'Oreste;0;9;0;0;0;;;;9;6;0;0;0;;;;6;15
58099;Sant'Oreste;1;15;0;0;0;;;;15;15;0;0;0;;;;15;30
58099;Sant'Oreste;2;13;0;0;0;;;;13;12;0;0;0;;;;12;25
58099;Sant'Oreste;3;13;0;0;0;;;;13;12;0;0;0;;;;12;25
58099;Sant'Oreste;4;14;0;0;0;;;;14;9;0;0;0;;;;9;23
58099;Sant'Oreste;5;14;0;0;0;;;;14;12;0;0;0;;;;12;26
58099;Sant'Oreste;6;20;0;0;0;;;;20;10;0;0;0;;;;10;30
58099;Sant'Oreste;7;15;0;0;0;;;;15;13;0;0;0;;;;13;28
58099;Sant'Oreste;8;11;0;0;0;;;;11;14;0;0;0;;;;14;25
58099;Sant'Oreste;9;16;0;0;0;;;;16;14;0;0;0;;;;14;30
58099;Sant'Oreste;10;8;0;0;0;;;;8;11;0;0;0;;;;11;19
58099;Sant'Oreste;11;23;0;0;0;;;;23;11;0;0;0;;;;11;34
58099;Sant'Oreste;12;20;0;0;0;;;;20;18;0;0;0;;;;18;38
58099;Sant'Oreste;13;12;0;0;0;;;;12;8;0;0;0;;;;8;20
58099;Sant'Oreste;14;16;0;0;0;;;;16;17;0;0;0;;;;17;33
58099;Sant'Oreste;15;20;0;0;0;;;;20;17;0;0;0;;;;17;37
58099;Sant'Oreste;16;18;0;0;0;;;;18;19;0;0;0;;;;19;37
58099;Sant'Oreste;17;15;0;0;0;;;;15;18;0;0;0;;;;18;33
58099;Sant'Oreste;18;16;0;0;0;;;;16;17;0;0;0;;;;17;33
58099;Sant'Oreste;19;12;0;0;0;;;;12;12;0;0;0;;;;12;24
58099;Sant'Oreste;20;20;0;0;0;;;;20;12;0;0;0;;;;12;32
58099;Sant'Oreste;21;14;0;0;0;;;;14;13;0;0;0;;;;13;27
58099;Sant'Oreste;22;19;0;0;0;;;;19;12;0;0;0;;;;12;31
58099;Sant'Oreste;23;9;0;0;0;;;;9;13;0;0;0;;;;13;22
58099;Sant'Oreste;24;15;0;0;0;;;;15;8;3;0;0;;;;11;26
58099;Sant'Oreste;25;21;0;0;0;;;;21;11;2;0;0;;;;13;34
58099;Sant'Oreste;26;19;0;0;0;;;;19;21;1;0;0;;;;22;41
58099;Sant'Oreste;27;9;1;0;0;;;;10;18;2;0;0;;;;20;30
58099;Sant'Oreste;28;24;0;0;0;;;;24;10;0;0;0;;;;10;34
58099;Sant'Oreste;29;15;1;0;0;;;;16;14;0;0;0;;;;14;30
58099;Sant'Oreste;30;11;1;0;0;;;;12;16;5;0;0;;;;21;33
58099;Sant'Oreste;31;16;1;0;0;;;;17;15;5;0;0;;;;20;37
58099;Sant'Oreste;32;17;1;0;0;;;;18;11;4;0;0;;;;15;33
58099;Sant'Oreste;33;18;1;0;0;;;;19;10;10;0;0;;;;20;39
58099;Sant'Oreste;34;18;3;0;0;;;;21;13;9;0;0;;;;22;43
58099;Sant'Oreste;35;9;3;0;0;;;;12;11;5;0;0;;;;16;28
58099;Sant'Oreste;36;12;7;0;0;;;;19;15;7;0;0;;;;22;41
58099;Sant'Oreste;37;11;3;0;0;;;;14;12;13;1;0;;;;26;40
58099;Sant'Oreste;38;17;6;0;0;;;;23;5;10;0;0;;;;15;38
58099;Sant'Oreste;39;9;11;0;0;;;;20;10;8;0;0;;;;18;38
58099;Sant'Oreste;40;13;7;0;0;;;;20;5;12;1;0;;;;18;38
58099;Sant'Oreste;41;11;9;1;0;;;;21;7;11;1;0;;;;19;40
58099;Sant'Oreste;42;11;7;0;0;;;;18;12;13;0;0;;;;25;43
58099;Sant'Oreste;43;16;11;0;0;;;;27;11;12;0;0;;;;23;50
58099;Sant'Oreste;44;11;10;0;0;;;;21;4;11;3;1;;;;19;40
58099;Sant'Oreste;45;9;19;3;0;;;;31;4;14;3;0;;;;21;52
58099;Sant'Oreste;46;11;13;0;0;;;;24;6;19;0;0;;;;25;49
58099;Sant'Oreste;47;13;18;4;0;;;;35;8;16;2;1;;;;27;62
58099;Sant'Oreste;48;7;18;1;0;;;;26;5;18;0;0;;;;23;49
58099;Sant'Oreste;49;9;26;3;0;;;;38;6;23;2;0;;;;31;69
58099;Sant'Oreste;50;8;18;0;0;;;;26;1;18;2;0;;;;21;47
58099;Sant'Oreste;51;13;16;0;1;;;;30;2;23;1;1;;;;27;57
58099;Sant'Oreste;52;8;19;0;0;;;;27;5;24;3;0;;;;32;59
58099;Sant'Oreste;53;9;16;2;0;;;;27;2;27;3;0;;;;32;59
58099;Sant'Oreste;54;5;13;2;0;;;;20;5;24;2;0;;;;31;51
58099;Sant'Oreste;55;3;18;0;0;;;;21;4;20;4;0;;;;28;49
58099;Sant'Oreste;56;6;24;4;1;;;;35;2;19;2;2;;;;25;60
58099;Sant'Oreste;57;5;16;3;0;;;;24;2;17;2;0;;;;21;45
58099;Sant'Oreste;58;7;19;3;0;;;;29;2;24;1;1;;;;28;57
58099;Sant'Oreste;59;9;16;2;1;;;;28;2;16;0;4;;;;22;50
58099;Sant'Oreste;60;2;18;1;2;;;;23;3;19;2;3;;;;27;50
58099;Sant'Oreste;61;2;27;0;1;;;;30;3;30;1;3;;;;37;67
58099;Sant'Oreste;62;3;20;5;1;;;;29;3;13;5;1;;;;22;51
58099;Sant'Oreste;63;2;26;1;2;;;;31;1;25;1;2;;;;29;60
58099;Sant'Oreste;64;3;23;0;0;;;;26;1;18;2;2;;;;23;49
58099;Sant'Oreste;65;0;16;2;0;;;;18;1;16;2;6;;;;25;43
58099;Sant'Oreste;66;2;22;2;4;;;;30;4;12;0;0;;;;16;46
58099;Sant'Oreste;67;2;21;1;0;;;;24;2;10;3;3;;;;18;42
58099;Sant'Oreste;68;4;15;0;1;;;;20;1;18;1;6;;;;26;46
58099;Sant'Oreste;69;2;16;2;2;;;;22;0;19;1;1;;;;21;43
58099;Sant'Oreste;70;1;16;1;1;;;;19;0;22;1;4;;;;27;46
58099;Sant'Oreste;71;1;16;2;0;;;;19;1;20;2;5;;;;28;47
58099;Sant'Oreste;72;3;17;0;2;;;;22;3;10;1;5;;;;19;41
58099;Sant'Oreste;73;0;25;2;1;;;;28;1;14;2;7;;;;24;52
58099;Sant'Oreste;74;1;12;2;2;;;;17;0;11;1;2;;;;14;31
58099;Sant'Oreste;75;1;11;1;1;;;;14;1;14;1;11;;;;27;41
58099;Sant'Oreste;76;2;19;2;1;;;;24;1;12;0;8;;;;21;45
58099;Sant'Oreste;77;3;11;0;0;;;;14;0;8;0;9;;;;17;31
58099;Sant'Oreste;78;1;12;1;2;;;;16;1;12;0;7;;;;20;36
58099;Sant'Oreste;79;3;8;1;0;;;;12;2;12;0;8;;;;22;34
58099;Sant'Oreste;80;0;8;0;3;;;;11;1;7;0;6;;;;14;25
58099;Sant'Oreste;81;1;18;0;0;;;;19;0;2;1;7;;;;10;29
58099;Sant'Oreste;82;1;10;0;1;;;;12;0;8;0;6;;;;14;26
58099;Sant'Oreste;83;0;8;0;3;;;;11;3;4;0;6;;;;13;24
58099;Sant'Oreste;84;0;8;0;4;;;;12;0;4;0;6;;;;10;22
58099;Sant'Oreste;85;0;10;0;2;;;;12;1;1;0;9;;;;11;23
58099;Sant'Oreste;86;1;6;0;0;;;;7;1;3;1;10;;;;15;22
58099;Sant'Oreste;87;0;5;0;2;;;;7;0;0;0;5;;;;5;12
58099;Sant'Oreste;88;0;5;1;1;;;;7;0;2;1;4;;;;7;14
58099;Sant'Oreste;89;0;4;0;0;;;;4;0;0;0;6;;;;6;10
58099;Sant'Oreste;90;0;1;0;2;;;;3;0;2;0;7;;;;9;12
58099;Sant'Oreste;91;1;1;0;0;;;;2;1;0;0;2;;;;3;5
58099;Sant'Oreste;92;0;0;0;1;;;;1;0;0;0;4;;;;4;5
58099;Sant'Oreste;93;0;0;0;0;;;;0;0;1;0;2;;;;3;3
58099;Sant'Oreste;94;0;0;0;0;;;;0;0;0;0;4;;;;4;4
58099;Sant'Oreste;95;0;0;0;1;;;;1;0;0;0;1;;;;1;2
58099;Sant'Oreste;96;0;0;0;1;;;;1;0;1;0;0;;;;1;2
58099;Sant'Oreste;97;0;1;0;0;;;;1;0;0;0;1;;;;1;2
58099;Sant'Oreste;98;0;0;0;0;;;;0;0;0;0;4;;;;4;4
58099;Sant'Oreste;99;0;0;0;0;;;;0;0;0;0;1;;;;1;1
58099;Sant'Oreste;100;0;1;0;0;;;;1;0;0;0;2;;;;2;3
58099;Sant'Oreste;999;829;789;55;47;;;;1720;646;795;62;196;;;;1699;3419
58100;San Vito Romano;0;7;0;0;0;;;;7;8;0;0;0;;;;8;15
58100;San Vito Romano;1;13;0;0;0;;;;13;6;0;0;0;;;;6;19
58100;San Vito Romano;2;9;0;0;0;;;;9;7;0;0;0;;;;7;16
58100;San Vito Romano;3;8;0;0;0;;;;8;10;0;0;0;;;;10;18
58100;San Vito Romano;4;6;0;0;0;;;;6;6;0;0;0;;;;6;12
58100;San Vito Romano;5;11;0;0;0;;;;11;9;0;0;0;;;;9;20
58100;San Vito Romano;6;9;0;0;0;;;;9;8;0;0;0;;;;8;17
58100;San Vito Romano;7;11;0;0;0;;;;11;7;0;0;0;;;;7;18
58100;San Vito Romano;8;9;0;0;0;;;;9;12;0;0;0;;;;12;21
58100;San Vito Romano;9;11;0;0;0;;;;11;21;0;0;0;;;;21;32
58100;San Vito Romano;10;9;0;0;0;;;;9;12;0;0;0;;;;12;21
58100;San Vito Romano;11;9;0;0;0;;;;9;7;0;0;0;;;;7;16
58100;San Vito Romano;12;25;0;0;0;;;;25;12;0;0;0;;;;12;37
58100;San Vito Romano;13;15;0;0;0;;;;15;17;0;0;0;;;;17;32
58100;San Vito Romano;14;13;0;0;0;;;;13;9;0;0;0;;;;9;22
58100;San Vito Romano;15;17;0;0;0;;;;17;3;0;0;0;;;;3;20
58100;San Vito Romano;16;10;0;0;0;;;;10;10;0;0;0;;;;10;20
58100;San Vito Romano;17;8;0;0;0;;;;8;14;0;0;0;;;;14;22
58100;San Vito Romano;18;23;0;0;0;;;;23;9;0;0;0;;;;9;32
58100;San Vito Romano;19;19;0;0;0;;;;19;9;0;0;0;;;;9;28
58100;San Vito Romano;20;20;0;0;0;;;;20;10;1;0;0;;;;11;31
58100;San Vito Romano;21;17;0;0;0;;;;17;12;0;0;0;;;;12;29
58100;San Vito Romano;22;25;0;0;0;;;;25;17;0;0;0;;;;17;42
58100;San Vito Romano;23;30;0;0;0;;;;30;11;0;0;0;;;;11;41
58100;San Vito Romano;24;21;0;0;0;;;;21;18;0;0;0;;;;18;39
58100;San Vito Romano;25;30;0;0;0;;;;30;14;1;0;0;;;;15;45
58100;San Vito Romano;26;21;0;0;0;;;;21;15;0;0;0;;;;15;36
58100;San Vito Romano;27;27;0;0;0;;;;27;17;1;0;0;;;;18;45
58100;San Vito Romano;28;21;0;0;0;;;;21;16;1;0;0;;;;17;38
58100;San Vito Romano;29;18;1;0;0;;;;19;13;3;0;0;;;;16;35
58100;San Vito Romano;30;21;1;0;0;;;;22;14;2;0;0;;;;16;38
58100;San Vito Romano;31;24;1;0;0;;;;25;13;2;0;0;;;;15;40
58100;San Vito Romano;32;19;3;0;0;;;;22;11;8;0;0;;;;19;41
58100;San Vito Romano;33;19;2;0;0;;;;21;10;2;0;0;;;;12;33
58100;San Vito Romano;34;23;3;0;0;;;;26;10;8;1;0;;;;19;45
58100;San Vito Romano;35;12;7;0;0;;;;19;7;9;0;0;;;;16;35
58100;San Vito Romano;36;15;7;0;0;;;;22;7;7;0;0;;;;14;36
58100;San Vito Romano;37;20;4;0;0;;;;24;15;8;0;0;;;;23;47
58100;San Vito Romano;38;14;10;0;0;;;;24;2;15;0;0;;;;17;41
58100;San Vito Romano;39;9;14;0;0;;;;23;4;7;2;0;;;;13;36
58100;San Vito Romano;40;12;5;0;0;;;;17;5;11;0;0;;;;16;33
58100;San Vito Romano;41;6;10;1;0;;;;17;6;16;0;0;;;;22;39
58100;San Vito Romano;42;9;12;2;0;;;;23;4;7;0;0;;;;11;34
58100;San Vito Romano;43;5;9;0;0;;;;14;2;13;1;0;;;;16;30
58100;San Vito Romano;44;5;10;1;0;;;;16;5;11;0;1;;;;17;33
58100;San Vito Romano;45;7;13;0;0;;;;20;7;13;0;0;;;;20;40
58100;San Vito Romano;46;8;22;0;0;;;;30;6;16;1;0;;;;23;53
58100;San Vito Romano;47;1;5;1;0;;;;7;0;8;1;0;;;;9;16
58100;San Vito Romano;48;5;14;0;0;;;;19;3;10;1;0;;;;14;33
58100;San Vito Romano;49;8;13;2;0;;;;23;1;15;0;0;;;;16;39
58100;San Vito Romano;50;5;13;1;0;;;;19;3;14;1;0;;;;18;37
58100;San Vito Romano;51;1;14;1;0;;;;16;1;13;0;0;;;;14;30
58100;San Vito Romano;52;6;17;2;1;;;;26;2;15;1;2;;;;20;46
58100;San Vito Romano;53;5;11;1;0;;;;17;3;16;1;0;;;;20;37
58100;San Vito Romano;54;2;19;1;0;;;;22;3;21;0;0;;;;24;46
58100;San Vito Romano;55;3;18;1;0;;;;22;5;18;1;0;;;;24;46
58100;San Vito Romano;56;7;17;1;0;;;;25;0;18;3;2;;;;23;48
58100;San Vito Romano;57;3;17;1;0;;;;21;0;17;1;1;;;;19;40
58100;San Vito Romano;58;5;16;0;0;;;;21;1;22;4;5;;;;32;53
58100;San Vito Romano;59;5;25;0;0;;;;30;2;21;1;1;;;;25;55
58100;San Vito Romano;60;3;22;3;1;;;;29;2;18;0;1;;;;21;50
58100;San Vito Romano;61;3;21;2;0;;;;26;5;27;1;6;;;;39;65
58100;San Vito Romano;62;6;15;4;1;;;;26;2;16;0;1;;;;19;45
58100;San Vito Romano;63;1;28;1;2;;;;32;2;16;1;0;;;;19;51
58100;San Vito Romano;64;2;18;1;2;;;;23;0;18;0;3;;;;21;44
58100;San Vito Romano;65;7;18;0;1;;;;26;5;23;0;3;;;;31;57
58100;San Vito Romano;66;1;14;1;0;;;;16;1;19;1;5;;;;26;42
58100;San Vito Romano;67;4;20;0;0;;;;24;1;9;2;7;;;;19;43
58100;San Vito Romano;68;3;18;1;0;;;;22;1;21;0;2;;;;24;46
58100;San Vito Romano;69;1;20;1;2;;;;24;1;18;1;3;;;;23;47
58100;San Vito Romano;70;1;19;0;1;;;;21;3;17;1;4;;;;25;46
58100;San Vito Romano;71;0;10;0;1;;;;11;0;12;0;5;;;;17;28
58100;San Vito Romano;72;0;17;0;2;;;;19;1;10;0;4;;;;15;34
58100;San Vito Romano;73;0;11;0;1;;;;12;2;8;0;5;;;;15;27
58100;San Vito Romano;74;3;17;0;1;;;;21;4;7;0;10;;;;21;42
58100;San Vito Romano;75;2;9;0;1;;;;12;2;7;1;4;;;;14;26
58100;San Vito Romano;76;2;6;0;1;;;;9;3;14;0;8;;;;25;34
58100;San Vito Romano;77;1;13;0;0;;;;14;0;5;0;5;;;;10;24
58100;San Vito Romano;78;0;9;0;2;;;;11;1;7;1;9;;;;18;29
58100;San Vito Romano;79;1;4;0;2;;;;7;0;6;0;1;;;;7;14
58100;San Vito Romano;80;0;9;0;1;;;;10;0;5;0;6;;;;11;21
58100;San Vito Romano;81;0;3;0;3;;;;6;2;2;0;5;;;;9;15
58100;San Vito Romano;82;0;7;0;2;;;;9;2;3;0;7;;;;12;21
58100;San Vito Romano;83;0;4;0;1;;;;5;1;2;0;4;;;;7;12
58100;San Vito Romano;84;1;3;0;3;;;;7;3;6;0;8;;;;17;24
58100;San Vito Romano;85;0;6;0;0;;;;6;0;1;0;14;;;;15;21
58100;San Vito Romano;86;0;6;0;1;;;;7;1;0;0;10;;;;11;18
58100;San Vito Romano;87;1;3;0;1;;;;5;1;1;0;10;;;;12;17
58100;San Vito Romano;88;0;1;0;0;;;;1;0;0;0;7;;;;7;8
58100;San Vito Romano;89;0;2;1;2;;;;5;0;0;0;11;;;;11;16
58100;San Vito Romano;90;1;0;0;2;;;;3;1;1;0;7;;;;9;12
58100;San Vito Romano;91;1;1;0;2;;;;4;0;1;0;2;;;;3;7
58100;San Vito Romano;92;0;1;0;0;;;;1;2;1;0;4;;;;7;8
58100;San Vito Romano;93;0;1;0;1;;;;2;0;0;0;3;;;;3;5
58100;San Vito Romano;94;0;0;0;1;;;;1;1;0;0;4;;;;5;6
58100;San Vito Romano;95;0;0;0;0;;;;0;0;0;0;0;;;;0;0
58100;San Vito Romano;96;0;0;0;0;;;;0;0;1;0;0;;;;1;1
58100;San Vito Romano;97;0;0;0;0;;;;0;0;0;0;3;;;;3;3
58100;San Vito Romano;98;0;0;0;0;;;;0;0;0;0;3;;;;3;3
58100;San Vito Romano;99;0;0;0;0;;;;0;0;0;0;0;;;;0;0
58100;San Vito Romano;100;0;1;0;0;;;;1;0;0;0;0;;;;0;1
58100;San Vito Romano;999;801;690;31;42;;;;1564;541;672;29;206;;;;1448;3012
58101;Saracinesco;0;0;0;0;0;;;;0;0;0;0;0;;;;0;0
58101;Saracinesco;1;0;0;0;0;;;;0;1;0;0;0;;;;1;1
58101;Saracinesco;2;0;0;0;0;;;;0;1;0;0;0;;;;1;1
58101;Saracinesco;3;0;0;0;0;;;;0;0;0;0;0;;;;0;0
58101;Saracinesco;4;1;0;0;0;;;;1;0;0;0;0;;;;0;1
58101;Saracinesco;5;1;0;0;0;;;;1;0;0;0;0;;;;0;1
58101;Saracinesco;6;0;0;0;0;;;;0;1;0;0;0;;;;1;1
58101;Saracinesco;7;1;0;0;0;;;;1;1;0;0;0;;;;1;2
58101;Saracinesco;8;0;0;0;0;;;;0;0;0;0;0;;;;0;0
58101;Saracinesco;9;1;0;0;0;;;;1;0;0;0;0;;;;0;1
58101;Saracinesco;10;2;0;0;0;;;;2;0;0;0;0;;;;0;2
58101;Saracinesco;11;1;0;0;0;;;;1;0;0;0;0;;;;0;1
58101;Saracinesco;12;0;0;0;0;;;;0;2;0;0;0;;;;2;2
58101;Saracinesco;13;2;0;0;0;;;;2;1;0;0;0;;;;1;3
58101;Saracinesco;14;2;0;0;0;;;;2;1;0;0;0;;;;1;3
58101;Saracinesco;15;2;0;0;0;;;;2;2;0;0;0;;;;2;4
58101;Saracinesco;16;1;0;0;0;;;;1;0;0;0;0;;;;0;1
58101;Saracinesco;17;0;0;0;0;;;;0;1;0;0;0;;;;1;1
58101;Saracinesco;18;0;0;0;0;;;;0;0;0;0;0;;;;0;0
58101;Saracinesco;19;0;0;0;0;;;;0;0;0;0;0;;;;0;0
58101;Saracinesco;20;0;0;0;0;;;;0;1;0;0;0;;;;1;1
58101;Saracinesco;21;1;0;0;0;;;;1;0;0;0;0;;;;0;1
58101;Saracinesco;22;1;0;0;0;;;;1;1;1;0;0;;;;2;3
58101;Saracinesco;23;1;0;0;0;;;;1;0;0;0;0;;;;0;1
58101;Saracinesco;24;0;0;0;0;;;;0;1;0;0;0;;;;1;1
58101;Saracinesco;25;0;0;0;0;;;;0;1;0;0;0;;;;1;1
58101;Saracinesco;26;0;0;0;0;;;;0;0;0;0;0;;;;0;0
58101;Saracinesco;27;3;0;0;0;;;;3;0;0;0;0;;;;0;3
58101;Saracinesco;28;0;0;0;0;;;;0;2;0;0;0;;;;2;2
58101;Saracinesco;29;3;0;0;0;;;;3;0;0;0;0;;;;0;3
58101;Saracinesco;30;0;0;0;0;;;;0;0;0;0;0;;;;0;0
58101;Saracinesco;31;2;0;0;0;;;;2;1;0;0;0;;;;1;3
58101;Saracinesco;32;1;0;0;0;;;;1;2;0;0;0;;;;2;3
58101;Saracinesco;33;0;1;0;0;;;;1;0;0;0;0;;;;0;1
58101;Saracinesco;34;1;0;0;0;;;;1;1;0;0;0;;;;1;2
58101;Saracinesco;35;1;0;0;0;;;;1;1;1;0;0;;;;2;3
58101;Saracinesco;36;1;0;0;0;;;;1;0;0;0;0;;;;0;1
58101;Saracinesco;37;0;0;0;0;;;;0;1;0;0;0;;;;1;1
58101;Saracinesco;38;1;1;0;0;;;;2;0;0;0;0;;;;0;2
58101;Saracinesco;39;0;0;0;0;;;;0;0;0;0;0;;;;0;0
58101;Saracinesco;40;1;1;0;0;;;;2;0;1;0;0;;;;1;3
58101;Saracinesco;41;0;0;0;0;;;;0;1;0;0;0;;;;1;1
58101;Saracinesco;42;1;0;0;0;;;;1;0;1;0;0;;;;1;2
58101;Saracinesco;43;1;0;0;0;;;;1;0;0;0;0;;;;0;1
58101;Saracinesco;44;0;3;0;0;;;;3;0;0;0;0;;;;0;3
58101;Saracinesco;45;0;0;0;0;;;;0;2;1;0;0;;;;3;3
58101;Saracinesco;46;1;0;0;0;;;;1;0;0;0;0;;;;0;1
58101;Saracinesco;47;1;0;0;0;;;;1;1;0;0;0;;;;1;2
58101;Saracinesco;48;2;0;0;0;;;;2;2;0;0;0;;;;2;4
58101;Saracinesco;49;1;0;0;0;;;;1;0;1;0;0;;;;1;2
58101;Saracinesco;50;3;0;0;0;;;;3;1;0;0;0;;;;1;4
58101;Saracinesco;51;1;1;0;0;;;;2;1;0;0;0;;;;1;3
58101;Saracinesco;52;1;2;0;0;;;;3;0;4;0;0;;;;4;7
58101;Saracinesco;53;0;0;0;0;;;;0;0;0;0;0;;;;0;0
58101;Saracinesco;54;1;1;0;0;;;;2;0;1;0;0;;;;1;3
58101;Saracinesco;55;0;1;0;0;;;;1;0;0;0;0;;;;0;1
58101;Saracinesco;56;1;3;0;0;;;;4;0;1;0;0;;;;1;5
58101;Saracinesco;57;0;2;0;0;;;;2;0;3;0;0;;;;3;5
58101;Saracinesco;58;0;2;1;0;;;;3;1;2;0;0;;;;3;6
58101;Saracinesco;59;1;1;0;0;;;;2;1;2;0;0;;;;3;5
58101;Saracinesco;60;1;3;0;0;;;;4;0;0;0;0;;;;0;4
58101;Saracinesco;61;0;0;1;0;;;;1;0;1;1;0;;;;2;3
58101;Saracinesco;62;0;1;0;0;;;;1;0;1;0;0;;;;1;2
58101;Saracinesco;63;0;3;0;0;;;;3;0;0;0;0;;;;0;3
58101;Saracinesco;64;1;1;0;0;;;;2;0;1;2;0;;;;3;5
58101;Saracinesco;65;0;2;1;0;;;;3;0;2;0;2;;;;4;7
58101;Saracinesco;66;0;0;1;0;;;;1;0;2;1;0;;;;3;4
58101;Saracinesco;67;0;2;0;0;;;;2;0;1;0;1;;;;2;4
58101;Saracinesco;68;0;1;0;0;;;;1;0;0;0;0;;;;0;1
58101;Saracinesco;69;0;0;1;0;;;;1;0;1;0;0;;;;1;2
58101;Saracinesco;70;0;0;0;0;;;;0;0;2;0;0;;;;2;2
58101;Saracinesco;71;0;0;0;0;;;;0;0;0;0;0;;;;0;0
58101;Saracinesco;72;1;0;0;0;;;;1;0;1;0;0;;;;1;2
58101;Saracinesco;73;1;1;0;0;;;;2;0;1;0;0;;;;1;3
58101;Saracinesco;74;0;1;0;0;;;;1;0;0;0;0;;;;0;1
58101;Saracinesco;75;0;1;0;0;;;;1;0;0;0;0;;;;0;1
58101;Saracinesco;76;0;1;0;0;;;;1;0;0;0;0;;;;0;1
58101;Saracinesco;77;0;2;0;0;;;;2;0;1;0;0;;;;1;3
58101;Saracinesco;78;0;0;0;0;;;;0;0;0;0;0;;;;0;0
58101;Saracinesco;79;0;1;0;0;;;;1;0;2;0;0;;;;2;3
58101;Saracinesco;80;0;1;0;0;;;;1;0;0;0;0;;;;0;1
58101;Saracinesco;81;0;0;0;0;;;;0;0;0;0;1;;;;1;1
58101;Saracinesco;82;0;0;0;0;;;;0;0;1;0;0;;;;1;1
58101;Saracinesco;83;0;1;0;0;;;;1;0;0;0;0;;;;0;1
58101;Saracinesco;84;0;0;0;0;;;;0;0;0;0;0;;;;0;0
58101;Saracinesco;85;0;1;0;0;;;;1;0;0;0;0;;;;0;1
58101;Saracinesco;86;0;1;1;0;;;;2;0;0;0;0;;;;0;2
58101;Saracinesco;87;0;1;0;0;;;;1;0;0;0;0;;;;0;1
58101;Saracinesco;88;0;0;0;0;;;;0;0;0;0;1;;;;1;1
58101;Saracinesco;89;0;1;0;0;;;;1;0;0;0;0;;;;0;1
58101;Saracinesco;90;0;0;0;0;;;;0;0;0;0;0;;;;0;0
58101;Saracinesco;91;0;0;0;0;;;;0;0;0;0;1;;;;1;1
58101;Saracinesco;92;0;0;0;0;;;;0;0;0;0;0;;;;0;0
58101;Saracinesco;93;0;0;0;0;;;;0;0;0;0;0;;;;0;0
58101;Saracinesco;94;0;0;0;0;;;;0;0;0;0;0;;;;0;0
58101;Saracinesco;95;0;0;0;0;;;;0;0;0;0;1;;;;1;1
58101;Saracinesco;96;0;0;0;0;;;;0;0;0;0;1;;;;1;1
58101;Saracinesco;97;0;0;0;0;;;;0;0;0;0;0;;;;0;0
58101;Saracinesco;98;0;0;0;0;;;;0;0;0;0;0;;;;0;0
58101;Saracinesco;99;0;0;0;0;;;;0;0;0;0;0;;;;0;0
58101;Saracinesco;100;0;0;0;0;;;;0;0;0;0;0;;;;0;0
58101;Saracinesco;999;50;45;6;0;;;;101;33;36;4;8;;;;81;182
58102;Segni;0;28;0;0;0;;;;28;23;0;0;0;;;;23;51
58102;Segni;1;40;0;0;0;;;;40;29;0;0;0;;;;29;69
58102;Segni;2;36;0;0;0;;;;36;40;0;0;0;;;;40;76
58102;Segni;3;27;0;0;0;;;;27;23;0;0;0;;;;23;50
58102;Segni;4;34;0;0;0;;;;34;27;0;0;0;;;;27;61
58102;Segni;5;29;0;0;0;;;;29;23;0;0;0;;;;23;52
58102;Segni;6;24;0;0;0;;;;24;33;0;0;0;;;;33;57
58102;Segni;7;23;0;0;0;;;;23;37;0;0;0;;;;37;60
58102;Segni;8;45;0;0;0;;;;45;46;0;0;0;;;;46;91
58102;Segni;9;35;0;0;0;;;;35;28;0;0;0;;;;28;63
58102;Segni;10;39;0;0;0;;;;39;30;0;0;0;;;;30;69
58102;Segni;11;32;0;0;0;;;;32;35;0;0;0;;;;35;67
58102;Segni;12;45;0;0;0;;;;45;31;0;0;0;;;;31;76
58102;Segni;13;39;0;0;0;;;;39;47;0;0;0;;;;47;86
58102;Segni;14;42;0;0;0;;;;42;38;0;0;0;;;;38;80
58102;Segni;15;33;0;0;0;;;;33;49;0;0;0;;;;49;82
58102;Segni;16;56;0;0;0;;;;56;41;0;0;0;;;;41;97
58102;Segni;17;42;0;0;0;;;;42;36;0;0;0;;;;36;78
58102;Segni;18;44;0;0;0;;;;44;46;0;0;0;;;;46;90
58102;Segni;19;48;0;0;0;;;;48;35;0;0;0;;;;35;83
58102;Segni;20;45;0;0;0;;;;45;41;0;0;0;;;;41;86
58102;Segni;21;50;0;0;0;;;;50;55;0;0;0;;;;55;105
58102;Segni;22;53;0;0;0;;;;53;47;2;0;0;;;;49;102
58102;Segni;23;53;0;0;0;;;;53;38;1;0;0;;;;39;92
58102;Segni;24;42;1;0;0;;;;43;38;0;0;0;;;;38;81
58102;Segni;25;43;1;0;0;;;;44;32;0;0;0;;;;32;76
58102;Segni;26;37;1;0;0;;;;38;40;1;0;0;;;;41;79
58102;Segni;27;44;2;0;0;;;;46;31;4;0;0;;;;35;81
58102;Segni;28;40;3;0;0;;;;43;32;3;0;0;;;;35;78
58102;Segni;29;40;1;0;0;;;;41;40;4;0;0;;;;44;85
58102;Segni;30;50;2;0;0;;;;52;30;15;0;0;;;;45;97
58102;Segni;31;45;6;0;0;;;;51;32;11;0;0;;;;43;94
58102;Segni;32;32;12;0;0;;;;44;28;18;0;0;;;;46;90
58102;Segni;33;35;8;0;0;;;;43;26;15;0;0;;;;41;84
58102;Segni;34;35;13;0;0;;;;48;26;24;0;0;;;;50;98
58102;Segni;35;26;15;0;0;;;;41;21;20;0;0;;;;41;82
58102;Segni;36;36;15;1;0;;;;52;21;28;0;0;;;;49;101
58102;Segni;37;25;21;0;0;;;;46;20;27;1;0;;;;48;94
58102;Segni;38;32;18;2;0;;;;52;23;18;1;0;;;;42;94
58102;Segni;39;22;22;1;0;;;;45;24;22;0;1;;;;47;92
58102;Segni;40;19;16;0;0;;;;35;24;22;1;0;;;;47;82
58102;Segni;41;34;28;1;0;;;;63;22;32;1;0;;;;55;118
58102;Segni;42;34;26;1;0;;;;61;18;36;1;0;;;;55;116
58102;Segni;43;40;19;1;0;;;;60;15;47;2;0;;;;64;124
58102;Segni;44;28;24;1;0;;;;53;19;31;3;1;;;;54;107
58102;Segni;45;24;34;2;0;;;;60;18;40;3;0;;;;61;121
58102;Segni;46;27;33;1;0;;;;61;11;44;2;1;;;;58;119
58102;Segni;47;24;36;2;0;;;;62;15;58;9;1;;;;83;145
58102;Segni;48;20;43;4;0;;;;67;14;50;5;0;;;;69;136
58102;Segni;49;19;52;5;0;;;;76;10;38;5;0;;;;53;129
58102;Segni;50;15;48;5;1;;;;69;16;57;3;2;;;;78;147
58102;Segni;51;25;55;4;0;;;;84;11;64;7;1;;;;83;167
58102;Segni;52;17;50;6;0;;;;73;13;62;5;2;;;;82;155
58102;Segni;53;23;57;4;0;;;;84;11;59;2;3;;;;75;159
58102;Segni;54;18;44;4;0;;;;66;9;61;0;0;;;;70;136
58102;Segni;55;20;61;3;1;;;;85;13;57;8;4;;;;82;167
58102;Segni;56;14;54;4;1;;;;73;2;53;4;2;;;;61;134
58102;Segni;57;7;60;8;1;;;;76;9;58;6;6;;;;79;155
58102;Segni;58;18;45;1;0;;;;64;8;66;6;6;;;;86;150
58102;Segni;59;15;52;5;0;;;;72;10;53;4;6;;;;73;145
58102;Segni;60;16;47;10;1;;;;74;9;56;10;4;;;;79;153
58102;Segni;61;6;52;3;0;;;;61;5;48;5;2;;;;60;121
58102;Segni;62;8;65;4;3;;;;80;6;64;3;9;;;;82;162
58102;Segni;63;5;49;7;3;;;;64;2;61;3;10;;;;76;140
58102;Segni;64;6;57;2;2;;;;67;8;48;1;6;;;;63;130
58102;Segni;65;5;58;3;3;;;;69;6;47;2;9;;;;64;133
58102;Segni;66;5;48;2;2;;;;57;2;52;3;4;;;;61;118
58102;Segni;67;7;47;3;0;;;;57;4;40;2;12;;;;58;115
58102;Segni;68;6;37;1;2;;;;46;5;41;3;10;;;;59;105
58102;Segni;69;3;55;2;5;;;;65;2;42;3;12;;;;59;124
58102;Segni;70;6;56;5;0;;;;67;0;43;3;10;;;;56;123
58102;Segni;71;5;49;3;3;;;;60;4;30;1;9;;;;44;104
58102;Segni;72;0;39;1;1;;;;41;2;34;1;11;;;;48;89
58102;Segni;73;3;43;1;7;;;;54;1;29;2;10;;;;42;96
58102;Segni;74;5;38;3;5;;;;51;0;30;2;20;;;;52;103
58102;Segni;75;3;44;1;2;;;;50;1;32;1;23;;;;57;107
58102;Segni;76;4;32;2;5;;;;43;1;38;2;13;;;;54;97
58102;Segni;77;4;36;0;3;;;;43;0;30;2;22;;;;54;97
58102;Segni;78;2;35;0;3;;;;40;4;22;2;13;;;;41;81
58102;Segni;79;1;26;0;4;;;;31;0;10;1;16;;;;27;58
58102;Segni;80;0;33;0;5;;;;38;1;17;0;19;;;;37;75
58102;Segni;81;1;32;0;3;;;;36;0;24;2;27;;;;53;89
58102;Segni;82;2;19;0;3;;;;24;2;18;1;19;;;;40;64
58102;Segni;83;3;19;1;3;;;;26;1;12;0;25;;;;38;64
58102;Segni;84;4;17;0;4;;;;25;2;9;0;26;;;;37;62
58102;Segni;85;2;8;0;5;;;;15;1;10;0;35;;;;46;61
58102;Segni;86;1;20;0;3;;;;24;1;8;0;20;;;;29;53
58102;Segni;87;3;12;0;4;;;;19;1;9;0;24;;;;34;53
58102;Segni;88;0;11;0;3;;;;14;2;2;0;23;;;;27;41
58102;Segni;89;1;12;0;7;;;;20;1;4;0;17;;;;22;42
58102;Segni;90;0;8;0;2;;;;10;0;3;1;16;;;;20;30
58102;Segni;91;0;5;0;2;;;;7;1;0;0;19;;;;20;27
58102;Segni;92;0;7;0;3;;;;10;0;2;0;15;;;;17;27
58102;Segni;93;1;5;0;1;;;;7;1;1;0;9;;;;11;18
58102;Segni;94;0;2;0;1;;;;3;0;1;0;12;;;;13;16
58102;Segni;95;0;2;0;0;;;;2;0;0;0;13;;;;13;15
58102;Segni;96;0;0;0;1;;;;1;1;0;0;5;;;;6;7
58102;Segni;97;0;0;0;0;;;;0;0;0;0;4;;;;4;4
58102;Segni;98;0;0;0;0;;;;0;0;0;0;2;;;;2;2
58102;Segni;99;0;0;0;0;;;;0;0;0;0;0;;;;0;0
58102;Segni;100;0;1;0;0;;;;1;0;0;0;1;;;;1;2
58102;Segni;999;2085;2104;120;108;;;;4417;1687;2118;135;592;;;;4532;8949
58103;Subiaco;0;16;0;0;0;;;;16;20;0;0;0;;;;20;36
58103;Subiaco;1;28;0;0;0;;;;28;28;0;0;0;;;;28;56
58103;Subiaco;2;19;0;0;0;;;;19;20;0;0;0;;;;20;39
58103;Subiaco;3;29;0;0;0;;;;29;19;0;0;0;;;;19;48
58103;Subiaco;4;23;0;0;0;;;;23;19;0;0;0;;;;19;42
58103;Subiaco;5;27;0;0;0;;;;27;34;0;0;0;;;;34;61
58103;Subiaco;6;35;0;0;0;;;;35;39;0;0;0;;;;39;74
58103;Subiaco;7;35;0;0;0;;;;35;23;0;0;0;;;;23;58
58103;Subiaco;8;28;0;0;0;;;;28;25;0;0;0;;;;25;53
58103;Subiaco;9;41;0;0;0;;;;41;31;0;0;0;;;;31;72
58103;Subiaco;10;39;0;0;0;;;;39;28;0;0;0;;;;28;67
58103;Subiaco;11;27;0;0;0;;;;27;33;0;0;0;;;;33;60
58103;Subiaco;12;36;0;0;0;;;;36;29;0;0;0;;;;29;65
58103;Subiaco;13;28;0;0;0;;;;28;39;0;0;0;;;;39;67
58103;Subiaco;14;36;0;0;0;;;;36;37;0;0;0;;;;37;73
58103;Subiaco;15;28;0;0;0;;;;28;31;0;0;0;;;;31;59
58103;Subiaco;16;42;0;0;0;;;;42;33;0;0;0;;;;33;75
58103;Subiaco;17;39;0;0;0;;;;39;37;0;0;0;;;;37;76
58103;Subiaco;18;32;0;0;0;;;;32;29;0;0;0;;;;29;61
58103;Subiaco;19;43;0;0;0;;;;43;35;0;0;0;;;;35;78
58103;Subiaco;20;47;0;0;0;;;;47;35;0;0;0;;;;35;82
58103;Subiaco;21;33;0;0;0;;;;33;32;0;0;0;;;;32;65
58103;Subiaco;22;19;0;0;0;;;;19;36;0;0;0;;;;36;55
58103;Subiaco;23;39;0;0;0;;;;39;38;0;0;0;;;;38;77
58103;Subiaco;24;45;1;0;0;;;;46;31;1;0;0;;;;32;78
58103;Subiaco;25;44;0;0;0;;;;44;31;0;0;0;;;;31;75
58103;Subiaco;26;39;1;0;0;;;;40;37;0;0;0;;;;37;77
58103;Subiaco;27;48;1;0;0;;;;49;33;1;0;0;;;;34;83
58103;Subiaco;28;37;0;0;0;;;;37;32;4;0;0;;;;36;73
58103;Subiaco;29;42;0;0;0;;;;42;33;3;0;0;;;;36;78
58103;Subiaco;30;43;4;0;0;;;;47;33;9;0;0;;;;42;89
58103;Subiaco;31;46;2;0;0;;;;48;38;5;0;0;;;;43;91
58103;Subiaco;32;42;4;0;0;;;;46;32;8;1;0;;;;41;87
58103;Subiaco;33;45;5;0;0;;;;50;32;9;0;0;;;;41;91
58103;Subiaco;34;34;9;1;0;;;;44;28;12;0;0;;;;40;84
58103;Subiaco;35;37;10;0;0;;;;47;36;11;0;0;;;;47;94
58103;Subiaco;36;44;15;1;0;;;;60;20;24;0;0;;;;44;104
58103;Subiaco;37;36;5;0;0;;;;41;19;19;2;0;;;;40;81
58103;Subiaco;38;41;15;0;0;;;;56;25;22;1;0;;;;48;104
58103;Subiaco;39;44;9;1;0;;;;54;35;21;1;0;;;;57;111
58103;Subiaco;40;40;21;0;0;;;;61;20;18;4;1;;;;43;104
58103;Subiaco;41;32;22;2;0;;;;56;32;40;1;0;;;;73;129
58103;Subiaco;42;40;22;0;0;;;;62;17;22;0;0;;;;39;101
58103;Subiaco;43;36;24;1;0;;;;61;24;33;4;1;;;;62;123
58103;Subiaco;44;31;36;0;0;;;;67;19;32;0;0;;;;51;118
58103;Subiaco;45;34;23;1;0;;;;58;17;31;1;0;;;;49;107
58103;Subiaco;46;30;35;2;0;;;;67;9;43;3;1;;;;56;123
58103;Subiaco;47;22;28;1;0;;;;51;12;53;5;1;;;;71;122
58103;Subiaco;48;36;40;1;0;;;;77;16;40;3;0;;;;59;136
58103;Subiaco;49;22;54;4;0;;;;80;19;46;6;0;;;;71;151
58103;Subiaco;50;22;37;7;0;;;;66;12;50;2;4;;;;68;134
58103;Subiaco;51;15;45;2;0;;;;62;12;50;1;2;;;;65;127
58103;Subiaco;52;22;38;3;0;;;;63;5;35;2;0;;;;42;105
58103;Subiaco;53;19;45;2;0;;;;66;11;39;7;5;;;;62;128
58103;Subiaco;54;19;41;2;0;;;;62;13;55;7;0;;;;75;137
58103;Subiaco;55;13;43;6;2;;;;64;10;46;4;4;;;;64;128
58103;Subiaco;56;16;38;4;1;;;;59;7;48;5;4;;;;64;123
58103;Subiaco;57;19;58;4;0;;;;81;9;54;7;4;;;;74;155
58103;Subiaco;58;13;50;4;1;;;;68;6;52;6;3;;;;67;135
58103;Subiaco;59;10;49;1;0;;;;60;3;51;3;6;;;;63;123
58103;Subiaco;60;5;56;6;1;;;;68;9;65;2;4;;;;80;148
58103;Subiaco;61;8;49;5;2;;;;64;7;70;5;4;;;;86;150
58103;Subiaco;62;8;56;6;2;;;;72;7;47;3;9;;;;66;138
58103;Subiaco;63;8;55;2;0;;;;65;12;55;4;6;;;;77;142
58103;Subiaco;64;6;42;1;0;;;;49;7;51;4;9;;;;71;120
58103;Subiaco;65;11;45;4;4;;;;64;9;43;2;7;;;;61;125
58103;Subiaco;66;10;55;2;1;;;;68;3;47;8;10;;;;68;136
58103;Subiaco;67;6;49;2;3;;;;60;6;40;2;14;;;;62;122
58103;Subiaco;68;5;51;3;5;;;;64;2;44;7;13;;;;66;130
58103;Subiaco;69;3;55;1;1;;;;60;7;44;3;11;;;;65;125
58103;Subiaco;70;3;48;3;2;;;;56;7;33;4;16;;;;60;116
58103;Subiaco;71;3;49;2;5;;;;59;1;51;2;12;;;;66;125
58103;Subiaco;72;6;44;1;5;;;;56;5;38;2;13;;;;58;114
58103;Subiaco;73;4;32;1;3;;;;40;3;35;1;13;;;;52;92
58103;Subiaco;74;5;50;1;6;;;;62;2;45;3;17;;;;67;129
58103;Subiaco;75;2;29;0;4;;;;35;4;41;1;17;;;;63;98
58103;Subiaco;76;5;44;3;3;;;;55;4;32;3;15;;;;54;109
58103;Subiaco;77;3;40;2;4;;;;49;4;23;0;39;;;;66;115
58103;Subiaco;78;5;42;0;3;;;;50;6;23;2;14;;;;45;95
58103;Subiaco;79;2;26;1;3;;;;32;5;17;1;17;;;;40;72
58103;Subiaco;80;2;26;0;2;;;;30;2;22;1;16;;;;41;71
58103;Subiaco;81;5;27;0;2;;;;34;5;19;1;22;;;;47;81
58103;Subiaco;82;4;20;1;2;;;;27;3;11;2;24;;;;40;67
58103;Subiaco;83;0;19;0;4;;;;23;1;11;2;19;;;;33;56
58103;Subiaco;84;0;22;1;3;;;;26;2;15;0;22;;;;39;65
58103;Subiaco;85;0;20;0;10;;;;30;4;9;1;15;;;;29;59
58103;Subiaco;86;2;15;0;2;;;;19;4;3;0;24;;;;31;50
58103;Subiaco;87;2;6;1;5;;;;14;3;3;0;27;;;;33;47
58103;Subiaco;88;1;9;0;3;;;;13;1;3;0;15;;;;19;32
58103;Subiaco;89;2;9;0;3;;;;14;1;6;0;17;;;;24;38
58103;Subiaco;90;0;7;0;0;;;;7;2;4;0;18;;;;24;31
58103;Subiaco;91;0;5;0;4;;;;9;0;1;0;15;;;;16;25
58103;Subiaco;92;1;2;0;2;;;;5;3;2;0;11;;;;16;21
58103;Subiaco;93;0;1;0;2;;;;3;1;1;0;10;;;;12;15
58103;Subiaco;94;0;1;0;2;;;;3;0;1;1;1;;;;3;6
58103;Subiaco;95;0;1;0;1;;;;2;1;0;0;2;;;;3;5
58103;Subiaco;96;0;1;0;0;;;;1;0;0;0;4;;;;4;5
58103;Subiaco;97;0;0;0;1;;;;1;0;0;0;5;;;;5;6
58103;Subiaco;98;0;1;0;3;;;;4;0;0;0;1;;;;1;5
58103;Subiaco;99;0;0;0;0;;;;0;0;0;0;2;;;;2;2
58103;Subiaco;100;1;0;0;0;;;;1;0;0;0;2;;;;2;3
58103;Subiaco;999;2055;1939;99;112;;;;4205;1641;1942;143;568;;;;4294;8499
58104;Tivoli;0;165;0;0;0;0;0;0;165;125;0;0;0;0;0;0;125;290
58104;Tivoli;1;178;0;0;0;0;0;0;178;150;0;0;0;0;0;0;150;328
58104;Tivoli;2;147;0;0;0;0;0;0;147;186;0;0;0;0;0;0;186;333
58104;Tivoli;3;205;0;0;0;0;0;0;205;170;0;0;0;0;0;0;170;375
58104;Tivoli;4;187;0;0;0;0;0;0;187;185;0;0;0;0;0;0;185;372
58104;Tivoli;5;221;0;0;0;0;0;0;221;193;0;0;0;0;0;0;193;414
58104;Tivoli;6;210;0;0;0;0;0;0;210;192;0;0;0;0;0;0;192;402
58104;Tivoli;7;223;0;0;0;0;0;0;223;214;0;0;0;0;0;0;214;437
58104;Tivoli;8;256;0;0;0;0;0;0;256;243;0;0;0;0;0;0;243;499
58104;Tivoli;9;245;0;0;0;0;0;0;245;251;0;0;0;0;0;0;251;496
58104;Tivoli;10;276;0;0;0;0;0;0;276;266;0;0;0;0;0;0;266;542
58104;Tivoli;11;281;0;0;0;0;0;0;281;276;0;0;0;0;0;0;276;557
58104;Tivoli;12;286;0;0;0;0;0;0;286;264;0;0;0;0;0;0;264;550
58104;Tivoli;13;286;0;0;0;0;0;0;286;299;0;0;0;0;0;0;299;585
58104;Tivoli;14;283;0;0;0;0;0;0;283;281;0;0;0;0;0;0;281;564
58104;Tivoli;15;313;0;0;0;0;0;0;313;285;0;0;0;0;0;0;285;598
58104;Tivoli;16;303;0;0;0;0;0;0;303;265;0;0;0;0;0;0;265;568
58104;Tivoli;17;265;0;0;0;0;0;0;265;304;0;0;0;0;0;0;304;569
58104;Tivoli;18;306;0;0;0;0;0;0;306;282;0;0;0;0;0;0;282;588
58104;Tivoli;19;290;0;0;0;0;0;0;290;275;0;0;0;0;0;0;275;565
58104;Tivoli;20;304;0;0;0;0;0;0;304;245;2;0;0;0;0;0;247;551
58104;Tivoli;21;287;0;0;0;0;0;0;287;282;0;0;0;0;0;0;282;569
58104;Tivoli;22;297;1;0;0;0;0;0;298;245;5;0;0;0;0;0;250;548
58104;Tivoli;23;277;1;0;0;0;0;0;278;266;6;0;0;0;0;0;272;550
58104;Tivoli;24;266;2;0;0;0;0;0;268;257;6;0;0;0;0;0;263;531
58104;Tivoli;25;291;3;0;0;0;0;0;294;215;14;0;0;0;0;0;229;523
58104;Tivoli;26;274;5;1;0;0;0;0;280;260;19;1;0;0;0;0;280;560
58104;Tivoli;27;305;6;0;0;0;0;0;311;236;26;0;0;0;0;0;262;573
58104;Tivoli;28;293;9;0;0;0;0;0;302;247;23;0;0;0;0;0;270;572
58104;Tivoli;29;284;24;0;0;0;0;0;308;208;39;0;1;0;0;0;248;556
58104;Tivoli;30;292;19;0;0;0;0;0;311;199;57;2;0;3;1;0;262;573
58104;Tivoli;31;282;34;2;0;0;0;0;318;202;57;3;0;0;0;0;262;580
58104;Tivoli;32;268;44;1;0;0;0;0;313;203;74;0;0;0;0;0;277;590
58104;Tivoli;33;257;65;0;0;0;0;0;322;205;80;5;0;1;0;0;291;613
58104;Tivoli;34;262;71;4;0;0;0;0;337;211;107;5;1;0;0;0;324;661
58104;Tivoli;35;265;96;4;0;1;0;0;366;169;95;1;1;1;0;0;267;633
58104;Tivoli;36;221;97;0;0;0;0;0;318;171;118;7;1;3;0;0;300;618
58104;Tivoli;37;238;108;6;0;0;0;0;352;151;136;9;1;0;0;0;297;649
58104;Tivoli;38;182;117;2;1;0;0;0;302;135;178;11;2;0;0;0;326;628
58104;Tivoli;39;203;126;3;0;0;0;0;332;146;147;10;4;0;0;0;307;639
58104;Tivoli;40;205;148;11;1;0;0;0;365;143;183;16;2;1;0;0;345;710
58104;Tivoli;41;186;154;6;0;1;0;0;347;136;208;10;2;0;0;0;356;703
58104;Tivoli;42;183;210;13;0;0;0;0;406;138;215;17;4;0;0;0;374;780
58104;Tivoli;43;172;177;11;1;0;0;0;361;94;192;14;2;0;0;0;302;663
58104;Tivoli;44;168;206;13;1;1;0;0;389;133;242;19;7;1;0;0;402;791
58104;Tivoli;45;167;234;13;1;0;0;0;415;114;246;24;3;0;0;0;387;802
58104;Tivoli;46;129;245;13;0;2;0;0;389;97;254;22;5;0;0;0;378;767
58104;Tivoli;47;147;260;21;2;0;0;0;430;95;262;23;4;1;0;0;385;815
58104;Tivoli;48;161;261;17;1;1;0;0;441;94;292;35;6;1;0;0;428;869
58104;Tivoli;49;155;273;16;8;1;0;0;453;97;309;32;9;1;0;0;448;901
58104;Tivoli;50;145;277;25;2;0;0;0;449;118;300;53;13;0;0;0;484;933
58104;Tivoli;51;155;266;22;0;2;0;0;445;89;345;38;9;0;0;0;481;926
58104;Tivoli;52;143;300;35;1;0;0;0;479;98;291;41;13;0;0;0;443;922
58104;Tivoli;53;119;294;29;5;2;0;0;449;99;325;64;20;1;0;0;509;958
58104;Tivoli;54;111;295;38;5;0;0;0;449;73;338;49;20;0;0;0;480;929
58104;Tivoli;55;100;354;38;1;3;0;0;496;76;361;41;14;0;0;0;492;988
58104;Tivoli;56;87;307;48;6;2;0;0;450;61;352;41;13;1;0;0;468;918
58104;Tivoli;57;69;337;36;5;2;0;0;449;71;326;46;19;0;0;0;462;911
58104;Tivoli;58;72;318;29;9;0;0;0;428;56;327;47;31;0;0;0;461;889
58104;Tivoli;59;60;328;45;2;0;0;0;435;57;336;44;32;0;0;0;469;904
58104;Tivoli;60;69;353;30;5;1;0;0;458;53;345;53;38;0;0;0;489;947
58104;Tivoli;61;44;327;23;11;1;0;0;406;44;299;51;42;0;0;0;436;842
58104;Tivoli;62;44;305;34;12;0;0;0;395;46;295;37;28;0;0;0;406;801
58104;Tivoli;63;45;304;31;7;0;0;0;387;42;311;43;38;0;0;0;434;821
58104;Tivoli;64;33;287;30;9;0;0;0;359;28;287;41;44;0;0;0;400;759
58104;Tivoli;65;33;250;24;13;0;0;0;320;30;255;29;41;0;0;0;355;675
58104;Tivoli;66;38;275;18;15;0;0;0;346;45;248;34;40;0;0;0;367;713
58104;Tivoli;67;35;261;16;4;0;0;0;316;24;243;26;67;0;0;0;360;676
58104;Tivoli;68;23;266;25;21;0;0;0;335;27;253;21;52;0;0;0;353;688
58104;Tivoli;69;21;231;14;12;0;0;0;278;20;232;23;58;0;0;0;333;611
58104;Tivoli;70;20;244;20;22;1;0;0;307;15;224;28;75;0;0;0;342;649
58104;Tivoli;71;14;268;13;19;0;0;0;314;23;196;20;58;0;0;0;297;611
58104;Tivoli;72;15;201;13;13;0;0;0;242;14;188;15;74;0;0;0;291;533
58104;Tivoli;73;14;216;7;16;0;0;0;253;21;178;18;89;0;0;0;306;559
58104;Tivoli;74;10;198;15;15;0;0;0;238;18;190;17;99;0;0;0;324;562
58104;Tivoli;75;8;226;9;25;0;0;0;268;15;176;16;83;0;0;0;290;558
58104;Tivoli;76;9;196;19;18;0;0;0;242;12;158;5;111;0;0;0;286;528
58104;Tivoli;77;7;214;10;34;0;0;0;265;14;166;17;111;0;0;0;308;573
58104;Tivoli;78;10;183;6;32;0;0;0;231;18;146;11;133;0;0;0;308;539
58104;Tivoli;79;9;145;2;30;0;0;0;186;10;99;10;88;0;0;0;207;393
58104;Tivoli;80;4;124;2;29;0;0;0;159;6;89;12;95;0;0;0;202;361
58104;Tivoli;81;8;129;2;14;0;0;0;153;7;86;2;103;0;0;0;198;351
58104;Tivoli;82;5;110;4;33;0;0;0;152;14;74;0;111;0;0;0;199;351
58104;Tivoli;83;3;90;3;33;0;0;0;129;8;70;3;120;0;0;0;201;330
58104;Tivoli;84;2;105;2;38;0;0;0;147;10;46;4;132;0;0;0;192;339
58104;Tivoli;85;4;87;0;36;0;0;0;127;6;64;5;131;0;0;0;206;333
58104;Tivoli;86;4;85;2;34;0;0;0;125;8;33;2;120;0;0;0;163;288
58104;Tivoli;87;1;61;2;22;0;0;0;86;7;36;2;122;0;0;0;167;253
58104;Tivoli;88;1;43;2;21;0;0;0;67;3;21;3;97;0;0;0;124;191
58104;Tivoli;89;0;38;1;22;0;0;0;61;8;20;0;83;0;0;0;111;172
58104;Tivoli;90;0;30;0;10;0;0;0;40;11;14;0;95;0;0;0;120;160
58104;Tivoli;91;1;27;0;16;0;0;0;44;4;7;2;70;0;0;0;83;127
58104;Tivoli;92;0;30;0;14;0;0;0;44;3;6;2;60;0;0;0;71;115
58104;Tivoli;93;0;20;0;5;0;0;0;25;2;2;1;45;0;0;0;50;75
58104;Tivoli;94;0;4;0;9;0;0;0;13;6;3;0;42;0;0;0;51;64
58104;Tivoli;95;1;6;0;9;0;0;0;16;4;1;0;36;0;0;0;41;57
58104;Tivoli;96;0;6;0;1;0;0;0;7;3;0;0;20;0;0;0;23;30
58104;Tivoli;97;0;3;0;3;0;0;0;6;0;1;0;12;0;0;0;13;19
58104;Tivoli;98;0;2;0;1;0;0;0;3;0;0;0;9;0;0;0;9;12
58104;Tivoli;99;0;0;0;0;0;0;0;0;1;0;0;8;0;0;0;9;9
58104;Tivoli;100;0;0;1;2;0;0;0;3;0;0;0;9;0;0;0;9;12
58104;Tivoli;999;13543;12022;882;737;21;0;0;27205;11528;11955;1283;3128;15;1;0;27910;55115
58105;Tolfa;0;12;0;0;0;;;;12;9;0;0;0;;;;9;21
58105;Tolfa;1;16;0;0;0;;;;16;11;0;0;0;;;;11;27
58105;Tolfa;2;12;0;0;0;;;;12;18;0;0;0;;;;18;30
58105;Tolfa;3;9;0;0;0;;;;9;11;0;0;0;;;;11;20
58105;Tolfa;4;16;0;0;0;;;;16;14;0;0;0;;;;14;30
58105;Tolfa;5;8;0;0;0;;;;8;3;0;0;0;;;;3;11
58105;Tolfa;6;21;0;0;0;;;;21;12;0;0;0;;;;12;33
58105;Tolfa;7;21;0;0;0;;;;21;22;0;0;0;;;;22;43
58105;Tolfa;8;19;0;0;0;;;;19;14;0;0;0;;;;14;33
58105;Tolfa;9;13;0;0;0;;;;13;23;0;0;0;;;;23;36
58105;Tolfa;10;24;0;0;0;;;;24;21;0;0;0;;;;21;45
58105;Tolfa;11;12;0;0;0;;;;12;19;0;0;0;;;;19;31
58105;Tolfa;12;16;0;0;0;;;;16;23;0;0;0;;;;23;39
58105;Tolfa;13;22;0;0;0;;;;22;14;0;0;0;;;;14;36
58105;Tolfa;14;21;0;0;0;;;;21;30;0;0;0;;;;30;51
58105;Tolfa;15;19;0;0;0;;;;19;23;0;0;0;;;;23;42
58105;Tolfa;16;22;0;0;0;;;;22;14;0;0;0;;;;14;36
58105;Tolfa;17;22;0;0;0;;;;22;21;0;0;0;;;;21;43
58105;Tolfa;18;22;0;0;0;;;;22;17;0;0;0;;;;17;39
58105;Tolfa;19;25;0;0;0;;;;25;24;1;0;0;;;;25;50
58105;Tolfa;20;33;0;0;0;;;;33;31;0;0;0;;;;31;64
58105;Tolfa;21;21;0;0;0;;;;21;20;0;0;0;;;;20;41
58105;Tolfa;22;18;0;0;0;;;;18;19;0;0;0;;;;19;37
58105;Tolfa;23;19;1;0;0;;;;20;30;0;0;0;;;;30;50
58105;Tolfa;24;26;0;0;0;;;;26;22;1;0;0;;;;23;49
58105;Tolfa;25;28;0;0;0;;;;28;9;1;0;0;;;;10;38
58105;Tolfa;26;16;0;0;0;;;;16;16;1;0;0;;;;17;33
58105;Tolfa;27;22;1;0;0;;;;23;20;1;0;0;;;;21;44
58105;Tolfa;28;22;2;0;0;;;;24;21;2;0;0;;;;23;47
58105;Tolfa;29;20;1;0;0;;;;21;23;1;0;0;;;;24;45
58105;Tolfa;30;19;3;0;0;;;;22;17;4;0;0;;;;21;43
58105;Tolfa;31;24;3;0;0;;;;27;9;1;0;0;;;;10;37
58105;Tolfa;32;23;0;0;0;;;;23;18;9;0;0;;;;27;50
58105;Tolfa;33;19;3;0;0;;;;22;9;8;0;0;;;;17;39
58105;Tolfa;34;22;4;0;0;;;;26;10;3;1;0;;;;14;40
58105;Tolfa;35;26;2;2;0;;;;30;10;11;0;0;;;;21;51
58105;Tolfa;36;17;6;0;0;;;;23;15;9;0;0;;;;24;47
58105;Tolfa;37;17;2;0;0;;;;19;14;15;0;0;;;;29;48
58105;Tolfa;38;13;11;1;0;;;;25;7;4;1;0;;;;12;37
58105;Tolfa;39;27;12;0;0;;;;39;14;15;1;0;;;;30;69
58105;Tolfa;40;15;12;1;0;;;;28;5;16;3;0;;;;24;52
58105;Tolfa;41;19;5;1;0;;;;25;12;13;3;0;;;;28;53
58105;Tolfa;42;13;16;0;0;;;;29;12;19;2;0;;;;33;62
58105;Tolfa;43;23;12;2;0;;;;37;6;17;4;1;;;;28;65
58105;Tolfa;44;17;14;1;0;;;;32;9;20;5;0;;;;34;66
58105;Tolfa;45;9;14;2;0;;;;25;14;23;2;0;;;;39;64
58105;Tolfa;46;15;27;1;0;;;;43;5;24;3;1;;;;33;76
58105;Tolfa;47;16;17;3;0;;;;36;4;22;2;1;;;;29;65
58105;Tolfa;48;18;22;1;0;;;;41;8;21;1;1;;;;31;72
58105;Tolfa;49;18;14;3;0;;;;35;7;28;3;0;;;;38;73
58105;Tolfa;50;10;31;3;0;;;;44;3;18;3;3;;;;27;71
58105;Tolfa;51;9;23;5;0;;;;37;7;31;2;1;;;;41;78
58105;Tolfa;52;8;13;1;0;;;;22;6;29;4;1;;;;40;62
58105;Tolfa;53;9;27;3;1;;;;40;5;24;2;2;;;;33;73
58105;Tolfa;54;11;27;3;0;;;;41;2;34;5;0;;;;41;82
58105;Tolfa;55;7;29;5;1;;;;42;3;23;5;3;;;;34;76
58105;Tolfa;56;9;21;4;0;;;;34;3;25;2;1;;;;31;65
58105;Tolfa;57;9;23;6;0;;;;38;10;27;7;4;;;;48;86
58105;Tolfa;58;7;31;4;0;;;;42;3;24;5;3;;;;35;77
58105;Tolfa;59;5;40;5;0;;;;50;8;37;2;1;;;;48;98
58105;Tolfa;60;2;39;3;2;;;;46;1;30;3;1;;;;35;81
58105;Tolfa;61;3;33;5;0;;;;41;5;19;3;4;;;;31;72
58105;Tolfa;62;5;36;4;0;;;;45;2;29;2;6;;;;39;84
58105;Tolfa;63;1;13;2;0;;;;16;2;25;3;7;;;;37;53
58105;Tolfa;64;6;26;0;1;;;;33;1;30;5;2;;;;38;71
58105;Tolfa;65;3;26;3;0;;;;32;2;31;4;5;;;;42;74
58105;Tolfa;66;2;25;2;3;;;;32;0;27;1;2;;;;30;62
58105;Tolfa;67;4;31;4;1;;;;40;4;22;3;3;;;;32;72
58105;Tolfa;68;7;30;1;0;;;;38;0;26;3;10;;;;39;77
58105;Tolfa;69;2;31;2;5;;;;40;2;25;2;2;;;;31;71
58105;Tolfa;70;3;25;4;3;;;;35;0;22;5;6;;;;33;68
58105;Tolfa;71;7;23;2;0;;;;32;1;19;0;8;;;;28;60
58105;Tolfa;72;1;26;1;2;;;;30;1;13;4;6;;;;24;54
58105;Tolfa;73;1;24;6;0;;;;31;2;18;1;7;;;;28;59
58105;Tolfa;74;3;20;0;1;;;;24;2;14;1;17;;;;34;58
58105;Tolfa;75;0;26;1;3;;;;30;0;13;1;7;;;;21;51
58105;Tolfa;76;2;22;0;2;;;;26;0;18;1;12;;;;31;57
58105;Tolfa;77;3;22;0;3;;;;28;1;15;0;9;;;;25;53
58105;Tolfa;78;1;26;1;5;;;;33;0;10;1;9;;;;20;53
58105;Tolfa;79;2;16;0;4;;;;22;0;7;2;11;;;;20;42
58105;Tolfa;80;1;11;0;3;;;;15;3;10;0;10;;;;23;38
58105;Tolfa;81;0;9;1;4;;;;14;0;5;1;10;;;;16;30
58105;Tolfa;82;2;14;0;2;;;;18;0;14;0;12;;;;26;44
58105;Tolfa;83;1;10;0;3;;;;14;1;11;0;15;;;;27;41
58105;Tolfa;84;2;11;0;3;;;;16;0;11;0;16;;;;27;43
58105;Tolfa;85;2;7;0;1;;;;10;0;6;0;11;;;;17;27
58105;Tolfa;86;0;9;0;1;;;;10;1;3;0;13;;;;17;27
58105;Tolfa;87;0;8;0;3;;;;11;2;3;0;6;;;;11;22
58105;Tolfa;88;2;4;0;2;;;;8;0;0;0;7;;;;7;15
58105;Tolfa;89;0;2;0;2;;;;4;1;2;0;5;;;;8;12
58105;Tolfa;90;2;5;0;1;;;;8;0;2;0;9;;;;11;19
58105;Tolfa;91;0;3;0;0;;;;3;1;0;0;7;;;;8;11
58105;Tolfa;92;0;1;0;0;;;;1;0;1;0;5;;;;6;7
58105;Tolfa;93;0;2;0;2;;;;4;0;0;0;5;;;;5;9
58105;Tolfa;94;0;2;0;3;;;;5;0;0;0;6;;;;6;11
58105;Tolfa;95;0;0;0;0;;;;0;0;0;0;1;;;;1;1
58105;Tolfa;96;0;0;0;1;;;;1;0;0;0;5;;;;5;6
58105;Tolfa;97;0;0;0;0;;;;0;0;0;0;1;;;;1;1
58105;Tolfa;98;0;1;0;0;;;;1;0;0;0;2;;;;2;3
58105;Tolfa;99;0;0;0;0;;;;0;0;0;0;1;;;;1;1
58105;Tolfa;100;0;0;0;0;;;;0;0;0;0;1;;;;1;1
58105;Tolfa;999;1101;1088;99;68;;;;2356;844;1043;114;305;;;;2306;4662
58106;Torrita Tiberina;0;1;0;0;0;;;;1;2;0;0;0;;;;2;3
58106;Torrita Tiberina;1;3;0;0;0;;;;3;5;0;0;0;;;;5;8
58106;Torrita Tiberina;2;4;0;0;0;;;;4;2;0;0;0;;;;2;6
58106;Torrita Tiberina;3;6;0;0;0;;;;6;3;0;0;0;;;;3;9
58106;Torrita Tiberina;4;12;0;0;0;;;;12;0;0;0;0;;;;0;12
58106;Torrita Tiberina;5;6;0;0;0;;;;6;4;0;0;0;;;;4;10
58106;Torrita Tiberina;6;5;0;0;0;;;;5;3;0;0;0;;;;3;8
58106;Torrita Tiberina;7;3;0;0;0;;;;3;2;0;0;0;;;;2;5
58106;Torrita Tiberina;8;1;0;0;0;;;;1;1;0;0;0;;;;1;2
58106;Torrita Tiberina;9;3;0;0;0;;;;3;6;0;0;0;;;;6;9
58106;Torrita Tiberina;10;2;0;0;0;;;;2;4;0;0;0;;;;4;6
58106;Torrita Tiberina;11;9;0;0;0;;;;9;6;0;0;0;;;;6;15
58106;Torrita Tiberina;12;5;0;0;0;;;;5;7;0;0;0;;;;7;12
58106;Torrita Tiberina;13;6;0;0;0;;;;6;5;0;0;0;;;;5;11
58106;Torrita Tiberina;14;6;0;0;0;;;;6;8;0;0;0;;;;8;14
58106;Torrita Tiberina;15;1;0;0;0;;;;1;4;0;0;0;;;;4;5
58106;Torrita Tiberina;16;6;0;0;0;;;;6;7;0;0;0;;;;7;13
58106;Torrita Tiberina;17;2;0;0;0;;;;2;5;0;0;0;;;;5;7
58106;Torrita Tiberina;18;7;0;0;0;;;;7;5;0;0;0;;;;5;12
58106;Torrita Tiberina;19;8;0;0;0;;;;8;3;0;0;0;;;;3;11
58106;Torrita Tiberina;20;5;0;0;0;;;;5;5;0;0;0;;;;5;10
58106;Torrita Tiberina;21;6;0;0;0;;;;6;4;0;0;0;;;;4;10
58106;Torrita Tiberina;22;1;0;0;0;;;;1;2;0;0;0;;;;2;3
58106;Torrita Tiberina;23;7;0;0;0;;;;7;2;0;0;0;;;;2;9
58106;Torrita Tiberina;24;5;0;0;0;;;;5;5;0;0;0;;;;5;10
58106;Torrita Tiberina;25;5;0;0;0;;;;5;3;0;0;0;;;;3;8
58106;Torrita Tiberina;26;6;0;0;0;;;;6;3;0;0;0;;;;3;9
58106;Torrita Tiberina;27;3;0;0;0;;;;3;3;0;0;0;;;;3;6
58106;Torrita Tiberina;28;9;1;0;0;;;;10;3;0;0;0;;;;3;13
58106;Torrita Tiberina;29;3;0;0;0;;;;3;5;3;0;0;;;;8;11
58106;Torrita Tiberina;30;1;0;0;0;;;;1;2;0;0;0;;;;2;3
58106;Torrita Tiberina;31;4;1;0;0;;;;5;3;2;0;0;;;;5;10
58106;Torrita Tiberina;32;4;1;0;0;;;;5;6;3;0;0;;;;9;14
58106;Torrita Tiberina;33;9;0;0;0;;;;9;0;4;0;0;;;;4;13
58106;Torrita Tiberina;34;4;3;0;0;;;;7;5;2;0;0;;;;7;14
58106;Torrita Tiberina;35;4;1;0;0;;;;5;5;4;0;0;;;;9;14
58106;Torrita Tiberina;36;7;4;0;0;;;;11;3;2;0;0;;;;5;16
58106;Torrita Tiberina;37;5;0;0;0;;;;5;1;1;0;0;;;;2;7
58106;Torrita Tiberina;38;2;1;0;1;;;;4;2;3;0;0;;;;5;9
58106;Torrita Tiberina;39;3;1;0;0;;;;4;3;4;0;0;;;;7;11
58106;Torrita Tiberina;40;2;0;0;0;;;;2;1;8;0;0;;;;9;11
58106;Torrita Tiberina;41;3;6;0;0;;;;9;2;3;0;0;;;;5;14
58106;Torrita Tiberina;42;1;4;0;0;;;;5;6;4;0;0;;;;10;15
58106;Torrita Tiberina;43;0;3;0;0;;;;3;1;3;1;0;;;;5;8
58106;Torrita Tiberina;44;2;4;0;0;;;;6;3;4;1;0;;;;8;14
58106;Torrita Tiberina;45;3;6;0;0;;;;9;2;5;1;0;;;;8;17
58106;Torrita Tiberina;46;1;5;0;0;;;;6;2;3;0;0;;;;5;11
58106;Torrita Tiberina;47;4;8;0;0;;;;12;4;5;0;0;;;;9;21
58106;Torrita Tiberina;48;3;5;1;0;;;;9;1;4;0;0;;;;5;14
58106;Torrita Tiberina;49;1;8;0;0;;;;9;2;7;0;0;;;;9;18
58106;Torrita Tiberina;50;3;4;0;0;;;;7;5;6;1;0;;;;12;19
58106;Torrita Tiberina;51;2;7;1;0;;;;10;4;3;1;1;;;;9;19
58106;Torrita Tiberina;52;6;10;0;0;;;;16;2;4;2;0;;;;8;24
58106;Torrita Tiberina;53;2;5;0;0;;;;7;2;12;0;0;;;;14;21
58106;Torrita Tiberina;54;0;5;1;0;;;;6;1;6;0;0;;;;7;13
58106;Torrita Tiberina;55;5;6;0;0;;;;11;1;5;3;0;;;;9;20
58106;Torrita Tiberina;56;1;5;1;0;;;;7;3;1;1;0;;;;5;12
58106;Torrita Tiberina;57;1;6;0;0;;;;7;1;6;0;0;;;;7;14
58106;Torrita Tiberina;58;1;8;0;2;;;;11;1;9;1;0;;;;11;22
58106;Torrita Tiberina;59;5;4;0;1;;;;10;2;9;1;0;;;;12;22
58106;Torrita Tiberina;60;2;3;1;0;;;;6;1;13;0;1;;;;15;21
58106;Torrita Tiberina;61;0;6;1;0;;;;7;1;8;1;1;;;;11;18
58106;Torrita Tiberina;62;1;12;1;0;;;;14;0;6;0;0;;;;6;20
58106;Torrita Tiberina;63;0;4;1;0;;;;5;0;6;0;1;;;;7;12
58106;Torrita Tiberina;64;3;11;1;0;;;;15;1;8;2;1;;;;12;27
58106;Torrita Tiberina;65;2;5;1;0;;;;8;0;6;2;0;;;;8;16
58106;Torrita Tiberina;66;0;6;0;0;;;;6;0;3;1;1;;;;5;11
58106;Torrita Tiberina;67;0;4;0;0;;;;4;1;1;0;1;;;;3;7
58106;Torrita Tiberina;68;1;4;0;0;;;;5;1;7;0;4;;;;12;17
58106;Torrita Tiberina;69;0;7;1;0;;;;8;2;4;1;0;;;;7;15
58106;Torrita Tiberina;70;0;4;1;0;;;;5;0;6;0;0;;;;6;11
58106;Torrita Tiberina;71;1;3;0;0;;;;4;1;5;0;1;;;;7;11
58106;Torrita Tiberina;72;0;5;0;1;;;;6;1;1;1;1;;;;4;10
58106;Torrita Tiberina;73;0;11;1;1;;;;13;0;3;0;2;;;;5;18
58106;Torrita Tiberina;74;0;5;0;0;;;;5;1;5;1;1;;;;8;13
58106;Torrita Tiberina;75;0;5;0;1;;;;6;0;2;0;3;;;;5;11
58106;Torrita Tiberina;76;0;3;1;3;;;;7;0;3;0;3;;;;6;13
58106;Torrita Tiberina;77;0;1;1;1;;;;3;1;8;0;1;;;;10;13
58106;Torrita Tiberina;78;0;4;0;0;;;;4;0;6;0;1;;;;7;11
58106;Torrita Tiberina;79;0;2;0;0;;;;2;1;2;0;2;;;;5;7
58106;Torrita Tiberina;80;0;5;1;0;;;;6;0;5;0;5;;;;10;16
58106;Torrita Tiberina;81;2;4;1;0;;;;7;0;2;0;3;;;;5;12
58106;Torrita Tiberina;82;1;4;0;1;;;;6;0;0;0;1;;;;1;7
58106;Torrita Tiberina;83;0;4;1;0;;;;5;0;2;0;2;;;;4;9
58106;Torrita Tiberina;84;0;4;1;1;;;;6;0;1;0;3;;;;4;10
58106;Torrita Tiberina;85;0;5;0;0;;;;5;0;1;0;2;;;;3;8
58106;Torrita Tiberina;86;2;3;0;0;;;;5;1;3;0;1;;;;5;10
58106;Torrita Tiberina;87;0;3;0;1;;;;4;1;3;0;3;;;;7;11
58106;Torrita Tiberina;88;0;2;0;0;;;;2;1;1;0;0;;;;2;4
58106;Torrita Tiberina;89;0;0;0;1;;;;1;0;1;0;3;;;;4;5
58106;Torrita Tiberina;90;0;1;0;0;;;;1;0;0;0;0;;;;0;1
58106;Torrita Tiberina;91;0;0;0;1;;;;1;0;1;0;2;;;;3;4
58106;Torrita Tiberina;92;0;1;0;0;;;;1;0;1;0;0;;;;1;2
58106;Torrita Tiberina;93;0;1;0;1;;;;2;0;0;0;1;;;;1;3
58106;Torrita Tiberina;94;0;0;0;0;;;;0;0;0;0;3;;;;3;3
58106;Torrita Tiberina;95;0;0;0;0;;;;0;0;0;0;1;;;;1;1
58106;Torrita Tiberina;96;0;0;0;0;;;;0;0;0;0;0;;;;0;0
58106;Torrita Tiberina;97;0;0;0;0;;;;0;0;0;0;0;;;;0;0
58106;Torrita Tiberina;98;0;0;0;0;;;;0;0;0;0;1;;;;1;1
58106;Torrita Tiberina;99;0;0;0;0;;;;0;0;0;0;0;;;;0;0
58106;Torrita Tiberina;100;0;0;0;0;;;;0;0;0;0;0;;;;0;0
58106;Torrita Tiberina;999;250;264;19;17;;;;550;208;259;22;57;;;;546;1096
58107;Trevignano Romano;0;14;0;0;0;;;;14;9;0;0;0;;;;9;23
58107;Trevignano Romano;1;14;0;0;0;;;;14;10;0;0;0;;;;10;24
58107;Trevignano Romano;2;10;0;0;0;;;;10;17;0;0;0;;;;17;27
58107;Trevignano Romano;3;17;0;0;0;;;;17;20;0;0;0;;;;20;37
58107;Trevignano Romano;4;15;0;0;0;;;;15;20;0;0;0;;;;20;35
58107;Trevignano Romano;5;16;0;0;0;;;;16;19;0;0;0;;;;19;35
58107;Trevignano Romano;6;26;0;0;0;;;;26;11;0;0;0;;;;11;37
58107;Trevignano Romano;7;29;0;0;0;;;;29;19;0;0;0;;;;19;48
58107;Trevignano Romano;8;23;0;0;0;;;;23;17;0;0;0;;;;17;40
58107;Trevignano Romano;9;24;0;0;0;;;;24;20;0;0;0;;;;20;44
58107;Trevignano Romano;10;23;0;0;0;;;;23;24;0;0;0;;;;24;47
58107;Trevignano Romano;11;27;0;0;0;;;;27;26;0;0;0;;;;26;53
58107;Trevignano Romano;12;31;0;0;0;;;;31;24;0;0;0;;;;24;55
58107;Trevignano Romano;13;27;0;0;0;;;;27;11;0;0;0;;;;11;38
58107;Trevignano Romano;14;21;0;0;0;;;;21;22;0;0;0;;;;22;43
58107;Trevignano Romano;15;16;0;0;0;;;;16;18;0;0;0;;;;18;34
58107;Trevignano Romano;16;27;0;0;0;;;;27;24;0;0;0;;;;24;51
58107;Trevignano Romano;17;41;0;0;0;;;;41;26;0;0;0;;;;26;67
58107;Trevignano Romano;18;30;0;0;0;;;;30;31;0;0;0;;;;31;61
58107;Trevignano Romano;19;25;0;0;0;;;;25;27;0;0;0;;;;27;52
58107;Trevignano Romano;20;33;0;0;0;;;;33;29;0;0;0;;;;29;62
58107;Trevignano Romano;21;20;0;0;0;;;;20;20;0;0;0;;;;20;40
58107;Trevignano Romano;22;27;0;0;0;;;;27;18;1;0;0;;;;19;46
58107;Trevignano Romano;23;26;1;0;0;;;;27;29;1;0;0;;;;30;57
58107;Trevignano Romano;24;27;0;0;0;;;;27;31;0;0;0;;;;31;58
58107;Trevignano Romano;25;26;0;0;0;;;;26;15;0;0;0;;;;15;41
58107;Trevignano Romano;26;30;1;0;0;;;;31;18;1;0;0;;;;19;50
58107;Trevignano Romano;27;21;0;0;0;;;;21;25;2;0;0;;;;27;48
58107;Trevignano Romano;28;24;1;0;0;;;;25;19;3;0;0;;;;22;47
58107;Trevignano Romano;29;20;3;0;0;;;;23;22;3;0;0;;;;25;48
58107;Trevignano Romano;30;20;5;0;0;;;;25;22;5;0;0;;;;27;52
58107;Trevignano Romano;31;20;3;0;0;;;;23;22;2;0;0;;;;24;47
58107;Trevignano Romano;32;22;3;0;0;;;;25;15;7;0;0;;;;22;47
58107;Trevignano Romano;33;20;4;0;0;;;;24;19;8;0;0;;;;27;51
58107;Trevignano Romano;34;22;4;0;0;;;;26;19;9;0;0;;;;28;54
58107;Trevignano Romano;35;30;1;0;0;;;;31;15;3;0;0;;;;18;49
58107;Trevignano Romano;36;15;4;0;0;;;;19;12;11;1;0;;;;24;43
58107;Trevignano Romano;37;16;8;1;0;;;;25;13;18;0;0;;;;31;56
58107;Trevignano Romano;38;17;10;0;0;;;;27;16;15;0;0;;;;31;58
58107;Trevignano Romano;39;18;8;2;1;;;;29;19;17;2;0;;;;38;67
58107;Trevignano Romano;40;25;10;0;0;;;;35;19;22;2;0;;;;43;78
58107;Trevignano Romano;41;19;10;0;1;;;;30;16;12;2;0;;;;30;60
58107;Trevignano Romano;42;10;19;1;0;;;;30;17;17;1;1;;;;36;66
58107;Trevignano Romano;43;18;11;1;0;;;;30;19;22;1;0;;;;42;72
58107;Trevignano Romano;44;9;12;3;0;;;;24;12;20;4;0;;;;36;60
58107;Trevignano Romano;45;17;17;0;0;;;;34;14;20;3;0;;;;37;71
58107;Trevignano Romano;46;22;27;1;0;;;;50;10;21;4;0;;;;35;85
58107;Trevignano Romano;47;9;20;2;1;;;;32;14;23;3;2;;;;42;74
58107;Trevignano Romano;48;13;26;1;1;;;;41;9;32;4;0;;;;45;86
58107;Trevignano Romano;49;11;24;3;0;;;;38;10;19;2;0;;;;31;69
58107;Trevignano Romano;50;19;15;1;0;;;;35;10;22;5;1;;;;38;73
58107;Trevignano Romano;51;13;29;2;0;;;;44;12;33;4;1;;;;50;94
58107;Trevignano Romano;52;15;28;0;1;;;;44;16;40;2;3;;;;61;105
58107;Trevignano Romano;53;10;34;3;0;;;;47;10;36;3;1;;;;50;97
58107;Trevignano Romano;54;19;28;4;0;;;;51;9;32;7;1;;;;49;100
58107;Trevignano Romano;55;17;29;3;0;;;;49;14;31;9;0;;;;54;103
58107;Trevignano Romano;56;15;30;1;1;;;;47;12;40;7;4;;;;63;110
58107;Trevignano Romano;57;16;37;2;0;;;;55;9;27;11;1;;;;48;103
58107;Trevignano Romano;58;15;41;4;0;;;;60;11;37;7;6;;;;61;121
58107;Trevignano Romano;59;7;23;5;0;;;;35;7;27;10;4;;;;48;83
58107;Trevignano Romano;60;13;40;5;1;;;;59;7;41;6;4;;;;58;117
58107;Trevignano Romano;61;6;36;5;2;;;;49;11;34;8;3;;;;56;105
58107;Trevignano Romano;62;12;36;1;4;;;;53;9;32;8;4;;;;53;106
58107;Trevignano Romano;63;5;32;5;0;;;;42;8;31;6;4;;;;49;91
58107;Trevignano Romano;64;10;31;4;1;;;;46;3;29;8;9;;;;49;95
58107;Trevignano Romano;65;3;27;6;1;;;;37;8;39;7;6;;;;60;97
58107;Trevignano Romano;66;6;43;4;2;;;;55;7;30;7;3;;;;47;102
58107;Trevignano Romano;67;5;40;5;0;;;;50;5;34;6;5;;;;50;100
58107;Trevignano Romano;68;6;32;6;0;;;;44;4;31;4;6;;;;45;89
58107;Trevignano Romano;69;4;22;1;0;;;;27;2;33;8;7;;;;50;77
58107;Trevignano Romano;70;4;34;5;0;;;;43;5;22;3;5;;;;35;78
58107;Trevignano Romano;71;2;27;2;2;;;;33;3;16;3;12;;;;34;67
58107;Trevignano Romano;72;1;30;5;3;;;;39;2;17;3;7;;;;29;68
58107;Trevignano Romano;73;4;23;9;1;;;;37;4;17;6;10;;;;37;74
58107;Trevignano Romano;74;7;37;4;4;;;;52;3;21;9;6;;;;39;91
58107;Trevignano Romano;75;3;29;7;2;;;;41;2;21;6;8;;;;37;78
58107;Trevignano Romano;76;4;27;1;4;;;;36;3;16;9;9;;;;37;73
58107;Trevignano Romano;77;2;24;1;1;;;;28;1;25;4;13;;;;43;71
58107;Trevignano Romano;78;0;37;2;2;;;;41;0;29;3;16;;;;48;89
58107;Trevignano Romano;79;2;24;3;0;;;;29;3;17;3;17;;;;40;69
58107;Trevignano Romano;80;1;16;1;2;;;;20;1;10;2;11;;;;24;44
58107;Trevignano Romano;81;1;15;3;4;;;;23;1;13;3;19;;;;36;59
58107;Trevignano Romano;82;1;12;0;1;;;;14;0;8;3;9;;;;20;34
58107;Trevignano Romano;83;1;10;0;4;;;;15;2;10;2;10;;;;24;39
58107;Trevignano Romano;84;1;15;1;5;;;;22;2;8;2;7;;;;19;41
58107;Trevignano Romano;85;0;6;0;1;;;;7;1;10;1;21;;;;33;40
58107;Trevignano Romano;86;1;12;1;3;;;;17;1;4;0;20;;;;25;42
58107;Trevignano Romano;87;2;7;0;0;;;;9;2;3;0;7;;;;12;21
58107;Trevignano Romano;88;0;5;0;2;;;;7;1;2;1;11;;;;15;22
58107;Trevignano Romano;89;0;4;0;4;;;;8;0;3;0;12;;;;15;23
58107;Trevignano Romano;90;2;3;0;1;;;;6;0;1;0;7;;;;8;14
58107;Trevignano Romano;91;1;1;0;3;;;;5;0;2;1;6;;;;9;14
58107;Trevignano Romano;92;0;1;0;3;;;;4;0;2;2;10;;;;14;18
58107;Trevignano Romano;93;0;0;1;1;;;;2;1;1;0;5;;;;7;9
58107;Trevignano Romano;94;0;2;0;1;;;;3;0;0;0;5;;;;5;8
58107;Trevignano Romano;95;0;1;0;1;;;;2;1;0;0;1;;;;2;4
58107;Trevignano Romano;96;0;0;0;0;;;;0;0;0;1;4;;;;5;5
58107;Trevignano Romano;97;0;0;0;1;;;;1;0;0;0;3;;;;3;4
58107;Trevignano Romano;98;0;0;0;0;;;;0;0;0;0;3;;;;3;3
58107;Trevignano Romano;99;0;0;0;0;;;;0;1;0;0;1;;;;2;2
58107;Trevignano Romano;100;0;0;0;1;;;;1;0;0;0;0;;;;0;1
58107;Trevignano Romano;999;1319;1267;128;74;;;;2788;1147;1251;229;351;;;;2978;5766
58108;Vallepietra;0;0;0;0;0;;;;0;0;0;0;0;;;;0;0
58108;Vallepietra;1;0;0;0;0;;;;0;1;0;0;0;;;;1;1
58108;Vallepietra;2;0;0;0;0;;;;0;0;0;0;0;;;;0;0
58108;Vallepietra;3;0;0;0;0;;;;0;2;0;0;0;;;;2;2
58108;Vallepietra;4;0;0;0;0;;;;0;0;0;0;0;;;;0;0
58108;Vallepietra;5;0;0;0;0;;;;0;0;0;0;0;;;;0;0
58108;Vallepietra;6;0;0;0;0;;;;0;0;0;0;0;;;;0;0
58108;Vallepietra;7;0;0;0;0;;;;0;0;0;0;0;;;;0;0
58108;Vallepietra;8;0;0;0;0;;;;0;0;0;0;0;;;;0;0
58108;Vallepietra;9;0;0;0;0;;;;0;1;0;0;0;;;;1;1
58108;Vallepietra;10;0;0;0;0;;;;0;0;0;0;0;;;;0;0
58108;Vallepietra;11;0;0;0;0;;;;0;0;0;0;0;;;;0;0
58108;Vallepietra;12;0;0;0;0;;;;0;0;0;0;0;;;;0;0
58108;Vallepietra;13;0;0;0;0;;;;0;1;0;0;0;;;;1;1
58108;Vallepietra;14;0;0;0;0;;;;0;2;0;0;0;;;;2;2
58108;Vallepietra;15;1;0;0;0;;;;1;0;0;0;0;;;;0;1
58108;Vallepietra;16;0;0;0;0;;;;0;4;0;0;0;;;;4;4
58108;Vallepietra;17;1;0;0;0;;;;1;0;0;0;0;;;;0;1
58108;Vallepietra;18;2;0;0;0;;;;2;1;0;0;0;;;;1;3
58108;Vallepietra;19;1;0;0;0;;;;1;0;0;0;0;;;;0;1
58108;Vallepietra;20;0;0;0;0;;;;0;1;0;0;0;;;;1;1
58108;Vallepietra;21;1;0;0;0;;;;1;1;0;0;0;;;;1;2
58108;Vallepietra;22;1;0;0;0;;;;1;2;0;0;0;;;;2;3
58108;Vallepietra;23;1;0;0;0;;;;1;2;0;0;0;;;;2;3
58108;Vallepietra;24;1;0;0;0;;;;1;0;0;0;0;;;;0;1
58108;Vallepietra;25;0;0;0;0;;;;0;2;0;0;0;;;;2;2
58108;Vallepietra;26;0;0;0;0;;;;0;1;0;0;0;;;;1;1
58108;Vallepietra;27;0;0;0;0;;;;0;1;0;0;0;;;;1;1
58108;Vallepietra;28;2;0;0;0;;;;2;1;0;0;0;;;;1;3
58108;Vallepietra;29;1;0;0;0;;;;1;0;0;0;0;;;;0;1
58108;Vallepietra;30;0;0;0;0;;;;0;0;0;0;0;;;;0;0
58108;Vallepietra;31;1;0;0;0;;;;1;2;0;0;0;;;;2;3
58108;Vallepietra;32;0;0;0;0;;;;0;1;0;0;0;;;;1;1
58108;Vallepietra;33;1;0;0;0;;;;1;1;0;0;0;;;;1;2
58108;Vallepietra;34;1;0;0;0;;;;1;1;0;0;0;;;;1;2
58108;Vallepietra;35;0;0;0;0;;;;0;0;1;0;0;;;;1;1
58108;Vallepietra;36;1;0;0;0;;;;1;0;0;0;0;;;;0;1
58108;Vallepietra;37;1;0;0;0;;;;1;1;0;0;0;;;;1;2
58108;Vallepietra;38;0;0;0;0;;;;0;1;0;0;0;;;;1;1
58108;Vallepietra;39;5;0;0;0;;;;5;1;0;0;0;;;;1;6
58108;Vallepietra;40;1;1;0;0;;;;2;0;0;0;0;;;;0;2
58108;Vallepietra;41;2;0;0;0;;;;2;2;0;0;0;;;;2;4
58108;Vallepietra;42;1;1;0;0;;;;2;0;0;0;0;;;;0;2
58108;Vallepietra;43;1;0;0;0;;;;1;0;0;0;0;;;;0;1
58108;Vallepietra;44;0;0;0;0;;;;0;0;0;0;0;;;;0;0
58108;Vallepietra;45;0;0;0;0;;;;0;0;2;0;0;;;;2;2
58108;Vallepietra;46;0;0;0;0;;;;0;2;1;1;0;;;;4;4
58108;Vallepietra;47;2;0;0;0;;;;2;2;0;0;0;;;;2;4
58108;Vallepietra;48;1;0;0;0;;;;1;0;1;0;0;;;;1;2
58108;Vallepietra;49;1;1;0;0;;;;2;2;0;1;0;;;;3;5
58108;Vallepietra;50;1;1;1;0;;;;3;0;1;1;0;;;;2;5
58108;Vallepietra;51;0;1;0;0;;;;1;0;0;0;0;;;;0;1
58108;Vallepietra;52;2;1;0;0;;;;3;2;1;0;0;;;;3;6
58108;Vallepietra;53;1;1;0;0;;;;2;0;0;1;0;;;;1;3
58108;Vallepietra;54;2;0;0;0;;;;2;0;2;0;0;;;;2;4
58108;Vallepietra;55;0;1;0;0;;;;1;1;5;0;0;;;;6;7
58108;Vallepietra;56;1;4;0;0;;;;5;0;0;0;0;;;;0;5
58108;Vallepietra;57;0;0;0;0;;;;0;0;1;0;0;;;;1;1
58108;Vallepietra;58;0;2;0;0;;;;2;1;0;1;0;;;;2;4
58108;Vallepietra;59;2;1;0;0;;;;3;1;1;0;0;;;;2;5
58108;Vallepietra;60;0;1;0;0;;;;1;0;1;0;0;;;;1;2
58108;Vallepietra;61;2;2;0;0;;;;4;0;1;0;0;;;;1;5
58108;Vallepietra;62;0;0;0;0;;;;0;0;1;0;2;;;;3;3
58108;Vallepietra;63;0;0;0;0;;;;0;0;2;1;0;;;;3;3
58108;Vallepietra;64;1;3;0;0;;;;4;1;1;0;0;;;;2;6
58108;Vallepietra;65;0;2;0;0;;;;2;0;1;0;0;;;;1;3
58108;Vallepietra;66;0;0;0;0;;;;0;0;1;0;0;;;;1;1
58108;Vallepietra;67;0;3;0;0;;;;3;1;0;0;0;;;;1;4
58108;Vallepietra;68;0;2;0;0;;;;2;0;1;0;2;;;;3;5
58108;Vallepietra;69;0;1;0;0;;;;1;1;1;0;0;;;;2;3
58108;Vallepietra;70;0;1;0;0;;;;1;1;2;0;0;;;;3;4
58108;Vallepietra;71;1;1;0;0;;;;2;0;1;0;1;;;;2;4
58108;Vallepietra;72;0;1;1;0;;;;2;0;2;0;0;;;;2;4
58108;Vallepietra;73;0;3;0;0;;;;3;0;0;0;0;;;;0;3
58108;Vallepietra;74;0;1;1;0;;;;2;0;0;0;3;;;;3;5
58108;Vallepietra;75;0;1;0;0;;;;1;0;1;0;1;;;;2;3
58108;Vallepietra;76;0;3;0;0;;;;3;0;0;0;1;;;;1;4
58108;Vallepietra;77;0;3;0;0;;;;3;0;1;0;1;;;;2;5
58108;Vallepietra;78;1;0;0;0;;;;1;0;3;0;2;;;;5;6
58108;Vallepietra;79;0;1;0;0;;;;1;0;1;0;1;;;;2;3
58108;Vallepietra;80;0;1;0;1;;;;2;0;1;0;0;;;;1;3
58108;Vallepietra;81;0;3;0;0;;;;3;0;1;0;2;;;;3;6
58108;Vallepietra;82;0;0;0;0;;;;0;0;0;0;1;;;;1;1
58108;Vallepietra;83;0;1;0;0;;;;1;0;3;0;1;;;;4;5
58108;Vallepietra;84;0;1;0;0;;;;1;0;0;0;1;;;;1;2
58108;Vallepietra;85;0;0;0;0;;;;0;0;0;0;0;;;;0;0
58108;Vallepietra;86;0;0;0;0;;;;0;0;0;0;0;;;;0;0
58108;Vallepietra;87;1;0;0;0;;;;1;0;0;0;2;;;;2;3
58108;Vallepietra;88;0;0;0;0;;;;0;0;0;0;0;;;;0;0
58108;Vallepietra;89;0;2;0;0;;;;2;0;0;0;2;;;;2;4
58108;Vallepietra;90;0;0;0;0;;;;0;0;0;0;1;;;;1;1
58108;Vallepietra;91;0;0;0;0;;;;0;0;0;0;1;;;;1;1
58108;Vallepietra;92;0;0;0;0;;;;0;0;0;0;1;;;;1;1
58108;Vallepietra;93;0;0;0;0;;;;0;0;0;0;1;;;;1;1
58108;Vallepietra;94;0;0;0;0;;;;0;0;0;0;1;;;;1;1
58108;Vallepietra;95;0;0;0;1;;;;1;0;0;0;0;;;;0;1
58108;Vallepietra;96;0;0;0;0;;;;0;0;0;0;0;;;;0;0
58108;Vallepietra;97;0;0;0;0;;;;0;0;0;0;0;;;;0;0
58108;Vallepietra;98;0;0;0;1;;;;1;0;0;0;0;;;;0;1
58108;Vallepietra;99;0;0;0;0;;;;0;0;0;0;0;;;;0;0
58108;Vallepietra;100;0;0;0;0;;;;0;0;0;0;0;;;;0;0
58108;Vallepietra;999;46;52;3;3;;;;104;48;42;6;28;;;;124;228
58109;Vallinfreda;0;1;0;0;0;;;;1;0;0;0;0;;;;0;1
58109;Vallinfreda;1;1;0;0;0;;;;1;0;0;0;0;;;;0;1
58109;Vallinfreda;2;0;0;0;0;;;;0;0;0;0;0;;;;0;0
58109;Vallinfreda;3;0;0;0;0;;;;0;0;0;0;0;;;;0;0
58109;Vallinfreda;4;0;0;0;0;;;;0;0;0;0;0;;;;0;0
58109;Vallinfreda;5;0;0;0;0;;;;0;0;0;0;0;;;;0;0
58109;Vallinfreda;6;1;0;0;0;;;;1;1;0;0;0;;;;1;2
58109;Vallinfreda;7;1;0;0;0;;;;1;0;0;0;0;;;;0;1
58109;Vallinfreda;8;0;0;0;0;;;;0;0;0;0;0;;;;0;0
58109;Vallinfreda;9;0;0;0;0;;;;0;1;0;0;0;;;;1;1
58109;Vallinfreda;10;0;0;0;0;;;;0;0;0;0;0;;;;0;0
58109;Vallinfreda;11;1;0;0;0;;;;1;0;0;0;0;;;;0;1
58109;Vallinfreda;12;0;0;0;0;;;;0;0;0;0;0;;;;0;0
58109;Vallinfreda;13;1;0;0;0;;;;1;2;0;0;0;;;;2;3
58109;Vallinfreda;14;0;0;0;0;;;;0;0;0;0;0;;;;0;0
58109;Vallinfreda;15;0;0;0;0;;;;0;0;0;0;0;;;;0;0
58109;Vallinfreda;16;3;0;0;0;;;;3;1;0;0;0;;;;1;4
58109;Vallinfreda;17;0;0;0;0;;;;0;1;0;0;0;;;;1;1
58109;Vallinfreda;18;0;0;0;0;;;;0;2;0;0;0;;;;2;2
58109;Vallinfreda;19;0;0;0;0;;;;0;1;0;0;0;;;;1;1
58109;Vallinfreda;20;1;0;0;0;;;;1;1;0;0;0;;;;1;2
58109;Vallinfreda;21;1;0;0;0;;;;1;1;0;0;0;;;;1;2
58109;Vallinfreda;22;3;0;0;0;;;;3;1;0;0;0;;;;1;4
58109;Vallinfreda;23;0;0;0;0;;;;0;1;0;0;0;;;;1;1
58109;Vallinfreda;24;2;0;0;0;;;;2;2;0;0;0;;;;2;4
58109;Vallinfreda;25;2;0;0;0;;;;2;4;0;0;0;;;;4;6
58109;Vallinfreda;26;0;0;0;0;;;;0;3;0;0;0;;;;3;3
58109;Vallinfreda;27;2;0;0;0;;;;2;0;0;0;0;;;;0;2
58109;Vallinfreda;28;0;0;0;0;;;;0;2;0;0;0;;;;2;2
58109;Vallinfreda;29;2;0;0;0;;;;2;1;1;0;0;;;;2;4
58109;Vallinfreda;30;1;0;0;0;;;;1;0;0;0;0;;;;0;1
58109;Vallinfreda;31;0;0;0;0;;;;0;0;0;0;0;;;;0;0
58109;Vallinfreda;32;0;0;0;0;;;;0;1;0;0;0;;;;1;1
58109;Vallinfreda;33;1;0;0;0;;;;1;0;0;0;0;;;;0;1
58109;Vallinfreda;34;0;0;0;0;;;;0;1;0;0;0;;;;1;1
58109;Vallinfreda;35;4;0;0;0;;;;4;1;0;0;0;;;;1;5
58109;Vallinfreda;36;1;0;0;0;;;;1;2;0;0;0;;;;2;3
58109;Vallinfreda;37;1;0;0;0;;;;1;1;1;0;0;;;;2;3
58109;Vallinfreda;38;1;1;0;0;;;;2;0;0;0;0;;;;0;2
58109;Vallinfreda;39;0;0;0;0;;;;0;0;1;0;0;;;;1;1
58109;Vallinfreda;40;1;0;0;0;;;;1;0;0;0;0;;;;0;1
58109;Vallinfreda;41;3;0;0;0;;;;3;1;0;1;0;;;;2;5
58109;Vallinfreda;42;1;0;0;0;;;;1;0;1;0;0;;;;1;2
58109;Vallinfreda;43;2;0;0;0;;;;2;0;0;0;0;;;;0;2
58109;Vallinfreda;44;0;0;0;0;;;;0;0;1;0;0;;;;1;1
58109;Vallinfreda;45;2;1;0;0;;;;3;0;0;0;0;;;;0;3
58109;Vallinfreda;46;0;1;0;0;;;;1;0;1;1;0;;;;2;3
58109;Vallinfreda;47;1;1;0;0;;;;2;0;0;0;0;;;;0;2
58109;Vallinfreda;48;1;1;0;0;;;;2;2;2;0;0;;;;4;6
58109;Vallinfreda;49;0;1;1;0;;;;2;0;2;0;0;;;;2;4
58109;Vallinfreda;50;0;1;0;0;;;;1;0;2;0;0;;;;2;3
58109;Vallinfreda;51;1;0;1;0;;;;2;0;1;0;1;;;;2;4
58109;Vallinfreda;52;1;1;0;0;;;;2;0;2;2;1;;;;5;7
58109;Vallinfreda;53;2;0;1;0;;;;3;2;2;0;1;;;;5;8
58109;Vallinfreda;54;2;1;0;0;;;;3;0;1;0;0;;;;1;4
58109;Vallinfreda;55;3;0;0;0;;;;3;1;1;1;0;;;;3;6
58109;Vallinfreda;56;2;3;0;0;;;;5;0;2;0;0;;;;2;7
58109;Vallinfreda;57;0;1;0;0;;;;1;0;2;0;0;;;;2;3
58109;Vallinfreda;58;0;1;0;0;;;;1;2;4;0;0;;;;6;7
58109;Vallinfreda;59;2;3;0;0;;;;5;0;0;0;0;;;;0;5
58109;Vallinfreda;60;0;2;0;0;;;;2;0;0;0;0;;;;0;2
58109;Vallinfreda;61;0;1;1;0;;;;2;0;3;0;1;;;;4;6
58109;Vallinfreda;62;1;2;0;0;;;;3;1;0;1;0;;;;2;5
58109;Vallinfreda;63;0;4;0;0;;;;4;0;1;0;0;;;;1;5
58109;Vallinfreda;64;0;2;0;0;;;;2;0;2;0;0;;;;2;4
58109;Vallinfreda;65;0;0;0;0;;;;0;0;1;0;1;;;;2;2
58109;Vallinfreda;66;0;4;0;0;;;;4;0;1;1;0;;;;2;6
58109;Vallinfreda;67;0;1;0;0;;;;1;0;0;0;1;;;;1;2
58109;Vallinfreda;68;0;1;0;0;;;;1;0;2;1;0;;;;3;4
58109;Vallinfreda;69;0;2;0;0;;;;2;0;1;0;3;;;;4;6
58109;Vallinfreda;70;0;2;0;0;;;;2;0;3;1;0;;;;4;6
58109;Vallinfreda;71;0;1;0;0;;;;1;0;1;0;1;;;;2;3
58109;Vallinfreda;72;0;2;0;0;;;;2;0;3;0;0;;;;3;5
58109;Vallinfreda;73;0;2;0;0;;;;2;0;2;0;0;;;;2;4
58109;Vallinfreda;74;0;0;1;0;;;;1;0;1;0;0;;;;1;2
58109;Vallinfreda;75;0;2;1;0;;;;3;0;0;0;0;;;;0;3
58109;Vallinfreda;76;0;1;0;0;;;;1;0;1;0;0;;;;1;2
58109;Vallinfreda;77;0;3;0;0;;;;3;0;3;0;0;;;;3;6
58109;Vallinfreda;78;1;2;0;0;;;;3;0;2;1;1;;;;4;7
58109;Vallinfreda;79;0;1;0;0;;;;1;0;0;0;1;;;;1;2
58109;Vallinfreda;80;0;1;1;1;;;;3;0;1;0;1;;;;2;5
58109;Vallinfreda;81;0;0;0;0;;;;0;1;0;0;0;;;;1;1
58109;Vallinfreda;82;0;2;0;0;;;;2;0;1;0;2;;;;3;5
58109;Vallinfreda;83;0;0;0;1;;;;1;0;1;0;2;;;;3;4
58109;Vallinfreda;84;0;2;0;0;;;;2;0;1;0;2;;;;3;5
58109;Vallinfreda;85;0;0;0;1;;;;1;0;0;0;2;;;;2;3
58109;Vallinfreda;86;0;0;0;0;;;;0;0;0;0;1;;;;1;1
58109;Vallinfreda;87;0;0;0;0;;;;0;0;0;0;1;;;;1;1
58109;Vallinfreda;88;0;2;0;0;;;;2;0;1;0;1;;;;2;4
58109;Vallinfreda;89;0;1;0;1;;;;2;0;0;0;1;;;;1;3
58109;Vallinfreda;90;0;0;0;0;;;;0;0;0;0;0;;;;0;0
58109;Vallinfreda;91;0;1;0;0;;;;1;0;0;0;1;;;;1;2
58109;Vallinfreda;92;0;0;0;0;;;;0;0;0;0;0;;;;0;0
58109;Vallinfreda;93;0;0;0;0;;;;0;0;0;0;0;;;;0;0
58109;Vallinfreda;94;0;0;0;0;;;;0;0;0;0;1;;;;1;1
58109;Vallinfreda;95;0;0;0;0;;;;0;0;0;0;0;;;;0;0
58109;Vallinfreda;96;0;0;0;0;;;;0;0;0;0;0;;;;0;0
58109;Vallinfreda;97;0;0;0;0;;;;0;0;0;0;0;;;;0;0
58109;Vallinfreda;98;0;0;0;0;;;;0;0;0;0;0;;;;0;0
58109;Vallinfreda;99;0;0;0;0;;;;0;0;0;0;0;;;;0;0
58109;Vallinfreda;100;0;0;0;0;;;;0;0;0;0;0;;;;0;0
58109;Vallinfreda;999;57;61;7;4;;;;129;41;59;10;27;;;;137;266
58110;Valmontone;0;60;0;0;0;;;;60;42;0;0;0;;;;42;102
58110;Valmontone;1;54;0;0;0;;;;54;65;0;0;0;;;;65;119
58110;Valmontone;2;51;0;0;0;;;;51;51;0;0;0;;;;51;102
58110;Valmontone;3;56;0;0;0;;;;56;69;0;0;0;;;;69;125
58110;Valmontone;4;65;0;0;0;;;;65;65;0;0;0;;;;65;130
58110;Valmontone;5;73;0;0;0;;;;73;60;0;0;0;;;;60;133
58110;Valmontone;6;73;0;0;0;;;;73;61;0;0;0;;;;61;134
58110;Valmontone;7;81;0;0;0;;;;81;79;0;0;0;;;;79;160
58110;Valmontone;8;78;0;0;0;;;;78;70;0;0;0;;;;70;148
58110;Valmontone;9;62;0;0;0;;;;62;77;0;0;0;;;;77;139
58110;Valmontone;10;91;0;0;0;;;;91;79;0;0;0;;;;79;170
58110;Valmontone;11;83;0;0;0;;;;83;69;0;0;0;;;;69;152
58110;Valmontone;12;82;0;0;0;;;;82;71;0;0;0;;;;71;153
58110;Valmontone;13;92;0;0;0;;;;92;81;0;0;0;;;;81;173
58110;Valmontone;14;80;0;0;0;;;;80;77;0;0;0;;;;77;157
58110;Valmontone;15;88;0;0;0;;;;88;97;0;0;0;;;;97;185
58110;Valmontone;16;84;1;0;0;;;;85;86;0;0;0;;;;86;171
58110;Valmontone;17;96;0;0;0;;;;96;82;0;0;0;;;;82;178
58110;Valmontone;18;89;0;0;0;;;;89;63;0;0;0;;;;63;152
58110;Valmontone;19;86;0;0;0;;;;86;99;0;0;0;;;;99;185
58110;Valmontone;20;92;0;0;0;;;;92;78;0;0;0;;;;78;170
58110;Valmontone;21;87;2;0;0;;;;89;67;2;0;0;;;;69;158
58110;Valmontone;22;95;1;0;0;;;;96;70;1;0;0;;;;71;167
58110;Valmontone;23;58;0;0;0;;;;58;68;1;0;0;;;;69;127
58110;Valmontone;24;69;0;0;0;;;;69;76;4;0;0;;;;80;149
58110;Valmontone;25;81;0;0;0;;;;81;77;2;0;0;;;;79;160
58110;Valmontone;26;68;5;0;0;;;;73;59;5;0;0;;;;64;137
58110;Valmontone;27;74;1;0;0;;;;75;80;10;0;0;;;;90;165
58110;Valmontone;28;63;6;1;0;;;;70;54;15;0;0;;;;69;139
58110;Valmontone;29;74;4;0;0;;;;78;64;7;0;0;;;;71;149
58110;Valmontone;30;76;10;0;0;;;;86;70;15;0;0;;;;85;171
58110;Valmontone;31;77;10;0;0;;;;87;51;29;0;0;;;;80;167
58110;Valmontone;32;72;16;0;0;;;;88;67;32;0;0;;;;99;187
58110;Valmontone;33;59;26;0;0;;;;85;51;29;0;0;;;;80;165
58110;Valmontone;34;78;19;0;0;;;;97;59;30;5;0;;;;94;191
58110;Valmontone;35;73;30;0;0;;;;103;61;55;4;0;;;;120;223
58110;Valmontone;36;74;40;3;0;;;;117;45;51;0;0;;;;96;213
58110;Valmontone;37;78;46;2;0;;;;126;50;49;2;0;;;;101;227
58110;Valmontone;38;49;47;3;0;;;;99;44;73;1;1;;;;119;218
58110;Valmontone;39;76;53;1;1;;;;131;35;53;5;0;;;;93;224
58110;Valmontone;40;52;47;4;0;;;;103;36;73;6;2;;;;117;220
58110;Valmontone;41;45;62;3;0;;;;110;42;59;6;1;;;;108;218
58110;Valmontone;42;50;63;5;0;;;;118;34;81;3;3;;;;121;239
58110;Valmontone;43;34;63;0;0;;;;97;30;60;1;1;;;;92;189
58110;Valmontone;44;38;69;4;0;;;;111;36;71;3;0;;;;110;221
58110;Valmontone;45;34;77;5;0;;;;116;33;78;7;3;;;;121;237
58110;Valmontone;46;35;73;3;1;;;;112;29;88;6;1;;;;124;236
58110;Valmontone;47;35;85;3;1;;;;124;24;83;4;1;;;;112;236
58110;Valmontone;48;43;96;4;3;;;;146;22;88;8;3;;;;121;267
58110;Valmontone;49;39;86;3;0;;;;128;29;112;3;3;;;;147;275
58110;Valmontone;50;32;87;5;1;;;;125;26;106;6;3;;;;141;266
58110;Valmontone;51;22;104;4;0;;;;130;19;103;5;2;;;;129;259
58110;Valmontone;52;26;92;6;1;;;;125;13;120;5;1;;;;139;264
58110;Valmontone;53;32;91;5;0;;;;128;21;102;8;7;;;;138;266
58110;Valmontone;54;29;113;5;1;;;;148;8;99;13;5;;;;125;273
58110;Valmontone;55;32;85;10;1;;;;128;13;93;6;8;;;;120;248
58110;Valmontone;56;13;92;3;1;;;;109;22;105;6;2;;;;135;244
58110;Valmontone;57;13;98;4;0;;;;115;13;78;7;9;;;;107;222
58110;Valmontone;58;12;97;8;2;;;;119;14;105;5;8;;;;132;251
58110;Valmontone;59;10;95;7;0;;;;112;11;78;4;10;;;;103;215
58110;Valmontone;60;21;102;4;3;;;;130;14;106;8;14;;;;142;272
58110;Valmontone;61;20;86;3;1;;;;110;10;97;11;11;;;;129;239
58110;Valmontone;62;22;89;4;2;;;;117;11;75;5;7;;;;98;215
58110;Valmontone;63;12;78;7;4;;;;101;5;67;4;14;;;;90;191
58110;Valmontone;64;11;89;1;4;;;;105;7;82;4;15;;;;108;213
58110;Valmontone;65;5;69;1;8;;;;83;5;72;5;12;;;;94;177
58110;Valmontone;66;11;88;3;4;;;;106;6;78;3;20;;;;107;213
58110;Valmontone;67;6;63;4;6;;;;79;9;62;5;17;;;;93;172
58110;Valmontone;68;6;56;4;5;;;;71;4;60;2;16;;;;82;153
58110;Valmontone;69;3;67;2;4;;;;76;9;59;6;16;;;;90;166
58110;Valmontone;70;7;67;2;4;;;;80;8;49;2;19;;;;78;158
58110;Valmontone;71;3;61;1;6;;;;71;2;48;1;26;;;;77;148
58110;Valmontone;72;6;65;2;2;;;;75;2;47;7;13;;;;69;144
58110;Valmontone;73;5;49;1;1;;;;56;4;53;4;23;;;;84;140
58110;Valmontone;74;3;62;3;4;;;;72;3;39;2;22;;;;66;138
58110;Valmontone;75;3;58;1;4;;;;66;5;41;2;27;;;;75;141
58110;Valmontone;76;4;58;2;8;;;;72;0;40;6;36;;;;82;154
58110;Valmontone;77;2;49;3;3;;;;57;6;39;1;28;;;;74;131
58110;Valmontone;78;4;50;0;7;;;;61;3;33;2;36;;;;74;135
58110;Valmontone;79;1;40;2;8;;;;51;4;24;2;30;;;;60;111
58110;Valmontone;80;1;33;0;5;;;;39;1;23;2;22;;;;48;87
58110;Valmontone;81;3;31;0;5;;;;39;3;28;2;36;;;;69;108
58110;Valmontone;82;3;21;2;9;;;;35;3;13;3;27;;;;46;81
58110;Valmontone;83;1;27;2;9;;;;39;2;19;0;28;;;;49;88
58110;Valmontone;84;2;28;0;7;;;;37;5;9;0;34;;;;48;85
58110;Valmontone;85;3;25;0;7;;;;35;4;13;0;27;;;;44;79
58110;Valmontone;86;1;18;2;10;;;;31;3;3;0;35;;;;41;72
58110;Valmontone;87;0;14;0;7;;;;21;2;4;0;17;;;;23;44
58110;Valmontone;88;1;8;0;6;;;;15;4;1;0;26;;;;31;46
58110;Valmontone;89;0;9;0;3;;;;12;0;8;0;27;;;;35;47
58110;Valmontone;90;1;7;0;5;;;;13;4;2;0;22;;;;28;41
58110;Valmontone;91;0;4;0;3;;;;7;1;0;0;21;;;;22;29
58110;Valmontone;92;0;2;0;2;;;;4;1;2;0;12;;;;15;19
58110;Valmontone;93;0;3;0;4;;;;7;0;1;0;7;;;;8;15
58110;Valmontone;94;0;2;0;3;;;;5;1;2;0;12;;;;15;20
58110;Valmontone;95;0;3;0;2;;;;5;1;0;0;3;;;;4;9
58110;Valmontone;96;0;0;0;0;;;;0;0;1;0;5;;;;6;6
58110;Valmontone;97;0;1;0;2;;;;3;0;0;0;3;;;;3;6
58110;Valmontone;98;0;0;0;1;;;;1;0;0;0;2;;;;2;3
58110;Valmontone;99;0;0;0;0;;;;0;0;0;0;1;;;;1;1
58110;Valmontone;100;0;0;0;0;;;;0;0;0;0;2;;;;2;2
58110;Valmontone;999;3794;3574;157;191;;;;7716;3296;3545;218;845;;;;7904;15620
58111;Velletri;0;154;0;0;0;0;0;0;154;137;0;0;0;0;0;0;137;291
58111;Velletri;1;179;0;0;0;0;0;0;179;178;0;0;0;0;0;0;178;357
58111;Velletri;2;174;0;0;0;0;0;0;174;185;0;0;0;0;0;0;185;359
58111;Velletri;3;166;0;0;0;0;0;0;166;184;0;0;0;0;0;0;184;350
58111;Velletri;4;209;0;0;0;0;0;0;209;208;0;0;0;0;0;0;208;417
58111;Velletri;5;233;0;0;0;0;0;0;233;196;0;0;0;0;0;0;196;429
58111;Velletri;6;200;0;0;0;0;0;0;200;206;0;0;0;0;0;0;206;406
58111;Velletri;7;221;0;0;0;0;0;0;221;208;0;0;0;0;0;0;208;429
58111;Velletri;8;235;0;0;0;0;0;0;235;249;0;0;0;0;0;0;249;484
58111;Velletri;9;225;0;0;0;0;0;0;225;242;0;0;0;0;0;0;242;467
58111;Velletri;10;244;0;0;0;0;0;0;244;232;0;0;0;0;0;0;232;476
58111;Velletri;11;273;0;0;0;0;0;0;273;209;0;0;0;0;0;0;209;482
58111;Velletri;12;261;0;0;0;0;0;0;261;256;0;0;0;0;0;0;256;517
58111;Velletri;13;279;0;0;0;0;0;0;279;263;0;0;0;0;0;0;263;542
58111;Velletri;14;292;0;0;0;0;0;0;292;259;0;0;0;0;0;0;259;551
58111;Velletri;15;279;0;0;0;0;0;0;279;264;0;0;0;0;0;0;264;543
58111;Velletri;16;288;0;0;0;0;0;0;288;253;0;0;0;0;0;0;253;541
58111;Velletri;17;283;0;0;0;0;0;0;283;282;0;0;0;0;0;0;282;565
58111;Velletri;18;316;0;0;0;0;0;0;316;279;0;0;0;0;0;0;279;595
58111;Velletri;19;290;0;0;0;0;0;0;290;236;1;0;0;0;0;0;237;527
58111;Velletri;20;313;0;0;0;0;0;0;313;235;1;0;0;0;0;0;236;549
58111;Velletri;21;278;0;0;0;0;0;0;278;243;3;0;0;0;0;0;246;524
58111;Velletri;22;253;1;0;0;0;0;0;254;229;3;0;0;0;0;0;232;486
58111;Velletri;23;246;0;0;0;0;0;0;246;269;8;0;0;0;0;0;277;523
58111;Velletri;24;258;3;0;0;0;0;0;261;231;5;0;0;0;0;0;236;497
58111;Velletri;25;265;5;0;0;0;0;0;270;249;12;0;0;0;0;0;261;531
58111;Velletri;26;251;5;0;0;0;0;0;256;230;22;0;0;0;0;0;252;508
58111;Velletri;27;237;13;1;0;0;0;0;251;236;20;1;0;0;0;0;257;508
58111;Velletri;28;239;13;0;0;0;0;0;252;223;31;1;0;0;0;0;255;507
58111;Velletri;29;226;23;0;0;0;0;0;249;234;38;1;0;0;0;0;273;522
58111;Velletri;30;239;28;0;0;0;0;0;267;185;53;1;0;0;0;0;239;506
58111;Velletri;31;258;36;2;0;1;0;0;297;192;76;2;0;1;0;0;271;568
58111;Velletri;32;240;57;1;0;0;0;0;298;175;98;1;2;0;0;0;276;574
58111;Velletri;33;218;66;2;0;0;0;0;286;173;93;3;1;0;0;0;270;556
58111;Velletri;34;245;74;3;0;0;0;0;322;170;134;1;0;1;0;0;306;628
58111;Velletri;35;196;102;4;0;1;0;0;303;152;130;4;2;0;0;0;288;591
58111;Velletri;36;195;103;4;0;1;0;0;303;136;128;4;2;1;0;0;271;574
58111;Velletri;37;185;119;4;0;2;0;0;310;154;140;7;1;1;0;0;303;613
58111;Velletri;38;183;147;4;0;0;0;0;334;138;167;8;0;1;0;0;314;648
58111;Velletri;39;175;152;8;0;0;0;0;335;141;164;10;1;1;0;0;317;652
58111;Velletri;40;165;151;8;1;2;0;0;327;94;205;9;4;1;0;0;313;640
58111;Velletri;41;160;165;5;1;1;0;0;332;110;212;12;0;0;0;0;334;666
58111;Velletri;42;153;213;11;1;0;0;0;378;110;238;16;0;1;0;0;365;743
58111;Velletri;43;128;210;10;4;0;0;0;352;94;216;17;5;0;0;0;332;684
58111;Velletri;44;144;197;10;2;0;0;0;353;99;251;26;3;1;0;0;380;733
58111;Velletri;45;134;221;4;2;0;0;0;361;92;246;16;4;0;0;0;358;719
58111;Velletri;46;145;228;19;1;0;0;0;393;106;282;10;3;1;0;0;402;795
58111;Velletri;47;147;252;20;1;2;0;0;422;98;255;27;3;1;0;0;384;806
58111;Velletri;48;116;250;18;2;0;0;0;386;95;275;24;7;1;0;0;402;788
58111;Velletri;49;120;257;12;2;1;0;0;392;98;307;32;5;0;0;0;442;834
58111;Velletri;50;134;254;23;6;0;0;0;417;96;324;32;8;2;0;0;462;879
58111;Velletri;51;101;301;21;4;0;0;0;427;83;310;32;9;0;0;0;434;861
58111;Velletri;52;100;264;22;2;2;0;0;390;66;342;37;12;1;0;0;458;848
58111;Velletri;53;100;312;35;1;0;0;0;448;64;299;36;12;1;0;0;412;860
58111;Velletri;54;85;317;16;4;0;0;0;422;63;295;34;14;1;0;0;407;829
58111;Velletri;55;89;303;24;4;0;0;0;420;57;339;29;18;0;0;0;443;863
58111;Velletri;56;81;304;30;2;3;0;0;420;69;334;43;15;0;0;0;461;881
58111;Velletri;57;66;320;33;5;4;0;0;428;57;351;36;23;1;0;0;468;896
58111;Velletri;58;61;316;28;2;2;0;0;409;46;344;29;21;0;0;0;440;849
58111;Velletri;59;60;334;25;5;1;0;0;425;47;325;34;28;0;0;0;434;859
58111;Velletri;60;57;366;30;9;1;0;0;463;34;339;35;28;0;0;0;436;899
58111;Velletri;61;46;322;24;6;0;0;0;398;44;294;40;39;1;0;0;418;816
58111;Velletri;62;39;301;26;12;0;0;0;378;26;305;30;36;0;0;0;397;775
58111;Velletri;63;41;292;23;9;1;0;0;366;31;294;22;36;0;0;0;383;749
58111;Velletri;64;40;282;23;12;0;0;0;357;27;293;30;28;0;0;0;378;735
58111;Velletri;65;27;303;23;19;0;0;0;372;24;291;28;49;0;0;0;392;764
58111;Velletri;66;20;280;16;13;2;0;0;331;28;272;27;41;0;0;0;368;699
58111;Velletri;67;33;296;27;8;0;0;0;364;17;266;23;55;0;0;0;361;725
58111;Velletri;68;37;263;16;10;0;0;1;327;22;240;20;70;0;0;0;352;679
58111;Velletri;69;14;269;13;9;1;0;0;306;21;251;20;52;0;0;0;344;650
58111;Velletri;70;11;257;12;8;1;0;0;289;21;224;20;65;0;0;0;330;619
58111;Velletri;71;10;234;16;14;0;0;0;274;12;197;17;62;0;0;0;288;562
58111;Velletri;72;18;193;10;23;1;0;0;245;18;217;17;77;1;0;0;330;575
58111;Velletri;73;13;206;16;17;0;0;0;252;16;204;13;96;0;0;0;329;581
58111;Velletri;74;13;215;11;20;0;0;0;259;13;163;12;68;0;0;0;256;515
58111;Velletri;75;7;256;10;11;0;0;0;284;17;167;18;82;0;0;0;284;568
58111;Velletri;76;8;226;7;21;0;0;0;262;18;182;8;123;0;0;0;331;593
58111;Velletri;77;10;208;10;22;0;0;0;250;16;161;10;104;0;0;0;291;541
58111;Velletri;78;6;196;8;18;0;0;0;228;12;152;11;101;0;0;0;276;504
58111;Velletri;79;2;152;7;14;0;0;0;175;12;113;4;85;0;0;0;214;389
58111;Velletri;80;6;160;4;19;0;0;0;189;9;99;2;91;0;0;0;201;390
58111;Velletri;81;6;130;4;26;0;0;0;166;13;85;8;83;0;0;0;189;355
58111;Velletri;82;4;107;4;24;0;0;0;139;15;56;8;105;0;0;0;184;323
58111;Velletri;83;3;94;2;16;0;0;0;115;14;55;4;102;0;0;0;175;290
58111;Velletri;84;5;96;2;26;0;0;0;129;9;68;4;120;0;0;0;201;330
58111;Velletri;85;5;86;2;21;0;0;0;114;8;48;0;143;0;0;0;199;313
58111;Velletri;86;7;81;1;19;0;0;0;108;12;49;2;102;0;0;0;165;273
58111;Velletri;87;2;67;0;29;0;0;0;98;8;36;1;99;0;0;0;144;242
58111;Velletri;88;5;32;1;21;0;0;0;59;6;25;3;87;0;0;0;121;180
58111;Velletri;89;1;49;3;23;0;0;0;76;7;18;1;87;0;0;0;113;189
58111;Velletri;90;1;38;0;19;0;0;0;58;4;13;1;59;0;0;0;77;135
58111;Velletri;91;1;22;0;16;0;0;0;39;5;7;0;78;0;0;0;90;129
58111;Velletri;92;2;15;1;13;0;0;0;31;6;4;0;59;0;0;0;69;100
58111;Velletri;93;0;11;0;11;0;0;0;22;5;6;0;48;0;0;0;59;81
58111;Velletri;94;0;3;0;8;0;0;0;11;0;3;0;53;0;0;0;56;67
58111;Velletri;95;0;6;0;4;0;0;0;10;2;0;0;21;0;0;0;23;33
58111;Velletri;96;0;3;0;3;0;0;0;6;2;1;0;15;0;0;0;18;24
58111;Velletri;97;0;1;0;5;0;0;0;6;0;0;0;18;0;0;0;18;24
58111;Velletri;98;0;2;0;2;0;0;0;4;1;0;0;4;0;0;0;5;9
58111;Velletri;99;0;0;0;2;0;0;0;2;1;1;0;5;0;0;0;7;9
58111;Velletri;100;0;1;0;2;0;0;0;3;2;1;0;11;0;0;0;14;17
58111;Velletri;999;12290;12237;759;636;30;0;1;25953;10723;12277;1014;2890;20;0;0;26924;52877
58112;Vicovaro;0;9;0;0;0;;;;9;6;0;0;0;;;;6;15
58112;Vicovaro;1;20;0;0;0;;;;20;8;0;0;0;;;;8;28
58112;Vicovaro;2;7;0;0;0;;;;7;4;0;0;0;;;;4;11
58112;Vicovaro;3;15;0;0;0;;;;15;12;0;0;0;;;;12;27
58112;Vicovaro;4;14;0;0;0;;;;14;12;0;0;0;;;;12;26
58112;Vicovaro;5;8;0;0;0;;;;8;10;0;0;0;;;;10;18
58112;Vicovaro;6;19;0;0;0;;;;19;8;0;0;0;;;;8;27
58112;Vicovaro;7;15;0;0;0;;;;15;9;0;0;0;;;;9;24
58112;Vicovaro;8;19;0;0;0;;;;19;17;0;0;0;;;;17;36
58112;Vicovaro;9;19;0;0;0;;;;19;17;0;0;0;;;;17;36
58112;Vicovaro;10;19;0;0;0;;;;19;11;0;0;0;;;;11;30
58112;Vicovaro;11;16;0;0;0;;;;16;16;0;0;0;;;;16;32
58112;Vicovaro;12;19;0;0;0;;;;19;15;0;0;0;;;;15;34
58112;Vicovaro;13;21;0;0;0;;;;21;16;0;0;0;;;;16;37
58112;Vicovaro;14;14;0;0;0;;;;14;14;0;0;0;;;;14;28
58112;Vicovaro;15;24;0;0;0;;;;24;11;0;0;0;;;;11;35
58112;Vicovaro;16;18;0;0;0;;;;18;19;0;0;0;;;;19;37
58112;Vicovaro;17;18;0;0;0;;;;18;16;0;0;0;;;;16;34
58112;Vicovaro;18;10;0;0;0;;;;10;20;0;0;0;;;;20;30
58112;Vicovaro;19;13;0;0;0;;;;13;16;0;0;0;;;;16;29
58112;Vicovaro;20;22;0;0;0;;;;22;11;0;0;0;;;;11;33
58112;Vicovaro;21;11;0;0;0;;;;11;17;0;0;0;;;;17;28
58112;Vicovaro;22;20;0;0;0;;;;20;18;0;0;0;;;;18;38
58112;Vicovaro;23;19;0;0;0;;;;19;11;0;0;0;;;;11;30
58112;Vicovaro;24;16;1;0;0;;;;17;10;0;0;0;;;;10;27
58112;Vicovaro;25;21;0;0;0;;;;21;19;1;0;0;;;;20;41
58112;Vicovaro;26;20;0;0;0;;;;20;10;2;0;0;;;;12;32
58112;Vicovaro;27;13;1;0;0;;;;14;15;5;0;0;;;;20;34
58112;Vicovaro;28;13;2;0;0;;;;15;20;2;0;0;;;;22;37
58112;Vicovaro;29;17;1;0;0;;;;18;12;5;0;0;;;;17;35
58112;Vicovaro;30;15;1;0;0;;;;16;10;3;0;0;;;;13;29
58112;Vicovaro;31;20;2;1;0;;;;23;15;7;0;0;;;;22;45
58112;Vicovaro;32;13;1;0;0;;;;14;13;4;0;0;;;;17;31
58112;Vicovaro;33;20;5;0;0;;;;25;8;1;0;0;;;;9;34
58112;Vicovaro;34;14;5;1;0;;;;20;10;2;1;0;;;;13;33
58112;Vicovaro;35;15;7;0;0;;;;22;11;8;1;0;;;;20;42
58112;Vicovaro;36;15;3;1;0;;;;19;12;7;1;0;;;;20;39
58112;Vicovaro;37;10;3;0;0;;;;13;6;11;3;0;;;;20;33
58112;Vicovaro;38;7;3;0;0;;;;10;11;6;1;0;;;;18;28
58112;Vicovaro;39;17;7;0;0;;;;24;12;9;1;1;;;;23;47
58112;Vicovaro;40;10;10;0;0;;;;20;13;11;1;0;;;;25;45
58112;Vicovaro;41;18;13;0;0;;;;31;7;14;1;0;;;;22;53
58112;Vicovaro;42;19;12;0;0;;;;31;5;14;1;0;;;;20;51
58112;Vicovaro;43;11;10;1;0;;;;22;7;20;2;1;;;;30;52
58112;Vicovaro;44;10;13;0;0;;;;23;12;16;1;0;;;;29;52
58112;Vicovaro;45;8;12;2;0;;;;22;2;18;2;0;;;;22;44
58112;Vicovaro;46;6;14;0;0;;;;20;6;12;1;1;;;;20;40
58112;Vicovaro;47;11;20;0;0;;;;31;7;21;1;0;;;;29;60
58112;Vicovaro;48;7;14;0;0;;;;21;7;24;0;0;;;;31;52
58112;Vicovaro;49;12;18;0;0;;;;30;4;27;1;0;;;;32;62
58112;Vicovaro;50;12;25;1;0;;;;38;2;17;2;1;;;;22;60
58112;Vicovaro;51;15;20;3;0;;;;38;8;20;1;0;;;;29;67
58112;Vicovaro;52;9;14;1;0;;;;24;6;27;1;1;;;;35;59
58112;Vicovaro;53;11;21;6;0;;;;38;6;19;2;0;;;;27;65
58112;Vicovaro;54;7;16;0;0;;;;23;6;27;5;1;;;;39;62
58112;Vicovaro;55;6;19;3;0;;;;28;1;19;4;2;;;;26;54
58112;Vicovaro;56;1;20;2;0;;;;23;1;20;1;0;;;;22;45
58112;Vicovaro;57;6;23;0;0;;;;29;9;20;3;1;;;;33;62
58112;Vicovaro;58;4;19;0;0;;;;23;4;20;1;3;;;;28;51
58112;Vicovaro;59;4;19;0;0;;;;23;6;24;0;3;;;;33;56
58112;Vicovaro;60;6;19;2;0;;;;27;4;28;7;2;;;;41;68
58112;Vicovaro;61;6;23;1;1;;;;31;1;14;4;3;;;;22;53
58112;Vicovaro;62;4;26;0;0;;;;30;2;19;2;5;;;;28;58
58112;Vicovaro;63;5;13;3;0;;;;21;4;20;2;8;;;;34;55
58112;Vicovaro;64;3;21;0;0;;;;24;2;18;0;4;;;;24;48
58112;Vicovaro;65;2;19;4;0;;;;25;3;20;0;5;;;;28;53
58112;Vicovaro;66;2;18;0;0;;;;20;1;16;1;7;;;;25;45
58112;Vicovaro;67;1;11;2;2;;;;16;2;23;2;6;;;;33;49
58112;Vicovaro;68;2;28;1;1;;;;32;1;15;0;6;;;;22;54
58112;Vicovaro;69;0;26;4;1;;;;31;1;15;0;4;;;;20;51
58112;Vicovaro;70;4;18;2;1;;;;25;2;13;4;3;;;;22;47
58112;Vicovaro;71;1;17;3;1;;;;22;2;20;3;7;;;;32;54
58112;Vicovaro;72;1;6;1;1;;;;9;1;12;4;8;;;;25;34
58112;Vicovaro;73;3;20;1;0;;;;24;2;9;1;3;;;;15;39
58112;Vicovaro;74;1;16;1;1;;;;19;1;14;2;10;;;;27;46
58112;Vicovaro;75;1;13;2;5;;;;21;0;7;0;2;;;;9;30
58112;Vicovaro;76;3;14;2;3;;;;22;1;11;0;7;;;;19;41
58112;Vicovaro;77;1;10;0;3;;;;14;0;8;0;11;;;;19;33
58112;Vicovaro;78;0;12;0;0;;;;12;1;3;0;6;;;;10;22
58112;Vicovaro;79;1;7;0;1;;;;9;1;9;0;7;;;;17;26
58112;Vicovaro;80;0;9;0;3;;;;12;1;4;0;12;;;;17;29
58112;Vicovaro;81;1;8;0;3;;;;12;1;6;0;7;;;;14;26
58112;Vicovaro;82;0;5;0;4;;;;9;2;2;0;11;;;;15;24
58112;Vicovaro;83;0;8;1;3;;;;12;0;6;1;5;;;;12;24
58112;Vicovaro;84;1;7;0;2;;;;10;0;4;0;8;;;;12;22
58112;Vicovaro;85;1;6;0;1;;;;8;0;8;0;11;;;;19;27
58112;Vicovaro;86;0;7;0;2;;;;9;0;0;0;12;;;;12;21
58112;Vicovaro;87;0;3;0;2;;;;5;0;1;0;7;;;;8;13
58112;Vicovaro;88;0;3;0;1;;;;4;0;1;0;8;;;;9;13
58112;Vicovaro;89;0;3;0;2;;;;5;2;1;0;5;;;;8;13
58112;Vicovaro;90;0;2;0;2;;;;4;1;1;0;8;;;;10;14
58112;Vicovaro;91;0;3;0;1;;;;4;0;1;0;4;;;;5;9
58112;Vicovaro;92;0;2;0;0;;;;2;0;0;0;2;;;;2;4
58112;Vicovaro;93;0;1;0;0;;;;1;0;0;0;5;;;;5;6
58112;Vicovaro;94;0;0;0;0;;;;0;0;0;0;5;;;;5;5
58112;Vicovaro;95;0;0;0;0;;;;0;0;0;0;2;;;;2;2
58112;Vicovaro;96;0;0;0;0;;;;0;0;0;0;2;;;;2;2
58112;Vicovaro;97;0;0;0;1;;;;1;0;0;0;1;;;;1;2
58112;Vicovaro;98;0;0;0;0;;;;0;1;0;0;1;;;;2;2
58112;Vicovaro;99;0;0;0;0;;;;0;0;0;0;1;;;;1;1
58112;Vicovaro;100;0;0;0;1;;;;1;0;0;0;0;;;;0;1
58112;Vicovaro;999;872;778;52;49;;;;1751;667;792;72;246;;;;1777;3528
58113;Vivaro Romano;0;1;0;0;0;;;;1;0;0;0;0;;;;0;1
58113;Vivaro Romano;1;0;0;0;0;;;;0;0;0;0;0;;;;0;0
58113;Vivaro Romano;2;0;0;0;0;;;;0;0;0;0;0;;;;0;0
58113;Vivaro Romano;3;0;0;0;0;;;;0;0;0;0;0;;;;0;0
58113;Vivaro Romano;4;0;0;0;0;;;;0;2;0;0;0;;;;2;2
58113;Vivaro Romano;5;1;0;0;0;;;;1;0;0;0;0;;;;0;1
58113;Vivaro Romano;6;1;0;0;0;;;;1;0;0;0;0;;;;0;1
58113;Vivaro Romano;7;0;0;0;0;;;;0;0;0;0;0;;;;0;0
58113;Vivaro Romano;8;0;0;0;0;;;;0;0;0;0;0;;;;0;0
58113;Vivaro Romano;9;0;0;0;0;;;;0;0;0;0;0;;;;0;0
58113;Vivaro Romano;10;1;0;0;0;;;;1;0;0;0;0;;;;0;1
58113;Vivaro Romano;11;0;0;0;0;;;;0;0;0;0;0;;;;0;0
58113;Vivaro Romano;12;0;0;0;0;;;;0;0;0;0;0;;;;0;0
58113;Vivaro Romano;13;0;0;0;0;;;;0;0;0;0;0;;;;0;0
58113;Vivaro Romano;14;1;0;0;0;;;;1;0;0;0;0;;;;0;1
58113;Vivaro Romano;15;0;0;0;0;;;;0;0;0;0;0;;;;0;0
58113;Vivaro Romano;16;0;0;0;0;;;;0;1;0;0;0;;;;1;1
58113;Vivaro Romano;17;0;0;0;0;;;;0;0;0;0;0;;;;0;0
58113;Vivaro Romano;18;0;0;0;0;;;;0;0;0;0;0;;;;0;0
58113;Vivaro Romano;19;0;0;0;0;;;;0;1;0;0;0;;;;1;1
58113;Vivaro Romano;20;2;0;0;0;;;;2;0;0;0;0;;;;0;2
58113;Vivaro Romano;21;0;0;0;0;;;;0;0;0;0;0;;;;0;0
58113;Vivaro Romano;22;0;0;0;0;;;;0;0;0;0;0;;;;0;0
58113;Vivaro Romano;23;1;0;0;0;;;;1;1;0;0;0;;;;1;2
58113;Vivaro Romano;24;0;0;0;0;;;;0;0;0;0;0;;;;0;0
58113;Vivaro Romano;25;3;0;0;0;;;;3;1;0;0;0;;;;1;4
58113;Vivaro Romano;26;0;0;0;0;;;;0;1;0;0;0;;;;1;1
58113;Vivaro Romano;27;1;0;0;0;;;;1;0;0;0;0;;;;0;1
58113;Vivaro Romano;28;2;0;0;0;;;;2;0;0;0;0;;;;0;2
58113;Vivaro Romano;29;1;0;0;0;;;;1;4;0;0;0;;;;4;5
58113;Vivaro Romano;30;0;0;0;0;;;;0;0;0;0;0;;;;0;0
58113;Vivaro Romano;31;0;0;0;0;;;;0;1;0;0;0;;;;1;1
58113;Vivaro Romano;32;3;0;0;0;;;;3;1;0;0;0;;;;1;4
58113;Vivaro Romano;33;2;0;0;0;;;;2;1;0;0;0;;;;1;3
58113;Vivaro Romano;34;1;0;0;0;;;;1;2;0;0;0;;;;2;3
58113;Vivaro Romano;35;0;1;0;0;;;;1;0;0;0;0;;;;0;1
58113;Vivaro Romano;36;1;0;0;0;;;;1;3;1;0;0;;;;4;5
58113;Vivaro Romano;37;0;0;0;0;;;;0;0;0;0;0;;;;0;0
58113;Vivaro Romano;38;0;0;0;0;;;;0;1;1;0;0;;;;2;2
58113;Vivaro Romano;39;0;0;0;0;;;;0;0;0;0;0;;;;0;0
58113;Vivaro Romano;40;0;0;0;0;;;;0;1;0;0;0;;;;1;1
58113;Vivaro Romano;41;0;0;0;0;;;;0;0;0;0;0;;;;0;0
58113;Vivaro Romano;42;1;0;0;0;;;;1;0;0;0;0;;;;0;1
58113;Vivaro Romano;43;0;0;0;0;;;;0;1;0;0;0;;;;1;1
58113;Vivaro Romano;44;1;0;0;0;;;;1;0;0;0;0;;;;0;1
58113;Vivaro Romano;45;1;1;0;0;;;;2;0;0;0;0;;;;0;2
58113;Vivaro Romano;46;2;0;0;0;;;;2;0;0;0;0;;;;0;2
58113;Vivaro Romano;47;1;0;0;0;;;;1;0;0;0;0;;;;0;1
58113;Vivaro Romano;48;1;0;0;0;;;;1;0;1;0;0;;;;1;2
58113;Vivaro Romano;49;3;1;0;0;;;;4;0;0;0;0;;;;0;4
58113;Vivaro Romano;50;1;0;0;0;;;;1;0;0;0;0;;;;0;1
58113;Vivaro Romano;51;0;0;0;0;;;;0;0;0;0;0;;;;0;0
58113;Vivaro Romano;52;0;1;0;0;;;;1;0;0;0;0;;;;0;1
58113;Vivaro Romano;53;1;0;0;0;;;;1;1;0;0;0;;;;1;2
58113;Vivaro Romano;54;1;0;0;0;;;;1;1;0;0;0;;;;1;2
58113;Vivaro Romano;55;1;0;0;0;;;;1;0;0;0;0;;;;0;1
58113;Vivaro Romano;56;0;0;1;0;;;;1;1;2;0;0;;;;3;4
58113;Vivaro Romano;57;0;1;0;0;;;;1;0;1;0;0;;;;1;2
58113;Vivaro Romano;58;0;1;1;1;;;;3;0;2;0;0;;;;2;5
58113;Vivaro Romano;59;1;2;2;0;;;;5;0;2;0;0;;;;2;7
58113;Vivaro Romano;60;1;3;0;0;;;;4;0;0;0;0;;;;0;4
58113;Vivaro Romano;61;0;0;0;0;;;;0;1;2;0;1;;;;4;4
58113;Vivaro Romano;62;0;2;0;0;;;;2;0;2;0;0;;;;2;4
58113;Vivaro Romano;63;0;3;0;0;;;;3;0;0;0;0;;;;0;3
58113;Vivaro Romano;64;1;2;0;0;;;;3;0;0;1;0;;;;1;4
58113;Vivaro Romano;65;1;3;1;0;;;;5;1;2;0;1;;;;4;9
58113;Vivaro Romano;66;0;1;0;0;;;;1;2;1;0;0;;;;3;4
58113;Vivaro Romano;67;0;1;0;0;;;;1;1;2;0;0;;;;3;4
58113;Vivaro Romano;68;1;2;0;0;;;;3;0;0;0;0;;;;0;3
58113;Vivaro Romano;69;0;0;0;0;;;;0;1;1;1;1;;;;4;4
58113;Vivaro Romano;70;0;0;0;0;;;;0;0;0;0;0;;;;0;0
58113;Vivaro Romano;71;1;0;0;0;;;;1;1;0;0;0;;;;1;2
58113;Vivaro Romano;72;0;1;0;0;;;;1;0;0;0;1;;;;1;2
58113;Vivaro Romano;73;0;0;0;0;;;;0;0;0;0;0;;;;0;0
58113;Vivaro Romano;74;1;1;0;0;;;;2;0;0;0;0;;;;0;2
58113;Vivaro Romano;75;0;3;0;0;;;;3;0;0;0;1;;;;1;4
58113;Vivaro Romano;76;0;0;0;0;;;;0;0;1;0;0;;;;1;1
58113;Vivaro Romano;77;0;0;0;0;;;;0;0;1;0;0;;;;1;1
58113;Vivaro Romano;78;2;0;0;0;;;;2;0;0;0;0;;;;0;2
58113;Vivaro Romano;79;0;1;0;0;;;;1;0;0;0;0;;;;0;1
58113;Vivaro Romano;80;0;1;0;0;;;;1;0;0;0;0;;;;0;1
58113;Vivaro Romano;81;0;2;0;0;;;;2;0;0;0;1;;;;1;3
58113;Vivaro Romano;82;0;0;0;0;;;;0;0;0;0;0;;;;0;0
58113;Vivaro Romano;83;0;0;0;0;;;;0;0;1;0;0;;;;1;1
58113;Vivaro Romano;84;0;0;0;0;;;;0;0;0;0;1;;;;1;1
58113;Vivaro Romano;85;0;0;0;0;;;;0;0;0;0;1;;;;1;1
58113;Vivaro Romano;86;0;0;0;0;;;;0;0;0;0;1;;;;1;1
58113;Vivaro Romano;87;0;0;0;0;;;;0;2;0;0;0;;;;2;2
58113;Vivaro Romano;88;0;0;0;0;;;;0;0;0;0;0;;;;0;0
58113;Vivaro Romano;89;0;0;0;0;;;;0;0;0;0;0;;;;0;0
58113;Vivaro Romano;90;0;0;0;0;;;;0;0;0;0;0;;;;0;0
58113;Vivaro Romano;91;0;0;1;0;;;;1;0;0;0;1;;;;1;2
58113;Vivaro Romano;92;0;0;0;0;;;;0;0;0;0;0;;;;0;0
58113;Vivaro Romano;93;0;0;0;0;;;;0;0;0;0;0;;;;0;0
58113;Vivaro Romano;94;0;0;0;0;;;;0;0;0;0;0;;;;0;0
58113;Vivaro Romano;95;0;0;0;0;;;;0;0;0;0;0;;;;0;0
58113;Vivaro Romano;96;0;0;0;1;;;;1;0;0;0;0;;;;0;1
58113;Vivaro Romano;97;0;0;0;0;;;;0;0;0;0;0;;;;0;0
58113;Vivaro Romano;98;0;0;0;0;;;;0;0;0;0;0;;;;0;0
58113;Vivaro Romano;99;0;0;0;0;;;;0;0;0;0;0;;;;0;0
58113;Vivaro Romano;100;0;0;0;0;;;;0;0;0;0;0;;;;0;0
58113;Vivaro Romano;999;45;34;6;2;;;;87;34;23;2;10;;;;69;156
58114;Zagarolo;0;76;0;0;0;;;;76;54;0;0;0;;;;54;130
58114;Zagarolo;1;95;0;0;0;;;;95;61;0;0;0;;;;61;156
58114;Zagarolo;2;78;0;0;0;;;;78;100;0;0;0;;;;100;178
58114;Zagarolo;3;77;0;0;0;;;;77;74;0;0;0;;;;74;151
58114;Zagarolo;4;91;0;0;0;;;;91;78;0;0;0;;;;78;169
58114;Zagarolo;5;78;0;0;0;;;;78;70;0;0;0;;;;70;148
58114;Zagarolo;6;92;0;0;0;;;;92;81;0;0;0;;;;81;173
58114;Zagarolo;7;79;0;0;0;;;;79;85;0;0;0;;;;85;164
58114;Zagarolo;8;109;0;0;0;;;;109;83;0;0;0;;;;83;192
58114;Zagarolo;9;105;0;0;0;;;;105;78;0;0;0;;;;78;183
58114;Zagarolo;10;86;0;0;0;;;;86;89;0;0;0;;;;89;175
58114;Zagarolo;11;95;0;0;0;;;;95;85;0;0;0;;;;85;180
58114;Zagarolo;12;94;0;0;0;;;;94;100;0;0;0;;;;100;194
58114;Zagarolo;13;119;0;0;0;;;;119;102;0;0;0;;;;102;221
58114;Zagarolo;14;102;0;0;0;;;;102;105;0;0;0;;;;105;207
58114;Zagarolo;15;120;0;0;0;;;;120;114;0;0;0;;;;114;234
58114;Zagarolo;16;118;0;0;0;;;;118;117;0;0;0;;;;117;235
58114;Zagarolo;17;103;0;0;0;;;;103;89;0;0;0;;;;89;192
58114;Zagarolo;18;110;0;0;0;;;;110;89;0;0;0;;;;89;199
58114;Zagarolo;19;112;0;0;0;;;;112;112;0;0;0;;;;112;224
58114;Zagarolo;20;105;0;0;0;;;;105;102;0;0;0;;;;102;207
58114;Zagarolo;21;115;1;0;0;;;;116;91;4;0;0;;;;95;211
58114;Zagarolo;22;96;1;0;0;;;;97;88;1;0;0;;;;89;186
58114;Zagarolo;23;117;1;0;0;;;;118;104;1;0;0;;;;105;223
58114;Zagarolo;24;103;1;0;0;;;;104;91;6;0;0;;;;97;201
58114;Zagarolo;25;102;3;0;0;;;;105;78;4;0;0;;;;82;187
58114;Zagarolo;26;87;1;0;0;;;;88;106;10;0;0;;;;116;204
58114;Zagarolo;27;122;5;0;0;;;;127;80;7;0;0;;;;87;214
58114;Zagarolo;28;103;6;0;0;;;;109;75;12;0;0;;;;87;196
58114;Zagarolo;29;100;8;0;0;;;;108;77;13;1;0;;;;91;199
58114;Zagarolo;30;97;15;0;0;;;;112;75;20;1;0;;;;96;208
58114;Zagarolo;31;89;12;0;0;;;;101;84;21;0;0;;;;105;206
58114;Zagarolo;32;107;24;0;0;;;;131;65;32;1;0;;;;98;229
58114;Zagarolo;33;86;15;0;0;;;;101;72;41;2;1;;;;116;217
58114;Zagarolo;34;87;34;0;1;;;;122;74;45;1;0;;;;120;242
58114;Zagarolo;35;79;43;1;0;;;;123;65;48;1;0;;;;114;237
58114;Zagarolo;36;80;34;2;0;;;;116;56;58;3;0;;;;117;233
58114;Zagarolo;37;79;35;0;0;;;;114;53;54;4;1;;;;112;226
58114;Zagarolo;38;68;46;2;0;;;;116;57;45;4;1;;;;107;223
58114;Zagarolo;39;60;54;4;1;;;;119;38;49;1;0;;;;88;207
58114;Zagarolo;40;68;56;0;0;;;;124;44;73;4;2;;;;123;247
58114;Zagarolo;41;68;64;4;0;;;;136;35;67;5;2;;;;109;245
58114;Zagarolo;42;45;68;4;0;;;;117;40;80;3;0;;;;123;240
58114;Zagarolo;43;45;62;2;0;;;;109;32;90;8;0;;;;130;239
58114;Zagarolo;44;52;72;7;0;;;;131;38;86;6;0;;;;130;261
58114;Zagarolo;45;59;81;6;0;;;;146;30;82;7;3;;;;122;268
58114;Zagarolo;46;51;82;4;1;;;;138;28;104;7;1;;;;140;278
58114;Zagarolo;47;53;102;6;0;;;;161;42;119;5;3;;;;169;330
58114;Zagarolo;48;58;102;5;0;;;;165;35;113;10;5;;;;163;328
58114;Zagarolo;49;53;107;9;0;;;;169;29;119;12;1;;;;161;330
58114;Zagarolo;50;36;113;6;1;;;;156;36;92;9;4;;;;141;297
58114;Zagarolo;51;38;98;9;2;;;;147;25;120;7;2;;;;154;301
58114;Zagarolo;52;47;109;11;0;;;;167;28;118;21;2;;;;169;336
58114;Zagarolo;53;36;128;7;0;;;;171;23;101;8;6;;;;138;309
58114;Zagarolo;54;34;101;7;1;;;;143;17;115;13;7;;;;152;295
58114;Zagarolo;55;22;119;16;3;;;;160;28;133;17;6;;;;184;344
58114;Zagarolo;56;36;101;16;2;;;;155;15;122;15;5;;;;157;312
58114;Zagarolo;57;33;122;15;3;;;;173;18;129;21;3;;;;171;344
58114;Zagarolo;58;29;125;13;1;;;;168;18;111;13;3;;;;145;313
58114;Zagarolo;59;18;114;14;4;;;;150;13;130;15;5;;;;163;313
58114;Zagarolo;60;22;128;12;1;;;;163;22;99;13;23;;;;157;320
58114;Zagarolo;61;13;118;14;6;;;;151;8;108;12;13;;;;141;292
58114;Zagarolo;62;13;107;11;4;;;;135;10;98;8;6;;;;122;257
58114;Zagarolo;63;15;102;9;5;;;;131;16;105;9;9;;;;139;270
58114;Zagarolo;64;9;112;13;2;;;;136;9;89;13;14;;;;125;261
58114;Zagarolo;65;8;106;7;4;;;;125;3;81;17;13;;;;114;239
58114;Zagarolo;66;7;85;6;3;;;;101;5;81;8;16;;;;110;211
58114;Zagarolo;67;11;92;8;4;;;;115;4;79;4;10;;;;97;212
58114;Zagarolo;68;8;82;6;4;;;;100;9;80;6;14;;;;109;209
58114;Zagarolo;69;10;76;9;3;;;;98;6;67;8;16;;;;97;195
58114;Zagarolo;70;4;78;7;3;;;;92;5;70;6;23;;;;104;196
58114;Zagarolo;71;6;57;8;8;;;;79;6;60;5;23;;;;94;173
58114;Zagarolo;72;9;79;7;4;;;;99;5;51;4;16;;;;76;175
58114;Zagarolo;73;6;64;4;2;;;;76;7;48;3;20;;;;78;154
58114;Zagarolo;74;3;67;5;4;;;;79;10;50;3;30;;;;93;172
58114;Zagarolo;75;2;66;2;9;;;;79;6;47;4;19;;;;76;155
58114;Zagarolo;76;2;72;1;4;;;;79;9;50;6;34;;;;99;178
58114;Zagarolo;77;3;56;2;10;;;;71;3;23;3;25;;;;54;125
58114;Zagarolo;78;3;50;1;5;;;;59;3;52;4;29;;;;88;147
58114;Zagarolo;79;2;35;2;11;;;;50;2;34;1;24;;;;61;111
58114;Zagarolo;80;1;49;2;6;;;;58;2;19;0;15;;;;36;94
58114;Zagarolo;81;1;31;0;11;;;;43;3;23;1;27;;;;54;97
58114;Zagarolo;82;1;31;1;6;;;;39;4;14;1;28;;;;47;86
58114;Zagarolo;83;2;31;1;6;;;;40;9;10;0;30;;;;49;89
58114;Zagarolo;84;2;24;0;8;;;;34;1;25;0;31;;;;57;91
58114;Zagarolo;85;3;26;0;3;;;;32;1;11;2;29;;;;43;75
58114;Zagarolo;86;1;26;1;12;;;;40;0;13;1;22;;;;36;76
58114;Zagarolo;87;0;15;0;6;;;;21;1;11;0;17;;;;29;50
58114;Zagarolo;88;2;13;1;5;;;;21;1;10;2;30;;;;43;64
58114;Zagarolo;89;1;16;0;8;;;;25;2;4;0;20;;;;26;51
58114;Zagarolo;90;1;13;0;5;;;;19;2;6;0;13;;;;21;40
58114;Zagarolo;91;1;6;0;3;;;;10;2;5;1;16;;;;24;34
58114;Zagarolo;92;0;4;0;2;;;;6;1;0;0;14;;;;15;21
58114;Zagarolo;93;0;4;0;1;;;;5;0;0;0;13;;;;13;18
58114;Zagarolo;94;0;2;0;3;;;;5;1;0;0;6;;;;7;12
58114;Zagarolo;95;0;0;0;4;;;;4;0;1;0;3;;;;4;8
58114;Zagarolo;96;0;0;0;0;;;;0;0;0;0;3;;;;3;3
58114;Zagarolo;97;0;0;0;1;;;;1;1;0;0;7;;;;8;9
58114;Zagarolo;98;0;3;0;1;;;;4;0;0;0;1;;;;1;5
58114;Zagarolo;99;0;0;0;0;;;;0;1;0;0;1;;;;2;2
58114;Zagarolo;100;0;1;0;1;;;;2;2;0;0;4;;;;6;8
58114;Zagarolo;999;4874;4192;310;208;;;;9584;4053;4099;370;770;;;;9292;18876
