Popolazione residente per età, sesso e stato civile al 1° gennaio 2025;;;;;;;;;;;;;;;;;;;
Codice comune;Comune;Età;Celibi;Coniugati;Divorziati;Vedovi;Uniti civilmente;Maschi già in unione civile (per scioglimento unione);Maschi già in unione civile (per decesso del partner);Totale maschi;Nubili;Coniugate;Divorziate;Vedove;Unite civilmente;Femmine già in unione civile (per scioglimento unione);Femmine già in unione civile (per decesso del partner);Totale femmine;Totale
59001;Aprilia;0;252;0;0;0;0;0;0;252;253;0;0;0;0;0;0;253;505
59001;Aprilia;1;281;0;0;0;0;0;0;281;237;0;0;0;0;0;0;237;518
59001;Aprilia;2;272;0;0;0;0;0;0;272;262;0;0;0;0;0;0;262;534
59001;Aprilia;3;330;0;0;0;0;0;0;330;321;0;0;0;0;0;0;321;651
59001;Aprilia;4;319;0;0;0;0;0;0;319;271;0;0;0;0;0;0;271;590
59001;Aprilia;5;326;0;0;0;0;0;0;326;306;0;0;0;0;0;0;306;632
59001;Aprilia;6;353;0;0;0;0;0;0;353;338;0;0;0;0;0;0;338;691
59001;Aprilia;7;360;0;0;0;0;0;0;360;372;0;0;0;0;0;0;372;732
59001;Aprilia;8;383;0;0;0;0;0;0;383;349;0;0;0;0;0;0;349;732
59001;Aprilia;9;329;0;0;0;0;0;0;329;340;0;0;0;0;0;0;340;669
59001;Aprilia;10;342;0;0;0;0;0;0;342;357;0;0;0;0;0;0;357;699
59001;Aprilia;11;342;0;0;0;0;0;0;342;375;0;0;0;0;0;0;375;717
59001;Aprilia;12;406;0;0;0;0;0;0;406;355;0;0;0;0;0;0;355;761
59001;Aprilia;13;431;0;0;0;0;0;0;431;409;0;0;0;0;0;0;409;840
59001;Aprilia;14;419;0;0;0;0;0;0;419;427;0;0;0;0;0;0;427;846
59001;Aprilia;15;391;0;0;0;0;0;0;391;399;0;0;0;0;0;0;399;790
59001;Aprilia;16;421;0;0;0;0;0;0;421;392;0;0;0;0;0;0;392;813
59001;Aprilia;17;417;0;0;0;0;0;0;417;423;0;0;0;0;0;0;423;840
59001;Aprilia;18;380;0;0;0;0;0;0;380;401;0;0;0;0;0;0;401;781
59001;Aprilia;19;378;0;0;0;0;0;0;378;377;1;0;0;0;0;0;378;756
59001;Aprilia;20;377;0;0;0;0;0;0;377;357;2;0;0;0;0;0;359;736
59001;Aprilia;21;392;1;0;0;0;0;0;393;372;4;0;0;0;0;0;376;769
59001;Aprilia;22;403;2;0;0;0;0;0;405;375;4;0;0;0;0;0;379;784
59001;Aprilia;23;364;1;0;0;0;0;0;365;378;5;0;0;0;0;0;383;748
59001;Aprilia;24;424;1;0;0;0;0;0;425;390;17;0;0;0;0;0;407;832
59001;Aprilia;25;414;7;0;0;0;0;0;421;348;12;0;0;0;0;0;360;781
59001;Aprilia;26;408;9;0;0;0;0;0;417;329;19;0;0;0;0;0;348;765
59001;Aprilia;27;376;14;0;1;0;0;0;391;343;50;0;0;0;0;0;393;784
59001;Aprilia;28;398;29;1;0;0;0;0;428;332;56;0;0;0;0;0;388;816
59001;Aprilia;29;389;26;0;0;0;0;0;415;283;75;3;0;0;0;0;361;776
59001;Aprilia;30;401;57;1;0;0;0;0;459;291;110;3;0;0;0;0;404;863
59001;Aprilia;31;392;63;2;0;0;0;0;457;254;107;0;1;0;1;0;363;820
59001;Aprilia;32;360;103;1;0;0;0;0;464;253;171;5;1;0;0;0;430;894
59001;Aprilia;33;319;112;2;0;0;0;0;433;243;155;9;0;0;0;0;407;840
59001;Aprilia;34;310;134;7;2;0;0;0;453;238;181;9;0;1;0;1;430;883
59001;Aprilia;35;291;148;4;1;0;0;0;444;203;226;10;2;0;0;0;441;885
59001;Aprilia;36;280;192;5;0;2;0;0;479;225;243;12;0;2;0;0;482;961
59001;Aprilia;37;261;164;7;1;3;0;0;436;199;222;14;1;2;0;0;438;874
59001;Aprilia;38;297;219;10;0;0;0;0;526;195;239;15;0;1;0;0;450;976
59001;Aprilia;39;231;231;18;1;0;0;0;481;181;263;15;2;0;0;0;461;942
59001;Aprilia;40;228;247;10;1;1;0;0;487;151;268;18;3;2;0;0;442;929
59001;Aprilia;41;221;282;16;0;0;0;0;519;149;269;39;2;0;0;0;459;978
59001;Aprilia;42;229;252;21;2;0;0;0;504;149;337;30;3;0;0;0;519;1023
59001;Aprilia;43;215;299;15;0;0;0;0;529;165;298;31;3;3;0;0;500;1029
59001;Aprilia;44;180;322;23;2;0;0;0;527;140;360;30;11;0;0;0;541;1068
59001;Aprilia;45;212;337;20;0;0;0;0;569;135;358;49;6;1;0;0;549;1118
59001;Aprilia;46;197;342;39;0;0;0;0;578;126;341;34;12;0;0;0;513;1091
59001;Aprilia;47;197;381;22;2;1;0;0;603;133;396;37;7;3;0;0;576;1179
59001;Aprilia;48;206;393;29;4;0;0;0;632;129;414;45;8;0;0;0;596;1228
59001;Aprilia;49;190;416;36;6;1;0;0;649;126;451;45;16;1;0;0;639;1288
59001;Aprilia;50;166;407;42;3;1;0;0;619;139;477;43;11;0;0;0;670;1289
59001;Aprilia;51;165;435;36;6;1;0;0;643;107;444;56;11;0;0;0;618;1261
59001;Aprilia;52;176;402;48;6;1;0;0;633;118;457;53;11;1;0;0;640;1273
59001;Aprilia;53;135;419;55;4;4;0;0;617;107;450;82;20;1;0;0;660;1277
59001;Aprilia;54;118;427;43;6;3;0;0;597;80;459;62;23;0;0;0;624;1221
59001;Aprilia;55;115;411;51;5;1;0;0;583;80;453;70;29;1;0;0;633;1216
59001;Aprilia;56;89;469;47;8;1;0;0;614;67;464;60;28;0;0;0;619;1233
59001;Aprilia;57;99;467;58;6;0;0;0;630;62;452;65;26;1;0;0;606;1236
59001;Aprilia;58;81;511;50;12;1;0;0;655;73;495;69;38;0;0;0;675;1330
59001;Aprilia;59;77;479;40;10;2;0;0;608;56;444;59;31;0;0;0;590;1198
59001;Aprilia;60;65;477;50;12;3;0;0;607;61;450;44;47;0;0;0;602;1209
59001;Aprilia;61;52;432;45;14;0;0;0;543;51;384;55;53;1;0;0;544;1087
59001;Aprilia;62;45;382;51;7;1;0;0;486;34;414;52;46;1;0;0;547;1033
59001;Aprilia;63;42;384;34;17;1;0;0;478;32;343;37;46;0;0;1;459;937
59001;Aprilia;64;40;361;48;15;0;0;0;464;30;354;42;60;1;0;0;487;951
59001;Aprilia;65;29;359;36;13;0;0;0;437;25;345;42;61;2;0;0;475;912
59001;Aprilia;66;23;339;31;12;0;0;0;405;22;329;42;63;0;0;0;456;861
59001;Aprilia;67;19;324;32;18;1;0;0;394;24;305;26;67;1;0;0;423;817
59001;Aprilia;68;23;328;29;14;0;0;0;394;26;254;27;64;0;0;0;371;765
59001;Aprilia;69;24;324;29;15;0;0;0;392;24;298;33;86;0;0;0;441;833
59001;Aprilia;70;21;304;21;14;0;0;0;360;15;278;24;91;0;0;0;408;768
59001;Aprilia;71;23;311;21;14;0;0;0;369;20;240;17;77;0;0;0;354;723
59001;Aprilia;72;17;274;20;34;0;0;0;345;11;229;14;95;0;0;0;349;694
59001;Aprilia;73;19;276;11;27;0;0;0;333;16;249;20;110;0;0;0;395;728
59001;Aprilia;74;9;277;20;17;0;0;0;323;18;230;23;112;0;0;0;383;706
59001;Aprilia;75;11;249;15;27;1;0;0;303;14;215;14;119;0;0;0;362;665
59001;Aprilia;76;10;262;15;40;0;0;0;327;14;208;26;140;0;0;0;388;715
59001;Aprilia;77;6;242;7;41;0;0;0;296;13;177;19;142;0;0;0;351;647
59001;Aprilia;78;4;241;7;35;0;0;0;287;11;151;14;161;0;0;0;337;624
59001;Aprilia;79;5;176;9;26;0;0;0;216;7;128;4;108;0;0;0;247;463
59001;Aprilia;80;3;143;5;24;0;0;0;175;13;94;5;118;0;0;0;230;405
59001;Aprilia;81;5;173;6;35;0;0;0;219;7;99;5;125;0;0;0;236;455
59001;Aprilia;82;6;144;8;31;0;0;0;189;9;79;8;124;0;0;0;220;409
59001;Aprilia;83;8;127;5;45;0;0;0;185;5;64;6;143;0;0;0;218;403
59001;Aprilia;84;1;132;5;39;0;0;0;177;8;91;3;166;0;0;0;268;445
59001;Aprilia;85;2;102;1;34;0;0;0;139;5;62;9;146;0;0;0;222;361
59001;Aprilia;86;0;91;4;28;0;0;0;123;9;34;3;131;0;0;0;177;300
59001;Aprilia;87;3;71;1;41;0;0;0;116;6;33;4;140;0;0;0;183;299
59001;Aprilia;88;2;56;1;33;0;0;0;92;2;18;3;96;0;0;0;119;211
59001;Aprilia;89;2;52;2;30;0;0;0;86;2;14;2;90;0;0;0;108;194
59001;Aprilia;90;1;35;1;14;0;0;0;51;7;17;2;99;0;0;0;125;176
59001;Aprilia;91;1;19;0;26;0;0;0;46;1;10;1;74;0;0;0;86;132
59001;Aprilia;92;0;15;0;14;0;0;0;29;1;4;0;60;0;0;0;65;94
59001;Aprilia;93;0;8;0;14;0;0;0;22;0;2;0;49;0;0;0;51;73
59001;Aprilia;94;0;14;0;7;0;0;0;21;5;3;1;45;0;0;0;54;75
59001;Aprilia;95;0;10;0;4;0;0;0;14;1;2;0;24;0;0;0;27;41
59001;Aprilia;96;0;5;0;3;0;0;0;8;1;2;0;18;0;0;0;21;29
59001;Aprilia;97;0;1;0;1;0;0;0;2;0;0;0;16;0;0;0;16;18
59001;Aprilia;98;0;1;0;1;0;0;0;2;0;1;0;12;0;0;0;13;15
59001;Aprilia;99;0;1;0;1;0;0;0;2;0;0;0;6;0;0;0;6;8
59001;Aprilia;100;0;1;0;2;0;0;0;3;0;0;0;11;0;0;0;11;14
59001;Aprilia;999;18036;16734;1329;928;30;0;0;37057;15595;16459;1699;3747;26;1;2;37529;74586
59002;Bassiano;0;2;0;0;0;;;;2;4;0;0;0;;;;4;6
59002;Bassiano;1;4;0;0;0;;;;4;6;0;0;0;;;;6;10
59002;Bassiano;2;2;0;0;0;;;;2;3;0;0;0;;;;3;5
59002;Bassiano;3;5;0;0;0;;;;5;7;0;0;0;;;;7;12
59002;Bassiano;4;5;0;0;0;;;;5;5;0;0;0;;;;5;10
59002;Bassiano;5;5;0;0;0;;;;5;4;0;0;0;;;;4;9
59002;Bassiano;6;3;0;0;0;;;;3;3;0;0;0;;;;3;6
59002;Bassiano;7;6;0;0;0;;;;6;4;0;0;0;;;;4;10
59002;Bassiano;8;8;0;0;0;;;;8;2;0;0;0;;;;2;10
59002;Bassiano;9;6;0;0;0;;;;6;7;0;0;0;;;;7;13
59002;Bassiano;10;3;0;0;0;;;;3;2;0;0;0;;;;2;5
59002;Bassiano;11;6;0;0;0;;;;6;2;0;0;0;;;;2;8
59002;Bassiano;12;11;0;0;0;;;;11;7;0;0;0;;;;7;18
59002;Bassiano;13;7;0;0;0;;;;7;7;0;0;0;;;;7;14
59002;Bassiano;14;5;0;0;0;;;;5;3;0;0;0;;;;3;8
59002;Bassiano;15;5;0;0;0;;;;5;6;0;0;0;;;;6;11
59002;Bassiano;16;4;0;0;0;;;;4;1;0;0;0;;;;1;5
59002;Bassiano;17;7;0;0;0;;;;7;3;0;0;0;;;;3;10
59002;Bassiano;18;5;0;0;0;;;;5;7;0;0;0;;;;7;12
59002;Bassiano;19;7;0;0;0;;;;7;7;0;0;0;;;;7;14
59002;Bassiano;20;6;0;0;0;;;;6;5;0;0;0;;;;5;11
59002;Bassiano;21;11;0;0;0;;;;11;4;0;0;0;;;;4;15
59002;Bassiano;22;6;0;0;0;;;;6;8;0;0;0;;;;8;14
59002;Bassiano;23;6;0;0;0;;;;6;6;1;0;0;;;;7;13
59002;Bassiano;24;5;0;0;0;;;;5;3;1;0;0;;;;4;9
59002;Bassiano;25;4;0;0;0;;;;4;4;0;0;0;;;;4;8
59002;Bassiano;26;8;0;0;0;;;;8;8;1;0;0;;;;9;17
59002;Bassiano;27;8;1;0;0;;;;9;6;1;0;0;;;;7;16
59002;Bassiano;28;10;1;0;0;;;;11;7;0;0;0;;;;7;18
59002;Bassiano;29;7;1;0;0;;;;8;5;3;0;0;;;;8;16
59002;Bassiano;30;4;0;0;0;;;;4;3;2;0;0;;;;5;9
59002;Bassiano;31;1;2;0;0;;;;3;9;1;0;0;;;;10;13
59002;Bassiano;32;3;0;0;0;;;;3;2;3;0;0;;;;5;8
59002;Bassiano;33;6;1;0;0;;;;7;5;1;0;0;;;;6;13
59002;Bassiano;34;6;2;0;0;;;;8;2;3;0;0;;;;5;13
59002;Bassiano;35;7;3;0;0;;;;10;7;6;0;0;;;;13;23
59002;Bassiano;36;9;3;0;0;;;;12;3;5;0;0;;;;8;20
59002;Bassiano;37;6;5;0;0;;;;11;4;4;0;0;;;;8;19
59002;Bassiano;38;8;4;0;0;;;;12;5;3;0;0;;;;8;20
59002;Bassiano;39;3;5;0;0;;;;8;2;5;0;0;;;;7;15
59002;Bassiano;40;10;4;0;0;;;;14;1;6;0;0;;;;7;21
59002;Bassiano;41;4;3;0;0;;;;7;5;6;1;0;;;;12;19
59002;Bassiano;42;3;3;0;0;;;;6;2;4;0;0;;;;6;12
59002;Bassiano;43;8;3;0;0;;;;11;3;4;0;0;;;;7;18
59002;Bassiano;44;0;8;0;0;;;;8;4;5;0;0;;;;9;17
59002;Bassiano;45;1;4;1;0;;;;6;2;3;0;0;;;;5;11
59002;Bassiano;46;4;6;1;0;;;;11;1;3;0;0;;;;4;15
59002;Bassiano;47;2;4;0;0;;;;6;3;9;0;1;;;;13;19
59002;Bassiano;48;4;2;0;0;;;;6;3;8;1;0;;;;12;18
59002;Bassiano;49;3;8;0;0;;;;11;2;10;0;1;;;;13;24
59002;Bassiano;50;8;6;1;0;;;;15;1;4;1;1;;;;7;22
59002;Bassiano;51;5;5;1;0;;;;11;6;1;3;0;;;;10;21
59002;Bassiano;52;3;5;1;0;;;;9;3;7;2;1;;;;13;22
59002;Bassiano;53;6;7;1;0;;;;14;2;13;1;1;;;;17;31
59002;Bassiano;54;3;6;1;0;;;;10;2;10;0;1;;;;13;23
59002;Bassiano;55;5;7;0;0;;;;12;1;7;1;3;;;;12;24
59002;Bassiano;56;2;6;0;0;;;;8;1;5;1;0;;;;7;15
59002;Bassiano;57;1;14;0;0;;;;15;2;10;0;1;;;;13;28
59002;Bassiano;58;2;7;2;0;;;;11;2;9;0;0;;;;11;22
59002;Bassiano;59;2;11;2;0;;;;15;2;5;0;1;;;;8;23
59002;Bassiano;60;0;8;2;0;;;;10;0;8;0;1;;;;9;19
59002;Bassiano;61;6;11;0;0;;;;17;1;8;1;2;;;;12;29
59002;Bassiano;62;2;9;2;1;;;;14;1;9;0;1;;;;11;25
59002;Bassiano;63;3;8;0;0;;;;11;2;7;0;2;;;;11;22
59002;Bassiano;64;1;11;0;0;;;;12;1;10;0;2;;;;13;25
59002;Bassiano;65;1;8;1;1;;;;11;0;9;1;3;;;;13;24
59002;Bassiano;66;2;11;0;0;;;;13;1;8;0;1;;;;10;23
59002;Bassiano;67;0;10;1;0;;;;11;1;7;1;1;;;;10;21
59002;Bassiano;68;1;7;0;0;;;;8;0;7;0;2;;;;9;17
59002;Bassiano;69;0;7;2;0;;;;9;3;14;0;1;;;;18;27
59002;Bassiano;70;0;7;0;0;;;;7;2;6;1;1;;;;10;17
59002;Bassiano;71;1;7;0;1;;;;9;1;4;1;0;;;;6;15
59002;Bassiano;72;1;4;0;1;;;;6;0;4;0;0;;;;4;10
59002;Bassiano;73;0;8;0;0;;;;8;2;4;0;0;;;;6;14
59002;Bassiano;74;0;8;0;0;;;;8;0;6;0;2;;;;8;16
59002;Bassiano;75;0;8;1;0;;;;9;2;10;1;0;;;;13;22
59002;Bassiano;76;1;11;0;4;;;;16;0;4;0;3;;;;7;23
59002;Bassiano;77;0;8;2;0;;;;10;0;5;0;7;;;;12;22
59002;Bassiano;78;1;8;0;2;;;;11;0;2;0;6;;;;8;19
59002;Bassiano;79;1;9;0;0;;;;10;0;1;1;2;;;;4;14
59002;Bassiano;80;0;2;0;1;;;;3;1;4;0;1;;;;6;9
59002;Bassiano;81;0;3;0;0;;;;3;1;4;0;5;;;;10;13
59002;Bassiano;82;3;2;0;1;;;;6;0;4;0;3;;;;7;13
59002;Bassiano;83;1;3;0;0;;;;4;0;5;0;4;;;;9;13
59002;Bassiano;84;2;4;0;1;;;;7;0;1;0;4;;;;5;12
59002;Bassiano;85;1;3;0;1;;;;5;0;2;0;5;;;;7;12
59002;Bassiano;86;1;3;0;0;;;;4;0;3;0;5;;;;8;12
59002;Bassiano;87;0;1;0;1;;;;2;0;1;0;4;;;;5;7
59002;Bassiano;88;0;3;0;1;;;;4;1;0;1;9;;;;11;15
59002;Bassiano;89;1;0;0;1;;;;2;0;0;0;3;;;;3;5
59002;Bassiano;90;1;1;0;0;;;;2;0;1;0;0;;;;1;3
59002;Bassiano;91;0;1;0;1;;;;2;0;0;0;1;;;;1;3
59002;Bassiano;92;0;1;0;0;;;;1;0;0;0;0;;;;0;1
59002;Bassiano;93;0;0;0;0;;;;0;0;1;0;5;;;;6;6
59002;Bassiano;94;0;0;0;0;;;;0;0;0;0;1;;;;1;1
59002;Bassiano;95;0;0;0;0;;;;0;0;0;0;1;;;;1;1
59002;Bassiano;96;0;1;0;0;;;;1;0;0;0;0;;;;0;1
59002;Bassiano;97;0;0;0;0;;;;0;0;0;0;0;;;;0;0
59002;Bassiano;98;0;0;0;0;;;;0;0;0;0;0;;;;0;0
59002;Bassiano;99;0;0;0;0;;;;0;0;0;0;1;;;;1;1
59002;Bassiano;100;0;0;0;0;;;;0;0;0;0;0;;;;0;0
59002;Bassiano;999;337;343;22;18;;;;720;256;328;19;100;;;;703;1423
59003;Campodimele;0;3;0;0;0;;;;3;1;0;0;0;;;;1;4
59003;Campodimele;1;2;0;0;0;;;;2;4;0;0;0;;;;4;6
59003;Campodimele;2;3;0;0;0;;;;3;3;0;0;0;;;;3;6
59003;Campodimele;3;0;0;0;0;;;;0;2;0;0;0;;;;2;2
59003;Campodimele;4;2;0;0;0;;;;2;2;0;0;0;;;;2;4
59003;Campodimele;5;2;0;0;0;;;;2;2;0;0;0;;;;2;4
59003;Campodimele;6;1;0;0;0;;;;1;1;0;0;0;;;;1;2
59003;Campodimele;7;0;0;0;0;;;;0;3;0;0;0;;;;3;3
59003;Campodimele;8;1;0;0;0;;;;1;2;0;0;0;;;;2;3
59003;Campodimele;9;1;0;0;0;;;;1;1;0;0;0;;;;1;2
59003;Campodimele;10;1;0;0;0;;;;1;2;0;0;0;;;;2;3
59003;Campodimele;11;1;0;0;0;;;;1;0;0;0;0;;;;0;1
59003;Campodimele;12;1;0;0;0;;;;1;1;0;0;0;;;;1;2
59003;Campodimele;13;3;0;0;0;;;;3;0;0;0;0;;;;0;3
59003;Campodimele;14;1;0;0;0;;;;1;2;0;0;0;;;;2;3
59003;Campodimele;15;0;0;0;0;;;;0;1;0;0;0;;;;1;1
59003;Campodimele;16;2;0;0;0;;;;2;3;0;0;0;;;;3;5
59003;Campodimele;17;0;0;0;0;;;;0;2;0;0;0;;;;2;2
59003;Campodimele;18;1;0;0;0;;;;1;0;0;0;0;;;;0;1
59003;Campodimele;19;1;0;0;0;;;;1;1;0;0;0;;;;1;2
59003;Campodimele;20;1;0;0;0;;;;1;0;0;0;0;;;;0;1
59003;Campodimele;21;2;0;0;0;;;;2;0;0;0;0;;;;0;2
59003;Campodimele;22;1;0;0;0;;;;1;1;0;0;0;;;;1;2
59003;Campodimele;23;3;0;0;0;;;;3;0;0;0;0;;;;0;3
59003;Campodimele;24;1;0;0;0;;;;1;2;0;0;0;;;;2;3
59003;Campodimele;25;1;0;0;0;;;;1;0;0;0;0;;;;0;1
59003;Campodimele;26;4;0;0;0;;;;4;1;0;0;0;;;;1;5
59003;Campodimele;27;1;0;0;0;;;;1;6;0;0;0;;;;6;7
59003;Campodimele;28;4;0;0;0;;;;4;1;0;0;0;;;;1;5
59003;Campodimele;29;1;1;0;0;;;;2;3;2;0;0;;;;5;7
59003;Campodimele;30;3;1;0;0;;;;4;3;0;0;0;;;;3;7
59003;Campodimele;31;4;0;0;0;;;;4;1;3;0;0;;;;4;8
59003;Campodimele;32;3;1;0;0;;;;4;3;1;0;0;;;;4;8
59003;Campodimele;33;2;0;0;0;;;;2;0;1;0;0;;;;1;3
59003;Campodimele;34;1;0;0;0;;;;1;0;1;0;0;;;;1;2
59003;Campodimele;35;4;3;0;0;;;;7;1;1;0;0;;;;2;9
59003;Campodimele;36;2;1;0;0;;;;3;3;2;0;0;;;;5;8
59003;Campodimele;37;3;0;0;0;;;;3;1;0;1;0;;;;2;5
59003;Campodimele;38;5;1;0;0;;;;6;3;3;0;0;;;;6;12
59003;Campodimele;39;5;1;0;0;;;;6;3;2;0;0;;;;5;11
59003;Campodimele;40;2;1;0;0;;;;3;2;3;0;0;;;;5;8
59003;Campodimele;41;3;2;0;0;;;;5;0;0;1;0;;;;1;6
59003;Campodimele;42;5;4;0;0;;;;9;1;1;0;0;;;;2;11
59003;Campodimele;43;2;3;0;0;;;;5;0;1;0;0;;;;1;6
59003;Campodimele;44;3;0;0;0;;;;3;1;1;0;0;;;;2;5
59003;Campodimele;45;3;2;0;0;;;;5;2;1;0;0;;;;3;8
59003;Campodimele;46;4;0;0;0;;;;4;0;3;0;0;;;;3;7
59003;Campodimele;47;1;1;0;0;;;;2;0;1;2;0;;;;3;5
59003;Campodimele;48;0;3;0;0;;;;3;1;3;0;0;;;;4;7
59003;Campodimele;49;2;3;0;0;;;;5;2;0;0;0;;;;2;7
59003;Campodimele;50;3;1;0;0;;;;4;0;1;0;0;;;;1;5
59003;Campodimele;51;4;2;1;0;;;;7;0;3;0;0;;;;3;10
59003;Campodimele;52;0;4;0;0;;;;4;1;2;0;0;;;;3;7
59003;Campodimele;53;2;1;0;0;;;;3;0;0;0;0;;;;0;3
59003;Campodimele;54;1;4;0;0;;;;5;2;2;0;0;;;;4;9
59003;Campodimele;55;1;2;1;0;;;;4;2;3;0;0;;;;5;9
59003;Campodimele;56;1;3;0;0;;;;4;1;1;0;0;;;;2;6
59003;Campodimele;57;1;2;0;0;;;;3;0;6;0;0;;;;6;9
59003;Campodimele;58;2;3;0;0;;;;5;1;7;0;0;;;;8;13
59003;Campodimele;59;1;2;0;0;;;;3;0;4;0;0;;;;4;7
59003;Campodimele;60;1;7;0;0;;;;8;0;7;0;0;;;;7;15
59003;Campodimele;61;3;4;0;0;;;;7;1;6;0;1;;;;8;15
59003;Campodimele;62;0;1;0;0;;;;1;2;5;0;0;;;;7;8
59003;Campodimele;63;0;6;0;0;;;;6;1;5;0;0;;;;6;12
59003;Campodimele;64;2;6;0;0;;;;8;1;3;0;0;;;;4;12
59003;Campodimele;65;0;4;0;0;;;;4;0;3;0;0;;;;3;7
59003;Campodimele;66;1;8;1;0;;;;10;1;3;0;0;;;;4;14
59003;Campodimele;67;1;7;0;1;;;;9;0;1;0;1;;;;2;11
59003;Campodimele;68;1;6;0;0;;;;7;0;2;0;1;;;;3;10
59003;Campodimele;69;0;4;0;0;;;;4;1;3;1;3;;;;8;12
59003;Campodimele;70;1;4;0;0;;;;5;0;3;0;1;;;;4;9
59003;Campodimele;71;0;1;0;0;;;;1;1;3;0;1;;;;5;6
59003;Campodimele;72;0;5;1;1;;;;7;1;1;0;0;;;;2;9
59003;Campodimele;73;0;1;0;1;;;;2;1;5;0;0;;;;6;8
59003;Campodimele;74;1;4;0;0;;;;5;0;2;0;1;;;;3;8
59003;Campodimele;75;0;4;0;0;;;;4;1;2;0;1;;;;4;8
59003;Campodimele;76;0;4;0;0;;;;4;0;2;0;2;;;;4;8
59003;Campodimele;77;0;4;0;1;;;;5;0;3;0;1;;;;4;9
59003;Campodimele;78;0;1;0;0;;;;1;0;0;1;1;;;;2;3
59003;Campodimele;79;0;1;0;0;;;;1;0;1;0;0;;;;1;2
59003;Campodimele;80;0;3;0;1;;;;4;0;1;0;2;;;;3;7
59003;Campodimele;81;0;1;0;0;;;;1;1;1;0;0;;;;2;3
59003;Campodimele;82;0;0;0;1;;;;1;0;0;0;0;;;;0;1
59003;Campodimele;83;0;0;0;1;;;;1;0;0;0;1;;;;1;2
59003;Campodimele;84;0;0;0;0;;;;0;0;1;0;1;;;;2;2
59003;Campodimele;85;0;2;0;2;;;;4;0;1;0;0;;;;1;5
59003;Campodimele;86;0;0;0;0;;;;0;1;1;0;4;;;;6;6
59003;Campodimele;87;0;3;0;0;;;;3;0;0;0;1;;;;1;4
59003;Campodimele;88;0;0;0;1;;;;1;0;0;0;0;;;;0;1
59003;Campodimele;89;0;1;0;0;;;;1;0;0;0;2;;;;2;3
59003;Campodimele;90;0;0;0;1;;;;1;0;0;0;3;;;;3;4
59003;Campodimele;91;0;0;0;0;;;;0;0;0;0;1;;;;1;1
59003;Campodimele;92;1;1;0;0;;;;2;0;0;0;3;;;;3;5
59003;Campodimele;93;0;0;0;1;;;;1;0;0;0;4;;;;4;5
59003;Campodimele;94;0;1;0;1;;;;2;0;0;0;2;;;;2;4
59003;Campodimele;95;0;0;0;0;;;;0;0;0;0;1;;;;1;1
59003;Campodimele;96;0;0;0;0;;;;0;0;0;0;0;;;;0;0
59003;Campodimele;97;0;0;0;0;;;;0;0;0;0;0;;;;0;0
59003;Campodimele;98;0;0;0;0;;;;0;0;0;0;1;;;;1;1
59003;Campodimele;99;0;0;0;0;;;;0;0;0;0;0;;;;0;0
59003;Campodimele;100;0;0;0;0;;;;0;0;0;0;0;;;;0;0
59003;Campodimele;999;130;146;4;13;;;;293;94;124;6;40;;;;264;557
59004;Castelforte;0;12;0;0;0;;;;12;9;0;0;0;;;;9;21
59004;Castelforte;1;15;0;0;0;;;;15;17;0;0;0;;;;17;32
59004;Castelforte;2;11;0;0;0;;;;11;22;0;0;0;;;;22;33
59004;Castelforte;3;23;0;0;0;;;;23;17;0;0;0;;;;17;40
59004;Castelforte;4;14;0;0;0;;;;14;10;0;0;0;;;;10;24
59004;Castelforte;5;23;0;0;0;;;;23;11;0;0;0;;;;11;34
59004;Castelforte;6;17;0;0;0;;;;17;22;0;0;0;;;;22;39
59004;Castelforte;7;13;0;0;0;;;;13;17;0;0;0;;;;17;30
59004;Castelforte;8;27;0;0;0;;;;27;23;0;0;0;;;;23;50
59004;Castelforte;9;12;0;0;0;;;;12;15;0;0;0;;;;15;27
59004;Castelforte;10;21;0;0;0;;;;21;13;0;0;0;;;;13;34
59004;Castelforte;11;8;0;0;0;;;;8;21;0;0;0;;;;21;29
59004;Castelforte;12;17;0;0;0;;;;17;17;0;0;0;;;;17;34
59004;Castelforte;13;21;0;0;0;;;;21;14;0;0;0;;;;14;35
59004;Castelforte;14;16;0;0;0;;;;16;14;0;0;0;;;;14;30
59004;Castelforte;15;16;0;0;0;;;;16;13;0;0;0;;;;13;29
59004;Castelforte;16;28;0;0;0;;;;28;21;0;0;0;;;;21;49
59004;Castelforte;17;13;0;0;0;;;;13;16;0;0;0;;;;16;29
59004;Castelforte;18;17;0;0;0;;;;17;23;0;0;0;;;;23;40
59004;Castelforte;19;15;0;0;0;;;;15;21;0;0;0;;;;21;36
59004;Castelforte;20;22;0;0;0;;;;22;27;0;0;0;;;;27;49
59004;Castelforte;21;26;0;0;0;;;;26;14;0;0;0;;;;14;40
59004;Castelforte;22;22;0;0;0;;;;22;13;1;0;0;;;;14;36
59004;Castelforte;23;28;0;0;0;;;;28;15;0;0;0;;;;15;43
59004;Castelforte;24;16;0;0;0;;;;16;11;1;0;0;;;;12;28
59004;Castelforte;25;18;0;0;0;;;;18;17;1;0;0;;;;18;36
59004;Castelforte;26;18;0;0;0;;;;18;15;3;0;0;;;;18;36
59004;Castelforte;27;10;4;0;0;;;;14;12;3;0;0;;;;15;29
59004;Castelforte;28;19;1;0;0;;;;20;12;3;0;0;;;;15;35
59004;Castelforte;29;19;2;0;0;;;;21;15;5;0;0;;;;20;41
59004;Castelforte;30;17;2;0;0;;;;19;17;7;0;0;;;;24;43
59004;Castelforte;31;20;3;0;0;;;;23;11;5;0;0;;;;16;39
59004;Castelforte;32;25;6;0;0;;;;31;15;11;0;0;;;;26;57
59004;Castelforte;33;19;4;0;0;;;;23;8;6;1;0;;;;15;38
59004;Castelforte;34;19;6;0;0;;;;25;16;9;1;0;;;;26;51
59004;Castelforte;35;19;7;0;0;;;;26;9;11;1;0;;;;21;47
59004;Castelforte;36;13;7;0;0;;;;20;7;18;1;0;;;;26;46
59004;Castelforte;37;12;10;0;0;;;;22;12;10;1;2;;;;25;47
59004;Castelforte;38;21;19;0;0;;;;40;9;13;0;0;;;;22;62
59004;Castelforte;39;9;12;0;0;;;;21;5;17;0;0;;;;22;43
59004;Castelforte;40;8;17;1;0;;;;26;7;12;0;0;;;;19;45
59004;Castelforte;41;13;16;1;0;;;;30;3;13;2;0;;;;18;48
59004;Castelforte;42;8;11;1;0;;;;20;7;21;1;0;;;;29;49
59004;Castelforte;43;14;11;0;0;;;;25;5;21;0;0;;;;26;51
59004;Castelforte;44;11;18;0;0;;;;29;10;15;2;1;;;;28;57
59004;Castelforte;45;7;30;1;0;;;;38;2;11;1;0;;;;14;52
59004;Castelforte;46;4;10;0;0;;;;14;5;19;1;0;;;;25;39
59004;Castelforte;47;7;15;1;0;;;;23;2;21;0;0;;;;23;46
59004;Castelforte;48;6;14;1;0;;;;21;3;29;2;0;;;;34;55
59004;Castelforte;49;10;17;3;0;;;;30;4;23;1;2;;;;30;60
59004;Castelforte;50;7;20;3;0;;;;30;6;26;4;0;;;;36;66
59004;Castelforte;51;13;16;1;0;;;;30;3;29;2;1;;;;35;65
59004;Castelforte;52;7;24;0;0;;;;31;6;24;5;0;;;;35;66
59004;Castelforte;53;4;23;1;0;;;;28;3;14;0;1;;;;18;46
59004;Castelforte;54;9;21;1;0;;;;31;9;22;0;1;;;;32;63
59004;Castelforte;55;6;25;2;0;;;;33;2;22;0;4;;;;28;61
59004;Castelforte;56;1;19;1;1;;;;22;3;19;2;2;;;;26;48
59004;Castelforte;57;5;29;1;1;;;;36;8;17;1;0;;;;26;62
59004;Castelforte;58;5;19;3;0;;;;27;3;27;0;3;;;;33;60
59004;Castelforte;59;5;21;0;0;;;;26;5;29;3;3;;;;40;66
59004;Castelforte;60;1;18;2;1;;;;22;1;34;2;2;;;;39;61
59004;Castelforte;61;2;20;1;0;;;;23;3;26;0;1;;;;30;53
59004;Castelforte;62;5;30;1;1;;;;37;4;24;0;4;;;;32;69
59004;Castelforte;63;5;22;2;1;;;;30;3;20;0;1;;;;24;54
59004;Castelforte;64;5;25;1;2;;;;33;3;28;1;4;;;;36;69
59004;Castelforte;65;2;20;4;0;;;;26;0;13;1;4;;;;18;44
59004;Castelforte;66;3;19;0;0;;;;22;3;22;1;2;;;;28;50
59004;Castelforte;67;0;22;1;0;;;;23;0;22;2;2;;;;26;49
59004;Castelforte;68;3;18;1;0;;;;22;6;23;1;6;;;;36;58
59004;Castelforte;69;3;23;2;3;;;;31;1;25;0;4;;;;30;61
59004;Castelforte;70;1;24;4;2;;;;31;0;14;3;8;;;;25;56
59004;Castelforte;71;1;22;1;1;;;;25;1;17;1;10;;;;29;54
59004;Castelforte;72;1;23;2;1;;;;27;2;23;0;8;;;;33;60
59004;Castelforte;73;2;21;1;2;;;;26;1;27;0;6;;;;34;60
59004;Castelforte;74;1;18;1;3;;;;23;1;22;0;10;;;;33;56
59004;Castelforte;75;1;18;1;2;;;;22;2;11;0;15;;;;28;50
59004;Castelforte;76;0;19;0;2;;;;21;0;17;1;6;;;;24;45
59004;Castelforte;77;2;26;0;5;;;;33;7;5;0;17;;;;29;62
59004;Castelforte;78;2;27;0;2;;;;31;2;9;0;12;;;;23;54
59004;Castelforte;79;0;9;0;3;;;;12;2;1;0;9;;;;12;24
59004;Castelforte;80;0;9;0;1;;;;10;0;10;0;3;;;;13;23
59004;Castelforte;81;0;6;1;2;;;;9;1;2;0;16;;;;19;28
59004;Castelforte;82;0;12;0;1;;;;13;1;5;0;6;;;;12;25
59004;Castelforte;83;0;7;0;0;;;;7;0;4;0;6;;;;10;17
59004;Castelforte;84;0;9;1;2;;;;12;0;7;1;10;;;;18;30
59004;Castelforte;85;1;9;0;2;;;;12;0;8;0;14;;;;22;34
59004;Castelforte;86;0;7;0;2;;;;9;0;4;0;10;;;;14;23
59004;Castelforte;87;1;6;0;2;;;;9;0;6;0;9;;;;15;24
59004;Castelforte;88;0;4;0;2;;;;6;2;1;0;16;;;;19;25
59004;Castelforte;89;0;1;0;4;;;;5;0;1;0;11;;;;12;17
59004;Castelforte;90;0;2;0;1;;;;3;1;1;0;9;;;;11;14
59004;Castelforte;91;0;0;0;0;;;;0;1;1;0;9;;;;11;11
59004;Castelforte;92;0;1;0;0;;;;1;0;1;0;14;;;;15;16
59004;Castelforte;93;0;0;0;0;;;;0;0;0;0;6;;;;6;6
59004;Castelforte;94;0;1;0;0;;;;1;0;0;0;1;;;;1;2
59004;Castelforte;95;0;0;0;0;;;;0;0;1;0;2;;;;3;3
59004;Castelforte;96;0;0;0;0;;;;0;0;0;0;6;;;;6;6
59004;Castelforte;97;0;1;0;0;;;;1;0;0;0;1;;;;1;2
59004;Castelforte;98;0;1;0;1;;;;2;0;0;0;0;;;;0;2
59004;Castelforte;99;0;0;0;0;;;;0;0;0;0;2;;;;2;2
59004;Castelforte;100;0;0;0;0;;;;0;1;0;0;1;;;;2;2
59004;Castelforte;999;903;959;49;53;;;;1964;741;973;46;303;;;;2063;4027
59005;Cisterna di Latina;0;138;0;0;0;0;0;0;138;122;0;0;0;0;0;0;122;260
59005;Cisterna di Latina;1;124;0;0;0;0;0;0;124;109;0;0;0;0;0;0;109;233
59005;Cisterna di Latina;2;132;0;0;0;0;0;0;132;128;0;0;0;0;0;0;128;260
59005;Cisterna di Latina;3;143;0;0;0;0;0;0;143;118;0;0;0;0;0;0;118;261
59005;Cisterna di Latina;4;130;0;0;0;0;0;0;130;146;0;0;0;0;0;0;146;276
59005;Cisterna di Latina;5;163;0;0;0;0;0;0;163;154;0;0;0;0;0;0;154;317
59005;Cisterna di Latina;6;172;0;0;0;0;0;0;172;161;0;0;0;0;0;0;161;333
59005;Cisterna di Latina;7;176;0;0;0;0;0;0;176;147;0;0;0;0;0;0;147;323
59005;Cisterna di Latina;8;171;0;0;0;0;0;0;171;151;0;0;0;0;0;0;151;322
59005;Cisterna di Latina;9;170;0;0;0;0;0;0;170;166;0;0;0;0;0;0;166;336
59005;Cisterna di Latina;10;192;0;0;0;0;0;0;192;152;0;0;0;0;0;0;152;344
59005;Cisterna di Latina;11;188;0;0;0;0;0;0;188;161;0;0;0;0;0;0;161;349
59005;Cisterna di Latina;12;201;0;0;0;0;0;0;201;188;0;0;0;0;0;0;188;389
59005;Cisterna di Latina;13;201;0;0;0;0;0;0;201;167;0;0;0;0;0;0;167;368
59005;Cisterna di Latina;14;199;0;0;0;0;0;0;199;174;0;0;0;0;0;0;174;373
59005;Cisterna di Latina;15;221;0;0;0;0;0;0;221;194;0;0;0;0;0;0;194;415
59005;Cisterna di Latina;16;191;0;0;0;0;0;0;191;190;0;0;0;0;0;0;190;381
59005;Cisterna di Latina;17;201;0;0;0;0;0;0;201;147;0;0;0;0;0;0;147;348
59005;Cisterna di Latina;18;190;0;0;0;0;0;0;190;180;0;0;0;0;0;0;180;370
59005;Cisterna di Latina;19;190;0;0;0;0;0;0;190;181;0;0;0;0;0;0;181;371
59005;Cisterna di Latina;20;197;0;0;0;0;0;0;197;184;1;0;0;0;0;0;185;382
59005;Cisterna di Latina;21;195;0;0;0;0;0;0;195;184;2;0;0;0;0;0;186;381
59005;Cisterna di Latina;22;218;0;0;0;0;0;0;218;148;0;0;0;0;0;0;148;366
59005;Cisterna di Latina;23;196;1;0;0;0;0;0;197;179;3;0;0;0;0;0;182;379
59005;Cisterna di Latina;24;189;1;0;0;0;0;0;190;177;6;0;0;0;0;0;183;373
59005;Cisterna di Latina;25;211;5;0;0;0;0;0;216;181;9;0;0;0;0;0;190;406
59005;Cisterna di Latina;26;207;1;0;0;0;0;0;208;163;5;0;0;0;0;0;168;376
59005;Cisterna di Latina;27;207;7;0;0;0;0;0;214;159;16;0;0;0;0;0;175;389
59005;Cisterna di Latina;28;196;5;1;0;0;0;0;202;147;27;1;0;0;0;0;175;377
59005;Cisterna di Latina;29;190;18;0;0;0;0;0;208;142;27;0;0;0;0;0;169;377
59005;Cisterna di Latina;30;183;22;0;0;0;0;0;205;136;44;2;0;0;0;0;182;387
59005;Cisterna di Latina;31;188;28;0;0;0;0;0;216;133;45;4;0;1;0;0;183;399
59005;Cisterna di Latina;32;173;35;1;0;0;0;0;209;137;75;1;0;0;0;0;213;422
59005;Cisterna di Latina;33;124;49;3;0;0;0;0;176;131;75;1;0;1;0;0;208;384
59005;Cisterna di Latina;34;145;64;1;0;0;0;0;210;114;107;3;0;0;0;0;224;434
59005;Cisterna di Latina;35;143;68;2;0;1;0;0;214;108;101;7;0;0;0;0;216;430
59005;Cisterna di Latina;36;149;87;3;0;0;0;0;239;106;125;5;1;0;0;0;237;476
59005;Cisterna di Latina;37;121;84;1;0;0;0;0;206;87;137;2;1;0;0;0;227;433
59005;Cisterna di Latina;38;110;107;5;1;0;0;0;223;90;125;3;6;0;0;0;224;447
59005;Cisterna di Latina;39;104;126;4;0;0;0;0;234;87;137;6;0;0;0;0;230;464
59005;Cisterna di Latina;40;122;138;4;1;1;0;0;266;82;122;6;2;0;0;0;212;478
59005;Cisterna di Latina;41;124;113;1;1;0;0;0;239;70;150;9;1;0;0;0;230;469
59005;Cisterna di Latina;42;102;158;5;0;0;0;0;265;53;158;11;1;0;0;0;223;488
59005;Cisterna di Latina;43;94;160;6;2;0;0;0;262;63;150;11;2;0;0;0;226;488
59005;Cisterna di Latina;44;81;169;9;0;0;0;0;259;51;157;10;2;0;0;0;220;479
59005;Cisterna di Latina;45;76;151;9;3;0;0;0;239;47;182;15;4;0;0;0;248;487
59005;Cisterna di Latina;46;97;170;11;1;0;0;0;279;58;214;18;5;0;0;0;295;574
59005;Cisterna di Latina;47;86;171;18;1;0;0;0;276;59;200;24;2;0;0;0;285;561
59005;Cisterna di Latina;48;85;200;20;2;0;0;0;307;59;206;18;9;0;0;0;292;599
59005;Cisterna di Latina;49;78;184;15;2;0;0;0;279;67;214;19;5;0;0;0;305;584
59005;Cisterna di Latina;50;73;187;11;2;0;0;0;273;50;203;18;9;0;0;0;280;553
59005;Cisterna di Latina;51;78;206;20;3;0;0;0;307;45;238;15;10;0;0;0;308;615
59005;Cisterna di Latina;52;66;204;16;3;0;0;0;289;43;242;21;9;0;0;0;315;604
59005;Cisterna di Latina;53;56;190;21;1;0;0;0;268;36;226;32;7;0;0;0;301;569
59005;Cisterna di Latina;54;50;219;18;1;1;0;0;289;33;230;21;11;0;0;0;295;584
59005;Cisterna di Latina;55;31;207;17;2;0;0;0;257;20;245;28;8;0;0;0;301;558
59005;Cisterna di Latina;56;53;221;16;3;0;0;0;293;27;221;35;15;0;0;0;298;591
59005;Cisterna di Latina;57;39;227;21;9;0;0;0;296;30;225;14;13;0;0;0;282;578
59005;Cisterna di Latina;58;34;200;20;5;0;0;0;259;21;209;13;12;0;0;0;255;514
59005;Cisterna di Latina;59;28;231;19;3;1;0;0;282;38;215;18;18;0;0;0;289;571
59005;Cisterna di Latina;60;29;208;26;7;0;0;0;270;23;261;16;26;0;0;0;326;596
59005;Cisterna di Latina;61;21;210;22;7;1;0;0;261;23;223;17;27;0;0;0;290;551
59005;Cisterna di Latina;62;20;218;7;4;0;0;0;249;18;208;12;24;0;0;0;262;511
59005;Cisterna di Latina;63;21;233;14;5;0;0;0;273;16;202;19;20;0;0;0;257;530
59005;Cisterna di Latina;64;23;191;9;3;0;0;0;226;21;209;16;37;0;0;0;283;509
59005;Cisterna di Latina;65;18;179;10;8;0;0;0;215;15;173;12;38;0;0;0;238;453
59005;Cisterna di Latina;66;14;188;11;10;0;0;0;223;11;182;9;33;0;0;0;235;458
59005;Cisterna di Latina;67;12;170;5;7;0;0;0;194;9;157;7;42;0;0;0;215;409
59005;Cisterna di Latina;68;12;174;4;10;0;0;0;200;9;173;7;38;0;0;0;227;427
59005;Cisterna di Latina;69;17;170;5;10;0;0;0;202;13;158;6;50;0;0;0;227;429
59005;Cisterna di Latina;70;7;177;6;10;0;0;0;200;10;140;6;34;0;0;0;190;390
59005;Cisterna di Latina;71;6;141;7;11;0;0;0;165;13;130;7;44;0;0;0;194;359
59005;Cisterna di Latina;72;5;149;5;13;0;0;0;172;7;124;7;54;0;0;0;192;364
59005;Cisterna di Latina;73;6;138;6;15;0;0;0;165;5;129;7;58;0;0;0;199;364
59005;Cisterna di Latina;74;8;142;8;14;0;0;0;172;7;131;6;50;0;0;0;194;366
59005;Cisterna di Latina;75;7;146;5;13;0;0;0;171;5;119;15;65;0;0;0;204;375
59005;Cisterna di Latina;76;4;171;5;15;0;0;0;195;5;104;7;83;0;0;0;199;394
59005;Cisterna di Latina;77;2;135;3;11;0;0;0;151;10;100;5;75;0;0;0;190;341
59005;Cisterna di Latina;78;6;106;3;20;0;0;0;135;7;96;3;80;0;0;0;186;321
59005;Cisterna di Latina;79;3;95;0;19;0;0;0;117;1;70;2;64;0;0;0;137;254
59005;Cisterna di Latina;80;4;75;2;15;0;0;0;96;3;49;1;67;0;0;0;120;216
59005;Cisterna di Latina;81;4;82;0;12;0;0;0;98;4;53;0;64;0;0;0;121;219
59005;Cisterna di Latina;82;1;84;1;12;0;0;0;98;5;43;1;66;0;0;0;115;213
59005;Cisterna di Latina;83;1;90;2;17;0;0;0;110;7;33;0;74;0;0;0;114;224
59005;Cisterna di Latina;84;3;70;1;14;0;0;0;88;4;40;0;81;0;0;0;125;213
59005;Cisterna di Latina;85;1;54;1;14;0;0;0;70;4;34;1;72;0;0;0;111;181
59005;Cisterna di Latina;86;1;55;0;17;0;0;0;73;1;23;1;76;0;0;0;101;174
59005;Cisterna di Latina;87;2;38;0;9;0;0;0;49;6;16;1;73;0;0;0;96;145
59005;Cisterna di Latina;88;0;22;2;8;0;0;0;32;0;11;1;56;0;0;0;68;100
59005;Cisterna di Latina;89;1;29;1;15;0;0;0;46;4;3;0;58;0;0;0;65;111
59005;Cisterna di Latina;90;0;13;0;12;0;0;0;25;0;4;0;44;0;0;0;48;73
59005;Cisterna di Latina;91;2;10;2;7;0;0;0;21;0;6;0;46;0;0;0;52;73
59005;Cisterna di Latina;92;0;9;0;8;0;0;0;17;0;3;1;26;0;0;0;30;47
59005;Cisterna di Latina;93;1;7;0;6;0;0;0;14;1;1;0;27;0;0;0;29;43
59005;Cisterna di Latina;94;0;2;0;3;0;0;0;5;1;1;0;22;0;0;0;24;29
59005;Cisterna di Latina;95;0;3;0;3;0;0;0;6;0;1;0;9;0;0;0;10;16
59005;Cisterna di Latina;96;0;1;0;2;0;0;0;3;2;0;0;12;0;0;0;14;17
59005;Cisterna di Latina;97;0;0;0;0;0;0;0;0;1;0;0;5;0;0;0;6;6
59005;Cisterna di Latina;98;0;0;0;1;0;0;0;1;0;0;0;3;0;0;0;3;4
59005;Cisterna di Latina;99;0;0;0;0;0;0;0;0;0;0;0;3;0;0;0;3;3
59005;Cisterna di Latina;100;0;1;0;2;0;0;0;3;0;0;0;11;0;0;0;11;14
59005;Cisterna di Latina;999;8654;8400;471;435;5;0;0;17965;7152;8484;584;1990;2;0;0;18212;36177
59006;Cori;0;34;0;0;0;;;;34;17;0;0;0;;;;17;51
59006;Cori;1;38;0;0;0;;;;38;34;0;0;0;;;;34;72
59006;Cori;2;25;0;0;0;;;;25;34;0;0;0;;;;34;59
59006;Cori;3;39;0;0;0;;;;39;27;0;0;0;;;;27;66
59006;Cori;4;39;0;0;0;;;;39;29;0;0;0;;;;29;68
59006;Cori;5;37;0;0;0;;;;37;37;0;0;0;;;;37;74
59006;Cori;6;38;0;0;0;;;;38;39;0;0;0;;;;39;77
59006;Cori;7;50;0;0;0;;;;50;37;0;0;0;;;;37;87
59006;Cori;8;48;0;0;0;;;;48;33;0;0;0;;;;33;81
59006;Cori;9;42;0;0;0;;;;42;48;0;0;0;;;;48;90
59006;Cori;10;25;0;0;0;;;;25;36;0;0;0;;;;36;61
59006;Cori;11;50;0;0;0;;;;50;37;0;0;0;;;;37;87
59006;Cori;12;36;0;0;0;;;;36;41;0;0;0;;;;41;77
59006;Cori;13;54;0;0;0;;;;54;58;0;0;0;;;;58;112
59006;Cori;14;48;0;0;0;;;;48;42;0;0;0;;;;42;90
59006;Cori;15;42;0;0;0;;;;42;47;0;0;0;;;;47;89
59006;Cori;16;54;0;0;0;;;;54;49;0;0;0;;;;49;103
59006;Cori;17;49;0;0;0;;;;49;39;0;0;0;;;;39;88
59006;Cori;18;59;0;0;0;;;;59;54;0;0;0;;;;54;113
59006;Cori;19;62;0;0;0;;;;62;52;0;0;0;;;;52;114
59006;Cori;20;51;0;0;0;;;;51;55;0;0;0;;;;55;106
59006;Cori;21;59;0;0;0;;;;59;40;0;0;0;;;;40;99
59006;Cori;22;69;0;0;0;;;;69;44;2;0;0;;;;46;115
59006;Cori;23;60;0;0;0;;;;60;43;1;0;0;;;;44;104
59006;Cori;24;82;0;0;0;;;;82;47;1;0;0;;;;48;130
59006;Cori;25;68;0;0;0;;;;68;34;0;0;0;;;;34;102
59006;Cori;26;71;1;0;0;;;;72;37;6;0;0;;;;43;115
59006;Cori;27;66;4;0;0;;;;70;51;4;0;0;;;;55;125
59006;Cori;28;62;3;0;0;;;;65;40;8;0;0;;;;48;113
59006;Cori;29;57;3;0;0;;;;60;41;8;0;0;;;;49;109
59006;Cori;30;66;3;0;0;;;;69;27;6;0;0;;;;33;102
59006;Cori;31;53;8;0;0;;;;61;40;15;2;0;;;;57;118
59006;Cori;32;49;11;0;0;;;;60;33;16;0;0;;;;49;109
59006;Cori;33;47;10;0;0;;;;57;30;20;0;0;;;;50;107
59006;Cori;34;61;8;0;0;;;;69;36;25;1;0;;;;62;131
59006;Cori;35;36;13;0;0;;;;49;38;19;0;0;;;;57;106
59006;Cori;36;49;21;0;0;;;;70;32;34;2;1;;;;69;139
59006;Cori;37;41;21;2;0;;;;64;32;24;1;0;;;;57;121
59006;Cori;38;40;28;0;0;;;;68;30;31;1;0;;;;62;130
59006;Cori;39;46;22;5;0;;;;73;31;38;3;0;;;;72;145
59006;Cori;40;42;20;0;0;;;;62;23;28;3;1;;;;55;117
59006;Cori;41;37;24;0;0;;;;61;21;37;1;2;;;;61;122
59006;Cori;42;36;20;2;0;;;;58;27;34;2;0;;;;63;121
59006;Cori;43;42;45;2;0;;;;89;25;34;3;1;;;;63;152
59006;Cori;44;25;31;5;0;;;;61;20;37;2;0;;;;59;120
59006;Cori;45;32;30;4;0;;;;66;19;45;5;0;;;;69;135
59006;Cori;46;42;41;3;0;;;;86;16;43;1;1;;;;61;147
59006;Cori;47;31;40;6;1;;;;78;21;50;3;0;;;;74;152
59006;Cori;48;29;40;3;0;;;;72;10;61;6;0;;;;77;149
59006;Cori;49;30;41;4;0;;;;75;27;48;3;3;;;;81;156
59006;Cori;50;23;33;3;0;;;;59;19;55;6;3;;;;83;142
59006;Cori;51;30;59;4;0;;;;93;16;59;5;4;;;;84;177
59006;Cori;52;30;58;4;0;;;;92;16;64;10;6;;;;96;188
59006;Cori;53;25;69;3;0;;;;97;14;64;10;3;;;;91;188
59006;Cori;54;14;58;3;0;;;;75;9;53;8;3;;;;73;148
59006;Cori;55;18;75;6;0;;;;99;10;64;5;3;;;;82;181
59006;Cori;56;14;55;6;3;;;;78;8;71;6;4;;;;89;167
59006;Cori;57;14;52;6;0;;;;72;8;61;5;4;;;;78;150
59006;Cori;58;6;56;7;1;;;;70;14;73;4;5;;;;96;166
59006;Cori;59;10;62;5;1;;;;78;7;61;8;5;;;;81;159
59006;Cori;60;19;70;6;0;;;;95;11;56;2;7;;;;76;171
59006;Cori;61;7;83;4;2;;;;96;9;52;5;4;;;;70;166
59006;Cori;62;11;63;7;1;;;;82;8;62;4;9;;;;83;165
59006;Cori;63;7;61;3;0;;;;71;3;67;3;8;;;;81;152
59006;Cori;64;6;49;4;4;;;;63;6;56;5;6;;;;73;136
59006;Cori;65;5;64;2;5;;;;76;3;55;5;11;;;;74;150
59006;Cori;66;3;58;2;3;;;;66;3;45;4;14;;;;66;132
59006;Cori;67;6;57;4;1;;;;68;3;42;1;9;;;;55;123
59006;Cori;68;7;55;1;1;;;;64;5;44;0;8;;;;57;121
59006;Cori;69;3;37;4;0;;;;44;2;37;6;20;;;;65;109
59006;Cori;70;5;55;1;4;;;;65;5;53;1;14;;;;73;138
59006;Cori;71;5;49;4;2;;;;60;6;45;0;17;;;;68;128
59006;Cori;72;3;50;3;3;;;;59;4;37;1;23;;;;65;124
59006;Cori;73;2;40;4;1;;;;47;3;42;2;15;;;;62;109
59006;Cori;74;6;45;1;4;;;;56;2;30;2;16;;;;50;106
59006;Cori;75;1;44;2;2;;;;49;1;47;4;23;;;;75;124
59006;Cori;76;5;44;2;7;;;;58;3;44;0;26;;;;73;131
59006;Cori;77;3;58;1;6;;;;68;2;31;2;32;;;;67;135
59006;Cori;78;2;44;2;6;;;;54;4;30;2;30;;;;66;120
59006;Cori;79;1;34;1;2;;;;38;0;13;2;26;;;;41;79
59006;Cori;80;1;27;0;1;;;;29;1;10;2;22;;;;35;64
59006;Cori;81;1;9;0;4;;;;14;1;14;1;26;;;;42;56
59006;Cori;82;2;15;1;5;;;;23;0;11;1;23;;;;35;58
59006;Cori;83;0;19;0;5;;;;24;1;13;0;37;;;;51;75
59006;Cori;84;1;20;1;6;;;;28;0;13;3;29;;;;45;73
59006;Cori;85;0;16;0;5;;;;21;1;10;0;28;;;;39;60
59006;Cori;86;0;19;0;5;;;;24;0;7;0;31;;;;38;62
59006;Cori;87;0;19;0;3;;;;22;4;11;1;32;;;;48;70
59006;Cori;88;2;13;0;6;;;;21;0;5;0;16;;;;21;42
59006;Cori;89;0;10;0;2;;;;12;0;3;1;22;;;;26;38
59006;Cori;90;0;8;0;3;;;;11;0;3;1;27;;;;31;42
59006;Cori;91;0;8;0;3;;;;11;1;1;0;15;;;;17;28
59006;Cori;92;1;3;0;0;;;;4;0;1;0;11;;;;12;16
59006;Cori;93;0;2;0;1;;;;3;2;0;0;10;;;;12;15
59006;Cori;94;0;1;0;2;;;;3;1;0;0;11;;;;12;15
59006;Cori;95;0;0;0;4;;;;4;1;0;0;6;;;;7;11
59006;Cori;96;0;0;0;0;;;;0;0;1;1;9;;;;11;11
59006;Cori;97;0;0;0;0;;;;0;0;1;0;3;;;;4;4
59006;Cori;98;0;0;0;0;;;;0;0;0;0;0;;;;0;0
59006;Cori;99;0;0;0;0;;;;0;0;0;0;1;;;;1;1
59006;Cori;100;0;0;0;0;;;;0;0;0;0;4;;;;4;4
59006;Cori;999;2647;2314;143;115;;;;5219;1977;2292;168;730;;;;5167;10386
59007;Fondi;0;122;0;0;0;0;0;0;122;154;0;0;0;0;0;0;154;276
59007;Fondi;1;157;0;0;0;0;0;0;157;177;0;0;0;0;0;0;177;334
59007;Fondi;2;149;0;0;0;0;0;0;149;146;0;0;0;0;0;0;146;295
59007;Fondi;3;167;0;0;0;0;0;0;167;161;0;0;0;0;0;0;161;328
59007;Fondi;4;151;0;0;0;0;0;0;151;163;0;0;0;0;0;0;163;314
59007;Fondi;5;182;0;0;0;0;0;0;182;186;0;0;0;0;0;0;186;368
59007;Fondi;6;183;0;0;0;0;0;0;183;171;0;0;0;0;0;0;171;354
59007;Fondi;7;194;0;0;0;0;0;0;194;192;0;0;0;0;0;0;192;386
59007;Fondi;8;186;0;0;0;0;0;0;186;177;0;0;0;0;0;0;177;363
59007;Fondi;9;204;0;0;0;0;0;0;204;173;0;0;0;0;0;0;173;377
59007;Fondi;10;216;0;0;0;0;0;0;216;196;0;0;0;0;0;0;196;412
59007;Fondi;11;212;0;0;0;0;0;0;212;201;0;0;0;0;0;0;201;413
59007;Fondi;12;210;0;0;0;0;0;0;210;189;0;0;0;0;0;0;189;399
59007;Fondi;13;199;0;0;0;0;0;0;199;192;0;0;0;0;0;0;192;391
59007;Fondi;14;216;0;0;0;0;0;0;216;176;0;0;0;0;0;0;176;392
59007;Fondi;15;183;0;0;0;0;0;0;183;187;0;0;0;0;0;0;187;370
59007;Fondi;16;199;0;0;0;0;0;0;199;204;1;0;0;0;0;0;205;404
59007;Fondi;17;187;0;0;0;0;0;0;187;178;0;0;0;0;0;0;178;365
59007;Fondi;18;229;0;0;0;0;0;0;229;207;0;0;0;0;0;0;207;436
59007;Fondi;19;201;0;0;0;0;0;0;201;189;0;0;0;0;0;0;189;390
59007;Fondi;20;225;0;0;0;0;0;0;225;216;0;0;0;0;0;0;216;441
59007;Fondi;21;237;0;0;0;0;0;0;237;201;4;0;0;0;0;0;205;442
59007;Fondi;22;228;0;0;0;0;0;0;228;190;4;0;0;0;0;0;194;422
59007;Fondi;23;227;0;0;0;0;0;0;227;197;14;0;0;0;0;0;211;438
59007;Fondi;24;230;1;0;0;0;0;0;231;188;7;1;0;0;0;0;196;427
59007;Fondi;25;222;2;0;0;0;0;0;224;190;20;0;0;0;0;0;210;434
59007;Fondi;26;201;6;0;0;0;0;0;207;176;27;0;0;0;0;0;203;410
59007;Fondi;27;221;13;0;0;0;0;0;234;174;36;0;0;0;0;0;210;444
59007;Fondi;28;216;12;0;0;0;0;0;228;161;32;0;0;0;0;0;193;421
59007;Fondi;29;198;23;0;0;0;0;0;221;141;47;0;0;0;0;0;188;409
59007;Fondi;30;204;34;0;0;0;0;0;238;156;62;0;0;0;0;0;218;456
59007;Fondi;31;186;38;0;0;0;0;0;224;143;63;0;1;0;0;0;207;431
59007;Fondi;32;200;45;3;0;0;0;0;248;144;120;0;0;0;0;0;264;512
59007;Fondi;33;174;52;0;0;0;0;0;226;120;108;3;1;0;0;0;232;458
59007;Fondi;34;197;94;2;0;1;0;0;294;114;118;2;0;0;0;0;234;528
59007;Fondi;35;176;100;3;0;0;0;0;279;110;116;2;0;0;0;0;228;507
59007;Fondi;36;175;114;1;0;0;0;0;290;75;143;9;2;0;0;0;229;519
59007;Fondi;37;146;103;1;0;0;0;0;250;85;179;4;0;0;0;0;268;518
59007;Fondi;38;148;143;3;0;0;0;0;294;73;143;5;0;0;0;0;221;515
59007;Fondi;39;135;142;4;0;0;0;0;281;77;171;7;0;0;0;0;255;536
59007;Fondi;40;137;147;5;1;0;0;0;290;68;174;7;1;0;0;0;250;540
59007;Fondi;41;139;143;2;0;1;0;0;285;60;183;7;1;0;0;0;251;536
59007;Fondi;42;122;170;4;0;0;0;0;296;60;192;9;4;1;0;0;266;562
59007;Fondi;43;126;172;5;0;0;0;0;303;69;192;9;2;0;0;0;272;575
59007;Fondi;44;104;172;4;0;0;0;0;280;47;200;9;4;0;0;0;260;540
59007;Fondi;45;105;199;13;1;0;0;0;318;56;227;14;1;0;0;0;298;616
59007;Fondi;46;98;189;6;1;0;0;0;294;57;222;14;4;0;0;0;297;591
59007;Fondi;47;104;213;8;1;0;0;0;326;51;205;18;2;0;0;0;276;602
59007;Fondi;48;82;250;17;0;1;0;0;350;55;224;23;0;0;0;0;302;652
59007;Fondi;49;84;224;9;3;0;0;0;320;39;261;19;4;0;0;0;323;643
59007;Fondi;50;90;224;17;1;0;0;0;332;41;254;18;6;0;0;0;319;651
59007;Fondi;51;87;230;18;0;0;0;0;335;53;244;28;7;0;0;0;332;667
59007;Fondi;52;67;246;12;3;0;0;0;328;32;253;26;14;0;0;0;325;653
59007;Fondi;53;78;242;17;2;0;0;0;339;41;262;19;13;0;0;0;335;674
59007;Fondi;54;60;249;14;3;0;0;0;326;40;262;18;13;0;0;0;333;659
59007;Fondi;55;48;239;16;3;0;0;0;306;19;247;28;12;0;0;0;306;612
59007;Fondi;56;57;259;9;7;0;0;0;332;29;242;24;7;0;0;0;302;634
59007;Fondi;57;50;225;15;2;0;0;0;292;46;234;27;24;0;0;0;331;623
59007;Fondi;58;36;221;14;4;1;0;0;276;27;271;27;29;0;0;0;354;630
59007;Fondi;59;34;226;16;4;1;0;0;281;24;241;17;16;0;0;0;298;579
59007;Fondi;60;36;229;13;1;0;0;0;279;27;238;14;21;0;0;0;300;579
59007;Fondi;61;37;210;7;0;1;0;0;255;20;214;25;23;0;0;0;282;537
59007;Fondi;62;23;215;8;8;0;0;0;254;21;199;10;22;0;0;0;252;506
59007;Fondi;63;19;225;18;8;0;0;0;270;13;208;18;31;0;0;0;270;540
59007;Fondi;64;20;198;11;4;0;0;0;233;17;202;13;27;0;0;0;259;492
59007;Fondi;65;21;220;10;10;0;0;0;261;24;202;13;31;0;0;0;270;531
59007;Fondi;66;12;178;14;8;0;0;0;212;19;178;9;30;0;0;0;236;448
59007;Fondi;67;13;202;8;10;0;0;0;233;18;186;6;43;0;0;0;253;486
59007;Fondi;68;9;180;5;7;0;0;0;201;12;169;5;46;0;0;0;232;433
59007;Fondi;69;8;191;5;5;0;0;0;209;11;174;11;38;0;0;0;234;443
59007;Fondi;70;12;223;7;18;0;0;0;260;11;163;11;58;0;0;0;243;503
59007;Fondi;71;8;153;1;8;0;0;0;170;9;148;5;38;0;0;0;200;370
59007;Fondi;72;11;171;8;6;0;0;0;196;8;159;5;56;0;0;0;228;424
59007;Fondi;73;8;174;3;7;0;0;0;192;11;153;5;63;0;0;0;232;424
59007;Fondi;74;5;183;7;11;0;0;0;206;12;135;8;73;0;0;0;228;434
59007;Fondi;75;8;165;6;15;0;0;0;194;3;128;8;76;0;0;0;215;409
59007;Fondi;76;8;162;6;19;1;0;0;196;11;113;5;86;0;0;0;215;411
59007;Fondi;77;3;173;1;17;0;0;0;194;12;94;5;93;0;0;0;204;398
59007;Fondi;78;5;124;2;20;0;0;0;151;5;103;4;91;0;0;0;203;354
59007;Fondi;79;2;65;1;7;0;0;0;75;4;39;2;43;0;0;0;88;163
59007;Fondi;80;3;66;0;14;0;0;0;83;2;52;5;63;0;0;0;122;205
59007;Fondi;81;4;70;3;16;0;0;0;93;0;58;1;53;0;0;0;112;205
59007;Fondi;82;2;74;1;8;0;0;0;85;2;40;1;71;0;0;0;114;199
59007;Fondi;83;2;65;0;12;0;0;0;79;5;28;3;90;0;0;0;126;205
59007;Fondi;84;3;75;1;15;0;0;0;94;2;35;5;64;0;0;0;106;200
59007;Fondi;85;2;71;1;17;0;0;0;91;2;39;2;69;0;0;0;112;203
59007;Fondi;86;0;51;0;15;0;0;0;66;3;17;3;74;0;0;0;97;163
59007;Fondi;87;3;47;0;12;0;0;0;62;2;13;0;68;0;0;0;83;145
59007;Fondi;88;1;39;0;13;0;0;0;53;1;21;0;53;0;0;0;75;128
59007;Fondi;89;3;29;0;8;0;0;0;40;4;13;1;42;0;0;0;60;100
59007;Fondi;90;1;20;1;12;0;0;0;34;5;8;1;56;0;0;0;70;104
59007;Fondi;91;0;13;1;14;0;0;0;28;2;7;0;28;0;0;0;37;65
59007;Fondi;92;0;16;0;1;0;0;0;17;3;8;1;34;0;0;0;46;63
59007;Fondi;93;0;11;0;7;0;0;0;18;1;6;0;18;0;0;0;25;43
59007;Fondi;94;0;8;0;3;0;0;0;11;1;2;0;19;0;0;0;22;33
59007;Fondi;95;0;6;1;4;0;0;0;11;2;1;0;21;0;0;0;24;35
59007;Fondi;96;0;2;0;6;0;0;0;8;1;1;0;13;0;0;0;15;23
59007;Fondi;97;0;1;0;2;0;0;0;3;0;0;0;9;0;0;0;9;12
59007;Fondi;98;0;2;0;0;0;0;0;2;0;0;0;6;0;0;0;6;8
59007;Fondi;99;0;1;0;1;0;0;0;2;0;0;0;8;0;0;0;8;10
59007;Fondi;100;0;0;0;4;0;0;0;4;0;0;0;4;0;0;0;4;8
59007;Fondi;999;9693;9470;388;409;7;0;0;19967;7770;9559;599;2020;1;0;0;19949;39916
59008;Formia;0;105;0;0;0;0;0;0;105;79;0;0;0;0;0;0;79;184
59008;Formia;1;88;0;0;0;0;0;0;88;115;0;0;0;0;0;0;115;203
59008;Formia;2;115;0;0;0;0;0;0;115;105;0;0;0;0;0;0;105;220
59008;Formia;3;108;0;0;0;0;0;0;108;112;0;0;0;0;0;0;112;220
59008;Formia;4;100;0;0;0;0;0;0;100;114;0;0;0;0;0;0;114;214
59008;Formia;5;138;0;0;0;0;0;0;138;106;0;0;0;0;0;0;106;244
59008;Formia;6;140;0;0;0;0;0;0;140;129;0;0;0;0;0;0;129;269
59008;Formia;7;142;0;0;0;0;0;0;142;156;0;0;0;0;0;0;156;298
59008;Formia;8;142;0;0;0;0;0;0;142;178;0;0;0;0;0;0;178;320
59008;Formia;9;154;0;0;0;0;0;0;154;141;0;0;0;0;0;0;141;295
59008;Formia;10;145;0;0;0;0;0;0;145;127;0;0;0;0;0;0;127;272
59008;Formia;11;164;0;0;0;0;0;0;164;161;0;0;0;0;0;0;161;325
59008;Formia;12;176;0;0;0;0;0;0;176;204;0;0;0;0;0;0;204;380
59008;Formia;13;177;0;0;0;0;0;0;177;189;0;0;0;0;0;0;189;366
59008;Formia;14;190;0;0;0;0;0;0;190;179;0;0;0;0;0;0;179;369
59008;Formia;15;198;0;0;0;0;0;0;198;198;0;0;0;0;0;0;198;396
59008;Formia;16;177;0;0;0;0;0;0;177;180;0;0;0;0;0;0;180;357
59008;Formia;17;180;0;0;0;0;0;0;180;184;0;0;0;0;0;0;184;364
59008;Formia;18;193;0;0;0;0;0;0;193;175;0;0;0;0;0;0;175;368
59008;Formia;19;195;0;0;0;0;0;0;195;194;0;0;0;0;0;0;194;389
59008;Formia;20;200;0;0;0;0;0;0;200;187;0;0;0;0;0;0;187;387
59008;Formia;21;198;0;0;0;0;0;0;198;174;0;0;0;0;0;0;174;372
59008;Formia;22;189;0;0;0;0;0;0;189;169;0;0;0;0;0;0;169;358
59008;Formia;23;188;1;0;0;0;0;0;189;182;4;0;0;0;0;0;186;375
59008;Formia;24;202;0;0;0;0;0;0;202;165;1;0;0;0;0;0;166;368
59008;Formia;25;199;2;0;0;0;0;0;201;189;9;0;0;0;0;0;198;399
59008;Formia;26;174;4;0;0;0;0;0;178;153;9;0;0;0;0;0;162;340
59008;Formia;27;182;7;0;0;0;0;0;189;145;10;0;0;0;0;0;155;344
59008;Formia;28;171;10;0;0;0;0;0;181;144;26;0;0;0;0;0;170;351
59008;Formia;29;180;10;0;0;0;0;0;190;155;22;1;0;0;0;0;178;368
59008;Formia;30;177;13;0;0;0;0;0;190;149;33;1;0;0;0;0;183;373
59008;Formia;31;186;25;0;0;0;0;0;211;149;50;1;0;0;0;0;200;411
59008;Formia;32;139;41;1;0;0;0;0;181;130;47;2;0;1;0;0;180;361
59008;Formia;33;133;44;1;0;0;0;0;178;121;82;1;1;1;0;0;206;384
59008;Formia;34;130;47;1;0;0;0;0;178;96;75;6;0;0;0;0;177;355
59008;Formia;35;125;62;2;1;0;0;0;190;114;94;0;0;0;0;0;208;398
59008;Formia;36;126;72;1;2;0;0;0;201;88;112;4;1;0;0;0;205;406
59008;Formia;37;104;67;2;0;0;0;0;173;89;88;3;0;0;0;0;180;353
59008;Formia;38;121;88;3;0;0;0;0;212;77;102;6;0;0;0;0;185;397
59008;Formia;39;112;80;2;1;0;0;0;195;89;125;10;2;0;0;0;226;421
59008;Formia;40;92;111;3;0;0;0;0;206;74;116;9;0;1;0;0;200;406
59008;Formia;41;87;89;4;2;0;0;0;182;63;158;7;1;0;0;0;229;411
59008;Formia;42;79;119;1;1;0;0;0;200;68;145;9;1;1;0;0;224;424
59008;Formia;43;86;137;6;0;0;0;0;229;55;172;11;2;0;0;0;240;469
59008;Formia;44;91;154;5;0;0;0;0;250;61;166;13;2;0;0;0;242;492
59008;Formia;45;76;121;9;0;0;0;0;206;61;198;24;5;0;0;0;288;494
59008;Formia;46;72;141;4;0;1;0;0;218;51;189;12;4;0;0;0;256;474
59008;Formia;47;85;166;10;0;0;0;0;261;58;200;20;4;0;0;0;282;543
59008;Formia;48;75;189;9;0;0;0;0;273;64;190;24;4;0;0;0;282;555
59008;Formia;49;88;180;12;0;0;0;0;280;48;213;22;5;0;0;0;288;568
59008;Formia;50;68;219;14;2;0;0;0;303;51;241;25;6;0;0;0;323;626
59008;Formia;51;73;195;14;1;0;0;0;283;50;226;26;6;0;0;0;308;591
59008;Formia;52;72;201;16;0;0;0;0;289;59;225;18;11;0;0;0;313;602
59008;Formia;53;62;192;13;2;2;0;0;271;43;237;25;10;0;0;0;315;586
59008;Formia;54;57;196;19;4;0;0;0;276;31;224;28;8;1;0;0;292;568
59008;Formia;55;45;225;15;3;0;0;0;288;32;264;24;15;0;0;0;335;623
59008;Formia;56;51;212;22;7;0;0;0;292;35;237;29;8;0;0;0;309;601
59008;Formia;57;60;223;15;1;1;0;0;300;32;242;32;18;1;0;0;325;625
59008;Formia;58;36;235;20;1;0;0;0;292;46;236;27;19;0;0;0;328;620
59008;Formia;59;40;241;21;6;0;0;0;308;42;216;32;13;0;0;0;303;611
59008;Formia;60;36;236;13;1;0;0;0;286;40;268;18;18;0;0;0;344;630
59008;Formia;61;34;226;14;4;0;0;0;278;30;213;27;17;0;0;0;287;565
59008;Formia;62;26;213;14;1;0;0;0;254;25;204;16;22;0;0;0;267;521
59008;Formia;63;23;208;21;3;0;0;0;255;22;199;27;24;0;0;0;272;527
59008;Formia;64;13;224;12;4;0;0;0;253;24;202;20;31;0;0;0;277;530
59008;Formia;65;21;174;19;2;0;0;0;216;30;180;18;22;0;0;0;250;466
59008;Formia;66;19;183;10;10;0;0;0;222;20;185;14;31;0;0;0;250;472
59008;Formia;67;14;185;16;9;0;0;0;224;9;187;19;43;0;0;0;258;482
59008;Formia;68;18;180;11;9;0;0;0;218;21;178;19;39;0;0;0;257;475
59008;Formia;69;11;172;13;9;0;0;0;205;13;192;14;45;0;0;0;264;469
59008;Formia;70;15;200;14;6;0;0;0;235;23;208;11;38;0;0;0;280;515
59008;Formia;71;8;181;12;15;0;0;0;216;15;172;13;53;0;0;0;253;469
59008;Formia;72;14;167;5;15;0;0;0;201;12;145;8;42;0;0;0;207;408
59008;Formia;73;16;165;10;7;0;0;0;198;9;139;14;64;0;0;0;226;424
59008;Formia;74;3;185;10;13;0;0;0;211;15;161;17;60;0;0;0;253;464
59008;Formia;75;13;163;13;13;0;0;0;202;13;148;16;65;0;0;0;242;444
59008;Formia;76;10;189;12;17;0;0;0;228;14;140;4;75;0;0;0;233;461
59008;Formia;77;9;181;7;12;0;0;0;209;8;130;13;75;0;0;0;226;435
59008;Formia;78;9;183;6;17;0;0;0;215;21;122;11;106;0;0;0;260;475
59008;Formia;79;4;114;5;11;0;0;0;134;2;79;4;62;0;0;0;147;281
59008;Formia;80;2;89;3;25;0;0;0;119;1;48;7;64;0;0;0;120;239
59008;Formia;81;2;90;3;18;0;0;0;113;5;52;4;66;0;0;0;127;240
59008;Formia;82;6;111;2;18;0;0;0;137;8;75;6;78;0;0;0;167;304
59008;Formia;83;4;76;4;16;0;0;0;100;12;53;1;81;0;0;0;147;247
59008;Formia;84;0;96;1;29;0;0;0;126;11;54;4;87;0;0;0;156;282
59008;Formia;85;2;81;3;17;0;0;0;103;9;39;2;86;0;0;0;136;239
59008;Formia;86;2;72;0;24;0;0;0;98;5;28;2;73;0;0;0;108;206
59008;Formia;87;4;60;1;17;0;0;0;82;5;29;2;81;0;0;0;117;199
59008;Formia;88;0;57;1;19;0;0;0;77;6;29;0;60;0;0;0;95;172
59008;Formia;89;4;39;0;10;0;0;0;53;5;11;0;65;0;0;0;81;134
59008;Formia;90;1;25;0;25;0;0;0;51;8;8;4;50;0;0;0;70;121
59008;Formia;91;1;18;0;14;0;0;0;33;3;4;1;46;0;0;0;54;87
59008;Formia;92;0;21;0;16;0;0;0;37;2;14;0;52;0;0;0;68;105
59008;Formia;93;1;14;1;4;0;0;0;20;3;1;2;32;0;0;0;38;58
59008;Formia;94;0;10;0;9;0;0;0;19;5;3;1;32;0;0;0;41;60
59008;Formia;95;1;2;1;6;0;0;0;10;1;2;0;22;0;0;0;25;35
59008;Formia;96;2;1;0;9;0;0;0;12;1;1;0;22;0;0;0;24;36
59008;Formia;97;1;5;0;2;0;0;0;8;1;0;0;14;0;0;0;15;23
59008;Formia;98;0;2;1;5;0;0;0;8;0;0;0;14;0;0;0;14;22
59008;Formia;99;0;1;0;2;0;0;0;3;0;0;0;6;0;0;0;6;9
59008;Formia;100;0;0;0;0;0;0;0;0;2;1;0;10;0;0;0;13;13
59008;Formia;999;8007;8718;503;497;4;0;0;17729;7274;8888;791;2119;6;0;0;19078;36807
59009;Gaeta;0;49;0;0;0;;;;49;53;0;0;0;;;;53;102
59009;Gaeta;1;51;0;0;0;;;;51;38;0;0;0;;;;38;89
59009;Gaeta;2;56;0;0;0;;;;56;50;0;0;0;;;;50;106
59009;Gaeta;3;49;0;0;0;;;;49;43;0;0;0;;;;43;92
59009;Gaeta;4;57;0;0;0;;;;57;58;0;0;0;;;;58;115
59009;Gaeta;5;51;0;0;0;;;;51;45;0;0;0;;;;45;96
59009;Gaeta;6;40;0;0;0;;;;40;75;0;0;0;;;;75;115
59009;Gaeta;7;65;0;0;0;;;;65;55;0;0;0;;;;55;120
59009;Gaeta;8;73;0;0;0;;;;73;60;0;0;0;;;;60;133
59009;Gaeta;9;66;0;0;0;;;;66;60;0;0;0;;;;60;126
59009;Gaeta;10;70;0;0;0;;;;70;64;0;0;0;;;;64;134
59009;Gaeta;11;77;0;0;0;;;;77;72;0;0;0;;;;72;149
59009;Gaeta;12;61;0;0;0;;;;61;82;0;0;0;;;;82;143
59009;Gaeta;13;82;0;0;0;;;;82;73;0;0;0;;;;73;155
59009;Gaeta;14;86;0;0;0;;;;86;64;0;0;0;;;;64;150
59009;Gaeta;15;82;0;0;0;;;;82;96;0;0;0;;;;96;178
59009;Gaeta;16;68;0;0;0;;;;68;72;0;0;0;;;;72;140
59009;Gaeta;17;86;0;0;0;;;;86;68;0;0;0;;;;68;154
59009;Gaeta;18;97;0;0;0;;;;97;80;0;0;0;;;;80;177
59009;Gaeta;19;93;0;0;0;;;;93;68;0;0;0;;;;68;161
59009;Gaeta;20;98;0;0;0;;;;98;78;0;0;0;;;;78;176
59009;Gaeta;21;97;1;0;0;;;;98;75;1;0;0;;;;76;174
59009;Gaeta;22;88;0;0;0;;;;88;68;0;0;0;;;;68;156
59009;Gaeta;23;93;0;0;0;;;;93;95;0;0;0;;;;95;188
59009;Gaeta;24;98;1;0;0;;;;99;89;1;0;0;;;;90;189
59009;Gaeta;25;100;0;0;0;;;;100;88;2;0;0;;;;90;190
59009;Gaeta;26;87;1;0;0;;;;88;83;2;0;0;;;;85;173
59009;Gaeta;27;79;2;0;0;;;;81;71;9;0;0;;;;80;161
59009;Gaeta;28;81;5;0;0;;;;86;90;9;0;0;;;;99;185
59009;Gaeta;29;83;6;0;0;;;;89;89;13;0;0;;;;102;191
59009;Gaeta;30;93;7;0;0;;;;100;65;16;0;0;;;;81;181
59009;Gaeta;31;70;7;0;0;;;;77;81;23;0;0;;;;104;181
59009;Gaeta;32;86;14;0;0;;;;100;56;31;0;0;;;;87;187
59009;Gaeta;33;64;18;0;0;;;;82;57;24;1;0;;;;82;164
59009;Gaeta;34;62;19;1;0;;;;82;56;36;1;0;;;;93;175
59009;Gaeta;35;63;26;0;0;;;;89;57;53;1;0;;;;111;200
59009;Gaeta;36;68;31;1;0;;;;100;37;42;3;0;;;;82;182
59009;Gaeta;37;65;36;1;0;;;;102;45;45;3;0;;;;93;195
59009;Gaeta;38;48;42;1;0;;;;91;44;44;1;1;;;;90;181
59009;Gaeta;39;55;35;1;0;;;;91;36;60;6;0;;;;102;193
59009;Gaeta;40;38;43;2;0;;;;83;53;41;4;0;;;;98;181
59009;Gaeta;41;50;46;3;0;;;;99;34;56;6;1;;;;97;196
59009;Gaeta;42;52;53;5;0;;;;110;29;83;4;1;;;;117;227
59009;Gaeta;43;46;58;3;0;;;;107;37;74;6;2;;;;119;226
59009;Gaeta;44;44;63;2;0;;;;109;35;66;9;3;;;;113;222
59009;Gaeta;45;45;64;5;1;;;;115;28;73;7;1;;;;109;224
59009;Gaeta;46;55;74;7;0;;;;136;34;83;3;0;;;;120;256
59009;Gaeta;47;46;75;3;0;;;;124;28;109;13;2;;;;152;276
59009;Gaeta;48;55;101;11;0;;;;167;35;115;10;1;;;;161;328
59009;Gaeta;49;46;111;6;1;;;;164;29;106;9;2;;;;146;310
59009;Gaeta;50;59;93;4;1;;;;157;24;110;16;2;;;;152;309
59009;Gaeta;51;50;98;9;0;;;;157;26;110;13;1;;;;150;307
59009;Gaeta;52;54;107;8;1;;;;170;35;115;13;4;;;;167;337
59009;Gaeta;53;42;109;8;1;;;;160;37;99;12;3;;;;151;311
59009;Gaeta;54;37;113;11;3;;;;164;22;100;11;5;;;;138;302
59009;Gaeta;55;38;110;9;0;;;;157;20;124;12;7;;;;163;320
59009;Gaeta;56;38;100;8;2;;;;148;20;126;20;7;;;;173;321
59009;Gaeta;57;27;116;10;0;;;;153;21;121;20;7;;;;169;322
59009;Gaeta;58;24;110;14;3;;;;151;26;125;15;8;;;;174;325
59009;Gaeta;59;26;106;8;3;;;;143;24;131;21;6;;;;182;325
59009;Gaeta;60;20;126;13;3;;;;162;19;122;14;10;;;;165;327
59009;Gaeta;61;29;118;12;2;;;;161;23;138;14;12;;;;187;348
59009;Gaeta;62;17;111;9;3;;;;140;16;97;6;12;;;;131;271
59009;Gaeta;63;14;90;11;2;;;;117;15;123;10;15;;;;163;280
59009;Gaeta;64;17;122;6;6;;;;151;10;103;11;15;;;;139;290
59009;Gaeta;65;13;96;8;4;;;;121;9;114;10;19;;;;152;273
59009;Gaeta;66;12;102;15;5;;;;134;12;94;12;19;;;;137;271
59009;Gaeta;67;14;97;1;4;;;;116;6;106;8;20;;;;140;256
59009;Gaeta;68;7;98;4;6;;;;115;7;100;10;22;;;;139;254
59009;Gaeta;69;6;111;7;2;;;;126;3;114;8;20;;;;145;271
59009;Gaeta;70;9;109;6;7;;;;131;10;79;3;21;;;;113;244
59009;Gaeta;71;8;116;5;7;;;;136;10;100;9;23;;;;142;278
59009;Gaeta;72;8;102;6;6;;;;122;11;80;6;26;;;;123;245
59009;Gaeta;73;8;103;2;6;;;;119;8;108;7;29;;;;152;271
59009;Gaeta;74;3;94;1;9;;;;107;4;93;9;31;;;;137;244
59009;Gaeta;75;12;103;8;8;;;;131;13;100;6;48;;;;167;298
59009;Gaeta;76;11;108;5;10;;;;134;8;84;5;59;;;;156;290
59009;Gaeta;77;10;104;2;10;;;;126;9;75;4;60;;;;148;274
59009;Gaeta;78;9;107;2;13;;;;131;11;96;6;51;;;;164;295
59009;Gaeta;79;3;67;6;8;;;;84;4;41;5;47;;;;97;181
59009;Gaeta;80;3;52;3;8;;;;66;6;29;0;34;;;;69;135
59009;Gaeta;81;4;71;0;5;;;;80;3;45;4;62;;;;114;194
59009;Gaeta;82;7;60;2;12;;;;81;8;26;2;61;;;;97;178
59009;Gaeta;83;4;69;0;8;;;;81;5;39;4;65;;;;113;194
59009;Gaeta;84;1;50;1;12;;;;64;7;26;1;50;;;;84;148
59009;Gaeta;85;3;53;2;7;;;;65;8;28;0;37;;;;73;138
59009;Gaeta;86;3;42;1;9;;;;55;5;19;0;55;;;;79;134
59009;Gaeta;87;0;29;0;7;;;;36;6;13;2;53;;;;74;110
59009;Gaeta;88;2;32;0;9;;;;43;2;10;0;44;;;;56;99
59009;Gaeta;89;1;28;2;7;;;;38;1;12;0;43;;;;56;94
59009;Gaeta;90;2;26;0;12;;;;40;2;5;0;31;;;;38;78
59009;Gaeta;91;0;15;0;6;;;;21;2;6;1;37;;;;46;67
59009;Gaeta;92;0;8;0;7;;;;15;4;2;0;31;;;;37;52
59009;Gaeta;93;0;6;0;5;;;;11;1;0;0;28;;;;29;40
59009;Gaeta;94;0;5;0;10;;;;15;6;1;0;20;;;;27;42
59009;Gaeta;95;0;4;0;8;;;;12;0;1;0;18;;;;19;31
59009;Gaeta;96;0;1;0;6;;;;7;2;1;0;9;;;;12;19
59009;Gaeta;97;0;1;0;2;;;;3;1;0;0;10;;;;11;14
59009;Gaeta;98;1;3;0;5;;;;9;0;0;0;3;;;;3;12
59009;Gaeta;99;0;0;0;1;;;;1;0;0;0;4;;;;4;5
59009;Gaeta;100;0;0;0;2;;;;2;1;0;0;7;;;;8;10
59009;Gaeta;999;4070;4640;281;285;;;;9276;3511;4608;417;1325;;;;9861;19137
59010;Itri;0;27;0;0;0;;;;27;31;0;0;0;;;;31;58
59010;Itri;1;34;0;0;0;;;;34;31;0;0;0;;;;31;65
59010;Itri;2;32;0;0;0;;;;32;39;0;0;0;;;;39;71
59010;Itri;3;38;0;0;0;;;;38;31;0;0;0;;;;31;69
59010;Itri;4;41;0;0;0;;;;41;24;0;0;0;;;;24;65
59010;Itri;5;46;0;0;0;;;;46;33;0;0;0;;;;33;79
59010;Itri;6;40;0;0;0;;;;40;44;0;0;0;;;;44;84
59010;Itri;7;42;0;0;0;;;;42;48;0;0;0;;;;48;90
59010;Itri;8;43;0;0;0;;;;43;35;0;0;0;;;;35;78
59010;Itri;9;64;0;0;0;;;;64;43;0;0;0;;;;43;107
59010;Itri;10;44;0;0;0;;;;44;55;0;0;0;;;;55;99
59010;Itri;11;45;0;0;0;;;;45;56;0;0;0;;;;56;101
59010;Itri;12;45;0;0;0;;;;45;49;0;0;0;;;;49;94
59010;Itri;13;45;0;0;0;;;;45;47;0;0;0;;;;47;92
59010;Itri;14;52;0;0;0;;;;52;64;0;0;0;;;;64;116
59010;Itri;15;44;0;0;0;;;;44;42;0;0;0;;;;42;86
59010;Itri;16;40;0;0;0;;;;40;32;0;0;0;;;;32;72
59010;Itri;17;47;0;0;0;;;;47;43;0;0;0;;;;43;90
59010;Itri;18;50;0;0;0;;;;50;29;0;0;0;;;;29;79
59010;Itri;19;52;0;0;0;;;;52;43;0;0;0;;;;43;95
59010;Itri;20;60;0;0;0;;;;60;48;2;0;0;;;;50;110
59010;Itri;21;63;0;0;0;;;;63;37;1;0;0;;;;38;101
59010;Itri;22;50;0;0;0;;;;50;42;0;0;0;;;;42;92
59010;Itri;23;50;0;0;0;;;;50;44;2;0;0;;;;46;96
59010;Itri;24;70;0;0;0;;;;70;45;1;0;0;;;;46;116
59010;Itri;25;50;1;0;0;;;;51;46;4;0;0;;;;50;101
59010;Itri;26;84;1;0;0;;;;85;41;4;0;0;;;;45;130
59010;Itri;27;73;4;0;0;;;;77;47;7;0;0;;;;54;131
59010;Itri;28;70;3;0;0;;;;73;39;7;1;0;;;;47;120
59010;Itri;29;63;6;0;0;;;;69;44;7;0;0;;;;51;120
59010;Itri;30;55;8;0;0;;;;63;38;17;0;0;;;;55;118
59010;Itri;31;46;12;0;0;;;;58;31;4;1;0;;;;36;94
59010;Itri;32;66;9;0;0;;;;75;40;13;0;0;;;;53;128
59010;Itri;33;50;9;0;0;;;;59;25;16;0;0;;;;41;100
59010;Itri;34;64;12;2;0;;;;78;29;28;1;0;;;;58;136
59010;Itri;35;50;19;0;0;;;;69;27;21;1;0;;;;49;118
59010;Itri;36;39;15;0;0;;;;54;26;20;2;0;;;;48;102
59010;Itri;37;42;24;1;0;;;;67;30;26;3;0;;;;59;126
59010;Itri;38;46;15;3;0;;;;64;25;28;0;0;;;;53;117
59010;Itri;39;40;22;0;0;;;;62;27;34;4;0;;;;65;127
59010;Itri;40;40;39;0;0;;;;79;13;46;1;0;;;;60;139
59010;Itri;41;33;20;0;0;;;;53;33;32;2;0;;;;67;120
59010;Itri;42;42;45;2;0;;;;89;28;45;7;0;;;;80;169
59010;Itri;43;24;30;1;0;;;;55;34;48;2;0;;;;84;139
59010;Itri;44;37;32;1;0;;;;70;22;41;7;0;;;;70;140
59010;Itri;45;22;32;4;1;;;;59;21;46;8;0;;;;75;134
59010;Itri;46;33;40;4;0;;;;77;22;49;5;2;;;;78;155
59010;Itri;47;37;55;6;1;;;;99;13;54;5;0;;;;72;171
59010;Itri;48;31;45;4;0;;;;80;17;50;8;0;;;;75;155
59010;Itri;49;25;40;5;1;;;;71;21;56;10;2;;;;89;160
59010;Itri;50;25;45;7;2;;;;79;19;45;7;0;;;;71;150
59010;Itri;51;18;53;3;0;;;;74;15;56;11;2;;;;84;158
59010;Itri;52;24;47;6;1;;;;78;10;56;4;3;;;;73;151
59010;Itri;53;30;45;3;1;;;;79;11;60;6;4;;;;81;160
59010;Itri;54;26;56;9;0;;;;91;11;72;11;4;;;;98;189
59010;Itri;55;19;53;5;0;;;;77;11;51;8;3;;;;73;150
59010;Itri;56;17;58;6;1;;;;82;10;67;7;5;;;;89;171
59010;Itri;57;12;54;3;0;;;;69;6;82;8;2;;;;98;167
59010;Itri;58;15;61;8;1;;;;85;6;65;11;7;;;;89;174
59010;Itri;59;8;63;9;1;;;;81;7;47;9;6;;;;69;150
59010;Itri;60;14;62;2;0;;;;78;12;58;4;6;;;;80;158
59010;Itri;61;9;71;7;1;;;;88;5;55;8;5;;;;73;161
59010;Itri;62;8;57;8;1;;;;74;8;61;6;8;;;;83;157
59010;Itri;63;11;59;4;0;;;;74;7;59;8;4;;;;78;152
59010;Itri;64;5;56;10;3;;;;74;2;50;7;7;;;;66;140
59010;Itri;65;6;40;8;1;;;;55;9;68;4;8;;;;89;144
59010;Itri;66;9;68;6;0;;;;83;4;71;9;6;;;;90;173
59010;Itri;67;4;45;8;3;;;;60;3;47;3;16;;;;69;129
59010;Itri;68;3;72;3;0;;;;78;6;44;3;13;;;;66;144
59010;Itri;69;0;59;2;3;;;;64;3;39;2;9;;;;53;117
59010;Itri;70;3;53;6;2;;;;64;2;55;6;14;;;;77;141
59010;Itri;71;4;53;2;7;;;;66;3;44;6;12;;;;65;131
59010;Itri;72;5;57;4;5;;;;71;4;33;3;16;;;;56;127
59010;Itri;73;2;51;6;3;;;;62;4;50;2;15;;;;71;133
59010;Itri;74;3;56;1;7;;;;67;1;40;6;13;;;;60;127
59010;Itri;75;2;55;7;5;;;;69;4;40;1;22;;;;67;136
59010;Itri;76;6;48;1;4;;;;59;2;38;1;33;;;;74;133
59010;Itri;77;4;54;2;4;;;;64;3;30;3;20;;;;56;120
59010;Itri;78;2;36;3;4;;;;45;6;24;1;24;;;;55;100
59010;Itri;79;0;32;1;5;;;;38;3;9;0;12;;;;24;62
59010;Itri;80;4;33;2;3;;;;42;4;18;0;12;;;;34;76
59010;Itri;81;1;24;0;2;;;;27;0;19;0;22;;;;41;68
59010;Itri;82;1;27;1;9;;;;38;3;16;0;16;;;;35;73
59010;Itri;83;1;21;0;6;;;;28;2;14;0;14;;;;30;58
59010;Itri;84;4;21;1;4;;;;30;2;19;0;15;;;;36;66
59010;Itri;85;1;19;1;3;;;;24;1;14;0;24;;;;39;63
59010;Itri;86;1;15;0;7;;;;23;1;8;2;14;;;;25;48
59010;Itri;87;3;5;1;5;;;;14;1;7;2;10;;;;20;34
59010;Itri;88;2;15;1;2;;;;20;3;4;0;16;;;;23;43
59010;Itri;89;2;12;0;2;;;;16;1;8;0;12;;;;21;37
59010;Itri;90;0;7;0;6;;;;13;2;9;1;7;;;;19;32
59010;Itri;91;0;4;0;3;;;;7;0;5;1;14;;;;20;27
59010;Itri;92;1;7;0;3;;;;11;1;0;0;12;;;;13;24
59010;Itri;93;2;7;0;3;;;;12;0;1;0;14;;;;15;27
59010;Itri;94;0;4;0;2;;;;6;0;0;0;9;;;;9;15
59010;Itri;95;0;5;0;1;;;;6;2;1;0;7;;;;10;16
59010;Itri;96;0;1;0;1;;;;2;0;0;0;4;;;;4;6
59010;Itri;97;0;0;0;1;;;;1;0;0;0;3;;;;3;4
59010;Itri;98;0;0;0;1;;;;1;1;0;0;1;;;;2;3
59010;Itri;99;0;0;0;0;;;;0;0;1;0;5;;;;6;6
59010;Itri;100;0;0;0;0;;;;0;0;0;0;2;;;;2;2
59010;Itri;999;2643;2384;190;132;;;;5349;1995;2369;239;536;;;;5139;10488
59011;Latina;0;395;0;0;0;0;0;0;395;329;0;0;0;0;0;0;329;724
59011;Latina;1;399;0;0;0;0;0;0;399;393;0;0;0;0;0;0;393;792
59011;Latina;2;431;0;0;0;0;0;0;431;382;0;0;0;0;0;0;382;813
59011;Latina;3;449;0;0;0;0;0;0;449;404;0;0;0;0;0;0;404;853
59011;Latina;4;439;0;0;0;0;0;0;439;442;0;0;0;0;0;0;442;881
59011;Latina;5;465;0;0;0;0;0;0;465;468;0;0;0;0;0;0;468;933
59011;Latina;6;517;0;0;0;0;0;0;517;450;0;0;0;0;0;0;450;967
59011;Latina;7;557;0;0;0;0;0;0;557;466;0;0;0;0;0;0;466;1023
59011;Latina;8;563;0;0;0;0;0;0;563;506;0;0;0;0;0;0;506;1069
59011;Latina;9;574;0;0;0;0;0;0;574;546;0;0;0;0;0;0;546;1120
59011;Latina;10;589;0;0;0;0;0;0;589;595;0;0;0;0;0;0;595;1184
59011;Latina;11;651;0;0;0;0;0;0;651;599;0;0;0;0;0;0;599;1250
59011;Latina;12;658;0;0;0;0;0;0;658;619;0;0;0;0;0;0;619;1277
59011;Latina;13;628;0;0;0;0;0;0;628;613;0;0;0;0;0;0;613;1241
59011;Latina;14;705;0;0;0;0;0;0;705;628;0;0;0;0;0;0;628;1333
59011;Latina;15;686;0;0;0;0;0;0;686;637;0;0;0;0;0;0;637;1323
59011;Latina;16;692;0;0;0;0;0;0;692;632;0;0;0;0;0;0;632;1324
59011;Latina;17;660;0;0;0;0;0;0;660;639;0;0;0;0;0;0;639;1299
59011;Latina;18;708;0;0;0;0;0;0;708;637;0;0;0;0;0;0;637;1345
59011;Latina;19;657;0;0;0;0;0;0;657;630;0;0;0;0;0;0;630;1287
59011;Latina;20;713;0;0;0;0;0;0;713;643;2;0;0;0;0;0;645;1358
59011;Latina;21;666;0;0;0;0;0;0;666;640;4;0;0;0;0;0;644;1310
59011;Latina;22;679;3;0;0;0;0;0;682;604;3;0;0;0;0;0;607;1289
59011;Latina;23;705;5;0;0;0;0;0;710;582;2;0;0;1;0;0;585;1295
59011;Latina;24;709;3;0;0;0;0;0;712;598;13;1;1;0;0;0;613;1325
59011;Latina;25;730;3;0;0;0;0;0;733;617;11;0;0;0;0;0;628;1361
59011;Latina;26;695;11;0;0;0;0;0;706;555;32;1;0;0;0;0;588;1294
59011;Latina;27;735;17;0;0;0;0;0;752;545;40;0;0;0;0;0;585;1337
59011;Latina;28;676;33;1;0;0;0;0;710;567;55;1;0;0;0;0;623;1333
59011;Latina;29;660;47;1;0;0;0;0;708;495;69;3;0;1;1;0;569;1277
59011;Latina;30;681;56;4;1;0;0;0;742;548;119;2;1;2;0;0;672;1414
59011;Latina;31;599;88;0;0;0;0;0;687;491;153;3;0;0;0;0;647;1334
59011;Latina;32;629;106;2;0;0;0;0;737;456;203;2;0;0;0;0;661;1398
59011;Latina;33;596;118;3;0;0;0;0;717;450;193;6;2;1;0;0;652;1369
59011;Latina;34;584;158;3;0;0;0;0;745;416;281;10;1;0;0;0;708;1453
59011;Latina;35;531;228;4;0;0;0;0;763;423;303;12;0;0;0;0;738;1501
59011;Latina;36;507;229;7;1;1;0;0;745;405;281;16;2;1;0;0;705;1450
59011;Latina;37;453;258;6;0;1;0;0;718;336;378;13;0;1;0;0;728;1446
59011;Latina;38;450;267;9;0;0;0;0;726;344;342;19;1;1;0;0;707;1433
59011;Latina;39;427;301;7;2;2;0;0;739;311;378;28;4;2;0;0;723;1462
59011;Latina;40;446;348;15;0;0;0;0;809;294;442;20;4;1;0;0;761;1570
59011;Latina;41;396;334;11;0;0;0;0;741;312;379;29;3;1;0;0;724;1465
59011;Latina;42;363;409;18;2;0;0;0;792;294;501;32;9;1;0;0;837;1629
59011;Latina;43;390;418;15;2;0;0;0;825;285;495;49;6;0;0;0;835;1660
59011;Latina;44;377;436;34;4;1;0;0;852;257;562;49;9;0;0;0;877;1729
59011;Latina;45;359;458;29;3;1;0;0;850;258;509;55;5;2;0;0;829;1679
59011;Latina;46;375;501;22;4;0;0;0;902;255;651;68;15;2;0;0;991;1893
59011;Latina;47;338;548;44;5;1;0;0;936;254;604;77;7;2;0;0;944;1880
59011;Latina;48;344;599;53;3;1;0;0;1000;265;682;77;13;0;0;0;1037;2037
59011;Latina;49;342;634;49;8;0;0;0;1033;261;712;91;18;1;0;0;1083;2116
59011;Latina;50;285;700;56;4;1;0;0;1046;271;778;89;21;1;0;0;1160;2206
59011;Latina;51;286;687;81;7;0;0;0;1061;254;801;97;29;0;0;0;1181;2242
59011;Latina;52;271;737;61;6;2;1;0;1078;207;789;97;28;0;0;0;1121;2199
59011;Latina;53;274;718;91;12;5;0;0;1100;200;799;123;25;0;0;0;1147;2247
59011;Latina;54;230;757;72;9;0;0;1;1069;170;814;137;41;2;0;0;1164;2233
59011;Latina;55;225;737;86;13;1;0;0;1062;165;808;146;39;0;0;0;1158;2220
59011;Latina;56;220;782;87;9;1;0;0;1099;142;803;120;42;1;0;0;1108;2207
59011;Latina;57;161;748;99;11;2;1;0;1022;145;759;125;42;0;0;0;1071;2093
59011;Latina;58;145;824;104;9;1;0;0;1083;120;786;128;47;0;0;0;1081;2164
59011;Latina;59;138;807;106;19;1;0;0;1071;115;744;127;43;0;0;0;1029;2100
59011;Latina;60;140;778;100;22;2;0;0;1042;107;811;120;73;0;0;0;1111;2153
59011;Latina;61;95;756;100;17;1;0;0;969;111;738;118;67;1;0;0;1035;2004
59011;Latina;62;87;700;82;14;0;0;0;883;91;699;101;65;0;0;0;956;1839
59011;Latina;63;87;641;66;20;0;0;0;814;86;681;104;88;1;0;0;960;1774
59011;Latina;64;67;608;57;31;1;0;0;764;86;635;79;97;2;0;0;899;1663
59011;Latina;65;52;615;57;32;1;0;0;757;67;558;90;120;0;0;0;835;1592
59011;Latina;66;62;562;48;27;0;0;0;699;74;531;75;89;0;0;0;769;1468
59011;Latina;67;46;593;55;20;1;0;0;715;45;593;63;103;0;0;0;804;1519
59011;Latina;68;44;541;53;31;0;0;0;669;60;540;66;120;2;0;0;788;1457
59011;Latina;69;32;555;39;32;0;0;0;658;57;530;52;118;0;0;0;757;1415
59011;Latina;70;39;542;52;29;0;0;0;662;44;552;52;144;0;0;0;792;1454
59011;Latina;71;29;519;28;42;0;0;0;618;36;471;31;125;0;0;0;663;1281
59011;Latina;72;24;528;31;33;0;0;0;616;33;471;55;156;0;0;0;715;1331
59011;Latina;73;23;509;29;31;1;0;0;593;39;445;43;191;1;0;0;719;1312
59011;Latina;74;11;484;29;33;0;0;0;557;37;447;48;214;0;0;0;746;1303
59011;Latina;75;21;542;32;55;0;0;0;650;35;442;50;211;0;0;0;738;1388
59011;Latina;76;21;569;25;55;1;0;0;671;43;459;38;267;0;0;0;807;1478
59011;Latina;77;28;527;28;63;1;0;0;647;29;399;39;280;0;0;0;747;1394
59011;Latina;78;15;472;19;67;0;0;0;573;30;344;27;308;0;0;0;709;1282
59011;Latina;79;13;344;17;42;0;0;0;416;20;272;31;210;0;0;0;533;949
59011;Latina;80;9;306;10;47;0;0;0;372;21;223;22;240;0;0;0;506;878
59011;Latina;81;10;320;4;68;0;0;0;402;20;214;14;239;0;0;0;487;889
59011;Latina;82;12;268;7;56;0;0;0;343;24;204;10;261;0;0;0;499;842
59011;Latina;83;10;263;5;60;0;0;0;338;25;171;18;266;0;0;0;480;818
59011;Latina;84;11;278;9;82;0;0;0;380;19;147;15;311;0;0;0;492;872
59011;Latina;85;5;240;11;84;0;0;0;340;14;122;13;312;0;0;0;461;801
59011;Latina;86;3;185;4;72;0;0;0;264;15;107;8;334;0;0;0;464;728
59011;Latina;87;3;167;1;57;0;0;0;228;10;67;4;259;0;0;0;340;568
59011;Latina;88;4;133;2;58;0;0;0;197;17;43;9;237;0;0;0;306;503
59011;Latina;89;1;115;0;49;0;0;0;165;7;33;4;213;0;0;0;257;422
59011;Latina;90;0;68;2;46;0;0;0;116;11;18;6;183;0;0;0;218;334
59011;Latina;91;2;43;1;21;0;0;0;67;11;23;4;124;0;0;0;162;229
59011;Latina;92;0;39;0;29;0;0;0;68;4;9;2;122;0;0;0;137;205
59011;Latina;93;0;32;0;25;0;0;0;57;5;5;1;106;0;0;0;117;174
59011;Latina;94;0;17;1;16;0;0;0;34;5;5;4;87;0;0;0;101;135
59011;Latina;95;1;12;0;12;0;0;0;25;4;1;1;63;0;0;0;69;94
59011;Latina;96;0;7;0;6;0;0;0;13;1;3;0;45;0;0;0;49;62
59011;Latina;97;0;9;0;9;0;0;0;18;1;1;0;29;0;0;0;31;49
59011;Latina;98;0;2;0;5;0;0;0;7;2;1;0;14;0;0;0;17;24
59011;Latina;99;0;3;0;2;0;0;0;5;1;1;0;12;0;0;0;14;19
59011;Latina;100;1;5;0;7;0;0;0;13;1;3;2;29;0;0;0;35;48
59011;Latina;999;30821;28010;2184;1641;31;2;1;62690;26513;28299;3272;6990;31;1;0;65106;127796
59012;Lenola;0;13;0;0;0;;;;13;14;0;0;0;;;;14;27
59012;Lenola;1;9;0;0;0;;;;9;13;0;0;0;;;;13;22
59012;Lenola;2;17;0;0;0;;;;17;13;0;0;0;;;;13;30
59012;Lenola;3;7;0;0;0;;;;7;16;0;0;0;;;;16;23
59012;Lenola;4;6;0;0;0;;;;6;13;0;0;0;;;;13;19
59012;Lenola;5;19;0;0;0;;;;19;10;0;0;0;;;;10;29
59012;Lenola;6;19;0;0;0;;;;19;14;0;0;0;;;;14;33
59012;Lenola;7;20;0;0;0;;;;20;12;0;0;0;;;;12;32
59012;Lenola;8;17;0;0;0;;;;17;18;0;0;0;;;;18;35
59012;Lenola;9;7;0;0;0;;;;7;17;0;0;0;;;;17;24
59012;Lenola;10;23;0;0;0;;;;23;25;0;0;0;;;;25;48
59012;Lenola;11;16;0;0;0;;;;16;12;0;0;0;;;;12;28
59012;Lenola;12;17;0;0;0;;;;17;11;0;0;0;;;;11;28
59012;Lenola;13;18;0;0;0;;;;18;21;0;0;0;;;;21;39
59012;Lenola;14;18;0;0;0;;;;18;17;0;0;0;;;;17;35
59012;Lenola;15;19;0;0;0;;;;19;13;0;0;0;;;;13;32
59012;Lenola;16;24;0;0;0;;;;24;20;0;0;0;;;;20;44
59012;Lenola;17;26;0;0;0;;;;26;20;0;0;0;;;;20;46
59012;Lenola;18;24;0;0;0;;;;24;24;0;0;0;;;;24;48
59012;Lenola;19;18;0;0;0;;;;18;20;0;0;0;;;;20;38
59012;Lenola;20;33;0;0;0;;;;33;11;0;0;0;;;;11;44
59012;Lenola;21;24;0;0;0;;;;24;11;0;0;0;;;;11;35
59012;Lenola;22;24;1;0;0;;;;25;17;0;0;0;;;;17;42
59012;Lenola;23;25;0;0;0;;;;25;22;1;0;0;;;;23;48
59012;Lenola;24;24;0;0;0;;;;24;20;0;0;0;;;;20;44
59012;Lenola;25;27;0;0;0;;;;27;19;0;0;0;;;;19;46
59012;Lenola;26;27;1;0;0;;;;28;22;4;0;0;;;;26;54
59012;Lenola;27;22;2;0;0;;;;24;10;1;0;0;;;;11;35
59012;Lenola;28;23;2;0;0;;;;25;13;3;0;0;;;;16;41
59012;Lenola;29;28;3;0;0;;;;31;21;5;0;0;;;;26;57
59012;Lenola;30;26;1;0;0;;;;27;12;2;0;0;;;;14;41
59012;Lenola;31;26;3;0;0;;;;29;17;7;0;0;;;;24;53
59012;Lenola;32;13;2;0;0;;;;15;17;7;0;0;;;;24;39
59012;Lenola;33;25;4;0;0;;;;29;10;10;1;0;;;;21;50
59012;Lenola;34;16;7;1;0;;;;24;7;7;0;0;;;;14;38
59012;Lenola;35;14;9;0;0;;;;23;15;13;0;0;;;;28;51
59012;Lenola;36;10;7;0;0;;;;17;9;9;0;0;;;;18;35
59012;Lenola;37;20;5;0;0;;;;25;11;13;0;0;;;;24;49
59012;Lenola;38;15;9;0;0;;;;24;7;15;0;1;;;;23;47
59012;Lenola;39;12;10;0;0;;;;22;9;12;3;0;;;;24;46
59012;Lenola;40;14;9;1;0;;;;24;6;15;1;0;;;;22;46
59012;Lenola;41;6;15;0;0;;;;21;5;11;0;0;;;;16;37
59012;Lenola;42;9;16;0;0;;;;25;6;18;0;1;;;;25;50
59012;Lenola;43;12;8;0;0;;;;20;4;19;0;0;;;;23;43
59012;Lenola;44;9;13;1;0;;;;23;8;18;2;0;;;;28;51
59012;Lenola;45;7;17;0;0;;;;24;8;24;3;0;;;;35;59
59012;Lenola;46;9;23;1;0;;;;33;5;8;0;0;;;;13;46
59012;Lenola;47;10;25;1;0;;;;36;5;26;3;0;;;;34;70
59012;Lenola;48;4;19;0;0;;;;23;7;22;3;0;;;;32;55
59012;Lenola;49;11;23;1;0;;;;35;3;16;0;0;;;;19;54
59012;Lenola;50;7;17;1;0;;;;25;6;20;2;0;;;;28;53
59012;Lenola;51;5;19;2;0;;;;26;3;26;2;0;;;;31;57
59012;Lenola;52;9;16;1;0;;;;26;7;31;3;1;;;;42;68
59012;Lenola;53;5;18;3;0;;;;26;2;23;3;1;;;;29;55
59012;Lenola;54;7;18;1;1;;;;27;4;35;2;1;;;;42;69
59012;Lenola;55;8;29;1;0;;;;38;2;18;1;4;;;;25;63
59012;Lenola;56;2;19;1;0;;;;22;3;22;2;0;;;;27;49
59012;Lenola;57;4;23;0;0;;;;27;2;18;1;1;;;;22;49
59012;Lenola;58;1;18;1;0;;;;20;2;21;2;0;;;;25;45
59012;Lenola;59;3;35;0;1;;;;39;1;36;3;1;;;;41;80
59012;Lenola;60;3;30;0;3;;;;36;4;25;2;1;;;;32;68
59012;Lenola;61;5;27;2;0;;;;34;2;30;1;4;;;;37;71
59012;Lenola;62;1;24;4;1;;;;30;0;19;2;5;;;;26;56
59012;Lenola;63;6;23;1;0;;;;30;0;18;2;3;;;;23;53
59012;Lenola;64;5;27;2;2;;;;36;0;25;0;4;;;;29;65
59012;Lenola;65;3;22;0;1;;;;26;2;29;0;4;;;;35;61
59012;Lenola;66;2;25;2;0;;;;29;2;25;1;4;;;;32;61
59012;Lenola;67;6;19;1;0;;;;26;1;21;0;6;;;;28;54
59012;Lenola;68;3;21;1;0;;;;25;2;25;0;5;;;;32;57
59012;Lenola;69;2;22;1;1;;;;26;2;14;1;6;;;;23;49
59012;Lenola;70;0;27;0;1;;;;28;2;24;0;4;;;;30;58
59012;Lenola;71;3;18;1;1;;;;23;3;21;0;8;;;;32;55
59012;Lenola;72;0;20;1;1;;;;22;0;19;1;5;;;;25;47
59012;Lenola;73;1;26;1;1;;;;29;1;14;0;9;;;;24;53
59012;Lenola;74;0;28;1;2;;;;31;1;21;0;8;;;;30;61
59012;Lenola;75;0;16;1;1;;;;18;3;17;1;9;;;;30;48
59012;Lenola;76;0;27;0;1;;;;28;0;21;0;9;;;;30;58
59012;Lenola;77;0;21;0;2;;;;23;0;19;0;13;;;;32;55
59012;Lenola;78;0;22;0;1;;;;23;0;8;0;10;;;;18;41
59012;Lenola;79;0;6;0;1;;;;7;0;4;0;4;;;;8;15
59012;Lenola;80;0;10;1;5;;;;16;0;1;0;5;;;;6;22
59012;Lenola;81;1;12;0;3;;;;16;2;8;0;9;;;;19;35
59012;Lenola;82;1;9;0;0;;;;10;2;6;0;8;;;;16;26
59012;Lenola;83;0;9;0;3;;;;12;0;10;0;6;;;;16;28
59012;Lenola;84;1;8;0;2;;;;11;0;4;0;10;;;;14;25
59012;Lenola;85;0;15;0;2;;;;17;1;8;1;13;;;;23;40
59012;Lenola;86;0;8;0;0;;;;8;0;8;0;9;;;;17;25
59012;Lenola;87;1;7;0;1;;;;9;1;3;0;14;;;;18;27
59012;Lenola;88;1;5;0;2;;;;8;1;5;0;10;;;;16;24
59012;Lenola;89;0;5;0;2;;;;7;1;5;0;3;;;;9;16
59012;Lenola;90;0;5;0;3;;;;8;0;4;0;11;;;;15;23
59012;Lenola;91;0;3;0;0;;;;3;1;1;0;4;;;;6;9
59012;Lenola;92;1;2;0;3;;;;6;0;1;0;6;;;;7;13
59012;Lenola;93;0;2;0;4;;;;6;0;1;0;5;;;;6;12
59012;Lenola;94;0;1;0;1;;;;2;0;0;0;5;;;;5;7
59012;Lenola;95;0;1;0;2;;;;3;1;1;0;3;;;;5;8
59012;Lenola;96;0;0;0;0;;;;0;0;0;0;4;;;;4;4
59012;Lenola;97;0;0;0;0;;;;0;1;0;0;0;;;;1;1
59012;Lenola;98;0;0;0;0;;;;0;0;0;0;2;;;;2;2
59012;Lenola;99;0;0;0;0;;;;0;0;0;0;1;;;;1;1
59012;Lenola;100;0;0;0;0;;;;0;0;0;0;0;;;;0;0
59012;Lenola;999;959;999;37;55;;;;2050;728;1001;49;260;;;;2038;4088
59013;Maenza;0;12;0;0;0;;;;12;6;0;0;0;;;;6;18
59013;Maenza;1;10;0;0;0;;;;10;12;0;0;0;;;;12;22
59013;Maenza;2;13;0;0;0;;;;13;8;0;0;0;;;;8;21
59013;Maenza;3;8;0;0;0;;;;8;11;0;0;0;;;;11;19
59013;Maenza;4;8;0;0;0;;;;8;9;0;0;0;;;;9;17
59013;Maenza;5;12;0;0;0;;;;12;7;0;0;0;;;;7;19
59013;Maenza;6;3;0;0;0;;;;3;12;0;0;0;;;;12;15
59013;Maenza;7;15;0;0;0;;;;15;12;0;0;0;;;;12;27
59013;Maenza;8;20;0;0;0;;;;20;17;0;0;0;;;;17;37
59013;Maenza;9;9;0;0;0;;;;9;19;0;0;0;;;;19;28
59013;Maenza;10;17;0;0;0;;;;17;17;0;0;0;;;;17;34
59013;Maenza;11;11;0;0;0;;;;11;13;0;0;0;;;;13;24
59013;Maenza;12;11;0;0;0;;;;11;11;0;0;0;;;;11;22
59013;Maenza;13;18;0;0;0;;;;18;20;0;0;0;;;;20;38
59013;Maenza;14;14;0;0;0;;;;14;17;0;0;0;;;;17;31
59013;Maenza;15;10;0;0;0;;;;10;20;0;0;0;;;;20;30
59013;Maenza;16;18;0;0;0;;;;18;18;0;0;0;;;;18;36
59013;Maenza;17;14;0;0;0;;;;14;12;0;0;0;;;;12;26
59013;Maenza;18;15;0;0;0;;;;15;11;0;0;0;;;;11;26
59013;Maenza;19;15;0;0;0;;;;15;12;0;0;0;;;;12;27
59013;Maenza;20;15;0;0;0;;;;15;15;0;0;0;;;;15;30
59013;Maenza;21;16;0;0;0;;;;16;13;0;0;0;;;;13;29
59013;Maenza;22;8;0;0;0;;;;8;19;0;0;0;;;;19;27
59013;Maenza;23;14;0;0;0;;;;14;15;2;0;0;;;;17;31
59013;Maenza;24;17;0;0;0;;;;17;5;3;0;0;;;;8;25
59013;Maenza;25;13;0;0;0;;;;13;10;2;0;0;;;;12;25
59013;Maenza;26;16;0;0;0;;;;16;8;1;0;0;;;;9;25
59013;Maenza;27;17;0;0;0;;;;17;12;2;0;0;;;;14;31
59013;Maenza;28;15;2;0;0;;;;17;8;2;0;0;;;;10;27
59013;Maenza;29;13;0;0;0;;;;13;10;1;0;0;;;;11;24
59013;Maenza;30;11;2;0;0;;;;13;12;5;0;0;;;;17;30
59013;Maenza;31;10;8;0;0;;;;18;9;2;0;0;;;;11;29
59013;Maenza;32;14;5;0;0;;;;19;8;9;0;0;;;;17;36
59013;Maenza;33;12;0;0;0;;;;12;4;11;0;0;;;;15;27
59013;Maenza;34;12;5;0;0;;;;17;7;7;0;0;;;;14;31
59013;Maenza;35;9;4;0;0;;;;13;10;8;0;0;;;;18;31
59013;Maenza;36;8;10;1;0;;;;19;10;12;0;0;;;;22;41
59013;Maenza;37;11;8;1;0;;;;20;4;13;1;0;;;;18;38
59013;Maenza;38;7;18;0;0;;;;25;14;12;0;0;;;;26;51
59013;Maenza;39;10;5;0;0;;;;15;4;9;0;0;;;;13;28
59013;Maenza;40;15;13;0;0;;;;28;7;11;0;0;;;;18;46
59013;Maenza;41;4;15;0;0;;;;19;4;15;1;0;;;;20;39
59013;Maenza;42;12;13;0;0;;;;25;2;16;0;0;;;;18;43
59013;Maenza;43;5;8;1;0;;;;14;5;13;3;1;;;;22;36
59013;Maenza;44;8;14;0;0;;;;22;1;12;1;0;;;;14;36
59013;Maenza;45;6;11;1;0;;;;18;2;19;0;0;;;;21;39
59013;Maenza;46;4;8;0;0;;;;12;2;13;2;1;;;;18;30
59013;Maenza;47;3;11;1;0;;;;15;6;23;4;0;;;;33;48
59013;Maenza;48;6;11;0;0;;;;17;4;14;1;1;;;;20;37
59013;Maenza;49;5;12;2;0;;;;19;1;16;1;0;;;;18;37
59013;Maenza;50;8;24;0;0;;;;32;0;10;0;2;;;;12;44
59013;Maenza;51;4;19;1;0;;;;24;4;16;0;1;;;;21;45
59013;Maenza;52;3;21;3;0;;;;27;2;15;1;0;;;;18;45
59013;Maenza;53;9;15;1;0;;;;25;1;25;3;1;;;;30;55
59013;Maenza;54;4;10;3;2;;;;19;2;20;2;2;;;;26;45
59013;Maenza;55;6;25;0;1;;;;32;2;16;1;2;;;;21;53
59013;Maenza;56;4;14;0;0;;;;18;2;17;0;2;;;;21;39
59013;Maenza;57;3;17;0;0;;;;20;1;24;0;5;;;;30;50
59013;Maenza;58;0;19;0;0;;;;19;3;15;3;6;;;;27;46
59013;Maenza;59;5;13;1;0;;;;19;0;22;1;2;;;;25;44
59013;Maenza;60;3;21;0;1;;;;25;2;27;0;4;;;;33;58
59013;Maenza;61;2;20;3;0;;;;25;3;27;0;1;;;;31;56
59013;Maenza;62;3;20;1;0;;;;24;3;18;1;2;;;;24;48
59013;Maenza;63;1;30;0;0;;;;31;1;22;0;2;;;;25;56
59013;Maenza;64;0;18;0;1;;;;19;3;13;0;1;;;;17;36
59013;Maenza;65;4;17;4;0;;;;25;2;20;1;4;;;;27;52
59013;Maenza;66;3;14;1;1;;;;19;0;18;1;1;;;;20;39
59013;Maenza;67;0;23;5;0;;;;28;0;16;0;5;;;;21;49
59013;Maenza;68;2;18;0;1;;;;21;0;13;1;2;;;;16;37
59013;Maenza;69;1;15;0;0;;;;16;0;12;0;5;;;;17;33
59013;Maenza;70;1;16;2;1;;;;20;1;13;0;5;;;;19;39
59013;Maenza;71;1;7;0;0;;;;8;0;10;0;9;;;;19;27
59013;Maenza;72;2;13;2;1;;;;18;0;6;1;2;;;;9;27
59013;Maenza;73;0;21;0;1;;;;22;1;12;1;6;;;;20;42
59013;Maenza;74;0;10;0;1;;;;11;1;10;0;7;;;;18;29
59013;Maenza;75;0;12;0;0;;;;12;0;11;0;6;;;;17;29
59013;Maenza;76;1;18;0;1;;;;20;0;9;0;7;;;;16;36
59013;Maenza;77;1;16;0;1;;;;18;1;6;0;8;;;;15;33
59013;Maenza;78;1;9;1;2;;;;13;0;9;0;9;;;;18;31
59013;Maenza;79;0;10;0;2;;;;12;0;1;0;3;;;;4;16
59013;Maenza;80;2;7;0;0;;;;9;1;7;0;10;;;;18;27
59013;Maenza;81;0;9;0;2;;;;11;0;2;0;7;;;;9;20
59013;Maenza;82;1;7;0;1;;;;9;0;2;0;6;;;;8;17
59013;Maenza;83;0;2;0;0;;;;2;0;1;0;10;;;;11;13
59013;Maenza;84;1;4;0;1;;;;6;0;2;0;10;;;;12;18
59013;Maenza;85;0;5;0;2;;;;7;1;1;0;5;;;;7;14
59013;Maenza;86;0;7;0;1;;;;8;1;0;0;5;;;;6;14
59013;Maenza;87;1;3;0;0;;;;4;0;2;0;10;;;;12;16
59013;Maenza;88;0;4;0;0;;;;4;0;1;1;6;;;;8;12
59013;Maenza;89;0;2;0;1;;;;3;0;0;0;3;;;;3;6
59013;Maenza;90;0;1;0;1;;;;2;0;0;0;6;;;;6;8
59013;Maenza;91;1;2;0;0;;;;3;0;0;0;3;;;;3;6
59013;Maenza;92;0;0;0;0;;;;0;0;1;0;2;;;;3;3
59013;Maenza;93;0;1;0;1;;;;2;0;1;0;2;;;;3;5
59013;Maenza;94;0;0;0;1;;;;1;0;0;1;0;;;;1;2
59013;Maenza;95;0;0;0;0;;;;0;0;0;0;1;;;;1;1
59013;Maenza;96;0;0;0;1;;;;1;0;0;0;3;;;;3;4
59013;Maenza;97;0;0;0;0;;;;0;0;0;0;1;;;;1;1
59013;Maenza;98;0;0;0;0;;;;0;0;0;0;1;;;;1;1
59013;Maenza;99;0;0;0;0;;;;0;0;0;0;0;;;;0;0
59013;Maenza;100;0;0;0;0;;;;0;0;0;0;1;;;;1;1
59013;Maenza;999;647;742;35;29;;;;1453;533;726;33;207;;;;1499;2952
59014;Minturno;0;60;0;0;0;0;0;0;60;61;0;0;0;0;0;0;61;121
59014;Minturno;1;66;0;0;0;0;0;0;66;68;0;0;0;0;0;0;68;134
59014;Minturno;2;77;0;0;0;0;0;0;77;70;0;0;0;0;0;0;70;147
59014;Minturno;3;76;0;0;0;0;0;0;76;78;0;0;0;0;0;0;78;154
59014;Minturno;4;73;0;0;0;0;0;0;73;70;0;0;0;0;0;0;70;143
59014;Minturno;5;72;0;0;0;0;0;0;72;72;0;0;0;0;0;0;72;144
59014;Minturno;6;88;0;0;0;0;0;0;88;89;0;0;0;0;0;0;89;177
59014;Minturno;7;92;0;0;0;0;0;0;92;75;0;0;0;0;0;0;75;167
59014;Minturno;8;85;0;0;0;0;0;0;85;74;0;0;0;0;0;0;74;159
59014;Minturno;9;82;0;0;0;0;0;0;82;103;0;0;0;0;0;0;103;185
59014;Minturno;10;80;0;0;0;0;0;0;80;89;0;0;0;0;0;0;89;169
59014;Minturno;11;101;0;0;0;0;0;0;101;92;0;0;0;0;0;0;92;193
59014;Minturno;12;105;0;0;0;0;0;0;105;81;0;0;0;0;0;0;81;186
59014;Minturno;13;91;0;0;0;0;0;0;91;74;0;0;0;0;0;0;74;165
59014;Minturno;14;100;0;0;0;0;0;0;100;92;0;0;0;0;0;0;92;192
59014;Minturno;15;105;0;0;0;0;0;0;105;96;0;0;0;0;0;0;96;201
59014;Minturno;16;108;0;0;0;0;0;0;108;112;0;0;0;0;0;0;112;220
59014;Minturno;17;92;0;0;0;0;0;0;92;95;0;0;0;0;0;0;95;187
59014;Minturno;18;98;0;0;0;0;0;0;98;105;0;0;0;0;0;0;105;203
59014;Minturno;19;107;0;0;0;0;0;0;107;85;0;0;0;0;0;0;85;192
59014;Minturno;20;115;0;0;0;0;0;0;115;89;1;0;0;0;0;0;90;205
59014;Minturno;21;114;0;0;0;0;0;0;114;102;1;0;0;0;0;0;103;217
59014;Minturno;22;92;0;0;0;0;0;0;92;86;0;0;0;0;0;0;86;178
59014;Minturno;23;126;0;0;0;0;0;0;126;81;3;0;0;0;0;0;84;210
59014;Minturno;24;99;1;0;0;0;0;0;100;104;3;0;0;0;0;0;107;207
59014;Minturno;25;105;2;0;0;0;0;0;107;80;3;0;0;0;0;0;83;190
59014;Minturno;26;108;6;0;0;0;0;0;114;91;5;0;0;0;0;0;96;210
59014;Minturno;27;127;5;0;0;0;0;0;132;94;16;0;0;1;0;0;111;243
59014;Minturno;28;107;15;0;0;0;0;0;122;87;21;0;0;0;0;0;108;230
59014;Minturno;29;97;14;0;0;0;0;0;111;82;19;0;0;1;0;0;102;213
59014;Minturno;30;117;9;0;0;0;0;0;126;67;33;2;0;0;0;0;102;228
59014;Minturno;31;92;22;0;0;0;0;0;114;82;37;1;0;0;0;0;120;234
59014;Minturno;32;100;19;1;0;0;0;0;120;89;32;1;0;0;0;0;122;242
59014;Minturno;33;80;38;0;0;0;0;0;118;89;44;2;0;1;0;0;136;254
59014;Minturno;34;100;35;0;0;0;0;0;135;72;50;0;1;0;0;0;123;258
59014;Minturno;35;100;43;1;0;0;0;0;144;58;53;1;0;0;0;0;112;256
59014;Minturno;36;95;37;3;1;0;0;0;136;56;55;1;1;0;0;0;113;249
59014;Minturno;37;55;68;3;0;0;0;0;126;59;68;3;0;0;0;0;130;256
59014;Minturno;38;72;51;1;0;0;0;0;124;54;74;5;0;0;0;0;133;257
59014;Minturno;39;70;59;0;0;0;0;0;129;42;61;4;0;0;0;0;107;236
59014;Minturno;40;57;63;3;0;0;0;0;123;46;72;6;1;0;0;0;125;248
59014;Minturno;41;59;67;4;0;0;0;0;130;26;79;3;0;0;0;0;108;238
59014;Minturno;42;65;79;4;0;0;0;0;148;47;86;4;0;0;0;0;137;285
59014;Minturno;43;50;79;8;0;0;0;0;137;28;91;13;1;1;0;0;134;271
59014;Minturno;44;37;79;4;0;0;0;0;120;32;106;6;0;0;0;0;144;264
59014;Minturno;45;43;84;3;0;0;0;0;130;36;91;13;1;0;0;0;141;271
59014;Minturno;46;36;89;6;0;0;0;0;131;30;95;8;0;0;0;0;133;264
59014;Minturno;47;44;76;5;1;0;0;0;126;33;106;7;6;0;0;0;152;278
59014;Minturno;48;36;99;5;1;0;0;0;141;26;116;14;2;0;0;0;158;299
59014;Minturno;49;46;100;6;2;0;0;0;154;27;113;12;0;0;0;0;152;306
59014;Minturno;50;39;116;12;1;0;0;0;168;24;123;3;7;0;0;0;157;325
59014;Minturno;51;29;119;10;0;0;0;0;158;26;106;13;9;0;0;0;154;312
59014;Minturno;52;39;118;11;0;0;0;0;168;22;113;9;4;0;0;0;148;316
59014;Minturno;53;17;102;11;0;0;0;0;130;28;103;6;4;0;0;0;141;271
59014;Minturno;54;28;112;9;0;0;0;0;149;20;118;14;5;0;0;0;157;306
59014;Minturno;55;28;128;10;1;1;0;0;168;18;122;13;7;0;0;0;160;328
59014;Minturno;56;23;125;5;2;0;0;0;155;12;126;16;10;0;0;0;164;319
59014;Minturno;57;28;111;12;1;0;0;0;152;20;119;26;10;0;0;0;175;327
59014;Minturno;58;29;113;9;4;0;0;0;155;18;134;13;11;0;0;0;176;331
59014;Minturno;59;28;115;14;1;0;0;0;158;20;135;17;11;1;0;0;184;342
59014;Minturno;60;21;108;11;0;0;0;0;140;12;113;15;18;0;0;0;158;298
59014;Minturno;61;26;122;12;0;0;0;0;160;21;123;11;16;0;0;0;171;331
59014;Minturno;62;24;100;15;1;0;0;0;140;25;106;9;13;0;0;0;153;293
59014;Minturno;63;9;122;15;2;0;0;0;148;15;114;16;17;0;0;0;162;310
59014;Minturno;64;12;118;10;4;0;0;0;144;13;106;6;18;1;0;0;144;288
59014;Minturno;65;12;121;16;3;0;0;0;152;11;100;15;17;0;0;0;143;295
59014;Minturno;66;15;118;9;9;0;0;0;151;13;101;14;22;0;1;0;151;302
59014;Minturno;67;14;94;4;5;0;0;0;117;15;101;11;28;0;0;0;155;272
59014;Minturno;68;12;115;3;6;0;0;0;136;7;88;7;15;0;0;0;117;253
59014;Minturno;69;5;108;5;3;0;0;0;121;8;107;5;23;0;0;0;143;264
59014;Minturno;70;6;104;8;7;0;0;0;125;16;90;6;29;0;0;0;141;266
59014;Minturno;71;10;90;6;9;0;0;0;115;6;96;5;21;0;0;0;128;243
59014;Minturno;72;11;89;3;6;0;0;0;109;9;69;3;38;0;0;0;119;228
59014;Minturno;73;5;95;4;4;0;0;0;108;6;57;5;37;0;0;0;105;213
59014;Minturno;74;10;91;2;10;0;0;0;113;10;77;4;44;0;0;0;135;248
59014;Minturno;75;8;92;10;6;0;0;0;116;14;63;6;41;0;0;0;124;240
59014;Minturno;76;8;100;2;7;0;0;0;117;9;60;4;42;0;0;0;115;232
59014;Minturno;77;6;98;5;15;0;0;0;124;10;69;4;49;0;0;0;132;256
59014;Minturno;78;6;93;6;10;0;0;0;115;6;65;0;34;0;0;0;105;220
59014;Minturno;79;2;47;0;4;0;0;0;53;3;34;2;26;0;0;0;65;118
59014;Minturno;80;3;49;2;7;0;0;0;61;8;25;2;33;0;0;0;68;129
59014;Minturno;81;3;41;0;10;0;0;0;54;3;22;3;43;0;0;0;71;125
59014;Minturno;82;2;55;2;13;0;0;0;72;4;19;0;54;0;0;0;77;149
59014;Minturno;83;1;34;0;8;0;0;0;43;3;19;5;47;0;0;0;74;117
59014;Minturno;84;4;33;1;9;0;0;0;47;0;19;0;56;0;0;0;75;122
59014;Minturno;85;3;30;0;8;0;0;0;41;3;18;3;46;0;0;0;70;111
59014;Minturno;86;2;34;0;7;0;0;0;43;2;12;1;55;0;0;0;70;113
59014;Minturno;87;2;29;0;10;0;0;0;41;5;10;0;33;0;0;0;48;89
59014;Minturno;88;0;18;1;10;0;0;0;29;3;12;0;41;0;0;0;56;85
59014;Minturno;89;1;13;0;17;0;0;0;31;0;9;0;35;0;0;0;44;75
59014;Minturno;90;1;15;0;8;0;0;0;24;2;5;0;21;0;0;0;28;52
59014;Minturno;91;0;9;0;6;0;0;0;15;2;3;0;30;0;0;0;35;50
59014;Minturno;92;1;11;0;10;0;0;0;22;2;1;0;20;0;0;0;23;45
59014;Minturno;93;0;4;0;3;0;0;0;7;3;3;0;8;0;0;0;14;21
59014;Minturno;94;1;6;0;5;0;0;0;12;2;2;1;16;0;0;0;21;33
59014;Minturno;95;0;2;0;2;0;0;0;4;0;0;0;11;0;0;0;11;15
59014;Minturno;96;1;1;0;3;0;0;0;5;0;0;0;8;0;0;0;8;13
59014;Minturno;97;0;0;0;3;0;0;0;3;1;1;0;2;0;0;0;4;7
59014;Minturno;98;0;1;0;0;0;0;0;1;0;0;0;2;0;0;0;2;3
59014;Minturno;99;0;0;0;0;0;0;0;0;0;0;0;5;0;0;0;5;5
59014;Minturno;100;0;2;1;1;0;0;0;4;1;0;0;5;0;0;0;6;10
59014;Minturno;999;4737;4810;313;266;1;0;0;10127;4057;4652;399;1210;6;1;0;10325;20452
59015;Monte San Biagio;0;15;0;0;0;;;;15;20;0;0;0;;;;20;35
59015;Monte San Biagio;1;35;0;0;0;;;;35;30;0;0;0;;;;30;65
59015;Monte San Biagio;2;23;0;0;0;;;;23;21;0;0;0;;;;21;44
59015;Monte San Biagio;3;24;0;0;0;;;;24;14;0;0;0;;;;14;38
59015;Monte San Biagio;4;29;0;0;0;;;;29;19;0;0;0;;;;19;48
59015;Monte San Biagio;5;21;0;0;0;;;;21;23;0;0;0;;;;23;44
59015;Monte San Biagio;6;24;0;0;0;;;;24;18;0;0;0;;;;18;42
59015;Monte San Biagio;7;31;0;0;0;;;;31;18;0;0;0;;;;18;49
59015;Monte San Biagio;8;27;0;0;0;;;;27;25;0;0;0;;;;25;52
59015;Monte San Biagio;9;25;0;0;0;;;;25;29;0;0;0;;;;29;54
59015;Monte San Biagio;10;28;0;0;0;;;;28;33;0;0;0;;;;33;61
59015;Monte San Biagio;11;28;0;0;0;;;;28;22;0;0;0;;;;22;50
59015;Monte San Biagio;12;31;0;0;0;;;;31;26;0;0;0;;;;26;57
59015;Monte San Biagio;13;30;0;0;0;;;;30;25;0;0;0;;;;25;55
59015;Monte San Biagio;14;30;0;0;0;;;;30;19;0;0;0;;;;19;49
59015;Monte San Biagio;15;29;0;0;0;;;;29;37;0;0;0;;;;37;66
59015;Monte San Biagio;16;23;0;0;0;;;;23;33;0;0;0;;;;33;56
59015;Monte San Biagio;17;30;0;0;0;;;;30;38;0;0;0;;;;38;68
59015;Monte San Biagio;18;25;0;0;0;;;;25;24;0;0;0;;;;24;49
59015;Monte San Biagio;19;28;0;0;0;;;;28;24;0;0;0;;;;24;52
59015;Monte San Biagio;20;27;0;0;0;;;;27;21;0;0;0;;;;21;48
59015;Monte San Biagio;21;21;0;0;0;;;;21;24;1;0;0;;;;25;46
59015;Monte San Biagio;22;32;0;0;0;;;;32;23;1;0;0;;;;24;56
59015;Monte San Biagio;23;25;0;0;0;;;;25;16;0;0;0;;;;16;41
59015;Monte San Biagio;24;38;0;0;0;;;;38;24;0;0;0;;;;24;62
59015;Monte San Biagio;25;26;0;0;0;;;;26;22;0;0;0;;;;22;48
59015;Monte San Biagio;26;32;0;0;0;;;;32;18;3;0;0;;;;21;53
59015;Monte San Biagio;27;29;0;0;0;;;;29;30;4;0;0;;;;34;63
59015;Monte San Biagio;28;31;2;0;0;;;;33;19;5;0;0;;;;24;57
59015;Monte San Biagio;29;43;4;0;0;;;;47;17;3;0;0;;;;20;67
59015;Monte San Biagio;30;39;3;0;0;;;;42;16;15;0;0;;;;31;73
59015;Monte San Biagio;31;22;4;0;0;;;;26;15;10;0;0;;;;25;51
59015;Monte San Biagio;32;39;11;0;0;;;;50;14;15;0;0;;;;29;79
59015;Monte San Biagio;33;26;10;0;0;;;;36;24;16;0;0;;;;40;76
59015;Monte San Biagio;34;29;14;0;0;;;;43;12;12;1;0;;;;25;68
59015;Monte San Biagio;35;25;20;0;0;;;;45;15;32;1;0;;;;48;93
59015;Monte San Biagio;36;16;14;0;0;;;;30;11;11;1;0;;;;23;53
59015;Monte San Biagio;37;20;17;0;0;;;;37;12;20;1;0;;;;33;70
59015;Monte San Biagio;38;13;25;1;0;;;;39;21;27;1;0;;;;49;88
59015;Monte San Biagio;39;30;24;0;0;;;;54;14;23;0;1;;;;38;92
59015;Monte San Biagio;40;18;23;0;0;;;;41;5;26;0;0;;;;31;72
59015;Monte San Biagio;41;16;29;3;0;;;;48;13;26;1;0;;;;40;88
59015;Monte San Biagio;42;21;16;0;0;;;;37;5;33;1;0;;;;39;76
59015;Monte San Biagio;43;13;32;1;0;;;;46;4;32;1;0;;;;37;83
59015;Monte San Biagio;44;15;34;0;0;;;;49;11;23;1;0;;;;35;84
59015;Monte San Biagio;45;13;32;1;0;;;;46;8;31;1;0;;;;40;86
59015;Monte San Biagio;46;8;37;1;0;;;;46;4;33;1;0;;;;38;84
59015;Monte San Biagio;47;12;26;1;0;;;;39;7;33;2;0;;;;42;81
59015;Monte San Biagio;48;9;29;3;0;;;;41;4;42;3;2;;;;51;92
59015;Monte San Biagio;49;12;42;2;0;;;;56;8;37;3;1;;;;49;105
59015;Monte San Biagio;50;9;36;3;0;;;;48;3;35;0;1;;;;39;87
59015;Monte San Biagio;51;11;33;3;1;;;;48;7;34;1;1;;;;43;91
59015;Monte San Biagio;52;6;25;5;0;;;;36;3;46;1;2;;;;52;88
59015;Monte San Biagio;53;10;37;3;1;;;;51;7;35;0;1;;;;43;94
59015;Monte San Biagio;54;12;30;1;0;;;;43;7;16;2;1;;;;26;69
59015;Monte San Biagio;55;10;35;1;0;;;;46;6;37;1;5;;;;49;95
59015;Monte San Biagio;56;8;33;1;0;;;;42;8;44;1;1;;;;54;96
59015;Monte San Biagio;57;7;41;2;1;;;;51;8;31;1;4;;;;44;95
59015;Monte San Biagio;58;3;31;4;0;;;;38;5;42;2;1;;;;50;88
59015;Monte San Biagio;59;1;32;1;0;;;;34;2;33;2;2;;;;39;73
59015;Monte San Biagio;60;7;44;2;0;;;;53;6;41;4;6;;;;57;110
59015;Monte San Biagio;61;8;34;2;1;;;;45;2;31;1;3;;;;37;82
59015;Monte San Biagio;62;8;30;2;0;;;;40;4;39;4;4;;;;51;91
59015;Monte San Biagio;63;3;26;0;1;;;;30;0;40;3;4;;;;47;77
59015;Monte San Biagio;64;5;37;4;0;;;;46;1;41;1;6;;;;49;95
59015;Monte San Biagio;65;4;40;2;2;;;;48;2;28;3;7;;;;40;88
59015;Monte San Biagio;66;3;30;0;1;;;;34;1;34;0;6;;;;41;75
59015;Monte San Biagio;67;2;39;2;3;;;;46;3;25;0;6;;;;34;80
59015;Monte San Biagio;68;4;32;1;0;;;;37;3;30;0;8;;;;41;78
59015;Monte San Biagio;69;1;27;1;1;;;;30;1;35;1;5;;;;42;72
59015;Monte San Biagio;70;3;42;2;7;;;;54;2;30;0;14;;;;46;100
59015;Monte San Biagio;71;1;35;0;3;;;;39;0;23;1;8;;;;32;71
59015;Monte San Biagio;72;1;29;0;2;;;;32;2;24;0;11;;;;37;69
59015;Monte San Biagio;73;2;36;1;4;;;;43;0;23;0;11;;;;34;77
59015;Monte San Biagio;74;4;24;1;1;;;;30;0;20;0;14;;;;34;64
59015;Monte San Biagio;75;0;35;1;4;;;;40;1;14;0;12;;;;27;67
59015;Monte San Biagio;76;1;29;0;6;;;;36;3;25;1;8;;;;37;73
59015;Monte San Biagio;77;4;29;0;1;;;;34;1;20;2;15;;;;38;72
59015;Monte San Biagio;78;1;12;0;2;;;;15;0;12;0;14;;;;26;41
59015;Monte San Biagio;79;1;13;0;4;;;;18;1;9;0;9;;;;19;37
59015;Monte San Biagio;80;0;17;0;1;;;;18;1;7;0;8;;;;16;34
59015;Monte San Biagio;81;0;19;0;1;;;;20;2;5;0;15;;;;22;42
59015;Monte San Biagio;82;1;8;0;4;;;;13;0;12;0;10;;;;22;35
59015;Monte San Biagio;83;0;13;0;4;;;;17;0;6;0;5;;;;11;28
59015;Monte San Biagio;84;2;20;0;8;;;;30;0;4;1;15;;;;20;50
59015;Monte San Biagio;85;0;13;0;3;;;;16;0;6;0;22;;;;28;44
59015;Monte San Biagio;86;0;9;1;3;;;;13;0;8;0;14;;;;22;35
59015;Monte San Biagio;87;0;9;0;4;;;;13;2;7;0;14;;;;23;36
59015;Monte San Biagio;88;0;7;0;2;;;;9;1;1;0;7;;;;9;18
59015;Monte San Biagio;89;0;8;0;1;;;;9;0;2;0;12;;;;14;23
59015;Monte San Biagio;90;0;1;0;6;;;;7;2;2;0;10;;;;14;21
59015;Monte San Biagio;91;0;4;0;1;;;;5;0;3;1;11;;;;15;20
59015;Monte San Biagio;92;0;3;0;3;;;;6;0;3;0;7;;;;10;16
59015;Monte San Biagio;93;0;2;0;3;;;;5;0;1;0;8;;;;9;14
59015;Monte San Biagio;94;0;2;0;2;;;;4;0;0;0;6;;;;6;10
59015;Monte San Biagio;95;0;2;0;1;;;;3;0;0;0;6;;;;6;9
59015;Monte San Biagio;96;0;0;0;1;;;;1;0;0;0;2;;;;2;3
59015;Monte San Biagio;97;0;1;0;0;;;;1;0;0;0;1;;;;1;2
59015;Monte San Biagio;98;0;1;0;1;;;;2;0;0;0;3;;;;3;5
59015;Monte San Biagio;99;0;0;0;0;;;;0;0;0;0;1;;;;1;1
59015;Monte San Biagio;100;0;0;0;0;;;;0;0;0;0;1;;;;1;1
59015;Monte San Biagio;999;1379;1543;59;95;;;;3076;1032;1478;53;372;;;;2935;6011
59016;Norma;0;16;0;0;0;;;;16;12;0;0;0;;;;12;28
59016;Norma;1;11;0;0;0;;;;11;18;0;0;0;;;;18;29
59016;Norma;2;17;0;0;0;;;;17;10;0;0;0;;;;10;27
59016;Norma;3;17;0;0;0;;;;17;17;0;0;0;;;;17;34
59016;Norma;4;13;0;0;0;;;;13;18;0;0;0;;;;18;31
59016;Norma;5;14;0;0;0;;;;14;12;0;0;0;;;;12;26
59016;Norma;6;12;0;0;0;;;;12;16;0;0;0;;;;16;28
59016;Norma;7;11;0;0;0;;;;11;20;0;0;0;;;;20;31
59016;Norma;8;10;0;0;0;;;;10;13;0;0;0;;;;13;23
59016;Norma;9;12;0;0;0;;;;12;14;0;0;0;;;;14;26
59016;Norma;10;15;0;0;0;;;;15;17;0;0;0;;;;17;32
59016;Norma;11;14;0;0;0;;;;14;15;0;0;0;;;;15;29
59016;Norma;12;15;0;0;0;;;;15;14;0;0;0;;;;14;29
59016;Norma;13;20;0;0;0;;;;20;15;0;0;0;;;;15;35
59016;Norma;14;12;0;0;0;;;;12;15;0;0;0;;;;15;27
59016;Norma;15;23;0;0;0;;;;23;17;0;0;0;;;;17;40
59016;Norma;16;14;0;0;0;;;;14;16;0;0;0;;;;16;30
59016;Norma;17;16;0;0;0;;;;16;20;0;0;0;;;;20;36
59016;Norma;18;16;0;0;0;;;;16;13;0;0;0;;;;13;29
59016;Norma;19;22;0;0;0;;;;22;27;0;0;0;;;;27;49
59016;Norma;20;15;0;0;0;;;;15;24;0;0;0;;;;24;39
59016;Norma;21;20;0;0;0;;;;20;28;0;0;0;;;;28;48
59016;Norma;22;17;0;0;0;;;;17;18;0;0;0;;;;18;35
59016;Norma;23;21;0;0;0;;;;21;21;0;0;0;;;;21;42
59016;Norma;24;26;0;0;0;;;;26;19;0;0;0;;;;19;45
59016;Norma;25;16;0;0;0;;;;16;17;1;0;0;;;;18;34
59016;Norma;26;18;0;0;0;;;;18;13;0;0;0;;;;13;31
59016;Norma;27;21;0;0;0;;;;21;19;1;0;0;;;;20;41
59016;Norma;28;18;0;0;0;;;;18;21;0;0;0;;;;21;39
59016;Norma;29;18;0;0;0;;;;18;12;2;0;0;;;;14;32
59016;Norma;30;18;1;0;0;;;;19;13;1;0;0;;;;14;33
59016;Norma;31;17;1;0;0;;;;18;15;4;0;0;;;;19;37
59016;Norma;32;22;2;0;0;;;;24;17;2;0;0;;;;19;43
59016;Norma;33;15;1;0;0;;;;16;12;6;2;0;;;;20;36
59016;Norma;34;26;8;0;0;;;;34;14;8;1;0;;;;23;57
59016;Norma;35;29;6;0;0;;;;35;13;10;0;0;;;;23;58
59016;Norma;36;14;11;2;0;;;;27;7;12;1;0;;;;20;47
59016;Norma;37;14;6;0;0;;;;20;12;6;0;0;;;;18;38
59016;Norma;38;13;8;1;0;;;;22;5;6;0;1;;;;12;34
59016;Norma;39;13;7;3;0;;;;23;9;14;0;0;;;;23;46
59016;Norma;40;17;12;0;0;;;;29;6;15;0;0;;;;21;50
59016;Norma;41;9;10;0;0;;;;19;7;17;0;0;;;;24;43
59016;Norma;42;13;13;1;0;;;;27;11;18;2;0;;;;31;58
59016;Norma;43;6;15;1;0;;;;22;5;13;0;0;;;;18;40
59016;Norma;44;11;12;0;0;;;;23;6;17;0;0;;;;23;46
59016;Norma;45;9;12;2;0;;;;23;6;13;4;0;;;;23;46
59016;Norma;46;11;18;0;0;;;;29;6;19;2;0;;;;27;56
59016;Norma;47;11;15;1;0;;;;27;3;16;4;1;;;;24;51
59016;Norma;48;6;19;1;0;;;;26;5;28;0;1;;;;34;60
59016;Norma;49;15;12;2;0;;;;29;4;31;2;0;;;;37;66
59016;Norma;50;8;19;2;0;;;;29;5;16;1;1;;;;23;52
59016;Norma;51;3;18;4;0;;;;25;6;19;0;1;;;;26;51
59016;Norma;52;8;18;0;0;;;;26;3;20;5;0;;;;28;54
59016;Norma;53;6;17;0;0;;;;23;6;17;4;1;;;;28;51
59016;Norma;54;5;26;4;0;;;;35;3;18;2;0;;;;23;58
59016;Norma;55;7;17;1;0;;;;25;5;26;2;0;;;;33;58
59016;Norma;56;4;23;4;0;;;;31;4;20;0;0;;;;24;55
59016;Norma;57;6;21;3;0;;;;30;5;21;5;3;;;;34;64
59016;Norma;58;3;22;4;2;;;;31;2;25;3;1;;;;31;62
59016;Norma;59;6;22;3;0;;;;31;3;22;0;4;;;;29;60
59016;Norma;60;2;25;3;2;;;;32;3;22;3;3;;;;31;63
59016;Norma;61;5;19;3;0;;;;27;9;22;2;1;;;;34;61
59016;Norma;62;3;21;3;0;;;;27;1;28;5;2;;;;36;63
59016;Norma;63;4;22;3;0;;;;29;5;18;1;4;;;;28;57
59016;Norma;64;4;27;0;1;;;;32;4;22;2;3;;;;31;63
59016;Norma;65;4;22;3;2;;;;31;1;16;0;1;;;;18;49
59016;Norma;66;4;14;0;0;;;;18;4;21;3;6;;;;34;52
59016;Norma;67;4;21;1;2;;;;28;3;14;0;5;;;;22;50
59016;Norma;68;1;26;1;2;;;;30;2;13;1;3;;;;19;49
59016;Norma;69;2;17;3;3;;;;25;0;23;2;4;;;;29;54
59016;Norma;70;0;16;2;2;;;;20;1;18;0;6;;;;25;45
59016;Norma;71;2;18;1;1;;;;22;3;11;2;7;;;;23;45
59016;Norma;72;1;20;0;2;;;;23;3;11;1;11;;;;26;49
59016;Norma;73;1;10;0;0;;;;11;0;12;0;5;;;;17;28
59016;Norma;74;1;10;0;3;;;;14;2;19;0;8;;;;29;43
59016;Norma;75;0;10;0;0;;;;10;1;14;1;11;;;;27;37
59016;Norma;76;1;24;0;3;;;;28;0;12;1;10;;;;23;51
59016;Norma;77;0;18;3;2;;;;23;0;11;1;15;;;;27;50
59016;Norma;78;1;16;1;2;;;;20;0;10;1;7;;;;18;38
59016;Norma;79;0;10;2;0;;;;12;0;6;0;6;;;;12;24
59016;Norma;80;2;8;2;2;;;;14;0;6;0;4;;;;10;24
59016;Norma;81;0;13;1;1;;;;15;2;6;1;13;;;;22;37
59016;Norma;82;0;6;1;0;;;;7;0;4;0;8;;;;12;19
59016;Norma;83;0;8;0;2;;;;10;0;2;0;14;;;;16;26
59016;Norma;84;1;3;0;1;;;;5;3;1;0;17;;;;21;26
59016;Norma;85;0;5;0;0;;;;5;1;4;0;9;;;;14;19
59016;Norma;86;0;8;0;0;;;;8;0;2;0;10;;;;12;20
59016;Norma;87;0;9;0;1;;;;10;0;2;0;11;;;;13;23
59016;Norma;88;0;1;0;2;;;;3;2;0;0;7;;;;9;12
59016;Norma;89;0;4;0;2;;;;6;2;3;0;4;;;;9;15
59016;Norma;90;0;3;0;0;;;;3;1;0;0;8;;;;9;12
59016;Norma;91;0;2;0;0;;;;2;0;2;0;11;;;;13;15
59016;Norma;92;0;3;0;2;;;;5;0;0;0;6;;;;6;11
59016;Norma;93;0;1;0;0;;;;1;1;0;0;3;;;;4;5
59016;Norma;94;0;0;0;0;;;;0;0;0;0;5;;;;5;5
59016;Norma;95;0;0;0;1;;;;1;0;0;0;4;;;;4;5
59016;Norma;96;0;0;0;0;;;;0;0;0;0;1;;;;1;1
59016;Norma;97;0;1;0;1;;;;2;0;0;0;5;;;;5;7
59016;Norma;98;0;1;0;0;;;;1;0;0;0;1;;;;1;2
59016;Norma;99;0;0;0;0;;;;0;0;0;0;0;;;;0;0
59016;Norma;100;0;0;0;0;;;;0;0;0;0;3;;;;3;3
59016;Norma;999;878;834;72;44;;;;1828;783;819;67;276;;;;1945;3773
59017;Pontinia;0;44;0;0;0;;;;44;52;0;0;0;;;;52;96
59017;Pontinia;1;62;0;0;0;;;;62;60;0;0;0;;;;60;122
59017;Pontinia;2;80;0;0;0;;;;80;61;0;0;0;;;;61;141
59017;Pontinia;3;61;0;0;0;;;;61;76;0;0;0;;;;76;137
59017;Pontinia;4;68;0;0;0;;;;68;73;0;0;0;;;;73;141
59017;Pontinia;5;56;0;0;0;;;;56;76;0;0;0;;;;76;132
59017;Pontinia;6;100;0;0;0;;;;100;71;0;0;0;;;;71;171
59017;Pontinia;7;80;0;0;0;;;;80;72;0;0;0;;;;72;152
59017;Pontinia;8;70;0;0;0;;;;70;82;0;0;0;;;;82;152
59017;Pontinia;9;87;0;0;0;;;;87;77;0;0;0;;;;77;164
59017;Pontinia;10;98;0;0;0;;;;98;74;0;0;0;;;;74;172
59017;Pontinia;11;77;0;0;0;;;;77;87;0;0;0;;;;87;164
59017;Pontinia;12;81;0;0;0;;;;81;60;0;0;0;;;;60;141
59017;Pontinia;13;82;0;0;0;;;;82;81;0;0;0;;;;81;163
59017;Pontinia;14;70;0;0;0;;;;70;77;0;0;0;;;;77;147
59017;Pontinia;15;72;0;0;0;;;;72;67;0;0;0;;;;67;139
59017;Pontinia;16;74;0;0;0;;;;74;70;0;0;0;;;;70;144
59017;Pontinia;17;83;0;0;0;;;;83;89;0;0;0;;;;89;172
59017;Pontinia;18;92;0;0;0;;;;92;70;0;0;0;;;;70;162
59017;Pontinia;19;78;0;0;0;;;;78;72;0;0;0;;;;72;150
59017;Pontinia;20;78;0;0;0;;;;78;73;0;0;0;;;;73;151
59017;Pontinia;21;70;0;0;0;;;;70;74;1;0;0;;;;75;145
59017;Pontinia;22;77;0;0;0;;;;77;59;1;0;0;;;;60;137
59017;Pontinia;23;85;1;0;0;;;;86;71;3;0;0;;;;74;160
59017;Pontinia;24;86;1;0;0;;;;87;59;2;0;0;;;;61;148
59017;Pontinia;25;67;2;0;0;;;;69;55;8;0;0;;;;63;132
59017;Pontinia;26;81;2;0;0;;;;83;70;6;0;0;;;;76;159
59017;Pontinia;27;79;4;0;0;;;;83;60;14;0;0;;;;74;157
59017;Pontinia;28;60;8;0;0;;;;68;58;15;0;0;;;;73;141
59017;Pontinia;29;76;11;0;0;;;;87;51;24;1;0;;;;76;163
59017;Pontinia;30;56;11;0;0;;;;67;58;27;0;0;;;;85;152
59017;Pontinia;31;73;17;0;0;;;;90;47;26;0;0;;;;73;163
59017;Pontinia;32;61;21;0;0;;;;82;52;41;1;0;;;;94;176
59017;Pontinia;33;67;28;0;0;;;;95;41;40;0;0;;;;81;176
59017;Pontinia;34;69;19;2;0;;;;90;49;58;1;0;;;;108;198
59017;Pontinia;35;53;28;3;0;;;;84;42;54;0;0;;;;96;180
59017;Pontinia;36;77;50;2;0;;;;129;39;60;3;0;;;;102;231
59017;Pontinia;37;52;41;2;0;;;;95;28;54;0;2;;;;84;179
59017;Pontinia;38;45;51;0;0;;;;96;21;62;2;0;;;;85;181
59017;Pontinia;39;67;52;1;0;;;;120;47;61;2;1;;;;111;231
59017;Pontinia;40;53;52;3;0;;;;108;22;79;3;0;;;;104;212
59017;Pontinia;41;51;59;4;1;;;;115;31;69;3;0;;;;103;218
59017;Pontinia;42;48;64;5;0;;;;117;28;82;3;1;;;;114;231
59017;Pontinia;43;40;74;2;0;;;;116;31;66;6;3;;;;106;222
59017;Pontinia;44;36;79;0;0;;;;115;27;68;3;0;;;;98;213
59017;Pontinia;45;36;73;3;1;;;;113;25;67;6;5;;;;103;216
59017;Pontinia;46;29;68;3;0;;;;100;24;89;4;1;;;;118;218
59017;Pontinia;47;47;75;2;0;;;;124;23;81;4;2;;;;110;234
59017;Pontinia;48;35;84;3;0;;;;122;23;87;5;4;;;;119;241
59017;Pontinia;49;37;79;8;0;;;;124;12;98;5;2;;;;117;241
59017;Pontinia;50;34;97;6;1;;;;138;23;87;4;3;;;;117;255
59017;Pontinia;51;37;79;6;3;;;;125;20;85;10;3;;;;118;243
59017;Pontinia;52;18;94;7;0;;;;119;10;94;11;7;;;;122;241
59017;Pontinia;53;18;86;6;1;;;;111;18;101;12;4;;;;135;246
59017;Pontinia;54;24;85;5;0;;;;114;15;84;12;2;;;;113;227
59017;Pontinia;55;21;99;14;2;;;;136;9;93;10;10;;;;122;258
59017;Pontinia;56;15;75;2;0;;;;92;11;91;6;3;;;;111;203
59017;Pontinia;57;12;93;8;1;;;;114;13;80;11;4;;;;108;222
59017;Pontinia;58;15;95;6;3;;;;119;6;90;5;7;;;;108;227
59017;Pontinia;59;15;85;5;0;;;;105;5;87;4;16;;;;112;217
59017;Pontinia;60;20;90;8;5;;;;123;6;63;12;10;;;;91;214
59017;Pontinia;61;8;84;4;0;;;;96;7;83;4;5;;;;99;195
59017;Pontinia;62;8;66;7;0;;;;81;5;73;4;6;;;;88;169
59017;Pontinia;63;9;66;4;3;;;;82;8;71;4;11;;;;94;176
59017;Pontinia;64;5;68;5;0;;;;78;5;79;4;8;;;;96;174
59017;Pontinia;65;6;64;3;5;;;;78;4;69;9;6;;;;88;166
59017;Pontinia;66;1;68;5;1;;;;75;3;64;2;11;;;;80;155
59017;Pontinia;67;5;74;4;5;;;;88;2;69;3;11;;;;85;173
59017;Pontinia;68;5;74;4;6;;;;89;7;62;2;19;;;;90;179
59017;Pontinia;69;2;66;5;1;;;;74;3;69;2;19;;;;93;167
59017;Pontinia;70;6;71;5;2;;;;84;2;59;3;16;;;;80;164
59017;Pontinia;71;5;60;0;2;;;;67;5;51;4;13;;;;73;140
59017;Pontinia;72;5;55;2;2;;;;64;1;52;0;21;;;;74;138
59017;Pontinia;73;2;57;0;6;;;;65;3;68;5;18;;;;94;159
59017;Pontinia;74;4;71;0;5;;;;80;4;66;1;19;;;;90;170
59017;Pontinia;75;6;72;4;5;;;;87;4;56;4;28;;;;92;179
59017;Pontinia;76;1;69;1;5;;;;76;2;62;1;32;;;;97;173
59017;Pontinia;77;3;60;2;12;;;;77;2;40;2;32;;;;76;153
59017;Pontinia;78;0;52;0;9;;;;61;2;38;3;36;;;;79;140
59017;Pontinia;79;1;35;0;5;;;;41;4;20;0;22;;;;46;87
59017;Pontinia;80;0;45;0;3;;;;48;1;30;2;33;;;;66;114
59017;Pontinia;81;1;30;1;5;;;;37;2;19;2;27;;;;50;87
59017;Pontinia;82;0;35;1;7;;;;43;2;15;1;38;;;;56;99
59017;Pontinia;83;2;34;0;4;;;;40;5;20;0;23;;;;48;88
59017;Pontinia;84;1;38;0;5;;;;44;1;22;0;20;;;;43;87
59017;Pontinia;85;0;31;0;9;;;;40;2;13;0;22;;;;37;77
59017;Pontinia;86;0;22;0;9;;;;31;1;10;0;41;;;;52;83
59017;Pontinia;87;0;20;0;3;;;;23;3;7;1;38;;;;49;72
59017;Pontinia;88;0;6;0;5;;;;11;0;2;0;21;;;;23;34
59017;Pontinia;89;0;7;0;7;;;;14;1;3;1;22;;;;27;41
59017;Pontinia;90;0;12;0;5;;;;17;0;5;0;18;;;;23;40
59017;Pontinia;91;0;8;0;4;;;;12;0;2;0;18;;;;20;32
59017;Pontinia;92;0;5;0;2;;;;7;0;0;0;10;;;;10;17
59017;Pontinia;93;0;6;0;1;;;;7;0;1;0;8;;;;9;16
59017;Pontinia;94;1;1;0;3;;;;5;0;1;0;9;;;;10;15
59017;Pontinia;95;0;1;0;3;;;;4;1;0;0;9;;;;10;14
59017;Pontinia;96;0;1;0;0;;;;1;0;1;0;5;;;;6;7
59017;Pontinia;97;0;0;0;0;;;;0;0;0;0;1;;;;1;1
59017;Pontinia;98;0;1;0;1;;;;2;0;0;0;3;;;;3;5
59017;Pontinia;99;0;0;0;0;;;;0;0;0;0;1;;;;1;1
59017;Pontinia;100;1;1;0;0;;;;2;0;0;0;1;;;;1;3
59017;Pontinia;999;3623;3568;173;168;;;;7532;2975;3600;213;791;;;;7579;15111
59018;Ponza;0;6;0;0;0;;;;6;11;0;0;0;;;;11;17
59018;Ponza;1;15;0;0;0;;;;15;10;0;0;0;;;;10;25
59018;Ponza;2;11;0;0;0;;;;11;9;0;0;0;;;;9;20
59018;Ponza;3;10;0;0;0;;;;10;9;0;0;0;;;;9;19
59018;Ponza;4;13;0;0;0;;;;13;11;0;0;0;;;;11;24
59018;Ponza;5;13;0;0;0;;;;13;15;0;0;0;;;;15;28
59018;Ponza;6;12;0;0;0;;;;12;11;0;0;0;;;;11;23
59018;Ponza;7;19;0;0;0;;;;19;8;0;0;0;;;;8;27
59018;Ponza;8;11;0;0;0;;;;11;12;0;0;0;;;;12;23
59018;Ponza;9;11;0;0;0;;;;11;16;0;0;0;;;;16;27
59018;Ponza;10;8;0;0;0;;;;8;10;0;0;0;;;;10;18
59018;Ponza;11;14;0;0;0;;;;14;11;0;0;0;;;;11;25
59018;Ponza;12;10;0;0;0;;;;10;15;0;0;0;;;;15;25
59018;Ponza;13;17;0;0;0;;;;17;13;0;0;0;;;;13;30
59018;Ponza;14;16;0;0;0;;;;16;14;0;0;0;;;;14;30
59018;Ponza;15;14;0;0;0;;;;14;8;0;0;0;;;;8;22
59018;Ponza;16;21;0;0;0;;;;21;16;0;0;0;;;;16;37
59018;Ponza;17;20;0;0;0;;;;20;15;0;0;0;;;;15;35
59018;Ponza;18;10;0;0;0;;;;10;8;0;0;0;;;;8;18
59018;Ponza;19;13;0;0;0;;;;13;14;0;0;0;;;;14;27
59018;Ponza;20;12;0;0;0;;;;12;13;0;0;0;;;;13;25
59018;Ponza;21;12;0;0;0;;;;12;9;0;0;0;;;;9;21
59018;Ponza;22;13;0;0;0;;;;13;17;0;0;0;;;;17;30
59018;Ponza;23;9;0;0;0;;;;9;16;0;0;0;;;;16;25
59018;Ponza;24;16;0;0;0;;;;16;7;1;0;0;;;;8;24
59018;Ponza;25;12;2;0;0;;;;14;11;2;0;0;;;;13;27
59018;Ponza;26;15;0;0;0;;;;15;16;0;0;0;;;;16;31
59018;Ponza;27;21;2;0;0;;;;23;17;2;0;0;;;;19;42
59018;Ponza;28;15;2;0;0;;;;17;13;3;0;0;;;;16;33
59018;Ponza;29;13;0;0;0;;;;13;16;4;0;0;;;;20;33
59018;Ponza;30;20;4;0;0;;;;24;19;6;0;0;;;;25;49
59018;Ponza;31;24;0;0;0;;;;24;12;3;0;0;;;;15;39
59018;Ponza;32;17;2;0;0;;;;19;10;5;0;0;;;;15;34
59018;Ponza;33;22;1;0;0;;;;23;9;7;0;1;;;;17;40
59018;Ponza;34;11;9;0;0;;;;20;14;5;0;0;;;;19;39
59018;Ponza;35;16;5;0;0;;;;21;10;5;0;0;;;;15;36
59018;Ponza;36;14;7;0;0;;;;21;10;9;1;0;;;;20;41
59018;Ponza;37;18;10;0;0;;;;28;9;14;0;1;;;;24;52
59018;Ponza;38;13;8;1;0;;;;22;8;14;1;0;;;;23;45
59018;Ponza;39;12;9;0;0;;;;21;13;11;1;0;;;;25;46
59018;Ponza;40;19;15;0;0;;;;34;8;19;0;0;;;;27;61
59018;Ponza;41;17;11;0;0;;;;28;7;11;1;0;;;;19;47
59018;Ponza;42;16;14;1;0;;;;31;8;9;1;1;;;;19;50
59018;Ponza;43;15;11;0;0;;;;26;5;11;0;0;;;;16;42
59018;Ponza;44;13;9;0;0;;;;22;8;11;0;0;;;;19;41
59018;Ponza;45;8;19;1;0;;;;28;8;10;0;0;;;;18;46
59018;Ponza;46;14;9;0;0;;;;23;5;16;0;0;;;;21;44
59018;Ponza;47;12;15;1;0;;;;28;3;10;1;1;;;;15;43
59018;Ponza;48;11;17;0;0;;;;28;2;13;0;1;;;;16;44
59018;Ponza;49;14;21;1;0;;;;36;6;14;1;0;;;;21;57
59018;Ponza;50;16;15;0;0;;;;31;9;16;1;1;;;;27;58
59018;Ponza;51;4;14;2;0;;;;20;2;14;2;1;;;;19;39
59018;Ponza;52;9;12;0;0;;;;21;4;21;2;0;;;;27;48
59018;Ponza;53;12;18;4;0;;;;34;6;8;0;1;;;;15;49
59018;Ponza;54;7;12;0;0;;;;19;4;12;3;0;;;;19;38
59018;Ponza;55;9;22;1;0;;;;32;5;20;1;0;;;;26;58
59018;Ponza;56;3;14;0;1;;;;18;3;19;0;0;;;;22;40
59018;Ponza;57;4;15;2;0;;;;21;1;21;1;0;;;;23;44
59018;Ponza;58;5;16;1;0;;;;22;4;21;0;2;;;;27;49
59018;Ponza;59;7;23;1;0;;;;31;1;17;1;1;;;;20;51
59018;Ponza;60;3;12;3;0;;;;18;1;23;0;2;;;;26;44
59018;Ponza;61;6;14;3;1;;;;24;6;22;1;1;;;;30;54
59018;Ponza;62;3;19;1;0;;;;23;0;17;0;2;;;;19;42
59018;Ponza;63;4;26;2;0;;;;32;3;18;1;0;;;;22;54
59018;Ponza;64;4;14;1;0;;;;19;2;19;0;6;;;;27;46
59018;Ponza;65;6;20;1;2;;;;29;3;23;0;1;;;;27;56
59018;Ponza;66;3;11;1;2;;;;17;0;19;1;3;;;;23;40
59018;Ponza;67;7;28;0;1;;;;36;2;20;2;3;;;;27;63
59018;Ponza;68;4;24;3;0;;;;31;2;21;0;4;;;;27;58
59018;Ponza;69;3;22;2;1;;;;28;2;17;1;0;;;;20;48
59018;Ponza;70;1;23;0;0;;;;24;1;15;1;8;;;;25;49
59018;Ponza;71;5;30;0;1;;;;36;1;16;2;4;;;;23;59
59018;Ponza;72;0;13;1;0;;;;14;0;8;0;7;;;;15;29
59018;Ponza;73;2;21;1;2;;;;26;2;8;0;4;;;;14;40
59018;Ponza;74;0;22;1;0;;;;23;2;19;1;4;;;;26;49
59018;Ponza;75;2;20;0;1;;;;23;1;12;0;6;;;;19;42
59018;Ponza;76;0;16;1;1;;;;18;2;12;0;5;;;;19;37
59018;Ponza;77;1;13;1;1;;;;16;0;8;0;4;;;;12;28
59018;Ponza;78;2;22;0;1;;;;25;1;17;0;6;;;;24;49
59018;Ponza;79;0;14;0;2;;;;16;0;8;0;5;;;;13;29
59018;Ponza;80;2;8;2;1;;;;13;1;7;0;6;;;;14;27
59018;Ponza;81;2;7;0;0;;;;9;0;2;0;3;;;;5;14
59018;Ponza;82;0;11;1;0;;;;12;0;4;0;6;;;;10;22
59018;Ponza;83;0;6;0;0;;;;6;2;6;0;3;;;;11;17
59018;Ponza;84;0;6;0;3;;;;9;0;4;0;8;;;;12;21
59018;Ponza;85;0;8;0;3;;;;11;1;3;0;3;;;;7;18
59018;Ponza;86;0;4;1;1;;;;6;0;2;0;10;;;;12;18
59018;Ponza;87;0;6;0;2;;;;8;0;1;0;11;;;;12;20
59018;Ponza;88;0;4;0;1;;;;5;0;4;0;8;;;;12;17
59018;Ponza;89;0;2;0;0;;;;2;1;2;0;4;;;;7;9
59018;Ponza;90;0;0;0;0;;;;0;0;1;0;4;;;;5;5
59018;Ponza;91;0;2;0;0;;;;2;0;1;0;2;;;;3;5
59018;Ponza;92;0;0;0;0;;;;0;0;0;0;2;;;;2;2
59018;Ponza;93;0;1;0;1;;;;2;1;0;0;3;;;;4;6
59018;Ponza;94;0;0;0;0;;;;0;0;0;0;3;;;;3;3
59018;Ponza;95;0;0;0;1;;;;1;0;1;0;2;;;;3;4
59018;Ponza;96;0;0;0;0;;;;0;0;0;0;2;;;;2;2
59018;Ponza;97;0;0;0;0;;;;0;0;0;0;0;;;;0;0
59018;Ponza;98;0;0;0;0;;;;0;0;1;0;0;;;;1;1
59018;Ponza;99;0;0;0;0;;;;0;0;0;0;1;;;;1;1
59018;Ponza;100;0;2;0;0;;;;2;0;1;0;2;;;;3;5
59018;Ponza;999;844;814;42;30;;;;1730;621;746;28;169;;;;1564;3294
59019;Priverno;0;51;0;0;0;;;;51;35;0;0;0;;;;35;86
59019;Priverno;1;42;0;0;0;;;;42;50;0;0;0;;;;50;92
59019;Priverno;2;61;0;0;0;;;;61;42;0;0;0;;;;42;103
59019;Priverno;3;50;0;0;0;;;;50;47;0;0;0;;;;47;97
59019;Priverno;4;54;0;0;0;;;;54;58;0;0;0;;;;58;112
59019;Priverno;5;54;0;0;0;;;;54;62;0;0;0;;;;62;116
59019;Priverno;6;73;0;0;0;;;;73;51;0;0;0;;;;51;124
59019;Priverno;7;57;0;0;0;;;;57;52;0;0;0;;;;52;109
59019;Priverno;8;61;0;0;0;;;;61;45;0;0;0;;;;45;106
59019;Priverno;9;47;0;0;0;;;;47;59;0;0;0;;;;59;106
59019;Priverno;10;73;0;0;0;;;;73;67;0;0;0;;;;67;140
59019;Priverno;11;68;0;0;0;;;;68;73;0;0;0;;;;73;141
59019;Priverno;12;73;0;0;0;;;;73;64;0;0;0;;;;64;137
59019;Priverno;13;69;0;0;0;;;;69;56;0;0;0;;;;56;125
59019;Priverno;14;67;0;0;0;;;;67;73;0;0;0;;;;73;140
59019;Priverno;15;65;0;0;0;;;;65;61;0;0;0;;;;61;126
59019;Priverno;16;65;0;0;0;;;;65;71;0;0;0;;;;71;136
59019;Priverno;17;76;0;0;0;;;;76;64;0;0;0;;;;64;140
59019;Priverno;18;78;0;0;0;;;;78;72;0;0;0;;;;72;150
59019;Priverno;19;58;0;0;0;;;;58;60;1;0;0;;;;61;119
59019;Priverno;20;73;0;0;0;;;;73;71;0;0;0;;;;71;144
59019;Priverno;21;78;0;0;0;;;;78;68;0;0;0;;;;68;146
59019;Priverno;22;77;0;0;0;;;;77;63;2;0;0;;;;65;142
59019;Priverno;23;69;0;0;0;;;;69;72;0;0;0;;;;72;141
59019;Priverno;24;79;1;0;0;;;;80;64;5;0;0;;;;69;149
59019;Priverno;25;83;0;0;0;;;;83;55;3;0;0;;;;58;141
59019;Priverno;26;65;1;0;0;;;;66;50;2;0;0;;;;52;118
59019;Priverno;27;73;5;0;0;;;;78;62;7;0;0;;;;69;147
59019;Priverno;28;75;4;0;0;;;;79;53;7;0;1;;;;61;140
59019;Priverno;29;72;2;0;0;;;;74;57;12;0;0;;;;69;143
59019;Priverno;30;76;11;0;0;;;;87;47;11;2;1;;;;61;148
59019;Priverno;31;72;10;1;0;;;;83;42;17;0;0;;;;59;142
59019;Priverno;32;53;9;0;0;;;;62;46;32;1;0;;;;79;141
59019;Priverno;33;63;17;0;0;;;;80;44;34;0;0;;;;78;158
59019;Priverno;34;59;24;0;0;;;;83;44;36;2;0;;;;82;165
59019;Priverno;35;65;20;0;0;;;;85;40;35;1;0;;;;76;161
59019;Priverno;36;52;25;0;1;;;;78;38;36;4;0;;;;78;156
59019;Priverno;37;52;31;1;0;;;;84;48;37;5;0;;;;90;174
59019;Priverno;38;46;34;2;0;;;;82;31;42;2;0;;;;75;157
59019;Priverno;39;52;31;2;0;;;;85;35;60;2;1;;;;98;183
59019;Priverno;40;46;49;3;0;;;;98;32;44;2;0;;;;78;176
59019;Priverno;41;45;42;2;0;;;;89;27;59;5;0;;;;91;180
59019;Priverno;42;41;46;0;0;;;;87;29;54;5;3;;;;91;178
59019;Priverno;43;30;57;1;0;;;;88;19;52;1;0;;;;72;160
59019;Priverno;44;32;58;4;0;;;;94;20;64;4;1;;;;89;183
59019;Priverno;45;35;58;2;1;;;;96;15;61;7;2;;;;85;181
59019;Priverno;46;27;58;5;0;;;;90;12;76;7;2;;;;97;187
59019;Priverno;47;26;60;4;0;;;;90;15;65;9;3;;;;92;182
59019;Priverno;48;26;75;4;0;;;;105;16;71;6;2;;;;95;200
59019;Priverno;49;23;76;6;0;;;;105;20;78;9;2;;;;109;214
59019;Priverno;50;21;69;6;1;;;;97;13;82;9;3;;;;107;204
59019;Priverno;51;27;64;8;2;;;;101;16;84;6;1;;;;107;208
59019;Priverno;52;28;85;5;0;;;;118;17;64;7;2;;;;90;208
59019;Priverno;53;24;66;8;0;;;;98;12;86;13;4;;;;115;213
59019;Priverno;54;16;74;4;0;;;;94;13;85;7;10;;;;115;209
59019;Priverno;55;24;60;7;1;;;;92;6;98;4;4;;;;112;204
59019;Priverno;56;16;88;5;2;;;;111;12;78;14;4;;;;108;219
59019;Priverno;57;18;82;7;2;;;;109;11;90;9;3;;;;113;222
59019;Priverno;58;8;97;6;2;;;;113;6;73;5;5;;;;89;202
59019;Priverno;59;18;82;5;0;;;;105;9;84;6;6;;;;105;210
59019;Priverno;60;8;93;3;3;;;;107;9;71;6;12;;;;98;205
59019;Priverno;61;9;71;8;2;;;;90;7;105;6;6;;;;124;214
59019;Priverno;62;7;69;6;0;;;;82;7;80;6;10;;;;103;185
59019;Priverno;63;6;79;3;2;;;;90;9;81;9;11;;;;110;200
59019;Priverno;64;11;92;6;6;;;;115;9;65;7;12;;;;93;208
59019;Priverno;65;10;79;2;4;;;;95;3;77;5;12;;;;97;192
59019;Priverno;66;9;74;8;3;;;;94;4;69;3;18;;;;94;188
59019;Priverno;67;4;73;3;3;;;;83;1;77;6;13;;;;97;180
59019;Priverno;68;3;63;4;4;;;;74;3;79;3;13;;;;98;172
59019;Priverno;69;4;65;4;7;;;;80;2;75;0;24;;;;101;181
59019;Priverno;70;3;58;1;4;;;;66;5;46;3;17;;;;71;137
59019;Priverno;71;3;71;1;5;;;;80;1;46;3;20;;;;70;150
59019;Priverno;72;0;52;0;4;;;;56;5;46;4;22;;;;77;133
59019;Priverno;73;2;58;3;5;;;;68;4;37;3;14;;;;58;126
59019;Priverno;74;0;64;4;1;;;;69;3;55;3;27;;;;88;157
59019;Priverno;75;3;49;3;2;;;;57;4;35;3;24;;;;66;123
59019;Priverno;76;2;59;1;6;;;;68;5;51;4;35;;;;95;163
59019;Priverno;77;3;58;3;5;;;;69;5;44;0;38;;;;87;156
59019;Priverno;78;2;52;2;7;;;;63;2;40;2;42;;;;86;149
59019;Priverno;79;3;32;2;8;;;;45;0;27;0;32;;;;59;104
59019;Priverno;80;3;41;0;5;;;;49;1;28;0;27;;;;56;105
59019;Priverno;81;1;37;1;1;;;;40;1;21;0;31;;;;53;93
59019;Priverno;82;2;43;1;7;;;;53;1;14;1;37;;;;53;106
59019;Priverno;83;0;35;0;9;;;;44;2;11;0;34;;;;47;91
59019;Priverno;84;2;28;1;11;;;;42;3;8;1;31;;;;43;85
59019;Priverno;85;0;37;0;6;;;;43;2;17;1;36;;;;56;99
59019;Priverno;86;0;23;1;10;;;;34;0;5;0;45;;;;50;84
59019;Priverno;87;1;29;0;7;;;;37;6;2;2;28;;;;38;75
59019;Priverno;88;0;10;1;9;;;;20;1;10;0;35;;;;46;66
59019;Priverno;89;3;14;0;11;;;;28;0;7;1;31;;;;39;67
59019;Priverno;90;0;7;0;10;;;;17;3;2;0;18;;;;23;40
59019;Priverno;91;1;13;0;4;;;;18;1;0;0;20;;;;21;39
59019;Priverno;92;0;4;0;2;;;;6;0;4;0;14;;;;18;24
59019;Priverno;93;0;4;0;3;;;;7;1;0;0;10;;;;11;18
59019;Priverno;94;0;5;0;5;;;;10;1;1;0;4;;;;6;16
59019;Priverno;95;0;1;0;1;;;;2;1;0;0;3;;;;4;6
59019;Priverno;96;0;2;0;1;;;;3;1;0;0;3;;;;4;7
59019;Priverno;97;0;0;0;1;;;;1;0;0;0;2;;;;2;3
59019;Priverno;98;0;1;0;1;;;;2;0;0;0;2;;;;2;4
59019;Priverno;99;0;0;0;0;;;;0;0;0;0;4;;;;4;4
59019;Priverno;100;0;0;0;1;;;;1;0;0;0;1;;;;1;2
59019;Priverno;999;3212;3216;170;198;;;;6796;2625;3163;236;878;;;;6902;13698
59020;Prossedi;0;3;0;0;0;;;;3;4;0;0;0;;;;4;7
59020;Prossedi;1;8;0;0;0;;;;8;7;0;0;0;;;;7;15
59020;Prossedi;2;4;0;0;0;;;;4;3;0;0;0;;;;3;7
59020;Prossedi;3;6;0;0;0;;;;6;2;0;0;0;;;;2;8
59020;Prossedi;4;3;0;0;0;;;;3;6;0;0;0;;;;6;9
59020;Prossedi;5;4;0;0;0;;;;4;4;0;0;0;;;;4;8
59020;Prossedi;6;7;0;0;0;;;;7;2;0;0;0;;;;2;9
59020;Prossedi;7;6;0;0;0;;;;6;3;0;0;0;;;;3;9
59020;Prossedi;8;7;0;0;0;;;;7;4;0;0;0;;;;4;11
59020;Prossedi;9;7;0;0;0;;;;7;2;0;0;0;;;;2;9
59020;Prossedi;10;1;0;0;0;;;;1;2;0;0;0;;;;2;3
59020;Prossedi;11;9;0;0;0;;;;9;5;0;0;0;;;;5;14
59020;Prossedi;12;8;0;0;0;;;;8;6;0;0;0;;;;6;14
59020;Prossedi;13;6;0;0;0;;;;6;6;0;0;0;;;;6;12
59020;Prossedi;14;3;0;0;0;;;;3;2;0;0;0;;;;2;5
59020;Prossedi;15;4;0;0;0;;;;4;5;0;0;0;;;;5;9
59020;Prossedi;16;6;0;0;0;;;;6;2;0;0;0;;;;2;8
59020;Prossedi;17;7;0;0;0;;;;7;3;0;0;0;;;;3;10
59020;Prossedi;18;5;0;0;0;;;;5;7;0;0;0;;;;7;12
59020;Prossedi;19;8;0;0;0;;;;8;6;0;0;0;;;;6;14
59020;Prossedi;20;6;0;0;0;;;;6;3;0;0;0;;;;3;9
59020;Prossedi;21;2;0;0;0;;;;2;5;0;0;0;;;;5;7
59020;Prossedi;22;4;0;0;0;;;;4;3;0;0;0;;;;3;7
59020;Prossedi;23;3;0;0;0;;;;3;4;0;0;0;;;;4;7
59020;Prossedi;24;5;0;0;0;;;;5;5;0;0;0;;;;5;10
59020;Prossedi;25;4;0;0;0;;;;4;5;0;0;0;;;;5;9
59020;Prossedi;26;5;0;0;0;;;;5;3;0;0;0;;;;3;8
59020;Prossedi;27;5;0;0;0;;;;5;7;3;0;0;;;;10;15
59020;Prossedi;28;5;0;0;0;;;;5;2;3;0;0;;;;5;10
59020;Prossedi;29;3;1;0;0;;;;4;3;0;0;0;;;;3;7
59020;Prossedi;30;1;1;0;0;;;;2;5;6;0;0;;;;11;13
59020;Prossedi;31;4;0;0;0;;;;4;5;0;0;0;;;;5;9
59020;Prossedi;32;3;2;0;0;;;;5;7;0;0;0;;;;7;12
59020;Prossedi;33;7;1;0;0;;;;8;4;3;0;0;;;;7;15
59020;Prossedi;34;10;3;0;0;;;;13;3;1;0;0;;;;4;17
59020;Prossedi;35;2;4;0;0;;;;6;3;4;0;0;;;;7;13
59020;Prossedi;36;7;3;0;0;;;;10;4;5;0;0;;;;9;19
59020;Prossedi;37;5;1;0;0;;;;6;1;1;0;0;;;;2;8
59020;Prossedi;38;2;3;0;0;;;;5;2;4;1;0;;;;7;12
59020;Prossedi;39;1;1;0;0;;;;2;3;7;1;0;;;;11;13
59020;Prossedi;40;2;3;0;0;;;;5;4;3;0;0;;;;7;12
59020;Prossedi;41;4;9;0;0;;;;13;2;5;0;0;;;;7;20
59020;Prossedi;42;1;2;0;0;;;;3;1;7;0;0;;;;8;11
59020;Prossedi;43;4;4;0;0;;;;8;0;6;0;0;;;;6;14
59020;Prossedi;44;1;7;0;0;;;;8;3;2;0;0;;;;5;13
59020;Prossedi;45;3;6;0;0;;;;9;2;6;0;0;;;;8;17
59020;Prossedi;46;4;4;0;0;;;;8;1;2;0;0;;;;3;11
59020;Prossedi;47;2;2;0;0;;;;4;2;6;0;0;;;;8;12
59020;Prossedi;48;2;4;0;0;;;;6;2;5;1;0;;;;8;14
59020;Prossedi;49;3;11;0;0;;;;14;1;7;1;0;;;;9;23
59020;Prossedi;50;4;4;0;0;;;;8;1;6;0;0;;;;7;15
59020;Prossedi;51;6;2;0;0;;;;8;1;10;0;1;;;;12;20
59020;Prossedi;52;4;2;0;0;;;;6;1;3;0;0;;;;4;10
59020;Prossedi;53;3;7;0;0;;;;10;3;5;0;0;;;;8;18
59020;Prossedi;54;1;9;1;0;;;;11;0;5;0;0;;;;5;16
59020;Prossedi;55;3;3;1;0;;;;7;0;7;0;0;;;;7;14
59020;Prossedi;56;1;4;0;0;;;;5;0;7;1;0;;;;8;13
59020;Prossedi;57;2;4;0;0;;;;6;0;9;1;1;;;;11;17
59020;Prossedi;58;2;8;0;0;;;;10;0;7;0;0;;;;7;17
59020;Prossedi;59;4;6;0;0;;;;10;2;8;0;0;;;;10;20
59020;Prossedi;60;1;9;0;1;;;;11;0;6;0;1;;;;7;18
59020;Prossedi;61;3;3;0;0;;;;6;0;12;0;3;;;;15;21
59020;Prossedi;62;3;5;1;0;;;;9;1;2;2;1;;;;6;15
59020;Prossedi;63;3;6;0;0;;;;9;1;11;1;3;;;;16;25
59020;Prossedi;64;1;11;0;0;;;;12;0;8;0;2;;;;10;22
59020;Prossedi;65;2;8;0;1;;;;11;1;4;0;0;;;;5;16
59020;Prossedi;66;1;3;1;1;;;;6;0;11;0;2;;;;13;19
59020;Prossedi;67;2;7;1;1;;;;11;0;5;1;4;;;;10;21
59020;Prossedi;68;2;4;1;0;;;;7;1;7;0;2;;;;10;17
59020;Prossedi;69;1;13;2;0;;;;16;2;10;1;2;;;;15;31
59020;Prossedi;70;0;12;0;0;;;;12;0;6;0;3;;;;9;21
59020;Prossedi;71;1;6;0;1;;;;8;0;0;0;0;;;;0;8
59020;Prossedi;72;1;7;0;2;;;;10;1;4;0;3;;;;8;18
59020;Prossedi;73;1;0;0;0;;;;1;1;5;1;4;;;;11;12
59020;Prossedi;74;1;3;0;1;;;;5;1;3;0;7;;;;11;16
59020;Prossedi;75;1;4;1;0;;;;6;0;4;0;2;;;;6;12
59020;Prossedi;76;2;10;1;2;;;;15;0;0;0;3;;;;3;18
59020;Prossedi;77;0;6;0;1;;;;7;1;2;1;2;;;;6;13
59020;Prossedi;78;0;2;1;0;;;;3;0;3;0;2;;;;5;8
59020;Prossedi;79;0;2;0;3;;;;5;0;1;0;2;;;;3;8
59020;Prossedi;80;0;3;0;1;;;;4;0;2;1;1;;;;4;8
59020;Prossedi;81;0;3;1;1;;;;5;0;0;0;1;;;;1;6
59020;Prossedi;82;1;1;0;0;;;;2;0;2;1;5;;;;8;10
59020;Prossedi;83;0;2;0;0;;;;2;0;1;0;2;;;;3;5
59020;Prossedi;84;0;2;0;0;;;;2;0;1;0;2;;;;3;5
59020;Prossedi;85;0;4;0;1;;;;5;0;2;1;0;;;;3;8
59020;Prossedi;86;0;3;0;0;;;;3;0;1;0;2;;;;3;6
59020;Prossedi;87;0;0;0;1;;;;1;0;2;0;0;;;;2;3
59020;Prossedi;88;0;1;0;0;;;;1;1;3;0;1;;;;5;6
59020;Prossedi;89;0;2;0;0;;;;2;0;1;0;2;;;;3;5
59020;Prossedi;90;0;0;0;1;;;;1;0;0;0;1;;;;1;2
59020;Prossedi;91;0;2;0;1;;;;3;0;1;0;0;;;;1;4
59020;Prossedi;92;0;1;0;0;;;;1;0;0;0;1;;;;1;2
59020;Prossedi;93;0;0;0;1;;;;1;0;0;0;3;;;;3;4
59020;Prossedi;94;0;0;0;1;;;;1;0;0;0;2;;;;2;3
59020;Prossedi;95;0;0;0;0;;;;0;0;0;0;1;;;;1;1
59020;Prossedi;96;0;0;0;0;;;;0;0;0;0;0;;;;0;0
59020;Prossedi;97;0;0;0;0;;;;0;0;0;0;1;;;;1;1
59020;Prossedi;98;0;0;0;0;;;;0;0;0;0;0;;;;0;0
59020;Prossedi;99;0;0;0;0;;;;0;0;0;0;0;;;;0;0
59020;Prossedi;100;0;0;0;0;;;;0;1;0;0;1;;;;2;2
59020;Prossedi;999;279;266;12;22;;;;579;196;273;16;76;;;;561;1140
59021;Roccagorga;0;15;0;0;0;;;;15;7;0;0;0;;;;7;22
59021;Roccagorga;1;12;0;0;0;;;;12;12;0;0;0;;;;12;24
59021;Roccagorga;2;10;0;0;0;;;;10;12;0;0;0;;;;12;22
59021;Roccagorga;3;14;0;0;0;;;;14;10;0;0;0;;;;10;24
59021;Roccagorga;4;10;0;0;0;;;;10;12;0;0;0;;;;12;22
59021;Roccagorga;5;18;0;0;0;;;;18;20;0;0;0;;;;20;38
59021;Roccagorga;6;16;0;0;0;;;;16;17;0;0;0;;;;17;33
59021;Roccagorga;7;16;0;0;0;;;;16;13;0;0;0;;;;13;29
59021;Roccagorga;8;19;0;0;0;;;;19;19;0;0;0;;;;19;38
59021;Roccagorga;9;11;0;0;0;;;;11;12;0;0;0;;;;12;23
59021;Roccagorga;10;17;0;0;0;;;;17;23;0;0;0;;;;23;40
59021;Roccagorga;11;16;0;0;0;;;;16;13;0;0;0;;;;13;29
59021;Roccagorga;12;15;0;0;0;;;;15;15;0;0;0;;;;15;30
59021;Roccagorga;13;14;0;0;0;;;;14;23;0;0;0;;;;23;37
59021;Roccagorga;14;23;0;0;0;;;;23;15;0;0;0;;;;15;38
59021;Roccagorga;15;19;0;0;0;;;;19;15;0;0;0;;;;15;34
59021;Roccagorga;16;11;0;0;0;;;;11;18;0;0;0;;;;18;29
59021;Roccagorga;17;13;0;0;0;;;;13;11;0;0;0;;;;11;24
59021;Roccagorga;18;22;0;0;0;;;;22;15;0;0;0;;;;15;37
59021;Roccagorga;19;20;0;0;0;;;;20;18;0;0;0;;;;18;38
59021;Roccagorga;20;25;0;0;0;;;;25;14;0;0;0;;;;14;39
59021;Roccagorga;21;18;0;0;0;;;;18;26;0;0;0;;;;26;44
59021;Roccagorga;22;18;0;0;0;;;;18;20;0;0;0;;;;20;38
59021;Roccagorga;23;26;0;0;0;;;;26;19;0;0;0;;;;19;45
59021;Roccagorga;24;28;0;0;0;;;;28;18;0;0;0;;;;18;46
59021;Roccagorga;25;23;0;0;0;;;;23;27;0;0;0;;;;27;50
59021;Roccagorga;26;34;0;0;0;;;;34;20;3;0;0;;;;23;57
59021;Roccagorga;27;22;0;0;0;;;;22;13;3;0;0;;;;16;38
59021;Roccagorga;28;34;2;0;0;;;;36;19;1;0;0;;;;20;56
59021;Roccagorga;29;19;3;0;0;;;;22;23;6;0;0;;;;29;51
59021;Roccagorga;30;22;1;0;0;;;;23;19;2;0;0;;;;21;44
59021;Roccagorga;31;25;4;0;0;;;;29;20;4;0;0;;;;24;53
59021;Roccagorga;32;23;3;0;0;;;;26;16;9;0;0;;;;25;51
59021;Roccagorga;33;22;3;1;0;;;;26;10;9;0;0;;;;19;45
59021;Roccagorga;34;24;7;0;0;;;;31;9;10;0;0;;;;19;50
59021;Roccagorga;35;19;4;0;0;;;;23;13;9;0;0;;;;22;45
59021;Roccagorga;36;17;10;1;0;;;;28;8;11;1;0;;;;20;48
59021;Roccagorga;37;17;9;1;1;;;;28;7;10;0;0;;;;17;45
59021;Roccagorga;38;21;9;1;0;;;;31;7;12;0;0;;;;19;50
59021;Roccagorga;39;13;12;0;0;;;;25;2;12;1;0;;;;15;40
59021;Roccagorga;40;11;15;3;0;;;;29;6;9;0;0;;;;15;44
59021;Roccagorga;41;15;10;0;0;;;;25;4;15;2;0;;;;21;46
59021;Roccagorga;42;16;14;0;0;;;;30;4;23;2;1;;;;30;60
59021;Roccagorga;43;7;12;0;0;;;;19;4;14;0;0;;;;18;37
59021;Roccagorga;44;12;17;1;0;;;;30;2;14;2;0;;;;18;48
59021;Roccagorga;45;10;10;0;0;;;;20;5;19;2;1;;;;27;47
59021;Roccagorga;46;7;10;1;0;;;;18;5;15;2;0;;;;22;40
59021;Roccagorga;47;7;17;0;2;;;;26;6;20;2;1;;;;29;55
59021;Roccagorga;48;14;14;2;0;;;;30;2;21;2;0;;;;25;55
59021;Roccagorga;49;11;22;0;0;;;;33;5;21;2;1;;;;29;62
59021;Roccagorga;50;8;9;1;0;;;;18;2;32;4;0;;;;38;56
59021;Roccagorga;51;5;23;2;0;;;;30;1;38;1;1;;;;41;71
59021;Roccagorga;52;4;25;1;0;;;;30;6;27;2;2;;;;37;67
59021;Roccagorga;53;9;21;2;1;;;;33;5;29;3;1;;;;38;71
59021;Roccagorga;54;7;32;0;0;;;;39;3;21;2;0;;;;26;65
59021;Roccagorga;55;9;30;4;0;;;;43;1;29;2;4;;;;36;79
59021;Roccagorga;56;3;24;1;2;;;;30;3;44;0;3;;;;50;80
59021;Roccagorga;57;4;28;3;0;;;;35;5;28;1;3;;;;37;72
59021;Roccagorga;58;4;33;0;0;;;;37;4;25;3;1;;;;33;70
59021;Roccagorga;59;1;26;1;0;;;;28;2;35;3;1;;;;41;69
59021;Roccagorga;60;3;38;1;0;;;;42;1;31;0;6;;;;38;80
59021;Roccagorga;61;3;28;0;2;;;;33;2;25;0;3;;;;30;63
59021;Roccagorga;62;2;31;2;1;;;;36;0;28;0;1;;;;29;65
59021;Roccagorga;63;2;23;1;0;;;;26;1;24;2;4;;;;31;57
59021;Roccagorga;64;1;25;1;2;;;;29;1;22;0;2;;;;25;54
59021;Roccagorga;65;3;25;2;1;;;;31;1;25;1;0;;;;27;58
59021;Roccagorga;66;2;20;0;0;;;;22;2;18;0;9;;;;29;51
59021;Roccagorga;67;1;29;0;1;;;;31;2;20;1;6;;;;29;60
59021;Roccagorga;68;1;16;0;1;;;;18;0;23;0;4;;;;27;45
59021;Roccagorga;69;0;16;0;3;;;;19;0;19;1;4;;;;24;43
59021;Roccagorga;70;0;19;1;1;;;;21;0;21;2;9;;;;32;53
59021;Roccagorga;71;0;21;0;1;;;;22;0;6;0;6;;;;12;34
59021;Roccagorga;72;0;13;0;0;;;;13;1;23;1;5;;;;30;43
59021;Roccagorga;73;0;15;1;0;;;;16;0;16;0;6;;;;22;38
59021;Roccagorga;74;1;18;1;3;;;;23;0;24;0;13;;;;37;60
59021;Roccagorga;75;0;13;0;4;;;;17;1;15;0;6;;;;22;39
59021;Roccagorga;76;2;22;0;1;;;;25;0;23;0;21;;;;44;69
59021;Roccagorga;77;0;29;2;2;;;;33;0;11;0;11;;;;22;55
59021;Roccagorga;78;1;14;0;1;;;;16;0;6;1;6;;;;13;29
59021;Roccagorga;79;2;9;0;2;;;;13;0;11;0;11;;;;22;35
59021;Roccagorga;80;0;11;1;2;;;;14;0;5;1;18;;;;24;38
59021;Roccagorga;81;0;19;1;1;;;;21;0;6;0;15;;;;21;42
59021;Roccagorga;82;0;10;0;0;;;;10;1;1;0;12;;;;14;24
59021;Roccagorga;83;0;9;0;2;;;;11;1;4;0;14;;;;19;30
59021;Roccagorga;84;0;13;0;1;;;;14;0;2;1;16;;;;19;33
59021;Roccagorga;85;0;13;0;2;;;;15;0;2;0;8;;;;10;25
59021;Roccagorga;86;0;16;0;4;;;;20;0;6;0;12;;;;18;38
59021;Roccagorga;87;0;6;0;3;;;;9;1;1;0;9;;;;11;20
59021;Roccagorga;88;0;2;0;3;;;;5;0;1;0;7;;;;8;13
59021;Roccagorga;89;0;3;0;3;;;;6;0;0;0;14;;;;14;20
59021;Roccagorga;90;0;2;0;3;;;;5;0;0;0;12;;;;12;17
59021;Roccagorga;91;0;3;0;1;;;;4;0;3;0;5;;;;8;12
59021;Roccagorga;92;0;1;0;1;;;;2;0;0;0;4;;;;4;6
59021;Roccagorga;93;0;3;0;2;;;;5;0;0;0;5;;;;5;10
59021;Roccagorga;94;0;0;0;1;;;;1;0;0;0;2;;;;2;3
59021;Roccagorga;95;0;1;0;0;;;;1;0;0;0;1;;;;1;2
59021;Roccagorga;96;0;1;0;0;;;;1;0;0;0;1;;;;1;2
59021;Roccagorga;97;0;0;0;0;;;;0;0;0;0;2;;;;2;2
59021;Roccagorga;98;0;0;0;0;;;;0;0;0;0;0;;;;0;0
59021;Roccagorga;99;0;0;0;0;;;;0;0;0;0;0;;;;0;0
59021;Roccagorga;100;0;0;0;0;;;;0;0;1;0;0;;;;1;1
59021;Roccagorga;999;949;996;40;61;;;;2046;700;1003;50;310;;;;2063;4109
59022;Rocca Massima;0;6;0;0;0;;;;6;9;0;0;0;;;;9;15
59022;Rocca Massima;1;6;0;0;0;;;;6;5;0;0;0;;;;5;11
59022;Rocca Massima;2;3;0;0;0;;;;3;3;0;0;0;;;;3;6
59022;Rocca Massima;3;4;0;0;0;;;;4;5;0;0;0;;;;5;9
59022;Rocca Massima;4;6;0;0;0;;;;6;3;0;0;0;;;;3;9
59022;Rocca Massima;5;2;0;0;0;;;;2;5;0;0;0;;;;5;7
59022;Rocca Massima;6;2;0;0;0;;;;2;1;0;0;0;;;;1;3
59022;Rocca Massima;7;4;0;0;0;;;;4;3;0;0;0;;;;3;7
59022;Rocca Massima;8;8;0;0;0;;;;8;5;0;0;0;;;;5;13
59022;Rocca Massima;9;2;0;0;0;;;;2;4;0;0;0;;;;4;6
59022;Rocca Massima;10;4;0;0;0;;;;4;4;0;0;0;;;;4;8
59022;Rocca Massima;11;6;0;0;0;;;;6;2;0;0;0;;;;2;8
59022;Rocca Massima;12;6;0;0;0;;;;6;4;0;0;0;;;;4;10
59022;Rocca Massima;13;6;0;0;0;;;;6;4;0;0;0;;;;4;10
59022;Rocca Massima;14;2;0;0;0;;;;2;7;0;0;0;;;;7;9
59022;Rocca Massima;15;4;0;0;0;;;;4;4;0;0;0;;;;4;8
59022;Rocca Massima;16;6;0;0;0;;;;6;2;0;0;0;;;;2;8
59022;Rocca Massima;17;4;0;0;0;;;;4;5;0;0;0;;;;5;9
59022;Rocca Massima;18;5;0;0;0;;;;5;8;0;0;0;;;;8;13
59022;Rocca Massima;19;2;0;0;0;;;;2;3;0;0;0;;;;3;5
59022;Rocca Massima;20;6;0;0;0;;;;6;7;0;0;0;;;;7;13
59022;Rocca Massima;21;9;0;0;0;;;;9;4;0;0;0;;;;4;13
59022;Rocca Massima;22;6;0;0;0;;;;6;4;0;0;0;;;;4;10
59022;Rocca Massima;23;10;0;0;0;;;;10;6;0;0;0;;;;6;16
59022;Rocca Massima;24;7;0;0;0;;;;7;5;0;0;0;;;;5;12
59022;Rocca Massima;25;10;0;0;0;;;;10;5;0;0;0;;;;5;15
59022;Rocca Massima;26;6;1;0;0;;;;7;5;0;0;0;;;;5;12
59022;Rocca Massima;27;7;0;0;0;;;;7;5;1;0;0;;;;6;13
59022;Rocca Massima;28;4;0;0;0;;;;4;7;0;0;0;;;;7;11
59022;Rocca Massima;29;5;1;0;0;;;;6;3;1;0;0;;;;4;10
59022;Rocca Massima;30;8;0;0;0;;;;8;3;1;0;0;;;;4;12
59022;Rocca Massima;31;5;0;0;0;;;;5;5;1;0;0;;;;6;11
59022;Rocca Massima;32;7;1;0;0;;;;8;2;2;0;0;;;;4;12
59022;Rocca Massima;33;7;1;0;0;;;;8;5;2;0;0;;;;7;15
59022;Rocca Massima;34;4;1;0;0;;;;5;3;1;1;0;;;;5;10
59022;Rocca Massima;35;3;2;0;0;;;;5;7;1;0;0;;;;8;13
59022;Rocca Massima;36;6;2;0;0;;;;8;4;6;0;0;;;;10;18
59022;Rocca Massima;37;8;0;0;0;;;;8;4;2;0;0;;;;6;14
59022;Rocca Massima;38;5;2;0;0;;;;7;1;2;0;0;;;;3;10
59022;Rocca Massima;39;9;5;0;0;;;;14;4;4;0;0;;;;8;22
59022;Rocca Massima;40;4;1;0;0;;;;5;1;1;0;0;;;;2;7
59022;Rocca Massima;41;3;5;0;0;;;;8;3;3;1;0;;;;7;15
59022;Rocca Massima;42;1;4;0;0;;;;5;5;3;0;0;;;;8;13
59022;Rocca Massima;43;6;3;0;0;;;;9;3;1;0;0;;;;4;13
59022;Rocca Massima;44;8;3;0;0;;;;11;2;8;0;0;;;;10;21
59022;Rocca Massima;45;3;5;0;0;;;;8;2;5;1;1;;;;9;17
59022;Rocca Massima;46;1;3;0;0;;;;4;3;2;2;0;;;;7;11
59022;Rocca Massima;47;1;1;0;0;;;;2;1;4;1;0;;;;6;8
59022;Rocca Massima;48;2;4;0;0;;;;6;0;4;1;0;;;;5;11
59022;Rocca Massima;49;2;7;1;0;;;;10;5;5;0;1;;;;11;21
59022;Rocca Massima;50;1;8;0;0;;;;9;1;8;0;0;;;;9;18
59022;Rocca Massima;51;7;7;0;0;;;;14;2;5;0;0;;;;7;21
59022;Rocca Massima;52;3;5;1;0;;;;9;0;4;0;0;;;;4;13
59022;Rocca Massima;53;4;5;1;0;;;;10;5;6;0;0;;;;11;21
59022;Rocca Massima;54;3;7;0;0;;;;10;0;6;1;0;;;;7;17
59022;Rocca Massima;55;1;6;1;0;;;;8;0;6;0;0;;;;6;14
59022;Rocca Massima;56;3;6;1;0;;;;10;1;4;0;0;;;;5;15
59022;Rocca Massima;57;0;9;2;0;;;;11;1;11;1;0;;;;13;24
59022;Rocca Massima;58;0;8;0;0;;;;8;1;3;0;0;;;;4;12
59022;Rocca Massima;59;3;10;0;0;;;;13;1;15;0;0;;;;16;29
59022;Rocca Massima;60;0;9;0;0;;;;9;1;7;0;0;;;;8;17
59022;Rocca Massima;61;2;3;2;0;;;;7;0;7;2;0;;;;9;16
59022;Rocca Massima;62;0;7;0;0;;;;7;1;7;0;0;;;;8;15
59022;Rocca Massima;63;2;6;0;1;;;;9;0;6;1;0;;;;7;16
59022;Rocca Massima;64;2;9;0;2;;;;13;1;4;0;0;;;;5;18
59022;Rocca Massima;65;2;7;0;0;;;;9;1;4;0;1;;;;6;15
59022;Rocca Massima;66;1;7;0;0;;;;8;0;7;0;0;;;;7;15
59022;Rocca Massima;67;0;4;0;0;;;;4;1;4;0;2;;;;7;11
59022;Rocca Massima;68;0;4;0;0;;;;4;0;3;0;1;;;;4;8
59022;Rocca Massima;69;0;4;0;0;;;;4;1;3;0;0;;;;4;8
59022;Rocca Massima;70;1;6;0;1;;;;8;0;8;0;0;;;;8;16
59022;Rocca Massima;71;1;5;0;0;;;;6;0;6;0;3;;;;9;15
59022;Rocca Massima;72;1;4;0;2;;;;7;0;2;1;2;;;;5;12
59022;Rocca Massima;73;0;5;0;0;;;;5;0;4;0;1;;;;5;10
59022;Rocca Massima;74;2;6;0;2;;;;10;0;2;0;1;;;;3;13
59022;Rocca Massima;75;1;6;0;0;;;;7;0;4;1;1;;;;6;13
59022;Rocca Massima;76;0;2;1;0;;;;3;0;5;0;1;;;;6;9
59022;Rocca Massima;77;0;1;0;1;;;;2;0;0;0;3;;;;3;5
59022;Rocca Massima;78;1;4;0;1;;;;6;0;6;0;4;;;;10;16
59022;Rocca Massima;79;0;3;1;0;;;;4;2;3;0;0;;;;5;9
59022;Rocca Massima;80;0;6;0;0;;;;6;0;2;0;4;;;;6;12
59022;Rocca Massima;81;0;3;0;1;;;;4;0;1;0;2;;;;3;7
59022;Rocca Massima;82;0;2;0;0;;;;2;0;2;0;1;;;;3;5
59022;Rocca Massima;83;0;3;0;2;;;;5;0;0;0;3;;;;3;8
59022;Rocca Massima;84;0;3;0;1;;;;4;1;3;0;4;;;;8;12
59022;Rocca Massima;85;0;1;0;0;;;;1;0;4;0;1;;;;5;6
59022;Rocca Massima;86;1;3;0;1;;;;5;0;1;0;1;;;;2;7
59022;Rocca Massima;87;0;1;0;1;;;;2;0;1;0;2;;;;3;5
59022;Rocca Massima;88;0;3;0;1;;;;4;1;0;0;4;;;;5;9
59022;Rocca Massima;89;0;1;0;0;;;;1;0;0;0;2;;;;2;3
59022;Rocca Massima;90;0;2;0;0;;;;2;0;0;0;4;;;;4;6
59022;Rocca Massima;91;0;1;0;1;;;;2;1;0;0;5;;;;6;8
59022;Rocca Massima;92;0;0;0;1;;;;1;0;0;0;1;;;;1;2
59022;Rocca Massima;93;0;0;0;1;;;;1;0;0;0;2;;;;2;3
59022;Rocca Massima;94;0;0;0;0;;;;0;0;0;0;3;;;;3;3
59022;Rocca Massima;95;0;0;0;0;;;;0;0;0;0;0;;;;0;0
59022;Rocca Massima;96;0;0;0;0;;;;0;0;0;0;0;;;;0;0
59022;Rocca Massima;97;1;0;0;0;;;;1;0;0;0;0;;;;0;1
59022;Rocca Massima;98;0;0;0;0;;;;0;0;0;0;0;;;;0;0
59022;Rocca Massima;99;0;0;0;0;;;;0;0;0;0;0;;;;0;0
59022;Rocca Massima;100;0;0;0;0;;;;0;0;0;0;0;;;;0;0
59022;Rocca Massima;999;294;254;11;20;;;;579;223;234;14;61;;;;532;1111
59023;Roccasecca dei Volsci;0;4;0;0;0;;;;4;4;0;0;0;;;;4;8
59023;Roccasecca dei Volsci;1;3;0;0;0;;;;3;5;0;0;0;;;;5;8
59023;Roccasecca dei Volsci;2;0;0;0;0;;;;0;8;0;0;0;;;;8;8
59023;Roccasecca dei Volsci;3;2;0;0;0;;;;2;2;0;0;0;;;;2;4
59023;Roccasecca dei Volsci;4;1;0;0;0;;;;1;1;0;0;0;;;;1;2
59023;Roccasecca dei Volsci;5;4;0;0;0;;;;4;2;0;0;0;;;;2;6
59023;Roccasecca dei Volsci;6;3;0;0;0;;;;3;7;0;0;0;;;;7;10
59023;Roccasecca dei Volsci;7;3;0;0;0;;;;3;7;0;0;0;;;;7;10
59023;Roccasecca dei Volsci;8;3;0;0;0;;;;3;4;0;0;0;;;;4;7
59023;Roccasecca dei Volsci;9;5;0;0;0;;;;5;3;0;0;0;;;;3;8
59023;Roccasecca dei Volsci;10;2;0;0;0;;;;2;3;0;0;0;;;;3;5
59023;Roccasecca dei Volsci;11;4;0;0;0;;;;4;4;0;0;0;;;;4;8
59023;Roccasecca dei Volsci;12;2;0;0;0;;;;2;2;0;0;0;;;;2;4
59023;Roccasecca dei Volsci;13;11;0;0;0;;;;11;6;0;0;0;;;;6;17
59023;Roccasecca dei Volsci;14;4;0;0;0;;;;4;1;0;0;0;;;;1;5
59023;Roccasecca dei Volsci;15;1;0;0;0;;;;1;3;0;0;0;;;;3;4
59023;Roccasecca dei Volsci;16;2;0;0;0;;;;2;3;0;0;0;;;;3;5
59023;Roccasecca dei Volsci;17;3;0;0;0;;;;3;3;0;0;0;;;;3;6
59023;Roccasecca dei Volsci;18;8;0;0;0;;;;8;8;0;0;0;;;;8;16
59023;Roccasecca dei Volsci;19;4;0;0;0;;;;4;5;0;0;0;;;;5;9
59023;Roccasecca dei Volsci;20;8;0;0;0;;;;8;5;0;0;0;;;;5;13
59023;Roccasecca dei Volsci;21;3;0;0;0;;;;3;5;0;0;0;;;;5;8
59023;Roccasecca dei Volsci;22;5;0;0;0;;;;5;8;0;0;0;;;;8;13
59023;Roccasecca dei Volsci;23;10;0;0;0;;;;10;5;0;0;0;;;;5;15
59023;Roccasecca dei Volsci;24;7;0;0;0;;;;7;5;0;0;0;;;;5;12
59023;Roccasecca dei Volsci;25;9;0;0;0;;;;9;5;0;0;0;;;;5;14
59023;Roccasecca dei Volsci;26;10;0;0;0;;;;10;0;0;0;0;;;;0;10
59023;Roccasecca dei Volsci;27;4;0;0;0;;;;4;5;1;0;0;;;;6;10
59023;Roccasecca dei Volsci;28;8;0;0;0;;;;8;7;0;0;0;;;;7;15
59023;Roccasecca dei Volsci;29;12;1;0;0;;;;13;4;1;0;0;;;;5;18
59023;Roccasecca dei Volsci;30;3;1;0;0;;;;4;5;0;0;0;;;;5;9
59023;Roccasecca dei Volsci;31;7;0;0;0;;;;7;3;1;0;0;;;;4;11
59023;Roccasecca dei Volsci;32;7;0;0;0;;;;7;1;2;0;0;;;;3;10
59023;Roccasecca dei Volsci;33;7;1;0;0;;;;8;3;5;0;0;;;;8;16
59023;Roccasecca dei Volsci;34;2;1;0;0;;;;3;4;5;0;0;;;;9;12
59023;Roccasecca dei Volsci;35;5;0;0;0;;;;5;5;2;0;0;;;;7;12
59023;Roccasecca dei Volsci;36;5;6;0;0;;;;11;3;2;0;0;;;;5;16
59023;Roccasecca dei Volsci;37;2;5;0;0;;;;7;2;3;0;0;;;;5;12
59023;Roccasecca dei Volsci;38;4;0;0;0;;;;4;1;2;0;0;;;;3;7
59023;Roccasecca dei Volsci;39;2;0;0;0;;;;2;0;2;0;0;;;;2;4
59023;Roccasecca dei Volsci;40;2;1;0;0;;;;3;1;4;0;0;;;;5;8
59023;Roccasecca dei Volsci;41;5;2;0;0;;;;7;0;4;1;0;;;;5;12
59023;Roccasecca dei Volsci;42;1;3;0;0;;;;4;1;2;1;0;;;;4;8
59023;Roccasecca dei Volsci;43;1;4;0;0;;;;5;2;6;0;0;;;;8;13
59023;Roccasecca dei Volsci;44;0;2;0;0;;;;2;1;3;0;0;;;;4;6
59023;Roccasecca dei Volsci;45;8;13;0;0;;;;21;1;0;1;0;;;;2;23
59023;Roccasecca dei Volsci;46;1;3;0;0;;;;4;2;2;0;0;;;;4;8
59023;Roccasecca dei Volsci;47;3;2;0;0;;;;5;3;3;0;0;;;;6;11
59023;Roccasecca dei Volsci;48;1;4;0;0;;;;5;0;6;1;0;;;;7;12
59023;Roccasecca dei Volsci;49;2;5;0;0;;;;7;1;7;1;0;;;;9;16
59023;Roccasecca dei Volsci;50;5;4;1;0;;;;10;1;3;0;0;;;;4;14
59023;Roccasecca dei Volsci;51;1;4;0;0;;;;5;0;7;1;1;;;;9;14
59023;Roccasecca dei Volsci;52;2;4;0;0;;;;6;1;5;1;0;;;;7;13
59023;Roccasecca dei Volsci;53;3;7;0;0;;;;10;1;5;1;1;;;;8;18
59023;Roccasecca dei Volsci;54;1;4;2;0;;;;7;1;7;2;1;;;;11;18
59023;Roccasecca dei Volsci;55;2;7;2;0;;;;11;0;5;0;0;;;;5;16
59023;Roccasecca dei Volsci;56;2;4;0;0;;;;6;2;10;1;3;;;;16;22
59023;Roccasecca dei Volsci;57;7;7;1;0;;;;15;0;13;1;2;;;;16;31
59023;Roccasecca dei Volsci;58;1;10;1;0;;;;12;1;5;0;0;;;;6;18
59023;Roccasecca dei Volsci;59;1;5;1;0;;;;7;0;8;0;0;;;;8;15
59023;Roccasecca dei Volsci;60;2;7;0;0;;;;9;1;6;0;0;;;;7;16
59023;Roccasecca dei Volsci;61;2;8;1;1;;;;12;1;8;0;0;;;;9;21
59023;Roccasecca dei Volsci;62;0;7;0;0;;;;7;2;7;0;2;;;;11;18
59023;Roccasecca dei Volsci;63;2;4;0;0;;;;6;0;4;0;0;;;;4;10
59023;Roccasecca dei Volsci;64;1;10;0;0;;;;11;1;4;0;0;;;;5;16
59023;Roccasecca dei Volsci;65;1;4;0;0;;;;5;1;4;0;0;;;;5;10
59023;Roccasecca dei Volsci;66;0;5;1;0;;;;6;0;9;0;0;;;;9;15
59023;Roccasecca dei Volsci;67;0;5;1;0;;;;6;0;5;1;2;;;;8;14
59023;Roccasecca dei Volsci;68;0;6;0;0;;;;6;0;6;0;2;;;;8;14
59023;Roccasecca dei Volsci;69;1;8;0;1;;;;10;1;7;0;2;;;;10;20
59023;Roccasecca dei Volsci;70;0;6;0;0;;;;6;0;4;0;1;;;;5;11
59023;Roccasecca dei Volsci;71;1;1;0;1;;;;3;0;4;0;2;;;;6;9
59023;Roccasecca dei Volsci;72;1;2;0;0;;;;3;0;4;0;0;;;;4;7
59023;Roccasecca dei Volsci;73;0;3;0;0;;;;3;0;3;0;1;;;;4;7
59023;Roccasecca dei Volsci;74;0;6;0;0;;;;6;1;3;0;2;;;;6;12
59023;Roccasecca dei Volsci;75;0;6;0;1;;;;7;1;3;0;4;;;;8;15
59023;Roccasecca dei Volsci;76;1;7;1;0;;;;9;0;8;0;3;;;;11;20
59023;Roccasecca dei Volsci;77;1;4;0;0;;;;5;0;1;0;1;;;;2;7
59023;Roccasecca dei Volsci;78;0;2;0;0;;;;2;0;3;0;5;;;;8;10
59023;Roccasecca dei Volsci;79;0;2;0;0;;;;2;0;4;0;4;;;;8;10
59023;Roccasecca dei Volsci;80;0;6;0;0;;;;6;0;2;0;1;;;;3;9
59023;Roccasecca dei Volsci;81;0;0;0;1;;;;1;0;3;0;4;;;;7;8
59023;Roccasecca dei Volsci;82;0;5;0;0;;;;5;0;1;0;2;;;;3;8
59023;Roccasecca dei Volsci;83;0;2;0;2;;;;4;0;1;0;2;;;;3;7
59023;Roccasecca dei Volsci;84;0;4;0;2;;;;6;0;0;0;2;;;;2;8
59023;Roccasecca dei Volsci;85;0;6;0;4;;;;10;0;1;0;7;;;;8;18
59023;Roccasecca dei Volsci;86;0;3;0;0;;;;3;0;3;0;3;;;;6;9
59023;Roccasecca dei Volsci;87;0;1;0;2;;;;3;0;0;0;1;;;;1;4
59023;Roccasecca dei Volsci;88;0;3;0;0;;;;3;0;0;0;3;;;;3;6
59023;Roccasecca dei Volsci;89;0;0;0;0;;;;0;0;0;0;4;;;;4;4
59023;Roccasecca dei Volsci;90;0;0;0;0;;;;0;0;0;0;1;;;;1;1
59023;Roccasecca dei Volsci;91;0;1;0;0;;;;1;0;0;0;0;;;;0;1
59023;Roccasecca dei Volsci;92;0;2;0;0;;;;2;0;0;0;3;;;;3;5
59023;Roccasecca dei Volsci;93;0;0;0;0;;;;0;0;0;0;1;;;;1;1
59023;Roccasecca dei Volsci;94;0;0;0;0;;;;0;0;0;0;0;;;;0;0
59023;Roccasecca dei Volsci;95;0;0;0;0;;;;0;0;0;0;0;;;;0;0
59023;Roccasecca dei Volsci;96;0;0;0;0;;;;0;0;0;0;1;;;;1;1
59023;Roccasecca dei Volsci;97;0;0;0;0;;;;0;0;0;0;0;;;;0;0
59023;Roccasecca dei Volsci;98;0;0;0;0;;;;0;0;0;0;0;;;;0;0
59023;Roccasecca dei Volsci;99;0;0;0;0;;;;0;0;0;0;0;;;;0;0
59023;Roccasecca dei Volsci;100;0;0;0;0;;;;0;0;0;0;0;;;;0;0
59023;Roccasecca dei Volsci;999;251;246;12;15;;;;524;185;239;13;74;;;;511;1035
59024;Sabaudia;0;48;0;0;0;;;;48;40;0;0;0;;;;40;88
59024;Sabaudia;1;63;0;0;0;;;;63;58;0;0;0;;;;58;121
59024;Sabaudia;2;53;0;0;0;;;;53;56;0;0;0;;;;56;109
59024;Sabaudia;3;77;0;0;0;;;;77;67;0;0;0;;;;67;144
59024;Sabaudia;4;63;0;0;0;;;;63;71;0;0;0;;;;71;134
59024;Sabaudia;5;84;0;0;0;;;;84;61;0;0;0;;;;61;145
59024;Sabaudia;6;88;0;0;0;;;;88;71;0;0;0;;;;71;159
59024;Sabaudia;7;79;0;0;0;;;;79;81;0;0;0;;;;81;160
59024;Sabaudia;8;72;0;0;0;;;;72;86;0;0;0;;;;86;158
59024;Sabaudia;9;82;0;0;0;;;;82;83;0;0;0;;;;83;165
59024;Sabaudia;10;99;0;0;0;;;;99;78;0;0;0;;;;78;177
59024;Sabaudia;11;104;0;0;0;;;;104;91;0;0;0;;;;91;195
59024;Sabaudia;12;93;0;0;0;;;;93;92;0;0;0;;;;92;185
59024;Sabaudia;13;88;0;0;0;;;;88;91;0;0;0;;;;91;179
59024;Sabaudia;14;96;0;0;0;;;;96;97;0;0;0;;;;97;193
59024;Sabaudia;15;91;0;0;0;;;;91;86;0;0;0;;;;86;177
59024;Sabaudia;16;112;0;0;0;;;;112;106;0;0;0;;;;106;218
59024;Sabaudia;17;103;0;0;0;;;;103;107;0;0;0;;;;107;210
59024;Sabaudia;18;83;0;0;0;;;;83;91;0;0;0;;;;91;174
59024;Sabaudia;19;92;0;0;0;;;;92;78;0;0;0;;;;78;170
59024;Sabaudia;20;89;0;0;0;;;;89;81;0;0;0;;;;81;170
59024;Sabaudia;21;97;0;0;0;;;;97;101;0;0;0;;;;101;198
59024;Sabaudia;22;91;0;0;0;;;;91;93;1;0;0;;;;94;185
59024;Sabaudia;23;102;1;0;0;;;;103;88;1;0;0;;;;89;192
59024;Sabaudia;24;106;0;0;0;;;;106;82;0;0;0;;;;82;188
59024;Sabaudia;25;89;1;0;0;;;;90;68;2;0;0;;;;70;160
59024;Sabaudia;26;85;1;0;0;;;;86;71;6;0;0;;;;77;163
59024;Sabaudia;27;89;3;0;0;;;;92;65;12;0;0;;;;77;169
59024;Sabaudia;28;83;1;0;0;;;;84;71;12;0;0;;;;83;167
59024;Sabaudia;29;77;6;0;0;;;;83;81;10;0;0;;;;91;174
59024;Sabaudia;30;111;5;0;0;;;;116;58;29;1;0;;;;88;204
59024;Sabaudia;31;83;16;0;0;;;;99;57;35;0;0;;;;92;191
59024;Sabaudia;32;87;15;0;0;;;;102;53;34;0;0;;;;87;189
59024;Sabaudia;33;92;23;0;0;;;;115;59;41;1;0;;;;101;216
59024;Sabaudia;34;74;28;0;0;;;;102;36;56;0;0;;;;92;194
59024;Sabaudia;35;69;27;0;0;;;;96;54;51;1;0;;;;106;202
59024;Sabaudia;36;93;35;2;0;;;;130;60;69;1;0;;;;130;260
59024;Sabaudia;37;88;52;2;0;;;;142;45;60;2;0;;;;107;249
59024;Sabaudia;38;73;48;1;0;;;;122;36;64;2;0;;;;102;224
59024;Sabaudia;39;81;56;0;0;;;;137;49;75;3;0;;;;127;264
59024;Sabaudia;40;65;53;1;0;;;;119;41;76;1;0;;;;118;237
59024;Sabaudia;41;69;82;1;0;;;;152;40;69;2;1;;;;112;264
59024;Sabaudia;42;72;80;2;1;;;;155;33;93;1;2;;;;129;284
59024;Sabaudia;43;66;75;5;0;;;;146;45;99;4;3;;;;151;297
59024;Sabaudia;44;55;75;3;1;;;;134;33;79;5;2;;;;119;253
59024;Sabaudia;45;59;92;4;0;;;;155;31;97;2;0;;;;130;285
59024;Sabaudia;46;81;96;3;1;;;;181;46;92;7;4;;;;149;330
59024;Sabaudia;47;63;84;6;1;;;;154;36;89;6;1;;;;132;286
59024;Sabaudia;48;56;121;2;1;;;;180;32;95;10;2;;;;139;319
59024;Sabaudia;49;62;94;5;1;;;;162;24;112;4;5;;;;145;307
59024;Sabaudia;50;46;126;9;2;;;;183;28;105;10;2;;;;145;328
59024;Sabaudia;51;51;111;9;0;;;;171;33;126;9;3;;;;171;342
59024;Sabaudia;52;56;104;12;1;;;;173;40;136;9;4;;;;189;362
59024;Sabaudia;53;54;112;10;2;;;;178;27;107;10;1;;;;145;323
59024;Sabaudia;54;36;115;12;0;;;;163;24;123;16;5;;;;168;331
59024;Sabaudia;55;39;117;8;1;;;;165;25;104;6;8;;;;143;308
59024;Sabaudia;56;41;104;7;3;;;;155;25;116;9;6;;;;156;311
59024;Sabaudia;57;44;137;11;5;;;;197;21;127;11;6;;;;165;362
59024;Sabaudia;58;27;121;12;3;;;;163;27;131;7;8;;;;173;336
59024;Sabaudia;59;19;117;13;4;;;;153;25;149;10;5;;;;189;342
59024;Sabaudia;60;22;99;10;1;;;;132;11;128;15;8;;;;162;294
59024;Sabaudia;61;17;105;6;0;;;;128;13;103;7;6;;;;129;257
59024;Sabaudia;62;21;132;9;2;;;;164;10;104;7;14;;;;135;299
59024;Sabaudia;63;11;120;5;1;;;;137;16;113;6;17;;;;152;289
59024;Sabaudia;64;12;107;7;7;;;;133;8;107;10;13;;;;138;271
59024;Sabaudia;65;8;107;3;2;;;;120;5;82;6;13;;;;106;226
59024;Sabaudia;66;10;94;5;3;;;;112;10;96;3;9;;;;118;230
59024;Sabaudia;67;11;70;8;3;;;;92;4;78;5;16;;;;103;195
59024;Sabaudia;68;9;93;3;3;;;;108;6;85;3;26;;;;120;228
59024;Sabaudia;69;4;102;9;3;;;;118;9;84;7;23;;;;123;241
59024;Sabaudia;70;6;92;8;5;;;;111;9;83;5;26;;;;123;234
59024;Sabaudia;71;8;102;3;10;;;;123;5;67;6;22;;;;100;223
59024;Sabaudia;72;3;75;3;6;;;;87;9;69;3;20;;;;101;188
59024;Sabaudia;73;3;88;4;3;;;;98;6;75;6;34;;;;121;219
59024;Sabaudia;74;5;99;7;3;;;;114;4;79;8;30;;;;121;235
59024;Sabaudia;75;5;78;5;6;;;;94;7;65;5;28;;;;105;199
59024;Sabaudia;76;7;93;5;12;;;;117;5;59;6;30;;;;100;217
59024;Sabaudia;77;4;93;1;5;;;;103;3;58;3;40;;;;104;207
59024;Sabaudia;78;2;73;4;12;;;;91;5;51;4;38;;;;98;189
59024;Sabaudia;79;3;43;3;9;;;;58;3;49;1;33;;;;86;144
59024;Sabaudia;80;3;54;6;12;;;;75;9;41;0;30;;;;80;155
59024;Sabaudia;81;3;47;2;5;;;;57;3;37;2;39;;;;81;138
59024;Sabaudia;82;4;47;1;6;;;;58;1;41;3;32;;;;77;135
59024;Sabaudia;83;5;40;1;4;;;;50;6;29;1;37;;;;73;123
59024;Sabaudia;84;3;42;1;13;;;;59;2;20;3;52;;;;77;136
59024;Sabaudia;85;3;54;0;9;;;;66;6;16;1;39;;;;62;128
59024;Sabaudia;86;3;28;1;13;;;;45;3;18;1;37;;;;59;104
59024;Sabaudia;87;2;29;0;6;;;;37;3;11;0;27;;;;41;78
59024;Sabaudia;88;1;23;0;7;;;;31;3;5;0;28;;;;36;67
59024;Sabaudia;89;0;18;0;7;;;;25;4;4;0;26;;;;34;59
59024;Sabaudia;90;1;7;0;6;;;;14;2;2;0;20;;;;24;38
59024;Sabaudia;91;0;8;0;4;;;;12;0;0;1;22;;;;23;35
59024;Sabaudia;92;0;5;0;6;;;;11;2;3;0;9;;;;14;25
59024;Sabaudia;93;0;6;0;2;;;;8;1;0;1;12;;;;14;22
59024;Sabaudia;94;0;1;0;3;;;;4;2;2;0;14;;;;18;22
59024;Sabaudia;95;0;2;0;1;;;;3;0;0;0;9;;;;9;12
59024;Sabaudia;96;0;2;0;0;;;;2;0;0;0;6;;;;6;8
59024;Sabaudia;97;0;1;0;2;;;;3;1;0;0;5;;;;6;9
59024;Sabaudia;98;0;3;0;1;;;;4;1;1;0;4;;;;6;10
59024;Sabaudia;99;0;0;0;0;;;;0;0;1;0;1;;;;2;2
59024;Sabaudia;100;0;0;0;0;;;;0;0;0;0;4;;;;4;4
59024;Sabaudia;999;4689;4616;260;230;;;;9795;3732;4549;279;967;;;;9527;19322
59025;San Felice Circeo;0;35;0;0;0;;;;35;28;0;0;0;;;;28;63
59025;San Felice Circeo;1;52;0;0;0;;;;52;32;0;0;0;;;;32;84
59025;San Felice Circeo;2;40;0;0;0;;;;40;27;0;0;0;;;;27;67
59025;San Felice Circeo;3;32;0;0;0;;;;32;26;0;0;0;;;;26;58
59025;San Felice Circeo;4;22;0;0;0;;;;22;27;0;0;0;;;;27;49
59025;San Felice Circeo;5;47;0;0;0;;;;47;33;0;0;0;;;;33;80
59025;San Felice Circeo;6;36;0;0;0;;;;36;36;0;0;0;;;;36;72
59025;San Felice Circeo;7;34;0;0;0;;;;34;31;0;0;0;;;;31;65
59025;San Felice Circeo;8;52;0;0;0;;;;52;36;0;0;0;;;;36;88
59025;San Felice Circeo;9;40;0;0;0;;;;40;26;0;0;0;;;;26;66
59025;San Felice Circeo;10;33;0;0;0;;;;33;31;0;0;0;;;;31;64
59025;San Felice Circeo;11;48;0;0;0;;;;48;38;0;0;0;;;;38;86
59025;San Felice Circeo;12;38;0;0;0;;;;38;34;0;0;0;;;;34;72
59025;San Felice Circeo;13;52;0;0;0;;;;52;36;0;0;0;;;;36;88
59025;San Felice Circeo;14;46;0;0;0;;;;46;43;0;0;0;;;;43;89
59025;San Felice Circeo;15;50;0;0;0;;;;50;36;0;0;0;;;;36;86
59025;San Felice Circeo;16;39;0;0;0;;;;39;29;0;0;0;;;;29;68
59025;San Felice Circeo;17;44;0;0;0;;;;44;37;0;0;0;;;;37;81
59025;San Felice Circeo;18;44;0;0;0;;;;44;38;0;0;0;;;;38;82
59025;San Felice Circeo;19;47;0;0;0;;;;47;41;0;0;0;;;;41;88
59025;San Felice Circeo;20;39;0;0;0;;;;39;46;1;0;0;;;;47;86
59025;San Felice Circeo;21;56;0;0;0;;;;56;36;0;0;0;;;;36;92
59025;San Felice Circeo;22;48;0;0;0;;;;48;33;1;0;0;;;;34;82
59025;San Felice Circeo;23;49;0;0;0;;;;49;44;1;0;0;;;;45;94
59025;San Felice Circeo;24;46;1;0;0;;;;47;32;1;0;0;;;;33;80
59025;San Felice Circeo;25;52;3;0;0;;;;55;34;3;0;0;;;;37;92
59025;San Felice Circeo;26;51;3;0;0;;;;54;37;9;0;0;;;;46;100
59025;San Felice Circeo;27;47;2;0;0;;;;49;36;4;0;0;;;;40;89
59025;San Felice Circeo;28;62;3;0;0;;;;65;38;8;0;0;;;;46;111
59025;San Felice Circeo;29;44;4;1;0;;;;49;34;15;0;0;;;;49;98
59025;San Felice Circeo;30;47;5;0;0;;;;52;25;12;0;0;;;;37;89
59025;San Felice Circeo;31;52;5;0;0;;;;57;29;16;0;0;;;;45;102
59025;San Felice Circeo;32;49;11;1;0;;;;61;39;18;1;0;;;;58;119
59025;San Felice Circeo;33;35;15;1;0;;;;51;27;32;1;1;;;;61;112
59025;San Felice Circeo;34;45;4;1;0;;;;50;24;15;1;1;;;;41;91
59025;San Felice Circeo;35;37;20;0;1;;;;58;30;29;0;0;;;;59;117
59025;San Felice Circeo;36;42;20;1;0;;;;63;28;26;0;0;;;;54;117
59025;San Felice Circeo;37;52;27;1;0;;;;80;27;37;3;0;;;;67;147
59025;San Felice Circeo;38;37;24;1;0;;;;62;19;27;1;0;;;;47;109
59025;San Felice Circeo;39;45;28;0;0;;;;73;24;36;2;0;;;;62;135
59025;San Felice Circeo;40;35;35;2;0;;;;72;25;31;3;2;;;;61;133
59025;San Felice Circeo;41;36;34;1;0;;;;71;22;40;2;0;;;;64;135
59025;San Felice Circeo;42;37;35;0;0;;;;72;16;37;5;2;;;;60;132
59025;San Felice Circeo;43;38;41;0;1;;;;80;20;41;3;3;;;;67;147
59025;San Felice Circeo;44;40;44;3;1;;;;88;17;30;5;1;;;;53;141
59025;San Felice Circeo;45;35;30;4;1;;;;70;17;41;2;1;;;;61;131
59025;San Felice Circeo;46;36;41;4;1;;;;82;21;28;6;1;;;;56;138
59025;San Felice Circeo;47;37;44;5;1;;;;87;17;39;10;3;;;;69;156
59025;San Felice Circeo;48;38;50;5;1;;;;94;12;50;9;2;;;;73;167
59025;San Felice Circeo;49;33;48;5;1;;;;87;22;56;9;2;;;;89;176
59025;San Felice Circeo;50;35;51;5;0;;;;91;18;42;5;1;;;;66;157
59025;San Felice Circeo;51;37;66;8;1;;;;112;12;46;7;1;;;;66;178
59025;San Felice Circeo;52;32;59;8;1;;;;100;20;63;7;3;;;;93;193
59025;San Felice Circeo;53;25;46;7;0;;;;78;11;48;11;1;;;;71;149
59025;San Felice Circeo;54;28;71;9;1;;;;109;13;55;7;3;;;;78;187
59025;San Felice Circeo;55;14;53;10;0;;;;77;7;57;5;2;;;;71;148
59025;San Felice Circeo;56;22;59;7;0;;;;88;14;61;7;5;;;;87;175
59025;San Felice Circeo;57;15;57;15;0;;;;87;17;71;8;10;;;;106;193
59025;San Felice Circeo;58;23;56;9;0;;;;88;14;56;8;2;;;;80;168
59025;San Felice Circeo;59;20;61;7;0;;;;88;6;55;7;6;;;;74;162
59025;San Felice Circeo;60;20;75;7;6;;;;108;10;61;10;8;;;;89;197
59025;San Felice Circeo;61;11;61;11;1;;;;84;12;51;3;5;;;;71;155
59025;San Felice Circeo;62;16;54;5;3;;;;78;2;48;12;7;;;;69;147
59025;San Felice Circeo;63;15;61;4;3;;;;83;6;62;6;10;;;;84;167
59025;San Felice Circeo;64;9;46;6;1;;;;62;3;45;7;11;;;;66;128
59025;San Felice Circeo;65;8;65;2;2;;;;77;8;48;6;8;;;;70;147
59025;San Felice Circeo;66;4;53;7;2;;;;66;1;64;4;7;;;;76;142
59025;San Felice Circeo;67;12;34;2;3;;;;51;4;45;4;12;;;;65;116
59025;San Felice Circeo;68;3;49;7;1;;;;60;2;30;5;15;;;;52;112
59025;San Felice Circeo;69;1;47;3;2;;;;53;5;53;4;13;;;;75;128
59025;San Felice Circeo;70;3;62;3;3;;;;71;5;44;6;12;;;;67;138
59025;San Felice Circeo;71;3;41;5;5;;;;54;3;31;5;10;;;;49;103
59025;San Felice Circeo;72;3;44;6;2;;;;55;1;41;1;18;;;;61;116
59025;San Felice Circeo;73;7;43;5;1;;;;56;2;40;1;15;;;;58;114
59025;San Felice Circeo;74;2;41;5;6;;;;54;2;42;3;13;;;;60;114
59025;San Felice Circeo;75;4;35;3;6;;;;48;1;36;1;13;;;;51;99
59025;San Felice Circeo;76;2;37;1;4;;;;44;2;40;5;29;;;;76;120
59025;San Felice Circeo;77;1;52;3;2;;;;58;3;30;1;19;;;;53;111
59025;San Felice Circeo;78;2;43;1;8;;;;54;4;24;3;20;;;;51;105
59025;San Felice Circeo;79;0;31;4;3;;;;38;2;21;1;17;;;;41;79
59025;San Felice Circeo;80;2;25;2;3;;;;32;1;18;2;13;;;;34;66
59025;San Felice Circeo;81;0;27;1;2;;;;30;2;22;1;34;;;;59;89
59025;San Felice Circeo;82;0;21;1;7;;;;29;2;31;1;25;;;;59;88
59025;San Felice Circeo;83;1;29;1;4;;;;35;1;20;1;22;;;;44;79
59025;San Felice Circeo;84;1;24;0;3;;;;28;1;20;4;33;;;;58;86
59025;San Felice Circeo;85;0;19;1;9;;;;29;1;10;4;20;;;;35;64
59025;San Felice Circeo;86;2;20;1;5;;;;28;2;10;0;21;;;;33;61
59025;San Felice Circeo;87;0;14;0;10;;;;24;2;7;0;19;;;;28;52
59025;San Felice Circeo;88;0;13;0;4;;;;17;0;8;0;17;;;;25;42
59025;San Felice Circeo;89;0;13;0;2;;;;15;1;8;0;19;;;;28;43
59025;San Felice Circeo;90;0;9;0;5;;;;14;1;0;1;13;;;;15;29
59025;San Felice Circeo;91;1;5;0;4;;;;10;0;3;0;11;;;;14;24
59025;San Felice Circeo;92;0;1;0;2;;;;3;0;0;0;12;;;;12;15
59025;San Felice Circeo;93;0;5;0;2;;;;7;0;2;0;4;;;;6;13
59025;San Felice Circeo;94;0;1;0;1;;;;2;0;0;0;7;;;;7;9
59025;San Felice Circeo;95;1;1;0;1;;;;3;0;0;0;2;;;;2;5
59025;San Felice Circeo;96;0;0;0;0;;;;0;0;0;0;2;;;;2;2
59025;San Felice Circeo;97;0;0;0;0;;;;0;0;0;0;4;;;;4;4
59025;San Felice Circeo;98;0;0;0;1;;;;1;0;0;0;3;;;;3;4
59025;San Felice Circeo;99;0;1;0;0;;;;1;0;0;0;1;;;;1;2
59025;San Felice Circeo;100;0;0;0;0;;;;0;1;0;0;2;;;;3;3
59025;San Felice Circeo;999;2516;2358;218;140;;;;5232;1721;2253;237;599;;;;4810;10042
59026;Santi Cosma e Damiano;0;20;0;0;0;;;;20;33;0;0;0;;;;33;53
59026;Santi Cosma e Damiano;1;23;0;0;0;;;;23;31;0;0;0;;;;31;54
59026;Santi Cosma e Damiano;2;28;0;0;0;;;;28;29;0;0;0;;;;29;57
59026;Santi Cosma e Damiano;3;30;0;0;0;;;;30;26;0;0;0;;;;26;56
59026;Santi Cosma e Damiano;4;33;0;0;0;;;;33;33;0;0;0;;;;33;66
59026;Santi Cosma e Damiano;5;23;0;0;0;;;;23;23;0;0;0;;;;23;46
59026;Santi Cosma e Damiano;6;23;0;0;0;;;;23;25;0;0;0;;;;25;48
59026;Santi Cosma e Damiano;7;32;0;0;0;;;;32;33;0;0;0;;;;33;65
59026;Santi Cosma e Damiano;8;24;0;0;0;;;;24;25;0;0;0;;;;25;49
59026;Santi Cosma e Damiano;9;32;0;0;0;;;;32;22;0;0;0;;;;22;54
59026;Santi Cosma e Damiano;10;28;0;0;0;;;;28;28;0;0;0;;;;28;56
59026;Santi Cosma e Damiano;11;28;0;0;0;;;;28;38;0;0;0;;;;38;66
59026;Santi Cosma e Damiano;12;33;0;0;0;;;;33;34;0;0;0;;;;34;67
59026;Santi Cosma e Damiano;13;39;0;0;0;;;;39;29;0;0;0;;;;29;68
59026;Santi Cosma e Damiano;14;42;0;0;0;;;;42;31;0;0;0;;;;31;73
59026;Santi Cosma e Damiano;15;34;0;0;0;;;;34;35;0;0;0;;;;35;69
59026;Santi Cosma e Damiano;16;32;0;0;0;;;;32;34;0;0;0;;;;34;66
59026;Santi Cosma e Damiano;17;36;0;0;0;;;;36;34;0;0;0;;;;34;70
59026;Santi Cosma e Damiano;18;41;0;0;0;;;;41;38;0;0;0;;;;38;79
59026;Santi Cosma e Damiano;19;32;0;0;0;;;;32;33;0;0;0;;;;33;65
59026;Santi Cosma e Damiano;20;34;0;0;0;;;;34;33;0;0;0;;;;33;67
59026;Santi Cosma e Damiano;21;35;0;0;0;;;;35;35;0;0;0;;;;35;70
59026;Santi Cosma e Damiano;22;30;0;0;0;;;;30;34;1;0;0;;;;35;65
59026;Santi Cosma e Damiano;23;37;0;0;0;;;;37;32;2;0;0;;;;34;71
59026;Santi Cosma e Damiano;24;43;3;0;0;;;;46;33;1;0;0;;;;34;80
59026;Santi Cosma e Damiano;25;27;3;0;0;;;;30;41;2;0;0;;;;43;73
59026;Santi Cosma e Damiano;26;35;1;0;0;;;;36;29;2;0;0;;;;31;67
59026;Santi Cosma e Damiano;27;43;4;0;0;;;;47;34;10;0;0;;;;44;91
59026;Santi Cosma e Damiano;28;35;3;0;0;;;;38;27;6;0;0;;;;33;71
59026;Santi Cosma e Damiano;29;33;4;0;0;;;;37;26;6;0;0;;;;32;69
59026;Santi Cosma e Damiano;30;29;10;0;0;;;;39;27;15;1;0;;;;43;82
59026;Santi Cosma e Damiano;31;28;8;0;0;;;;36;32;14;0;0;;;;46;82
59026;Santi Cosma e Damiano;32;34;13;0;0;;;;47;18;16;1;0;;;;35;82
59026;Santi Cosma e Damiano;33;22;20;0;0;;;;42;22;22;0;0;;;;44;86
59026;Santi Cosma e Damiano;34;30;16;0;0;;;;46;23;17;1;0;;;;41;87
59026;Santi Cosma e Damiano;35;24;11;0;0;;;;35;8;17;1;0;;;;26;61
59026;Santi Cosma e Damiano;36;34;12;1;0;;;;47;10;17;0;0;;;;27;74
59026;Santi Cosma e Damiano;37;20;23;0;0;;;;43;20;35;0;0;;;;55;98
59026;Santi Cosma e Damiano;38;24;20;3;0;;;;47;12;27;0;0;;;;39;86
59026;Santi Cosma e Damiano;39;15;23;0;0;;;;38;16;22;0;0;;;;38;76
59026;Santi Cosma e Damiano;40;21;25;0;0;;;;46;9;21;1;0;;;;31;77
59026;Santi Cosma e Damiano;41;14;34;1;0;;;;49;7;39;3;1;;;;50;99
59026;Santi Cosma e Damiano;42;17;23;0;0;;;;40;17;22;2;0;;;;41;81
59026;Santi Cosma e Damiano;43;19;22;1;0;;;;42;10;32;2;0;;;;44;86
59026;Santi Cosma e Damiano;44;17;29;3;0;;;;49;11;29;2;0;;;;42;91
59026;Santi Cosma e Damiano;45;17;30;2;0;;;;49;8;27;4;0;;;;39;88
59026;Santi Cosma e Damiano;46;13;35;2;0;;;;50;5;41;2;1;;;;49;99
59026;Santi Cosma e Damiano;47;17;33;0;0;;;;50;13;25;2;1;;;;41;91
59026;Santi Cosma e Damiano;48;9;44;1;0;;;;54;6;33;5;1;;;;45;99
59026;Santi Cosma e Damiano;49;9;49;2;0;;;;60;14;40;9;0;;;;63;123
59026;Santi Cosma e Damiano;50;7;31;3;0;;;;41;9;37;4;5;;;;55;96
59026;Santi Cosma e Damiano;51;12;25;4;0;;;;41;7;38;6;1;;;;52;93
59026;Santi Cosma e Damiano;52;8;31;5;0;;;;44;8;37;4;2;;;;51;95
59026;Santi Cosma e Damiano;53;5;29;4;0;;;;38;8;52;3;2;;;;65;103
59026;Santi Cosma e Damiano;54;7;42;4;0;;;;53;7;38;3;4;;;;52;105
59026;Santi Cosma e Damiano;55;11;37;6;0;;;;54;2;40;3;1;;;;46;100
59026;Santi Cosma e Damiano;56;7;39;3;0;;;;49;5;37;3;2;;;;47;96
59026;Santi Cosma e Damiano;57;5;46;3;0;;;;54;3;46;4;3;;;;56;110
59026;Santi Cosma e Damiano;58;3;53;4;0;;;;60;5;53;2;3;;;;63;123
59026;Santi Cosma e Damiano;59;12;39;0;1;;;;52;4;56;3;6;;;;69;121
59026;Santi Cosma e Damiano;60;3;46;4;1;;;;54;5;40;0;3;;;;48;102
59026;Santi Cosma e Damiano;61;2;28;2;3;;;;35;2;38;1;7;;;;48;83
59026;Santi Cosma e Damiano;62;5;49;4;0;;;;58;5;44;2;3;;;;54;112
59026;Santi Cosma e Damiano;63;5;40;1;1;;;;47;3;50;4;1;;;;58;105
59026;Santi Cosma e Damiano;64;0;38;3;0;;;;41;6;41;2;7;;;;56;97
59026;Santi Cosma e Damiano;65;2;52;3;0;;;;57;3;31;4;8;;;;46;103
59026;Santi Cosma e Damiano;66;0;40;1;1;;;;42;1;30;0;9;;;;40;82
59026;Santi Cosma e Damiano;67;6;32;2;0;;;;40;0;36;1;8;;;;45;85
59026;Santi Cosma e Damiano;68;4;31;2;0;;;;37;3;44;2;6;;;;55;92
59026;Santi Cosma e Damiano;69;1;39;2;2;;;;44;2;28;2;9;;;;41;85
59026;Santi Cosma e Damiano;70;3;40;3;2;;;;48;0;20;0;6;;;;26;74
59026;Santi Cosma e Damiano;71;5;28;1;2;;;;36;0;26;0;9;;;;35;71
59026;Santi Cosma e Damiano;72;2;35;0;2;;;;39;2;38;1;11;;;;52;91
59026;Santi Cosma e Damiano;73;3;31;1;6;;;;41;2;25;1;16;;;;44;85
59026;Santi Cosma e Damiano;74;1;30;0;3;;;;34;0;19;3;11;;;;33;67
59026;Santi Cosma e Damiano;75;0;27;0;5;;;;32;2;21;1;20;;;;44;76
59026;Santi Cosma e Damiano;76;2;31;2;3;;;;38;2;16;0;14;;;;32;70
59026;Santi Cosma e Damiano;77;1;35;0;4;;;;40;0;23;0;16;;;;39;79
59026;Santi Cosma e Damiano;78;0;29;2;6;;;;37;1;16;2;19;;;;38;75
59026;Santi Cosma e Damiano;79;0;18;0;0;;;;18;0;9;0;15;;;;24;42
59026;Santi Cosma e Damiano;80;1;17;0;2;;;;20;1;14;0;5;;;;20;40
59026;Santi Cosma e Damiano;81;0;10;0;3;;;;13;0;15;0;19;;;;34;47
59026;Santi Cosma e Damiano;82;0;12;0;1;;;;13;1;11;0;14;;;;26;39
59026;Santi Cosma e Damiano;83;1;14;0;3;;;;18;2;2;0;16;;;;20;38
59026;Santi Cosma e Damiano;84;2;13;0;6;;;;21;1;9;0;19;;;;29;50
59026;Santi Cosma e Damiano;85;0;9;1;2;;;;12;2;6;1;12;;;;21;33
59026;Santi Cosma e Damiano;86;0;17;0;3;;;;20;1;6;0;13;;;;20;40
59026;Santi Cosma e Damiano;87;1;9;0;3;;;;13;1;4;0;14;;;;19;32
59026;Santi Cosma e Damiano;88;0;4;0;8;;;;12;0;3;0;10;;;;13;25
59026;Santi Cosma e Damiano;89;0;6;0;3;;;;9;0;5;0;19;;;;24;33
59026;Santi Cosma e Damiano;90;0;6;0;1;;;;7;0;2;0;6;;;;8;15
59026;Santi Cosma e Damiano;91;0;2;0;2;;;;4;1;1;0;8;;;;10;14
59026;Santi Cosma e Damiano;92;0;4;0;4;;;;8;0;1;0;6;;;;7;15
59026;Santi Cosma e Damiano;93;0;3;0;1;;;;4;0;1;0;7;;;;8;12
59026;Santi Cosma e Damiano;94;0;3;0;1;;;;4;0;0;0;6;;;;6;10
59026;Santi Cosma e Damiano;95;0;2;0;1;;;;3;0;0;0;4;;;;4;7
59026;Santi Cosma e Damiano;96;0;0;0;1;;;;1;0;0;0;2;;;;2;3
59026;Santi Cosma e Damiano;97;0;0;0;1;;;;1;0;0;0;5;;;;5;6
59026;Santi Cosma e Damiano;98;0;0;0;0;;;;0;0;0;0;1;;;;1;1
59026;Santi Cosma e Damiano;99;0;0;0;1;;;;1;0;0;0;3;;;;3;4
59026;Santi Cosma e Damiano;100;0;0;0;0;;;;0;0;0;0;2;;;;2;2
59026;Santi Cosma e Damiano;999;1505;1700;86;89;;;;3380;1333;1650;98;422;;;;3503;6883
59027;Sermoneta;0;36;0;0;0;;;;36;39;0;0;0;;;;39;75
59027;Sermoneta;1;28;0;0;0;;;;28;35;0;0;0;;;;35;63
59027;Sermoneta;2;46;0;0;0;;;;46;47;0;0;0;;;;47;93
59027;Sermoneta;3;41;0;0;0;;;;41;52;0;0;0;;;;52;93
59027;Sermoneta;4;43;0;0;0;;;;43;45;0;0;0;;;;45;88
59027;Sermoneta;5;38;0;0;0;;;;38;31;0;0;0;;;;31;69
59027;Sermoneta;6;69;0;0;0;;;;69;50;0;0;0;;;;50;119
59027;Sermoneta;7;66;0;0;0;;;;66;56;0;0;0;;;;56;122
59027;Sermoneta;8;58;0;0;0;;;;58;47;0;0;0;;;;47;105
59027;Sermoneta;9;49;0;0;0;;;;49;57;0;0;0;;;;57;106
59027;Sermoneta;10;61;0;0;0;;;;61;43;0;0;0;;;;43;104
59027;Sermoneta;11;68;0;0;0;;;;68;52;0;0;0;;;;52;120
59027;Sermoneta;12;59;0;0;0;;;;59;54;0;0;0;;;;54;113
59027;Sermoneta;13;66;0;0;0;;;;66;65;0;0;0;;;;65;131
59027;Sermoneta;14;67;0;0;0;;;;67;54;0;0;0;;;;54;121
59027;Sermoneta;15;60;0;0;0;;;;60;56;0;0;0;;;;56;116
59027;Sermoneta;16;48;0;0;0;;;;48;53;0;0;0;;;;53;101
59027;Sermoneta;17;57;0;0;0;;;;57;51;0;0;0;;;;51;108
59027;Sermoneta;18;49;0;0;0;;;;49;55;0;0;0;;;;55;104
59027;Sermoneta;19;57;0;0;0;;;;57;36;0;0;0;;;;36;93
59027;Sermoneta;20;45;0;0;0;;;;45;33;0;0;0;;;;33;78
59027;Sermoneta;21;48;0;0;0;;;;48;38;0;0;0;;;;38;86
59027;Sermoneta;22;46;0;0;0;;;;46;42;1;0;0;;;;43;89
59027;Sermoneta;23;49;0;0;0;;;;49;50;1;0;0;;;;51;100
59027;Sermoneta;24;50;0;0;0;;;;50;37;1;0;0;;;;38;88
59027;Sermoneta;25;50;0;0;0;;;;50;48;1;0;0;;;;49;99
59027;Sermoneta;26;59;1;0;0;;;;60;41;5;0;0;;;;46;106
59027;Sermoneta;27;60;2;0;0;;;;62;47;5;0;0;;;;52;114
59027;Sermoneta;28;46;3;0;0;;;;49;43;3;0;0;;;;46;95
59027;Sermoneta;29;47;4;0;0;;;;51;35;11;1;0;;;;47;98
59027;Sermoneta;30;46;2;0;0;;;;48;24;11;1;0;;;;36;84
59027;Sermoneta;31;35;11;0;0;;;;46;34;21;0;0;;;;55;101
59027;Sermoneta;32;43;11;0;0;;;;54;35;11;2;1;;;;49;103
59027;Sermoneta;33;40;9;1;0;;;;50;38;23;1;0;;;;62;112
59027;Sermoneta;34;48;14;1;0;;;;63;32;28;0;0;;;;60;123
59027;Sermoneta;35;40;21;0;0;;;;61;27;29;1;0;;;;57;118
59027;Sermoneta;36;39;22;1;0;;;;62;37;45;1;0;;;;83;145
59027;Sermoneta;37;34;21;0;0;;;;55;25;38;1;2;;;;66;121
59027;Sermoneta;38;33;31;1;0;;;;65;23;36;0;0;;;;59;124
59027;Sermoneta;39;21;32;2;0;;;;55;17;37;3;0;;;;57;112
59027;Sermoneta;40;32;43;1;0;;;;76;37;40;2;0;;;;79;155
59027;Sermoneta;41;34;43;1;1;;;;79;21;49;4;0;;;;74;153
59027;Sermoneta;42;34;34;4;0;;;;72;21;52;4;0;;;;77;149
59027;Sermoneta;43;24;47;1;0;;;;72;11;65;5;0;;;;81;153
59027;Sermoneta;44;21;52;1;0;;;;74;12;70;8;0;;;;90;164
59027;Sermoneta;45;26;48;7;1;;;;82;15;56;5;0;;;;76;158
59027;Sermoneta;46;29;68;1;1;;;;99;17;66;3;0;;;;86;185
59027;Sermoneta;47;19;68;2;0;;;;89;15;57;4;1;;;;77;166
59027;Sermoneta;48;26;69;9;0;;;;104;16;48;5;0;;;;69;173
59027;Sermoneta;49;22;84;5;0;;;;111;13;53;5;0;;;;71;182
59027;Sermoneta;50;28;58;3;0;;;;89;15;76;4;1;;;;96;185
59027;Sermoneta;51;21;66;13;0;;;;100;15;64;9;1;;;;89;189
59027;Sermoneta;52;11;69;6;0;;;;86;10;71;5;7;;;;93;179
59027;Sermoneta;53;11;63;8;1;;;;83;7;67;7;2;;;;83;166
59027;Sermoneta;54;15;63;6;1;;;;85;4;65;8;1;;;;78;163
59027;Sermoneta;55;9;60;7;1;;;;77;7;58;6;0;;;;71;148
59027;Sermoneta;56;14;54;3;1;;;;72;8;51;4;2;;;;65;137
59027;Sermoneta;57;8;61;5;0;;;;74;12;59;8;6;;;;85;159
59027;Sermoneta;58;13;46;5;1;;;;65;8;58;5;4;;;;75;140
59027;Sermoneta;59;8;68;4;0;;;;80;6;52;7;7;;;;72;152
59027;Sermoneta;60;7;51;6;1;;;;65;7;58;5;7;;;;77;142
59027;Sermoneta;61;7;48;6;2;;;;63;4;51;1;6;;;;62;125
59027;Sermoneta;62;5;60;4;0;;;;69;3;66;6;5;;;;80;149
59027;Sermoneta;63;5;51;2;2;;;;60;7;45;7;5;;;;64;124
59027;Sermoneta;64;5;51;4;0;;;;60;5;42;5;3;;;;55;115
59027;Sermoneta;65;7;45;3;1;;;;56;5;39;4;10;;;;58;114
59027;Sermoneta;66;4;51;4;0;;;;59;6;33;5;6;;;;50;109
59027;Sermoneta;67;6;48;3;1;;;;58;2;30;1;7;;;;40;98
59027;Sermoneta;68;1;33;0;2;;;;36;2;51;1;14;;;;68;104
59027;Sermoneta;69;5;35;1;1;;;;42;3;28;1;6;;;;38;80
59027;Sermoneta;70;1;23;0;3;;;;27;1;39;1;17;;;;58;85
59027;Sermoneta;71;2;34;1;4;;;;41;1;42;2;11;;;;56;97
59027;Sermoneta;72;1;29;0;1;;;;31;1;27;1;11;;;;40;71
59027;Sermoneta;73;3;24;0;4;;;;31;3;27;2;15;;;;47;78
59027;Sermoneta;74;2;44;1;5;;;;52;2;33;5;16;;;;56;108
59027;Sermoneta;75;2;45;1;4;;;;52;2;21;2;18;;;;43;95
59027;Sermoneta;76;3;33;3;3;;;;42;2;30;0;21;;;;53;95
59027;Sermoneta;77;0;37;2;5;;;;44;1;21;3;19;;;;44;88
59027;Sermoneta;78;2;36;1;5;;;;44;1;19;0;17;;;;37;81
59027;Sermoneta;79;1;21;0;3;;;;25;0;12;2;7;;;;21;46
59027;Sermoneta;80;3;22;1;3;;;;29;0;19;0;15;;;;34;63
59027;Sermoneta;81;1;20;0;2;;;;23;2;12;0;13;;;;27;50
59027;Sermoneta;82;0;21;0;4;;;;25;2;7;0;25;;;;34;59
59027;Sermoneta;83;0;13;1;3;;;;17;0;12;0;12;;;;24;41
59027;Sermoneta;84;1;18;1;4;;;;24;0;5;0;21;;;;26;50
59027;Sermoneta;85;0;11;0;4;;;;15;2;7;0;20;;;;29;44
59027;Sermoneta;86;1;17;0;5;;;;23;1;7;0;16;;;;24;47
59027;Sermoneta;87;0;12;0;5;;;;17;1;3;0;14;;;;18;35
59027;Sermoneta;88;0;11;0;4;;;;15;1;5;0;13;;;;19;34
59027;Sermoneta;89;1;12;0;5;;;;18;0;2;0;10;;;;12;30
59027;Sermoneta;90;2;5;1;5;;;;13;1;1;0;9;;;;11;24
59027;Sermoneta;91;0;4;0;2;;;;6;1;2;0;6;;;;9;15
59027;Sermoneta;92;0;4;0;1;;;;5;0;0;0;7;;;;7;12
59027;Sermoneta;93;0;2;0;1;;;;3;1;1;0;5;;;;7;10
59027;Sermoneta;94;0;1;0;2;;;;3;0;1;0;3;;;;4;7
59027;Sermoneta;95;0;1;0;0;;;;1;0;0;0;1;;;;1;2
59027;Sermoneta;96;0;1;0;0;;;;1;0;0;0;1;;;;1;2
59027;Sermoneta;97;0;0;0;1;;;;1;0;0;0;3;;;;3;4
59027;Sermoneta;98;0;0;0;0;;;;0;0;0;0;2;;;;2;2
59027;Sermoneta;99;0;0;0;0;;;;0;0;1;0;2;;;;3;3
59027;Sermoneta;100;0;0;0;0;;;;0;0;0;0;3;;;;3;3
59027;Sermoneta;999;2428;2322;144;106;;;;5000;2024;2283;173;457;;;;4937;9937
59028;Sezze;0;72;0;0;0;0;0;0;72;66;0;0;0;0;0;0;66;138
59028;Sezze;1;88;0;0;0;0;0;0;88;62;0;0;0;0;0;0;62;150
59028;Sezze;2;86;0;0;0;0;0;0;86;86;0;0;0;0;0;0;86;172
59028;Sezze;3;101;0;0;0;0;0;0;101;77;0;0;0;0;0;0;77;178
59028;Sezze;4;75;0;0;0;0;0;0;75;75;0;0;0;0;0;0;75;150
59028;Sezze;5;111;0;0;0;0;0;0;111;87;0;0;0;0;0;0;87;198
59028;Sezze;6;89;0;0;0;0;0;0;89;90;0;0;0;0;0;0;90;179
59028;Sezze;7;108;0;0;0;0;0;0;108;108;0;0;0;0;0;0;108;216
59028;Sezze;8;111;0;0;0;0;0;0;111;96;0;0;0;0;0;0;96;207
59028;Sezze;9;106;0;0;0;0;0;0;106;91;0;0;0;0;0;0;91;197
59028;Sezze;10;101;0;0;0;0;0;0;101;94;0;0;0;0;0;0;94;195
59028;Sezze;11;116;0;0;0;0;0;0;116;118;0;0;0;0;0;0;118;234
59028;Sezze;12;97;0;0;0;0;0;0;97;115;0;0;0;0;0;0;115;212
59028;Sezze;13;106;0;0;0;0;0;0;106;129;0;0;0;0;0;0;129;235
59028;Sezze;14;131;0;0;0;0;0;0;131;103;0;0;0;0;0;0;103;234
59028;Sezze;15;125;0;0;0;0;0;0;125;119;0;0;0;0;0;0;119;244
59028;Sezze;16;100;0;0;0;0;0;0;100;117;0;0;0;0;0;0;117;217
59028;Sezze;17;153;0;0;0;0;0;0;153;97;0;0;0;0;0;0;97;250
59028;Sezze;18;108;0;0;0;0;0;0;108;110;0;0;0;0;0;0;110;218
59028;Sezze;19;142;0;0;0;0;0;0;142;111;2;0;0;0;0;0;113;255
59028;Sezze;20;127;0;0;0;0;0;0;127;115;1;0;0;0;0;0;116;243
59028;Sezze;21;128;0;0;0;0;0;0;128;122;0;0;0;0;0;0;122;250
59028;Sezze;22;121;0;0;0;0;0;0;121;115;4;0;0;0;0;0;119;240
59028;Sezze;23;118;0;0;0;0;0;0;118;98;0;0;0;0;0;0;98;216
59028;Sezze;24;135;1;0;0;0;0;0;136;113;8;0;0;0;0;0;121;257
59028;Sezze;25;146;2;0;0;0;0;0;148;104;8;0;0;0;0;0;112;260
59028;Sezze;26;142;3;0;0;0;0;0;145;99;4;0;0;0;0;0;103;248
59028;Sezze;27;140;6;0;0;0;0;0;146;102;22;0;0;0;0;0;124;270
59028;Sezze;28;136;6;0;0;0;0;0;142;108;26;0;0;0;0;0;134;276
59028;Sezze;29;146;11;0;0;0;0;0;157;108;26;0;0;0;0;0;134;291
59028;Sezze;30;128;12;1;0;0;0;0;141;99;30;1;0;0;0;0;130;271
59028;Sezze;31;143;16;1;0;0;0;0;160;83;35;1;1;1;0;0;121;281
59028;Sezze;32;122;22;1;0;0;0;0;145;78;45;0;0;0;0;0;123;268
59028;Sezze;33;96;36;0;0;0;0;0;132;73;61;2;0;0;0;0;136;268
59028;Sezze;34;115;40;0;0;0;0;0;155;70;65;2;0;0;0;0;137;292
59028;Sezze;35;112;50;0;0;0;0;0;162;65;78;6;0;0;0;0;149;311
59028;Sezze;36;90;58;1;0;0;0;0;149;75;78;5;0;1;0;0;159;308
59028;Sezze;37;116;53;1;0;1;0;0;171;53;78;0;0;0;0;0;131;302
59028;Sezze;38;107;84;4;0;0;0;0;195;53;82;2;0;0;0;0;137;332
59028;Sezze;39;88;77;4;0;0;0;0;169;46;85;7;0;0;0;0;138;307
59028;Sezze;40;65;67;3;0;0;0;0;135;54;75;9;0;0;0;0;138;273
59028;Sezze;41;65;79;3;2;0;0;0;149;50;94;11;0;0;0;0;155;304
59028;Sezze;42;71;96;5;0;0;0;0;172;35;100;10;6;0;0;0;151;323
59028;Sezze;43;62;79;7;0;0;0;0;148;46;95;8;0;0;0;0;149;297
59028;Sezze;44;82;100;0;1;0;0;0;183;32;111;7;2;0;0;0;152;335
59028;Sezze;45;68;104;8;1;1;0;0;182;37;109;6;2;0;0;0;154;336
59028;Sezze;46;60;111;12;1;0;0;0;184;47;110;13;4;0;0;0;174;358
59028;Sezze;47;56;104;8;2;1;0;0;171;30;122;10;3;0;0;0;165;336
59028;Sezze;48;58;116;8;2;0;0;0;184;25;142;9;4;0;0;0;180;364
59028;Sezze;49;50;139;9;2;0;0;0;200;18;162;11;5;0;0;0;196;396
59028;Sezze;50;49;166;15;1;0;0;0;231;29;127;14;2;0;0;0;172;403
59028;Sezze;51;53;144;15;1;0;0;0;213;33;133;16;5;0;0;0;187;400
59028;Sezze;52;48;130;9;1;1;0;0;189;24;148;13;5;0;0;0;190;379
59028;Sezze;53;56;121;11;1;0;0;0;189;26;149;13;6;0;0;0;194;383
59028;Sezze;54;44;115;12;3;0;0;0;174;20;146;17;10;0;0;0;193;367
59028;Sezze;55;47;141;15;5;0;0;0;208;24;150;11;9;0;0;0;194;402
59028;Sezze;56;34;147;11;4;0;0;0;196;21;167;15;11;0;0;0;214;410
59028;Sezze;57;27;146;16;6;0;0;0;195;23;139;8;10;0;0;0;180;375
59028;Sezze;58;31;160;14;2;0;0;0;207;20;140;19;13;0;0;0;192;399
59028;Sezze;59;28;139;21;5;0;0;0;193;23;111;17;16;0;0;0;167;360
59028;Sezze;60;22;168;15;6;0;0;0;211;13;143;13;21;0;0;0;190;401
59028;Sezze;61;16;131;16;7;0;0;0;170;12;140;16;10;0;0;0;178;348
59028;Sezze;62;17;124;4;3;1;0;0;149;9;140;12;20;0;0;0;181;330
59028;Sezze;63;23;138;7;2;0;0;0;170;14;142;7;19;0;0;0;182;352
59028;Sezze;64;14;147;12;4;0;0;0;177;9;128;11;31;0;0;0;179;356
59028;Sezze;65;10;129;12;3;0;0;0;154;6;113;4;30;0;0;0;153;307
59028;Sezze;66;14;110;7;6;0;0;0;137;15;93;9;26;0;0;0;143;280
59028;Sezze;67;14;114;9;4;0;0;0;141;10;100;4;39;0;0;0;153;294
59028;Sezze;68;5;90;10;8;0;0;0;113;9;94;7;28;0;0;0;138;251
59028;Sezze;69;9;120;3;5;0;0;0;137;12;86;3;14;0;0;0;115;252
59028;Sezze;70;4;122;9;3;0;0;0;138;4;94;6;41;0;0;0;145;283
59028;Sezze;71;5;92;4;9;0;0;0;110;6;67;5;28;0;0;0;106;216
59028;Sezze;72;6;89;3;10;0;0;0;108;5;74;3;29;0;0;0;111;219
59028;Sezze;73;4;88;6;9;0;0;0;107;7;59;2;35;0;0;0;103;210
59028;Sezze;74;5;67;12;8;0;0;0;92;5;63;2;40;0;0;0;110;202
59028;Sezze;75;6;92;4;11;0;0;0;113;6;73;3;46;0;0;0;128;241
59028;Sezze;76;5;88;1;12;0;0;0;106;6;80;4;61;0;0;0;151;257
59028;Sezze;77;3;73;1;9;0;0;0;86;4;55;3;45;0;0;0;107;193
59028;Sezze;78;0;84;1;8;0;0;0;93;3;58;5;55;0;0;0;121;214
59028;Sezze;79;5;53;0;11;0;0;0;69;0;42;1;38;0;0;0;81;150
59028;Sezze;80;1;48;1;9;0;0;0;59;1;28;2;60;0;0;0;91;150
59028;Sezze;81;4;58;5;16;0;0;0;83;3;28;0;66;0;0;0;97;180
59028;Sezze;82;2;58;1;8;0;0;0;69;0;30;1;64;0;0;0;95;164
59028;Sezze;83;2;52;2;6;0;0;0;62;6;22;0;58;0;0;0;86;148
59028;Sezze;84;0;34;0;14;0;0;0;48;5;20;0;47;0;0;0;72;120
59028;Sezze;85;2;35;0;16;0;0;0;53;4;18;1;61;0;0;0;84;137
59028;Sezze;86;1;38;0;6;0;0;0;45;2;14;2;57;0;0;0;75;120
59028;Sezze;87;1;27;0;9;0;0;0;37;1;10;0;61;0;0;0;72;109
59028;Sezze;88;0;25;0;8;0;0;0;33;1;3;1;56;0;0;0;61;94
59028;Sezze;89;2;21;1;10;0;0;0;34;1;6;0;52;0;0;0;59;93
59028;Sezze;90;2;15;0;5;0;0;0;22;0;3;1;27;0;0;0;31;53
59028;Sezze;91;1;11;0;6;0;0;0;18;0;3;0;27;0;0;0;30;48
59028;Sezze;92;1;6;0;4;0;0;0;11;2;3;0;25;0;0;0;30;41
59028;Sezze;93;1;11;0;6;0;0;0;18;1;1;0;18;0;0;0;20;38
59028;Sezze;94;0;4;0;3;0;0;0;7;0;2;0;18;0;0;0;20;27
59028;Sezze;95;0;1;0;5;0;0;0;6;1;2;0;7;0;0;0;10;16
59028;Sezze;96;0;1;0;1;0;0;0;2;0;0;0;7;0;0;0;7;9
59028;Sezze;97;0;0;0;0;0;0;0;0;0;0;0;6;0;0;0;6;6
59028;Sezze;98;0;1;0;0;0;0;0;1;1;0;0;4;0;0;0;5;6
59028;Sezze;99;0;0;0;2;0;0;0;2;0;0;0;1;0;0;0;1;3
59028;Sezze;100;0;1;0;1;0;0;0;2;0;0;0;8;0;0;0;8;10
59028;Sezze;999;5843;5447;361;313;5;0;0;11969;4531;5305;391;1500;2;0;0;11729;23698
59029;Sonnino;0;38;0;0;0;;;;38;31;0;0;0;;;;31;69
59029;Sonnino;1;23;0;0;0;;;;23;33;0;0;0;;;;33;56
59029;Sonnino;2;29;0;0;0;;;;29;27;0;0;0;;;;27;56
59029;Sonnino;3;30;0;0;0;;;;30;30;0;0;0;;;;30;60
59029;Sonnino;4;31;0;0;0;;;;31;30;0;0;0;;;;30;61
59029;Sonnino;5;35;0;0;0;;;;35;36;0;0;0;;;;36;71
59029;Sonnino;6;31;0;0;0;;;;31;31;0;0;0;;;;31;62
59029;Sonnino;7;32;0;0;0;;;;32;19;0;0;0;;;;19;51
59029;Sonnino;8;40;0;0;0;;;;40;52;0;0;0;;;;52;92
59029;Sonnino;9;31;0;0;0;;;;31;42;0;0;0;;;;42;73
59029;Sonnino;10;27;0;0;0;;;;27;54;0;0;0;;;;54;81
59029;Sonnino;11;38;0;0;0;;;;38;31;0;0;0;;;;31;69
59029;Sonnino;12;42;0;0;0;;;;42;33;0;0;0;;;;33;75
59029;Sonnino;13;36;0;0;0;;;;36;35;0;0;0;;;;35;71
59029;Sonnino;14;41;0;0;0;;;;41;31;0;0;0;;;;31;72
59029;Sonnino;15;43;0;0;0;;;;43;39;0;0;0;;;;39;82
59029;Sonnino;16;33;0;0;0;;;;33;32;0;0;0;;;;32;65
59029;Sonnino;17;23;0;0;0;;;;23;23;0;0;0;;;;23;46
59029;Sonnino;18;43;0;0;0;;;;43;35;0;0;0;;;;35;78
59029;Sonnino;19;35;0;0;0;;;;35;39;0;0;0;;;;39;74
59029;Sonnino;20;33;0;0;0;;;;33;29;0;0;0;;;;29;62
59029;Sonnino;21;41;0;0;0;;;;41;36;1;0;0;;;;37;78
59029;Sonnino;22;43;0;0;0;;;;43;29;2;0;0;;;;31;74
59029;Sonnino;23;30;0;0;0;;;;30;35;1;0;0;;;;36;66
59029;Sonnino;24;36;1;0;0;;;;37;25;3;0;0;;;;28;65
59029;Sonnino;25;39;2;0;0;;;;41;35;5;0;0;;;;40;81
59029;Sonnino;26;32;3;0;0;;;;35;32;3;0;0;;;;35;70
59029;Sonnino;27;28;0;0;0;;;;28;21;7;0;0;;;;28;56
59029;Sonnino;28;38;3;0;0;;;;41;35;5;0;0;;;;40;81
59029;Sonnino;29;35;6;0;0;;;;41;23;7;0;0;;;;30;71
59029;Sonnino;30;36;9;0;0;;;;45;33;12;0;0;;;;45;90
59029;Sonnino;31;35;10;0;0;;;;45;35;18;0;0;;;;53;98
59029;Sonnino;32;45;12;0;0;;;;57;25;15;0;0;;;;40;97
59029;Sonnino;33;33;11;0;0;;;;44;20;26;0;0;;;;46;90
59029;Sonnino;34;30;12;0;0;;;;42;18;20;0;0;;;;38;80
59029;Sonnino;35;35;16;1;0;;;;52;17;22;0;0;;;;39;91
59029;Sonnino;36;32;15;0;0;;;;47;10;23;2;0;;;;35;82
59029;Sonnino;37;32;21;0;0;;;;53;22;28;2;0;;;;52;105
59029;Sonnino;38;35;27;0;0;;;;62;14;35;3;0;;;;52;114
59029;Sonnino;39;20;22;0;0;;;;42;15;35;3;0;;;;53;95
59029;Sonnino;40;14;23;1;0;;;;38;11;39;0;1;;;;51;89
59029;Sonnino;41;22;36;1;0;;;;59;14;28;0;0;;;;42;101
59029;Sonnino;42;19;29;2;0;;;;50;15;22;2;0;;;;39;89
59029;Sonnino;43;14;32;3;0;;;;49;9;36;1;0;;;;46;95
59029;Sonnino;44;13;24;2;0;;;;39;12;29;1;0;;;;42;81
59029;Sonnino;45;21;33;3;0;;;;57;16;34;4;1;;;;55;112
59029;Sonnino;46;14;35;3;0;;;;52;6;46;2;0;;;;54;106
59029;Sonnino;47;16;26;1;0;;;;43;9;32;6;1;;;;48;91
59029;Sonnino;48;12;32;2;0;;;;46;10;43;2;0;;;;55;101
59029;Sonnino;49;12;40;5;0;;;;57;4;40;5;0;;;;49;106
59029;Sonnino;50;17;48;1;0;;;;66;5;53;0;2;;;;60;126
59029;Sonnino;51;6;54;5;0;;;;65;8;38;4;1;;;;51;116
59029;Sonnino;52;13;51;6;1;;;;71;6;36;1;3;;;;46;117
59029;Sonnino;53;11;43;3;0;;;;57;7;51;4;4;;;;66;123
59029;Sonnino;54;12;48;3;0;;;;63;4;50;3;0;;;;57;120
59029;Sonnino;55;6;42;2;1;;;;51;3;44;3;4;;;;54;105
59029;Sonnino;56;13;38;0;0;;;;51;5;52;6;6;;;;69;120
59029;Sonnino;57;10;42;4;2;;;;58;3;35;2;4;;;;44;102
59029;Sonnino;58;7;34;6;2;;;;49;4;39;0;4;;;;47;96
59029;Sonnino;59;10;50;6;2;;;;68;8;44;2;4;;;;58;126
59029;Sonnino;60;11;37;2;0;;;;50;4;48;4;1;;;;57;107
59029;Sonnino;61;5;59;2;1;;;;67;6;55;2;5;;;;68;135
59029;Sonnino;62;5;40;2;1;;;;48;1;38;3;5;;;;47;95
59029;Sonnino;63;5;48;3;1;;;;57;2;48;2;6;;;;58;115
59029;Sonnino;64;4;31;1;1;;;;37;3;48;2;8;;;;61;98
59029;Sonnino;65;1;49;1;0;;;;51;4;57;3;10;;;;74;125
59029;Sonnino;66;2;38;5;2;;;;47;3;44;1;5;;;;53;100
59029;Sonnino;67;6;38;4;2;;;;50;4;35;2;5;;;;46;96
59029;Sonnino;68;0;46;1;1;;;;48;3;32;2;5;;;;42;90
59029;Sonnino;69;1;41;1;0;;;;43;1;31;2;5;;;;39;82
59029;Sonnino;70;1;44;1;2;;;;48;3;22;2;9;;;;36;84
59029;Sonnino;71;3;37;2;3;;;;45;3;26;2;13;;;;44;89
59029;Sonnino;72;1;36;0;0;;;;37;1;24;0;3;;;;28;65
59029;Sonnino;73;2;30;1;0;;;;33;1;26;1;11;;;;39;72
59029;Sonnino;74;0;34;1;2;;;;37;0;19;0;8;;;;27;64
59029;Sonnino;75;0;40;1;5;;;;46;1;26;0;15;;;;42;88
59029;Sonnino;76;0;38;1;2;;;;41;1;18;2;16;;;;37;78
59029;Sonnino;77;1;19;0;1;;;;21;2;16;1;14;;;;33;54
59029;Sonnino;78;1;28;1;2;;;;32;0;21;3;24;;;;48;80
59029;Sonnino;79;1;12;0;6;;;;19;1;15;0;13;;;;29;48
59029;Sonnino;80;1;18;2;1;;;;22;1;11;0;8;;;;20;42
59029;Sonnino;81;1;19;0;2;;;;22;0;12;1;13;;;;26;48
59029;Sonnino;82;0;18;0;1;;;;19;1;11;1;12;;;;25;44
59029;Sonnino;83;1;16;0;3;;;;20;0;15;0;17;;;;32;52
59029;Sonnino;84;1;17;2;2;;;;22;0;12;1;23;;;;36;58
59029;Sonnino;85;1;12;2;5;;;;20;0;7;0;18;;;;25;45
59029;Sonnino;86;0;14;0;5;;;;19;0;11;0;18;;;;29;48
59029;Sonnino;87;0;9;0;2;;;;11;0;6;3;20;;;;29;40
59029;Sonnino;88;0;6;1;4;;;;11;1;2;0;14;;;;17;28
59029;Sonnino;89;0;6;0;4;;;;10;0;4;0;11;;;;15;25
59029;Sonnino;90;0;10;0;3;;;;13;0;2;0;14;;;;16;29
59029;Sonnino;91;0;4;1;3;;;;8;1;1;0;9;;;;11;19
59029;Sonnino;92;0;2;0;2;;;;4;0;1;0;6;;;;7;11
59029;Sonnino;93;0;1;0;3;;;;4;1;0;0;10;;;;11;15
59029;Sonnino;94;0;0;0;4;;;;4;0;1;0;4;;;;5;9
59029;Sonnino;95;0;1;0;2;;;;3;0;1;0;4;;;;5;8
59029;Sonnino;96;0;1;0;0;;;;1;0;0;0;3;;;;3;4
59029;Sonnino;97;0;0;0;1;;;;1;0;0;0;1;;;;1;2
59029;Sonnino;98;0;0;0;0;;;;0;0;0;0;1;;;;1;1
59029;Sonnino;99;0;0;0;0;;;;0;0;0;0;0;;;;0;0
59029;Sonnino;100;0;0;0;0;;;;0;0;0;0;1;;;;1;1
59029;Sonnino;999;1686;1829;98;87;;;;3700;1400;1805;98;423;;;;3726;7426
59030;Sperlonga;0;6;0;0;0;;;;6;8;0;0;0;;;;8;14
59030;Sperlonga;1;7;0;0;0;;;;7;5;0;0;0;;;;5;12
59030;Sperlonga;2;5;0;0;0;;;;5;12;0;0;0;;;;12;17
59030;Sperlonga;3;4;0;0;0;;;;4;7;0;0;0;;;;7;11
59030;Sperlonga;4;15;0;0;0;;;;15;11;0;0;0;;;;11;26
59030;Sperlonga;5;6;0;0;0;;;;6;6;0;0;0;;;;6;12
59030;Sperlonga;6;9;0;0;0;;;;9;12;0;0;0;;;;12;21
59030;Sperlonga;7;8;0;0;0;;;;8;9;0;0;0;;;;9;17
59030;Sperlonga;8;16;0;0;0;;;;16;10;0;0;0;;;;10;26
59030;Sperlonga;9;8;0;0;0;;;;8;9;0;0;0;;;;9;17
59030;Sperlonga;10;11;0;0;0;;;;11;10;0;0;0;;;;10;21
59030;Sperlonga;11;10;0;0;0;;;;10;16;0;0;0;;;;16;26
59030;Sperlonga;12;12;0;0;0;;;;12;13;0;0;0;;;;13;25
59030;Sperlonga;13;16;0;0;0;;;;16;9;0;0;0;;;;9;25
59030;Sperlonga;14;6;0;0;0;;;;6;14;0;0;0;;;;14;20
59030;Sperlonga;15;11;0;0;0;;;;11;5;0;0;0;;;;5;16
59030;Sperlonga;16;15;0;0;0;;;;15;8;0;0;0;;;;8;23
59030;Sperlonga;17;16;0;0;0;;;;16;13;0;0;0;;;;13;29
59030;Sperlonga;18;11;0;0;0;;;;11;7;0;0;0;;;;7;18
59030;Sperlonga;19;9;0;0;0;;;;9;11;0;0;0;;;;11;20
59030;Sperlonga;20;10;0;0;0;;;;10;5;0;0;0;;;;5;15
59030;Sperlonga;21;12;0;0;0;;;;12;9;0;0;0;;;;9;21
59030;Sperlonga;22;12;0;0;0;;;;12;7;0;0;0;;;;7;19
59030;Sperlonga;23;14;0;0;0;;;;14;13;0;0;0;;;;13;27
59030;Sperlonga;24;8;0;0;0;;;;8;9;0;0;0;;;;9;17
59030;Sperlonga;25;14;0;0;0;;;;14;16;0;0;0;;;;16;30
59030;Sperlonga;26;13;0;0;0;;;;13;12;0;0;0;;;;12;25
59030;Sperlonga;27;13;0;0;0;;;;13;8;0;0;0;;;;8;21
59030;Sperlonga;28;15;0;0;0;;;;15;9;2;0;0;;;;11;26
59030;Sperlonga;29;15;1;0;0;;;;16;10;2;1;0;;;;13;29
59030;Sperlonga;30;15;0;0;0;;;;15;6;5;0;0;;;;11;26
59030;Sperlonga;31;16;1;0;0;;;;17;13;2;0;0;;;;15;32
59030;Sperlonga;32;13;1;0;0;;;;14;15;4;0;0;;;;19;33
59030;Sperlonga;33;14;3;0;0;;;;17;13;4;0;0;;;;17;34
59030;Sperlonga;34;19;4;0;0;;;;23;16;3;0;0;;;;19;42
59030;Sperlonga;35;10;6;0;0;;;;16;10;6;0;0;;;;16;32
59030;Sperlonga;36;8;1;0;0;;;;9;3;6;0;0;;;;9;18
59030;Sperlonga;37;12;4;0;0;;;;16;10;4;0;0;;;;14;30
59030;Sperlonga;38;14;5;0;0;;;;19;10;4;0;0;;;;14;33
59030;Sperlonga;39;5;6;0;0;;;;11;7;6;0;0;;;;13;24
59030;Sperlonga;40;11;8;1;0;;;;20;11;8;0;0;;;;19;39
59030;Sperlonga;41;6;9;0;0;;;;15;7;10;0;0;;;;17;32
59030;Sperlonga;42;14;6;0;0;;;;20;11;9;1;0;;;;21;41
59030;Sperlonga;43;7;10;0;0;;;;17;5;10;2;0;;;;17;34
59030;Sperlonga;44;8;8;1;0;;;;17;7;13;2;0;;;;22;39
59030;Sperlonga;45;8;11;0;0;;;;19;7;18;0;0;;;;25;44
59030;Sperlonga;46;5;13;0;0;;;;18;6;11;2;1;;;;20;38
59030;Sperlonga;47;8;14;0;0;;;;22;7;13;2;0;;;;22;44
59030;Sperlonga;48;9;13;0;0;;;;22;3;21;1;0;;;;25;47
59030;Sperlonga;49;11;13;2;0;;;;26;7;17;1;0;;;;25;51
59030;Sperlonga;50;4;14;1;0;;;;19;2;22;3;1;;;;28;47
59030;Sperlonga;51;3;13;0;0;;;;16;3;13;3;0;;;;19;35
59030;Sperlonga;52;16;12;2;0;;;;30;4;17;1;0;;;;22;52
59030;Sperlonga;53;16;11;1;0;;;;28;0;22;2;0;;;;24;52
59030;Sperlonga;54;10;11;2;0;;;;23;3;18;0;0;;;;21;44
59030;Sperlonga;55;9;24;0;0;;;;33;2;14;1;0;;;;17;50
59030;Sperlonga;56;4;16;1;0;;;;21;4;13;2;1;;;;20;41
59030;Sperlonga;57;6;22;1;0;;;;29;3;19;0;1;;;;23;52
59030;Sperlonga;58;6;21;3;0;;;;30;2;28;1;1;;;;32;62
59030;Sperlonga;59;8;17;1;0;;;;26;3;17;1;1;;;;22;48
59030;Sperlonga;60;7;13;2;1;;;;23;3;20;2;2;;;;27;50
59030;Sperlonga;61;6;20;3;0;;;;29;1;14;0;1;;;;16;45
59030;Sperlonga;62;3;18;2;2;;;;25;4;27;1;1;;;;33;58
59030;Sperlonga;63;4;19;2;0;;;;25;5;19;0;0;;;;24;49
59030;Sperlonga;64;8;19;1;1;;;;29;6;14;1;2;;;;23;52
59030;Sperlonga;65;6;24;1;1;;;;32;4;30;5;1;;;;40;72
59030;Sperlonga;66;1;21;2;0;;;;24;0;13;1;2;;;;16;40
59030;Sperlonga;67;4;19;3;0;;;;26;1;19;0;1;;;;21;47
59030;Sperlonga;68;4;13;0;0;;;;17;2;19;3;5;;;;29;46
59030;Sperlonga;69;1;10;0;0;;;;11;3;21;0;4;;;;28;39
59030;Sperlonga;70;3;23;0;0;;;;26;2;18;0;9;;;;29;55
59030;Sperlonga;71;1;18;1;1;;;;21;1;21;2;4;;;;28;49
59030;Sperlonga;72;2;17;2;1;;;;22;3;12;0;2;;;;17;39
59030;Sperlonga;73;3;20;0;1;;;;24;2;11;0;9;;;;22;46
59030;Sperlonga;74;0;16;1;0;;;;17;1;11;1;5;;;;18;35
59030;Sperlonga;75;4;16;0;0;;;;20;2;22;0;8;;;;32;52
59030;Sperlonga;76;0;18;1;1;;;;20;2;8;1;11;;;;22;42
59030;Sperlonga;77;1;18;0;2;;;;21;0;12;1;9;;;;22;43
59030;Sperlonga;78;2;28;1;0;;;;31;3;14;0;7;;;;24;55
59030;Sperlonga;79;2;10;0;1;;;;13;0;5;0;4;;;;9;22
59030;Sperlonga;80;0;11;0;1;;;;12;0;5;0;3;;;;8;20
59030;Sperlonga;81;2;7;0;0;;;;9;0;5;0;7;;;;12;21
59030;Sperlonga;82;0;10;1;4;;;;15;1;3;0;4;;;;8;23
59030;Sperlonga;83;0;7;0;1;;;;8;1;4;0;8;;;;13;21
59030;Sperlonga;84;1;11;0;3;;;;15;0;3;1;7;;;;11;26
59030;Sperlonga;85;0;8;0;1;;;;9;0;3;0;9;;;;12;21
59030;Sperlonga;86;0;4;0;1;;;;5;0;4;0;9;;;;13;18
59030;Sperlonga;87;0;4;0;1;;;;5;0;0;1;2;;;;3;8
59030;Sperlonga;88;0;6;0;1;;;;7;0;4;0;11;;;;15;22
59030;Sperlonga;89;0;4;0;2;;;;6;1;1;0;8;;;;10;16
59030;Sperlonga;90;0;1;0;1;;;;2;1;0;0;10;;;;11;13
59030;Sperlonga;91;0;2;0;0;;;;2;1;1;0;0;;;;2;4
59030;Sperlonga;92;0;2;0;1;;;;3;0;3;0;5;;;;8;11
59030;Sperlonga;93;0;1;0;2;;;;3;1;0;0;4;;;;5;8
59030;Sperlonga;94;0;0;0;0;;;;0;0;1;0;2;;;;3;3
59030;Sperlonga;95;0;0;0;0;;;;0;0;0;0;1;;;;1;1
59030;Sperlonga;96;0;1;0;0;;;;1;0;0;0;1;;;;1;2
59030;Sperlonga;97;0;0;0;0;;;;0;0;1;0;4;;;;5;5
59030;Sperlonga;98;1;0;0;0;;;;1;0;1;0;2;;;;3;4
59030;Sperlonga;99;0;1;0;0;;;;1;0;0;1;0;;;;1;2
59030;Sperlonga;100;0;0;0;0;;;;0;1;0;0;1;;;;2;2
59030;Sperlonga;999;688;738;39;31;;;;1496;545;730;47;191;;;;1513;3009
59031;Spigno Saturnia;0;5;0;0;0;;;;5;12;0;0;0;;;;12;17
59031;Spigno Saturnia;1;6;0;0;0;;;;6;9;0;0;0;;;;9;15
59031;Spigno Saturnia;2;7;0;0;0;;;;7;10;0;0;0;;;;10;17
59031;Spigno Saturnia;3;10;0;0;0;;;;10;11;0;0;0;;;;11;21
59031;Spigno Saturnia;4;9;0;0;0;;;;9;7;0;0;0;;;;7;16
59031;Spigno Saturnia;5;7;0;0;0;;;;7;10;0;0;0;;;;10;17
59031;Spigno Saturnia;6;7;0;0;0;;;;7;14;0;0;0;;;;14;21
59031;Spigno Saturnia;7;6;0;0;0;;;;6;11;0;0;0;;;;11;17
59031;Spigno Saturnia;8;10;0;0;0;;;;10;17;0;0;0;;;;17;27
59031;Spigno Saturnia;9;13;0;0;0;;;;13;14;0;0;0;;;;14;27
59031;Spigno Saturnia;10;15;0;0;0;;;;15;13;0;0;0;;;;13;28
59031;Spigno Saturnia;11;16;0;0;0;;;;16;14;0;0;0;;;;14;30
59031;Spigno Saturnia;12;13;0;0;0;;;;13;19;0;0;0;;;;19;32
59031;Spigno Saturnia;13;13;0;0;0;;;;13;15;0;0;0;;;;15;28
59031;Spigno Saturnia;14;11;0;0;0;;;;11;17;0;0;0;;;;17;28
59031;Spigno Saturnia;15;25;0;0;0;;;;25;15;0;0;0;;;;15;40
59031;Spigno Saturnia;16;17;0;0;0;;;;17;16;0;0;0;;;;16;33
59031;Spigno Saturnia;17;11;0;0;0;;;;11;20;0;0;0;;;;20;31
59031;Spigno Saturnia;18;17;0;0;0;;;;17;19;0;0;0;;;;19;36
59031;Spigno Saturnia;19;14;0;0;0;;;;14;17;0;0;0;;;;17;31
59031;Spigno Saturnia;20;9;0;0;0;;;;9;16;0;0;0;;;;16;25
59031;Spigno Saturnia;21;15;0;0;0;;;;15;18;0;0;0;;;;18;33
59031;Spigno Saturnia;22;15;0;0;0;;;;15;18;0;0;0;;;;18;33
59031;Spigno Saturnia;23;11;0;0;0;;;;11;13;1;0;0;;;;14;25
59031;Spigno Saturnia;24;14;0;0;0;;;;14;13;0;0;0;;;;13;27
59031;Spigno Saturnia;25;11;0;0;0;;;;11;19;0;0;0;;;;19;30
59031;Spigno Saturnia;26;10;0;0;0;;;;10;11;0;0;0;;;;11;21
59031;Spigno Saturnia;27;16;0;0;0;;;;16;12;2;0;0;;;;14;30
59031;Spigno Saturnia;28;15;2;0;0;;;;17;14;1;0;0;;;;15;32
59031;Spigno Saturnia;29;11;2;0;0;;;;13;11;7;0;0;;;;18;31
59031;Spigno Saturnia;30;14;3;0;0;;;;17;6;2;0;0;;;;8;25
59031;Spigno Saturnia;31;18;3;0;0;;;;21;10;8;0;0;;;;18;39
59031;Spigno Saturnia;32;12;5;0;0;;;;17;10;4;0;0;;;;14;31
59031;Spigno Saturnia;33;11;4;0;0;;;;15;7;2;0;0;;;;9;24
59031;Spigno Saturnia;34;5;6;0;0;;;;11;11;10;0;0;;;;21;32
59031;Spigno Saturnia;35;8;3;0;0;;;;11;3;8;0;0;;;;11;22
59031;Spigno Saturnia;36;5;6;0;0;;;;11;6;5;0;0;;;;11;22
59031;Spigno Saturnia;37;3;3;1;0;;;;7;5;9;2;0;;;;16;23
59031;Spigno Saturnia;38;10;5;0;0;;;;15;8;10;0;0;;;;18;33
59031;Spigno Saturnia;39;6;9;0;0;;;;15;6;14;0;0;;;;20;35
59031;Spigno Saturnia;40;6;9;1;0;;;;16;6;10;1;0;;;;17;33
59031;Spigno Saturnia;41;7;5;0;0;;;;12;5;14;0;0;;;;19;31
59031;Spigno Saturnia;42;7;10;0;0;;;;17;2;9;0;0;;;;11;28
59031;Spigno Saturnia;43;9;15;0;0;;;;24;3;11;2;0;;;;16;40
59031;Spigno Saturnia;44;8;10;0;0;;;;18;2;10;0;0;;;;12;30
59031;Spigno Saturnia;45;8;13;0;0;;;;21;4;14;0;1;;;;19;40
59031;Spigno Saturnia;46;4;20;1;0;;;;25;4;19;0;0;;;;23;48
59031;Spigno Saturnia;47;13;18;0;0;;;;31;2;16;0;0;;;;18;49
59031;Spigno Saturnia;48;3;19;1;0;;;;23;4;13;0;0;;;;17;40
59031;Spigno Saturnia;49;1;15;1;0;;;;17;3;15;1;0;;;;19;36
59031;Spigno Saturnia;50;4;19;0;0;;;;23;7;19;1;1;;;;28;51
59031;Spigno Saturnia;51;7;17;1;0;;;;25;6;16;1;2;;;;25;50
59031;Spigno Saturnia;52;4;17;1;0;;;;22;6;13;3;0;;;;22;44
59031;Spigno Saturnia;53;4;17;2;0;;;;23;3;18;0;1;;;;22;45
59031;Spigno Saturnia;54;8;19;0;0;;;;27;4;19;1;1;;;;25;52
59031;Spigno Saturnia;55;3;11;0;0;;;;14;0;24;2;1;;;;27;41
59031;Spigno Saturnia;56;5;14;1;0;;;;20;2;14;0;0;;;;16;36
59031;Spigno Saturnia;57;4;18;0;1;;;;23;3;18;2;0;;;;23;46
59031;Spigno Saturnia;58;1;22;2;2;;;;27;4;24;0;0;;;;28;55
59031;Spigno Saturnia;59;8;10;1;2;;;;21;1;14;2;2;;;;19;40
59031;Spigno Saturnia;60;2;16;1;1;;;;20;2;18;1;2;;;;23;43
59031;Spigno Saturnia;61;1;20;0;0;;;;21;0;16;1;2;;;;19;40
59031;Spigno Saturnia;62;1;6;0;0;;;;7;1;17;0;5;;;;23;30
59031;Spigno Saturnia;63;2;13;0;0;;;;15;1;17;0;1;;;;19;34
59031;Spigno Saturnia;64;0;14;1;0;;;;15;0;7;1;2;;;;10;25
59031;Spigno Saturnia;65;0;9;2;0;;;;11;1;17;1;2;;;;21;32
59031;Spigno Saturnia;66;2;16;0;0;;;;18;1;12;1;4;;;;18;36
59031;Spigno Saturnia;67;1;17;2;1;;;;21;4;12;3;4;;;;23;44
59031;Spigno Saturnia;68;3;18;2;2;;;;25;0;13;3;4;;;;20;45
59031;Spigno Saturnia;69;0;14;0;2;;;;16;1;19;1;3;;;;24;40
59031;Spigno Saturnia;70;1;19;0;1;;;;21;0;17;1;2;;;;20;41
59031;Spigno Saturnia;71;1;22;1;1;;;;25;0;13;0;6;;;;19;44
59031;Spigno Saturnia;72;0;13;2;0;;;;15;0;15;1;1;;;;17;32
59031;Spigno Saturnia;73;2;14;1;0;;;;17;1;13;1;2;;;;17;34
59031;Spigno Saturnia;74;2;16;0;0;;;;18;0;12;0;5;;;;17;35
59031;Spigno Saturnia;75;0;26;2;4;;;;32;1;16;0;9;;;;26;58
59031;Spigno Saturnia;76;2;14;1;1;;;;18;1;17;1;8;;;;27;45
59031;Spigno Saturnia;77;0;19;0;4;;;;23;0;6;0;9;;;;15;38
59031;Spigno Saturnia;78;1;16;0;0;;;;17;2;5;0;6;;;;13;30
59031;Spigno Saturnia;79;0;4;0;0;;;;4;0;5;1;5;;;;11;15
59031;Spigno Saturnia;80;0;7;0;0;;;;7;0;3;0;6;;;;9;16
59031;Spigno Saturnia;81;0;7;0;0;;;;7;1;1;0;6;;;;8;15
59031;Spigno Saturnia;82;0;4;0;1;;;;5;0;3;1;6;;;;10;15
59031;Spigno Saturnia;83;0;7;0;0;;;;7;1;2;0;3;;;;6;13
59031;Spigno Saturnia;84;1;3;0;1;;;;5;0;3;0;7;;;;10;15
59031;Spigno Saturnia;85;1;8;0;3;;;;12;0;3;1;4;;;;8;20
59031;Spigno Saturnia;86;0;3;1;1;;;;5;0;3;0;6;;;;9;14
59031;Spigno Saturnia;87;0;3;0;3;;;;6;0;1;0;5;;;;6;12
59031;Spigno Saturnia;88;0;2;0;2;;;;4;0;3;0;5;;;;8;12
59031;Spigno Saturnia;89;0;3;0;0;;;;3;1;2;0;6;;;;9;12
59031;Spigno Saturnia;90;0;0;1;0;;;;1;0;1;0;5;;;;6;7
59031;Spigno Saturnia;91;0;2;0;0;;;;2;0;0;0;2;;;;2;4
59031;Spigno Saturnia;92;0;3;0;0;;;;3;0;1;0;6;;;;7;10
59031;Spigno Saturnia;93;0;2;0;3;;;;5;0;0;0;4;;;;4;9
59031;Spigno Saturnia;94;0;2;0;0;;;;2;0;0;0;2;;;;2;4
59031;Spigno Saturnia;95;0;1;0;0;;;;1;0;0;0;2;;;;2;3
59031;Spigno Saturnia;96;0;0;0;1;;;;1;0;0;0;0;;;;0;1
59031;Spigno Saturnia;97;0;0;0;0;;;;0;0;0;0;0;;;;0;0
59031;Spigno Saturnia;98;0;0;0;0;;;;0;0;0;0;1;;;;1;1
59031;Spigno Saturnia;99;0;0;0;1;;;;1;0;0;1;0;;;;1;2
59031;Spigno Saturnia;100;0;0;0;0;;;;0;0;0;0;0;;;;0;0
59031;Spigno Saturnia;999;588;712;30;38;;;;1368;587;686;38;167;;;;1478;2846
59032;Terracina;0;121;0;0;0;0;0;0;121;122;0;0;0;0;0;0;122;243
59032;Terracina;1;136;0;0;0;0;0;0;136;113;0;0;0;0;0;0;113;249
59032;Terracina;2;143;0;0;0;0;0;0;143;137;0;0;0;0;0;0;137;280
59032;Terracina;3;144;0;0;0;0;0;0;144;151;0;0;0;0;0;0;151;295
59032;Terracina;4;161;0;0;0;0;0;0;161;126;0;0;0;0;0;0;126;287
59032;Terracina;5;146;0;0;0;0;0;0;146;151;0;0;0;0;0;0;151;297
59032;Terracina;6;178;0;0;0;0;0;0;178;165;0;0;0;0;0;0;165;343
59032;Terracina;7;186;0;0;0;0;0;0;186;160;0;0;0;0;0;0;160;346
59032;Terracina;8;181;0;0;0;0;0;0;181;169;0;0;0;0;0;0;169;350
59032;Terracina;9;176;0;0;0;0;0;0;176;176;0;0;0;0;0;0;176;352
59032;Terracina;10;239;0;0;0;0;0;0;239;178;0;0;0;0;0;0;178;417
59032;Terracina;11;189;0;0;0;0;0;0;189;177;0;0;0;0;0;0;177;366
59032;Terracina;12;227;0;0;0;0;0;0;227;173;0;0;0;0;0;0;173;400
59032;Terracina;13;205;0;0;0;0;0;0;205;183;0;0;0;0;0;0;183;388
59032;Terracina;14;204;0;0;0;0;0;0;204;221;0;0;0;0;0;0;221;425
59032;Terracina;15;215;0;0;0;0;0;0;215;191;0;0;0;0;0;0;191;406
59032;Terracina;16;210;0;0;0;0;0;0;210;204;0;0;0;0;0;0;204;414
59032;Terracina;17;205;0;0;0;0;0;0;205;203;0;0;0;0;0;0;203;408
59032;Terracina;18;203;0;0;0;0;0;0;203;202;0;0;0;0;0;0;202;405
59032;Terracina;19;199;0;0;0;0;0;0;199;203;0;0;0;0;0;0;203;402
59032;Terracina;20;204;0;0;0;0;0;0;204;185;0;0;0;0;0;0;185;389
59032;Terracina;21;222;0;0;0;0;0;0;222;184;1;0;0;0;0;0;185;407
59032;Terracina;22;203;0;0;0;0;0;0;203;197;4;0;0;0;0;0;201;404
59032;Terracina;23;204;3;0;0;0;0;0;207;176;6;0;0;0;0;0;182;389
59032;Terracina;24;246;0;0;0;0;0;0;246;196;4;0;0;0;0;0;200;446
59032;Terracina;25;237;3;0;0;0;0;0;240;179;12;0;0;0;0;0;191;431
59032;Terracina;26;239;1;0;0;0;0;0;240;153;17;1;0;0;0;0;171;411
59032;Terracina;27;238;10;0;0;0;0;0;248;174;19;0;0;0;0;0;193;441
59032;Terracina;28;225;19;1;0;0;0;0;245;167;30;0;0;0;0;0;197;442
59032;Terracina;29;229;15;0;0;0;0;0;244;165;42;1;0;0;0;0;208;452
59032;Terracina;30;215;18;2;0;0;0;0;235;147;46;0;0;0;0;0;193;428
59032;Terracina;31;222;39;0;0;0;0;0;261;161;72;1;0;0;0;0;234;495
59032;Terracina;32;221;36;2;0;0;0;0;259;153;89;5;0;1;0;0;248;507
59032;Terracina;33;183;61;1;1;0;0;0;246;128;85;5;1;1;0;0;220;466
59032;Terracina;34;206;74;3;0;0;0;0;283;133;93;3;1;0;0;0;230;513
59032;Terracina;35;178;76;1;0;0;0;0;255;127;108;3;1;0;0;0;239;494
59032;Terracina;36;189;95;5;0;0;0;0;289;121;136;7;0;1;0;0;265;554
59032;Terracina;37;198;104;4;0;0;0;0;306;118;129;7;1;1;0;0;256;562
59032;Terracina;38;213;114;8;0;0;0;0;335;95;135;5;0;0;0;0;235;570
59032;Terracina;39;172;136;1;0;0;0;0;309;92;132;2;1;0;0;0;227;536
59032;Terracina;40;156;153;6;1;0;0;0;316;95;171;11;0;0;0;0;277;593
59032;Terracina;41;157;154;7;0;0;0;0;318;81;186;10;2;1;0;0;280;598
59032;Terracina;42;173;175;12;0;0;0;0;360;102;166;11;3;0;0;0;282;642
59032;Terracina;43;166;184;8;0;1;0;0;359;95;193;15;2;0;0;0;305;664
59032;Terracina;44;153;194;9;1;1;0;0;358;68;192;20;2;0;0;0;282;640
59032;Terracina;45;145;174;9;1;1;0;0;330;71;196;15;3;0;0;0;285;615
59032;Terracina;46;141;171;8;4;0;0;0;324;79;214;19;2;1;0;0;315;639
59032;Terracina;47;142;228;6;2;0;0;0;378;68;224;13;5;0;0;0;310;688
59032;Terracina;48;136;226;12;1;0;0;0;375;70;230;20;2;0;0;0;322;697
59032;Terracina;49;150;220;18;8;0;0;0;396;74;270;26;12;0;0;0;382;778
59032;Terracina;50;119;233;10;1;0;0;0;363;90;277;21;8;1;0;0;397;760
59032;Terracina;51;142;249;24;1;0;0;0;416;78;269;35;11;0;0;0;393;809
59032;Terracina;52;95;229;24;3;2;0;0;353;54;247;19;8;0;0;0;328;681
59032;Terracina;53;93;282;16;2;0;0;0;393;50;242;40;6;0;0;0;338;731
59032;Terracina;54;100;291;23;5;0;0;0;419;49;268;23;8;0;0;0;348;767
59032;Terracina;55;73;247;27;1;0;0;0;348;49;283;37;16;0;0;0;385;733
59032;Terracina;56;79;255;16;3;0;0;0;353;45;299;32;15;0;0;0;391;744
59032;Terracina;57;74;255;18;5;0;0;0;352;44;284;32;15;0;0;0;375;727
59032;Terracina;58;74;252;31;4;0;0;0;361;42;276;30;25;0;0;0;373;734
59032;Terracina;59;60;289;23;4;0;0;0;376;39;275;38;21;0;0;0;373;749
59032;Terracina;60;50;292;32;4;0;0;0;378;32;295;49;19;1;0;0;396;774
59032;Terracina;61;44;230;29;2;0;0;0;305;28;222;32;40;1;0;0;323;628
59032;Terracina;62;43;274;22;7;0;0;0;346;35;247;24;28;0;0;0;334;680
59032;Terracina;63;36;258;22;6;0;0;0;322;22;274;22;38;0;0;0;356;678
59032;Terracina;64;27;215;24;7;0;0;0;273;17;218;20;49;0;0;0;304;577
59032;Terracina;65;24;243;17;9;0;0;0;293;25;250;12;40;0;0;0;327;620
59032;Terracina;66;19;214;28;8;0;0;0;269;36;220;21;37;0;0;0;314;583
59032;Terracina;67;29;220;18;11;0;0;0;278;10;223;20;44;0;0;0;297;575
59032;Terracina;68;26;221;9;10;0;0;0;266;18;225;12;33;0;0;0;288;554
59032;Terracina;69;22;219;7;11;0;0;0;259;19;189;12;41;0;0;0;261;520
59032;Terracina;70;16;213;11;6;0;0;0;246;16;196;10;67;0;0;0;289;535
59032;Terracina;71;12;180;9;10;0;0;0;211;8;209;7;52;0;0;0;276;487
59032;Terracina;72;12;172;14;16;0;0;0;214;14;171;8;45;0;0;0;238;452
59032;Terracina;73;13;216;8;18;0;0;0;255;11;162;12;57;0;0;0;242;497
59032;Terracina;74;11;182;11;18;0;0;0;222;11;165;14;82;0;0;0;272;494
59032;Terracina;75;7;218;7;23;0;0;0;255;21;177;6;97;0;0;0;301;556
59032;Terracina;76;12;183;13;23;0;0;0;231;17;159;11;90;0;0;0;277;508
59032;Terracina;77;14;223;7;26;0;0;0;270;14;153;9;91;0;0;0;267;537
59032;Terracina;78;10;192;3;27;0;0;0;232;11;146;12;119;0;0;0;288;520
59032;Terracina;79;7;112;2;12;0;0;0;133;8;80;3;66;0;0;0;157;290
59032;Terracina;80;6;110;4;16;0;0;0;136;7;85;7;90;0;0;0;189;325
59032;Terracina;81;7;117;6;17;0;0;0;147;7;79;5;97;0;0;0;188;335
59032;Terracina;82;3;110;3;14;0;0;0;130;4;84;5;96;0;0;0;189;319
59032;Terracina;83;2;101;3;21;0;0;0;127;12;64;1;104;0;0;0;181;308
59032;Terracina;84;1;106;5;27;0;0;0;139;4;45;4;117;0;0;0;170;309
59032;Terracina;85;7;89;3;19;0;0;0;118;11;48;0;99;0;0;0;158;276
59032;Terracina;86;1;65;0;30;0;0;0;96;8;40;1;102;0;0;0;151;247
59032;Terracina;87;2;54;2;29;0;0;0;87;6;30;1;106;0;0;0;143;230
59032;Terracina;88;3;41;0;21;0;0;0;65;7;29;3;86;0;0;0;125;190
59032;Terracina;89;3;37;1;20;0;0;0;61;4;22;1;86;0;0;0;113;174
59032;Terracina;90;3;35;1;13;0;0;0;52;7;12;1;56;0;0;0;76;128
59032;Terracina;91;0;17;0;6;0;0;0;23;4;7;0;61;0;0;0;72;95
59032;Terracina;92;0;17;0;10;0;0;0;27;1;3;1;48;0;0;0;53;80
59032;Terracina;93;0;16;0;13;0;0;0;29;0;3;1;45;0;0;0;49;78
59032;Terracina;94;0;8;0;15;0;0;0;23;4;4;0;38;0;0;0;46;69
59032;Terracina;95;1;5;0;7;0;0;0;13;2;0;0;22;0;0;0;24;37
59032;Terracina;96;0;4;0;7;0;0;0;11;3;2;0;22;0;0;0;27;38
59032;Terracina;97;1;1;0;2;0;0;0;4;0;0;0;11;0;0;0;11;15
59032;Terracina;98;0;2;0;2;0;0;0;4;1;0;0;11;0;0;0;12;16
59032;Terracina;99;0;2;0;1;0;0;0;3;0;0;0;9;0;0;0;9;12
59032;Terracina;100;0;0;1;3;0;0;0;4;2;8;0;15;0;0;0;25;29
59032;Terracina;999;10814;10479;657;595;5;0;0;22550;8266;10468;854;2627;9;0;0;22224;44774
59033;Ventotene;0;1;0;0;0;;;;1;0;0;0;0;;;;0;1
59033;Ventotene;1;2;0;0;0;;;;2;2;0;0;0;;;;2;4
59033;Ventotene;2;0;0;0;0;;;;0;2;0;0;0;;;;2;2
59033;Ventotene;3;3;0;0;0;;;;3;0;0;0;0;;;;0;3
59033;Ventotene;4;1;0;0;0;;;;1;3;0;0;0;;;;3;4
59033;Ventotene;5;2;0;0;0;;;;2;2;0;0;0;;;;2;4
59033;Ventotene;6;1;0;0;0;;;;1;1;0;0;0;;;;1;2
59033;Ventotene;7;5;0;0;0;;;;5;1;0;0;0;;;;1;6
59033;Ventotene;8;6;0;0;0;;;;6;0;0;0;0;;;;0;6
59033;Ventotene;9;2;0;0;0;;;;2;3;0;0;0;;;;3;5
59033;Ventotene;10;2;0;0;0;;;;2;2;0;0;0;;;;2;4
59033;Ventotene;11;2;0;0;0;;;;2;4;0;0;0;;;;4;6
59033;Ventotene;12;2;0;0;0;;;;2;0;0;0;0;;;;0;2
59033;Ventotene;13;3;0;0;0;;;;3;0;0;0;0;;;;0;3
59033;Ventotene;14;3;0;0;0;;;;3;2;0;0;0;;;;2;5
59033;Ventotene;15;3;0;0;0;;;;3;1;0;0;0;;;;1;4
59033;Ventotene;16;1;0;0;0;;;;1;1;0;0;0;;;;1;2
59033;Ventotene;17;2;0;0;0;;;;2;4;0;0;0;;;;4;6
59033;Ventotene;18;1;0;0;0;;;;1;0;0;0;0;;;;0;1
59033;Ventotene;19;4;0;0;0;;;;4;2;0;0;0;;;;2;6
59033;Ventotene;20;3;0;0;0;;;;3;3;0;0;0;;;;3;6
59033;Ventotene;21;5;0;0;0;;;;5;4;0;0;0;;;;4;9
59033;Ventotene;22;2;0;0;0;;;;2;3;0;0;0;;;;3;5
59033;Ventotene;23;5;0;0;0;;;;5;2;0;0;0;;;;2;7
59033;Ventotene;24;7;0;0;0;;;;7;3;1;0;0;;;;4;11
59033;Ventotene;25;3;0;0;0;;;;3;4;0;0;0;;;;4;7
59033;Ventotene;26;3;0;0;0;;;;3;6;0;0;0;;;;6;9
59033;Ventotene;27;4;0;0;0;;;;4;5;0;0;0;;;;5;9
59033;Ventotene;28;7;1;0;0;;;;8;2;1;0;0;;;;3;11
59033;Ventotene;29;5;0;0;0;;;;5;4;0;0;0;;;;4;9
59033;Ventotene;30;7;0;0;0;;;;7;3;1;0;0;;;;4;11
59033;Ventotene;31;2;1;0;0;;;;3;0;0;0;0;;;;0;3
59033;Ventotene;32;6;1;0;0;;;;7;2;0;0;0;;;;2;9
59033;Ventotene;33;5;0;0;0;;;;5;2;0;0;0;;;;2;7
59033;Ventotene;34;2;0;0;0;;;;2;0;0;0;0;;;;0;2
59033;Ventotene;35;4;2;0;0;;;;6;0;1;0;0;;;;1;7
59033;Ventotene;36;3;0;0;0;;;;3;3;1;0;0;;;;4;7
59033;Ventotene;37;3;1;0;0;;;;4;2;1;0;0;;;;3;7
59033;Ventotene;38;4;3;0;0;;;;7;2;1;0;0;;;;3;10
59033;Ventotene;39;4;1;0;0;;;;5;1;3;0;0;;;;4;9
59033;Ventotene;40;4;0;0;0;;;;4;3;0;0;0;;;;3;7
59033;Ventotene;41;5;0;1;0;;;;6;1;1;0;0;;;;2;8
59033;Ventotene;42;3;2;0;0;;;;5;4;3;1;0;;;;8;13
59033;Ventotene;43;5;0;0;0;;;;5;7;0;0;0;;;;7;12
59033;Ventotene;44;1;3;0;0;;;;4;1;1;1;0;;;;3;7
59033;Ventotene;45;2;2;1;0;;;;5;1;0;0;1;;;;2;7
59033;Ventotene;46;3;5;0;0;;;;8;1;0;2;0;;;;3;11
59033;Ventotene;47;0;0;0;0;;;;0;0;2;1;0;;;;3;3
59033;Ventotene;48;1;4;1;0;;;;6;1;3;1;0;;;;5;11
59033;Ventotene;49;2;3;0;0;;;;5;1;4;2;0;;;;7;12
59033;Ventotene;50;2;4;0;0;;;;6;1;5;0;0;;;;6;12
59033;Ventotene;51;5;3;0;0;;;;8;0;2;0;0;;;;2;10
59033;Ventotene;52;5;6;0;0;;;;11;1;1;1;0;;;;3;14
59033;Ventotene;53;2;5;0;0;;;;7;1;1;1;0;;;;3;10
59033;Ventotene;54;0;9;0;0;;;;9;0;3;1;0;;;;4;13
59033;Ventotene;55;3;3;0;0;;;;6;2;4;2;0;;;;8;14
59033;Ventotene;56;5;2;1;0;;;;8;0;5;1;1;;;;7;15
59033;Ventotene;57;1;5;3;0;;;;9;1;3;2;0;;;;6;15
59033;Ventotene;58;3;6;1;0;;;;10;0;3;0;0;;;;3;13
59033;Ventotene;59;3;3;0;1;;;;7;1;4;0;0;;;;5;12
59033;Ventotene;60;1;5;1;1;;;;8;3;4;0;0;;;;7;15
59033;Ventotene;61;3;0;0;1;;;;4;3;3;0;2;;;;8;12
59033;Ventotene;62;2;1;0;0;;;;3;1;2;1;0;;;;4;7
59033;Ventotene;63;3;1;1;0;;;;5;1;2;1;1;;;;5;10
59033;Ventotene;64;1;4;0;0;;;;5;3;8;1;1;;;;13;18
59033;Ventotene;65;2;5;1;0;;;;8;1;3;0;0;;;;4;12
59033;Ventotene;66;1;3;0;0;;;;4;1;2;0;0;;;;3;7
59033;Ventotene;67;1;4;0;0;;;;5;1;5;0;0;;;;6;11
59033;Ventotene;68;0;3;0;0;;;;3;0;2;0;0;;;;2;5
59033;Ventotene;69;2;7;0;3;;;;12;0;3;1;2;;;;6;18
59033;Ventotene;70;1;3;0;0;;;;4;0;4;0;0;;;;4;8
59033;Ventotene;71;1;3;0;0;;;;4;0;1;0;1;;;;2;6
59033;Ventotene;72;0;5;1;0;;;;6;0;1;0;0;;;;1;7
59033;Ventotene;73;0;1;0;0;;;;1;0;3;0;2;;;;5;6
59033;Ventotene;74;2;2;0;0;;;;4;0;1;1;1;;;;3;7
59033;Ventotene;75;1;3;0;0;;;;4;0;2;0;1;;;;3;7
59033;Ventotene;76;1;4;1;0;;;;6;0;1;0;1;;;;2;8
59033;Ventotene;77;0;1;0;1;;;;2;1;2;0;1;;;;4;6
59033;Ventotene;78;0;4;0;0;;;;4;0;6;0;2;;;;8;12
59033;Ventotene;79;0;1;0;0;;;;1;0;3;0;3;;;;6;7
59033;Ventotene;80;0;2;0;0;;;;2;0;2;0;3;;;;5;7
59033;Ventotene;81;0;0;0;0;;;;0;0;0;0;1;;;;1;1
59033;Ventotene;82;0;2;0;0;;;;2;0;0;0;3;;;;3;5
59033;Ventotene;83;0;3;0;2;;;;5;0;1;0;1;;;;2;7
59033;Ventotene;84;1;0;0;0;;;;1;0;0;1;0;;;;1;2
59033;Ventotene;85;1;2;0;0;;;;3;0;1;0;0;;;;1;4
59033;Ventotene;86;0;0;0;0;;;;0;0;3;0;0;;;;3;3
59033;Ventotene;87;0;1;0;0;;;;1;0;1;0;2;;;;3;4
59033;Ventotene;88;0;1;0;0;;;;1;0;1;0;1;;;;2;3
59033;Ventotene;89;0;1;0;0;;;;1;0;0;0;0;;;;0;1
59033;Ventotene;90;0;0;0;0;;;;0;0;1;0;1;;;;2;2
59033;Ventotene;91;0;0;0;0;;;;0;0;1;0;1;;;;2;2
59033;Ventotene;92;0;1;0;0;;;;1;0;1;0;2;;;;3;4
59033;Ventotene;93;0;0;0;0;;;;0;0;0;0;0;;;;0;0
59033;Ventotene;94;0;1;0;1;;;;2;0;0;0;0;;;;0;2
59033;Ventotene;95;0;0;0;0;;;;0;0;0;0;0;;;;0;0
59033;Ventotene;96;0;0;0;0;;;;0;0;0;0;1;;;;1;1
59033;Ventotene;97;0;0;0;0;;;;0;0;0;0;0;;;;0;0
59033;Ventotene;98;0;0;0;0;;;;0;0;0;0;0;;;;0;0
59033;Ventotene;99;0;0;0;0;;;;0;0;0;0;0;;;;0;0
59033;Ventotene;100;0;0;0;0;;;;0;0;0;0;0;;;;0;0
59033;Ventotene;999;209;149;13;10;;;;381;123;125;22;36;;;;306;687
