Popolazione residente per età, sesso e stato civile al 1° gennaio 2025;;;;;;;;;;;;;;;;;;;
Codice comune;Comune;Età;Celibi;Coniugati;Divorziati;Vedovi;Uniti civilmente;Maschi già in unione civile (per scioglimento unione);Maschi già in unione civile (per decesso del partner);Totale maschi;Nubili;Coniugate;Divorziate;Vedove;Unite civilmente;Femmine già in unione civile (per scioglimento unione);Femmine già in unione civile (per decesso del partner);Totale femmine;Totale
60001;Acquafondata;0;0;0;0;0;;;;0;0;0;0;0;;;;0;0
60001;Acquafondata;1;1;0;0;0;;;;1;1;0;0;0;;;;1;2
60001;Acquafondata;2;0;0;0;0;;;;0;0;0;0;0;;;;0;0
60001;Acquafondata;3;1;0;0;0;;;;1;0;0;0;0;;;;0;1
60001;Acquafondata;4;0;0;0;0;;;;0;1;0;0;0;;;;1;1
60001;Acquafondata;5;0;0;0;0;;;;0;0;0;0;0;;;;0;0
60001;Acquafondata;6;0;0;0;0;;;;0;1;0;0;0;;;;1;1
60001;Acquafondata;7;0;0;0;0;;;;0;1;0;0;0;;;;1;1
60001;Acquafondata;8;1;0;0;0;;;;1;2;0;0;0;;;;2;3
60001;Acquafondata;9;1;0;0;0;;;;1;1;0;0;0;;;;1;2
60001;Acquafondata;10;0;0;0;0;;;;0;1;0;0;0;;;;1;1
60001;Acquafondata;11;0;0;0;0;;;;0;1;0;0;0;;;;1;1
60001;Acquafondata;12;0;0;0;0;;;;0;1;0;0;0;;;;1;1
60001;Acquafondata;13;0;0;0;0;;;;0;1;0;0;0;;;;1;1
60001;Acquafondata;14;1;0;0;0;;;;1;0;0;0;0;;;;0;1
60001;Acquafondata;15;0;0;0;0;;;;0;0;0;0;0;;;;0;0
60001;Acquafondata;16;0;0;0;0;;;;0;0;0;0;0;;;;0;0
60001;Acquafondata;17;1;0;0;0;;;;1;1;0;0;0;;;;1;2
60001;Acquafondata;18;0;0;0;0;;;;0;1;0;0;0;;;;1;1
60001;Acquafondata;19;0;0;0;0;;;;0;0;0;0;0;;;;0;0
60001;Acquafondata;20;0;0;0;0;;;;0;1;0;0;0;;;;1;1
60001;Acquafondata;21;3;0;0;0;;;;3;0;0;0;0;;;;0;3
60001;Acquafondata;22;0;0;0;0;;;;0;0;0;0;0;;;;0;0
60001;Acquafondata;23;0;0;0;0;;;;0;0;0;0;0;;;;0;0
60001;Acquafondata;24;1;0;0;0;;;;1;0;0;0;0;;;;0;1
60001;Acquafondata;25;1;0;0;0;;;;1;1;0;0;0;;;;1;2
60001;Acquafondata;26;1;0;0;0;;;;1;3;0;0;0;;;;3;4
60001;Acquafondata;27;1;0;0;0;;;;1;0;0;0;0;;;;0;1
60001;Acquafondata;28;1;0;0;0;;;;1;2;0;0;0;;;;2;3
60001;Acquafondata;29;1;0;0;0;;;;1;1;0;0;0;;;;1;2
60001;Acquafondata;30;2;0;0;0;;;;2;0;0;0;0;;;;0;2
60001;Acquafondata;31;1;0;0;0;;;;1;2;0;0;0;;;;2;3
60001;Acquafondata;32;2;0;0;0;;;;2;0;0;0;0;;;;0;2
60001;Acquafondata;33;3;1;0;0;;;;4;2;0;0;0;;;;2;6
60001;Acquafondata;34;2;0;0;0;;;;2;0;0;0;0;;;;0;2
60001;Acquafondata;35;1;1;0;0;;;;2;1;0;0;0;;;;1;3
60001;Acquafondata;36;0;1;0;0;;;;1;0;0;0;0;;;;0;1
60001;Acquafondata;37;2;1;0;0;;;;3;2;0;0;0;;;;2;5
60001;Acquafondata;38;2;1;0;0;;;;3;1;1;0;0;;;;2;5
60001;Acquafondata;39;1;0;1;0;;;;2;0;1;0;0;;;;1;3
60001;Acquafondata;40;2;1;0;0;;;;3;2;1;0;0;;;;3;6
60001;Acquafondata;41;0;0;0;0;;;;0;0;0;0;0;;;;0;0
60001;Acquafondata;42;0;1;0;0;;;;1;1;1;0;0;;;;2;3
60001;Acquafondata;43;1;1;0;0;;;;2;0;0;0;0;;;;0;2
60001;Acquafondata;44;1;1;0;0;;;;2;2;0;0;0;;;;2;4
60001;Acquafondata;45;0;0;0;0;;;;0;1;1;0;0;;;;2;2
60001;Acquafondata;46;0;0;0;0;;;;0;0;2;0;0;;;;2;2
60001;Acquafondata;47;1;0;0;0;;;;1;0;0;0;0;;;;0;1
60001;Acquafondata;48;3;1;0;0;;;;4;0;1;0;0;;;;1;5
60001;Acquafondata;49;3;0;0;0;;;;3;0;2;0;0;;;;2;5
60001;Acquafondata;50;1;3;0;0;;;;4;2;1;0;0;;;;3;7
60001;Acquafondata;51;0;0;0;0;;;;0;0;0;1;0;;;;1;1
60001;Acquafondata;52;1;1;0;0;;;;2;1;1;0;0;;;;2;4
60001;Acquafondata;53;1;0;0;0;;;;1;0;2;0;0;;;;2;3
60001;Acquafondata;54;2;3;0;0;;;;5;0;1;0;0;;;;1;6
60001;Acquafondata;55;2;3;0;0;;;;5;1;0;0;0;;;;1;6
60001;Acquafondata;56;3;2;0;0;;;;5;0;0;0;0;;;;0;5
60001;Acquafondata;57;0;4;0;0;;;;4;1;2;0;0;;;;3;7
60001;Acquafondata;58;0;0;0;0;;;;0;0;2;0;0;;;;2;2
60001;Acquafondata;59;0;3;0;0;;;;3;0;2;0;1;;;;3;6
60001;Acquafondata;60;0;2;0;0;;;;2;0;2;1;0;;;;3;5
60001;Acquafondata;61;1;2;0;0;;;;3;0;1;0;0;;;;1;4
60001;Acquafondata;62;0;2;0;0;;;;2;0;2;1;0;;;;3;5
60001;Acquafondata;63;0;2;0;0;;;;2;1;1;0;0;;;;2;4
60001;Acquafondata;64;1;2;0;0;;;;3;0;1;0;1;;;;2;5
60001;Acquafondata;65;1;3;0;0;;;;4;0;3;0;0;;;;3;7
60001;Acquafondata;66;0;5;0;0;;;;5;0;1;0;0;;;;1;6
60001;Acquafondata;67;0;2;1;0;;;;3;0;2;0;0;;;;2;5
60001;Acquafondata;68;2;3;0;0;;;;5;0;2;0;0;;;;2;7
60001;Acquafondata;69;0;0;0;0;;;;0;0;1;1;0;;;;2;2
60001;Acquafondata;70;0;1;0;0;;;;1;0;1;0;1;;;;2;3
60001;Acquafondata;71;1;3;0;0;;;;4;0;0;1;1;;;;2;6
60001;Acquafondata;72;0;1;0;0;;;;1;0;2;0;1;;;;3;4
60001;Acquafondata;73;2;1;0;0;;;;3;0;1;0;2;;;;3;6
60001;Acquafondata;74;0;2;0;0;;;;2;0;0;0;0;;;;0;2
60001;Acquafondata;75;0;1;0;0;;;;1;1;1;0;0;;;;2;3
60001;Acquafondata;76;0;3;0;0;;;;3;0;2;0;0;;;;2;5
60001;Acquafondata;77;0;2;0;0;;;;2;0;0;0;0;;;;0;2
60001;Acquafondata;78;0;1;0;0;;;;1;0;1;0;1;;;;2;3
60001;Acquafondata;79;0;0;0;0;;;;0;0;0;0;1;;;;1;1
60001;Acquafondata;80;0;0;0;0;;;;0;0;0;0;0;;;;0;0
60001;Acquafondata;81;1;0;0;0;;;;1;0;0;0;0;;;;0;1
60001;Acquafondata;82;0;1;0;0;;;;1;0;0;0;0;;;;0;1
60001;Acquafondata;83;0;0;0;0;;;;0;0;0;0;1;;;;1;1
60001;Acquafondata;84;0;0;0;0;;;;0;0;0;0;2;;;;2;2
60001;Acquafondata;85;0;0;0;0;;;;0;0;1;0;1;;;;2;2
60001;Acquafondata;86;0;0;0;0;;;;0;0;1;0;0;;;;1;1
60001;Acquafondata;87;0;1;0;1;;;;2;0;0;0;0;;;;0;2
60001;Acquafondata;88;0;0;0;0;;;;0;0;0;0;1;;;;1;1
60001;Acquafondata;89;0;1;0;0;;;;1;0;0;0;0;;;;0;1
60001;Acquafondata;90;0;0;0;1;;;;1;0;1;0;1;;;;2;3
60001;Acquafondata;91;0;0;0;0;;;;0;0;0;0;0;;;;0;0
60001;Acquafondata;92;0;0;0;0;;;;0;0;0;0;0;;;;0;0
60001;Acquafondata;93;0;1;0;0;;;;1;0;0;0;1;;;;1;2
60001;Acquafondata;94;0;0;0;0;;;;0;0;0;0;2;;;;2;2
60001;Acquafondata;95;0;0;0;0;;;;0;0;0;0;0;;;;0;0
60001;Acquafondata;96;0;0;0;0;;;;0;0;0;0;0;;;;0;0
60001;Acquafondata;97;0;0;0;0;;;;0;0;0;0;0;;;;0;0
60001;Acquafondata;98;0;0;0;0;;;;0;0;0;0;0;;;;0;0
60001;Acquafondata;99;0;0;0;0;;;;0;0;0;0;0;;;;0;0
60001;Acquafondata;100;0;0;0;0;;;;0;0;0;0;0;;;;0;0
60001;Acquafondata;999;61;71;2;2;;;;136;42;48;5;18;;;;113;249
60002;Acuto;0;1;0;0;0;;;;1;4;0;0;0;;;;4;5
60002;Acuto;1;3;0;0;0;;;;3;6;0;0;0;;;;6;9
60002;Acuto;2;7;0;0;0;;;;7;2;0;0;0;;;;2;9
60002;Acuto;3;3;0;0;0;;;;3;4;0;0;0;;;;4;7
60002;Acuto;4;4;0;0;0;;;;4;7;0;0;0;;;;7;11
60002;Acuto;5;8;0;0;0;;;;8;6;0;0;0;;;;6;14
60002;Acuto;6;6;0;0;0;;;;6;5;0;0;0;;;;5;11
60002;Acuto;7;9;0;0;0;;;;9;6;0;0;0;;;;6;15
60002;Acuto;8;11;0;0;0;;;;11;10;0;0;0;;;;10;21
60002;Acuto;9;7;0;0;0;;;;7;6;0;0;0;;;;6;13
60002;Acuto;10;9;0;0;0;;;;9;6;0;0;0;;;;6;15
60002;Acuto;11;7;0;0;0;;;;7;5;0;0;0;;;;5;12
60002;Acuto;12;9;0;0;0;;;;9;9;0;0;0;;;;9;18
60002;Acuto;13;11;0;0;0;;;;11;13;0;0;0;;;;13;24
60002;Acuto;14;11;0;0;0;;;;11;5;0;0;0;;;;5;16
60002;Acuto;15;4;0;0;0;;;;4;3;0;0;0;;;;3;7
60002;Acuto;16;7;0;0;0;;;;7;6;0;0;0;;;;6;13
60002;Acuto;17;8;0;0;0;;;;8;11;0;0;0;;;;11;19
60002;Acuto;18;8;0;0;0;;;;8;7;0;0;0;;;;7;15
60002;Acuto;19;5;0;0;0;;;;5;5;0;0;0;;;;5;10
60002;Acuto;20;8;0;0;0;;;;8;12;0;0;0;;;;12;20
60002;Acuto;21;10;0;0;0;;;;10;6;0;0;0;;;;6;16
60002;Acuto;22;8;0;0;0;;;;8;6;0;0;0;;;;6;14
60002;Acuto;23;16;0;0;0;;;;16;4;0;0;0;;;;4;20
60002;Acuto;24;13;0;0;0;;;;13;3;0;0;0;;;;3;16
60002;Acuto;25;8;0;0;0;;;;8;10;0;0;0;;;;10;18
60002;Acuto;26;4;0;0;0;;;;4;6;0;0;0;;;;6;10
60002;Acuto;27;6;0;0;0;;;;6;7;0;0;0;;;;7;13
60002;Acuto;28;7;1;0;0;;;;8;9;2;0;0;;;;11;19
60002;Acuto;29;8;1;0;0;;;;9;9;0;0;0;;;;9;18
60002;Acuto;30;11;0;0;0;;;;11;7;2;0;0;;;;9;20
60002;Acuto;31;4;0;0;0;;;;4;7;2;0;0;;;;9;13
60002;Acuto;32;13;0;0;0;;;;13;6;3;0;0;;;;9;22
60002;Acuto;33;7;2;0;0;;;;9;6;1;0;0;;;;7;16
60002;Acuto;34;7;1;0;0;;;;8;8;2;0;0;;;;10;18
60002;Acuto;35;8;2;0;0;;;;10;7;8;0;0;;;;15;25
60002;Acuto;36;8;1;0;0;;;;9;4;7;0;0;;;;11;20
60002;Acuto;37;7;3;0;0;;;;10;7;5;0;0;;;;12;22
60002;Acuto;38;8;0;0;0;;;;8;5;3;1;0;;;;9;17
60002;Acuto;39;11;4;0;0;;;;15;6;5;0;0;;;;11;26
60002;Acuto;40;4;6;1;0;;;;11;5;4;0;0;;;;9;20
60002;Acuto;41;7;4;1;0;;;;12;3;6;0;0;;;;9;21
60002;Acuto;42;6;8;0;0;;;;14;6;4;0;0;;;;10;24
60002;Acuto;43;6;6;2;0;;;;14;0;5;0;0;;;;5;19
60002;Acuto;44;5;7;0;0;;;;12;6;11;2;0;;;;19;31
60002;Acuto;45;5;8;0;0;;;;13;5;4;0;1;;;;10;23
60002;Acuto;46;5;5;0;0;;;;10;5;9;0;0;;;;14;24
60002;Acuto;47;8;5;0;0;;;;13;4;10;1;0;;;;15;28
60002;Acuto;48;3;5;1;0;;;;9;2;11;0;0;;;;13;22
60002;Acuto;49;2;7;1;0;;;;10;1;8;0;0;;;;9;19
60002;Acuto;50;9;8;1;0;;;;18;3;9;0;0;;;;12;30
60002;Acuto;51;6;14;0;0;;;;20;5;6;0;0;;;;11;31
60002;Acuto;52;3;3;1;0;;;;7;3;9;0;2;;;;14;21
60002;Acuto;53;4;13;0;0;;;;17;6;15;4;2;;;;27;44
60002;Acuto;54;4;4;3;0;;;;11;4;7;0;1;;;;12;23
60002;Acuto;55;4;12;2;0;;;;18;3;9;1;0;;;;13;31
60002;Acuto;56;3;15;1;0;;;;19;4;14;2;0;;;;20;39
60002;Acuto;57;4;13;0;0;;;;17;2;11;0;1;;;;14;31
60002;Acuto;58;2;9;1;0;;;;12;2;14;1;0;;;;17;29
60002;Acuto;59;3;13;1;0;;;;17;1;9;2;1;;;;13;30
60002;Acuto;60;0;13;2;0;;;;15;2;13;2;1;;;;18;33
60002;Acuto;61;3;12;0;0;;;;15;0;9;1;2;;;;12;27
60002;Acuto;62;2;9;1;0;;;;12;1;16;0;0;;;;17;29
60002;Acuto;63;3;9;0;0;;;;12;5;11;1;2;;;;19;31
60002;Acuto;64;1;10;2;2;;;;15;4;18;1;4;;;;27;42
60002;Acuto;65;2;13;1;1;;;;17;1;13;0;6;;;;20;37
60002;Acuto;66;5;12;1;1;;;;19;2;10;1;2;;;;15;34
60002;Acuto;67;1;7;2;0;;;;10;3;6;2;0;;;;11;21
60002;Acuto;68;2;11;2;1;;;;16;0;7;1;3;;;;11;27
60002;Acuto;69;3;12;1;1;;;;17;2;11;3;1;;;;17;34
60002;Acuto;70;0;9;0;0;;;;9;3;10;0;4;;;;17;26
60002;Acuto;71;0;9;0;0;;;;9;1;7;0;1;;;;9;18
60002;Acuto;72;1;14;0;2;;;;17;0;5;1;2;;;;8;25
60002;Acuto;73;0;10;0;1;;;;11;0;2;0;5;;;;7;18
60002;Acuto;74;0;14;0;1;;;;15;1;5;1;3;;;;10;25
60002;Acuto;75;1;9;0;0;;;;10;1;6;0;3;;;;10;20
60002;Acuto;76;0;11;0;1;;;;12;1;3;0;10;;;;14;26
60002;Acuto;77;3;9;1;2;;;;15;0;6;2;4;;;;12;27
60002;Acuto;78;0;3;0;0;;;;3;0;4;0;4;;;;8;11
60002;Acuto;79;0;5;0;0;;;;5;1;1;0;5;;;;7;12
60002;Acuto;80;1;4;0;0;;;;5;0;1;0;3;;;;4;9
60002;Acuto;81;0;6;0;1;;;;7;1;1;0;0;;;;2;9
60002;Acuto;82;1;2;0;0;;;;3;2;0;1;3;;;;6;9
60002;Acuto;83;1;2;0;1;;;;4;1;2;0;4;;;;7;11
60002;Acuto;84;0;4;0;1;;;;5;0;0;1;6;;;;7;12
60002;Acuto;85;0;5;1;0;;;;6;2;4;0;4;;;;10;16
60002;Acuto;86;0;1;0;1;;;;2;0;2;0;4;;;;6;8
60002;Acuto;87;0;4;0;0;;;;4;1;0;0;5;;;;6;10
60002;Acuto;88;1;0;0;0;;;;1;0;2;0;3;;;;5;6
60002;Acuto;89;0;1;0;0;;;;1;1;0;0;3;;;;4;5
60002;Acuto;90;0;2;0;1;;;;3;1;0;0;4;;;;5;8
60002;Acuto;91;0;1;0;2;;;;3;0;1;0;4;;;;5;8
60002;Acuto;92;0;0;0;0;;;;0;1;0;0;1;;;;2;2
60002;Acuto;93;0;0;0;0;;;;0;1;0;0;3;;;;4;4
60002;Acuto;94;0;0;0;0;;;;0;0;0;0;2;;;;2;2
60002;Acuto;95;0;0;0;0;;;;0;0;0;0;5;;;;5;5
60002;Acuto;96;0;0;0;0;;;;0;0;0;0;0;;;;0;0
60002;Acuto;97;0;0;0;0;;;;0;1;0;0;0;;;;1;1
60002;Acuto;98;0;0;0;0;;;;0;0;0;0;0;;;;0;0
60002;Acuto;99;0;0;0;0;;;;0;0;0;0;1;;;;1;1
60002;Acuto;100;0;0;0;1;;;;1;0;0;0;0;;;;0;1
60002;Acuto;999;434;413;30;21;;;;898;371;391;32;125;;;;919;1817
60003;Alatri;0;98;0;0;0;0;0;0;98;68;0;0;0;0;0;0;68;166
60003;Alatri;1;75;0;0;0;0;0;0;75;83;0;0;0;0;0;0;83;158
60003;Alatri;2;93;0;0;0;0;0;0;93;106;0;0;0;0;0;0;106;199
60003;Alatri;3;101;0;0;0;0;0;0;101;91;0;0;0;0;0;0;91;192
60003;Alatri;4;104;0;0;0;0;0;0;104;118;0;0;0;0;0;0;118;222
60003;Alatri;5;90;0;0;0;0;0;0;90;119;0;0;0;0;0;0;119;209
60003;Alatri;6;118;0;0;0;0;0;0;118;101;0;0;0;0;0;0;101;219
60003;Alatri;7;109;0;0;0;0;0;0;109;93;0;0;0;0;0;0;93;202
60003;Alatri;8;110;0;0;0;0;0;0;110;127;0;0;0;0;0;0;127;237
60003;Alatri;9;111;0;0;0;0;0;0;111;130;0;0;0;0;0;0;130;241
60003;Alatri;10;129;0;0;0;0;0;0;129;124;0;0;0;0;0;0;124;253
60003;Alatri;11;131;0;0;0;0;0;0;131;144;0;0;0;0;0;0;144;275
60003;Alatri;12;143;0;0;0;0;0;0;143;135;0;0;0;0;0;0;135;278
60003;Alatri;13;137;0;0;0;0;0;0;137;131;0;0;0;0;0;0;131;268
60003;Alatri;14;158;0;0;0;0;0;0;158;138;0;0;0;0;0;0;138;296
60003;Alatri;15;152;0;0;0;0;0;0;152;131;0;0;0;0;0;0;131;283
60003;Alatri;16;151;0;0;0;0;0;0;151;136;0;0;0;0;0;0;136;287
60003;Alatri;17;129;0;0;0;0;0;0;129;141;0;0;0;0;0;0;141;270
60003;Alatri;18;133;0;0;0;0;0;0;133;150;0;0;0;0;0;0;150;283
60003;Alatri;19;140;0;0;0;0;0;0;140;138;0;0;0;0;0;0;138;278
60003;Alatri;20;127;0;0;0;0;0;0;127;128;1;0;0;0;0;0;129;256
60003;Alatri;21;141;0;0;0;0;0;0;141;146;0;0;0;0;0;0;146;287
60003;Alatri;22;136;0;0;0;0;0;0;136;131;1;0;0;0;0;0;132;268
60003;Alatri;23;137;0;0;0;0;0;0;137;111;0;0;0;0;0;0;111;248
60003;Alatri;24;133;0;0;0;0;0;0;133;123;2;0;0;0;0;0;125;258
60003;Alatri;25;147;4;0;0;0;0;0;151;112;6;0;0;0;0;0;118;269
60003;Alatri;26;144;1;0;0;0;0;0;145;102;12;0;0;0;0;0;114;259
60003;Alatri;27;132;4;0;0;0;0;0;136;135;16;0;0;0;0;0;151;287
60003;Alatri;28;136;4;0;0;0;0;0;140;108;13;1;0;0;0;0;122;262
60003;Alatri;29;137;10;0;0;0;0;0;147;123;17;0;0;0;0;0;140;287
60003;Alatri;30;145;18;1;0;0;0;0;164;120;36;1;0;0;0;0;157;321
60003;Alatri;31;141;16;0;0;0;0;0;157;103;33;2;0;1;0;0;139;296
60003;Alatri;32;156;24;0;0;0;0;0;180;124;51;3;1;1;0;0;180;360
60003;Alatri;33;137;34;0;0;0;0;0;171;92;49;2;0;0;0;0;143;314
60003;Alatri;34;127;46;3;0;0;0;0;176;93;76;3;0;0;0;0;172;348
60003;Alatri;35;138;41;2;0;0;0;0;181;97;84;2;0;0;0;0;183;364
60003;Alatri;36;110;49;4;0;0;0;0;163;85;60;6;0;0;0;0;151;314
60003;Alatri;37;115;58;1;0;1;0;0;175;81;70;0;0;0;0;0;151;326
60003;Alatri;38;111;88;2;0;1;0;0;202;71;91;8;3;0;0;0;173;375
60003;Alatri;39;96;67;6;1;0;1;0;171;55;94;3;0;1;0;0;153;324
60003;Alatri;40;82;72;5;1;0;0;0;160;69;96;6;0;0;0;0;171;331
60003;Alatri;41;100;94;3;0;0;0;0;197;58;97;14;1;0;0;0;170;367
60003;Alatri;42;82;96;9;0;0;0;0;187;68;117;7;2;0;0;0;194;381
60003;Alatri;43;73;104;2;0;0;0;0;179;60;99;9;2;0;0;0;170;349
60003;Alatri;44;73;106;5;0;0;0;0;184;51;128;10;1;0;0;0;190;374
60003;Alatri;45;60;104;12;1;0;0;0;177;50;143;14;3;0;0;0;210;387
60003;Alatri;46;65;115;11;1;0;0;0;192;35;134;26;2;0;0;0;197;389
60003;Alatri;47;78;141;5;2;0;0;0;226;44;122;15;6;0;0;0;187;413
60003;Alatri;48;61;133;11;0;0;0;0;205;39;155;14;7;0;0;0;215;420
60003;Alatri;49;55;143;12;1;0;0;0;211;44;175;22;4;0;0;0;245;456
60003;Alatri;50;64;143;13;1;0;0;0;221;33;170;16;4;0;0;0;223;444
60003;Alatri;51;49;140;14;3;0;0;0;206;43;185;10;8;0;0;0;246;452
60003;Alatri;52;46;138;12;0;0;0;0;196;24;196;14;4;0;0;0;238;434
60003;Alatri;53;52;169;16;1;0;0;0;238;34;162;16;5;0;0;0;217;455
60003;Alatri;54;35;142;13;0;0;0;0;190;31;181;26;7;0;0;0;245;435
60003;Alatri;55;54;162;8;1;0;0;0;225;18;174;17;13;0;0;0;222;447
60003;Alatri;56;38;162;7;2;0;0;0;209;21;163;22;11;0;0;0;217;426
60003;Alatri;57;23;178;12;1;0;0;0;214;17;160;15;10;0;0;0;202;416
60003;Alatri;58;24;158;18;6;0;0;0;206;22;188;11;9;0;0;0;230;436
60003;Alatri;59;23;146;11;1;0;0;0;181;25;186;15;13;0;0;0;239;420
60003;Alatri;60;17;194;17;6;0;0;0;234;13;202;13;18;0;0;0;246;480
60003;Alatri;61;25;148;9;2;0;0;0;184;16;159;12;19;0;0;0;206;390
60003;Alatri;62;15;183;7;1;1;0;0;207;16;162;6;30;0;0;0;214;421
60003;Alatri;63;24;156;10;3;0;0;0;193;17;142;5;17;0;0;0;181;374
60003;Alatri;64;17;170;8;5;0;0;0;200;17;144;12;29;0;0;0;202;402
60003;Alatri;65;10;156;9;5;0;0;0;180;16;152;8;22;0;0;0;198;378
60003;Alatri;66;13;144;7;5;0;0;0;169;14;149;10;27;0;0;0;200;369
60003;Alatri;67;10;146;5;7;0;0;0;168;15;122;17;36;0;0;0;190;358
60003;Alatri;68;12;142;4;6;0;0;0;164;12;140;6;30;0;0;0;188;352
60003;Alatri;69;6;121;4;3;0;0;0;134;11;115;5;43;0;0;0;174;308
60003;Alatri;70;5;171;7;5;0;0;0;188;6;119;3;34;0;0;0;162;350
60003;Alatri;71;19;139;4;8;0;0;0;170;12;109;5;42;0;0;0;168;338
60003;Alatri;72;8;117;1;8;0;0;0;134;6;120;2;46;0;0;0;174;308
60003;Alatri;73;7;128;3;10;0;0;0;148;2;97;1;48;0;0;0;148;296
60003;Alatri;74;7;135;1;14;0;0;0;157;10;97;6;57;0;0;0;170;327
60003;Alatri;75;4;115;6;15;0;0;0;140;4;94;4;59;0;0;0;161;301
60003;Alatri;76;6;149;5;19;0;0;0;179;5;97;2;72;0;0;0;176;355
60003;Alatri;77;8;90;1;20;0;0;0;119;1;77;3;70;0;0;0;151;270
60003;Alatri;78;6;103;2;19;0;0;0;130;8;55;0;70;0;0;0;133;263
60003;Alatri;79;3;71;4;8;0;0;0;86;2;33;1;46;0;0;0;82;168
60003;Alatri;80;5;70;2;7;0;0;0;84;7;33;2;46;0;0;0;88;172
60003;Alatri;81;3;54;1;10;0;0;0;68;5;36;3;53;0;0;0;97;165
60003;Alatri;82;3;53;0;16;0;0;0;72;2;25;0;43;0;0;0;70;142
60003;Alatri;83;3;41;1;10;0;0;0;55;4;21;0;50;0;0;0;75;130
60003;Alatri;84;3;60;1;13;0;0;0;77;4;27;2;57;0;0;0;90;167
60003;Alatri;85;1;47;1;15;0;0;0;64;2;19;1;67;0;0;0;89;153
60003;Alatri;86;1;37;0;19;0;0;0;57;4;13;0;56;0;0;0;73;130
60003;Alatri;87;1;28;2;11;0;0;0;42;4;14;0;64;0;0;0;82;124
60003;Alatri;88;1;25;0;11;0;0;0;37;2;9;0;46;0;0;0;57;94
60003;Alatri;89;0;14;0;8;0;0;0;22;2;4;1;50;0;0;0;57;79
60003;Alatri;90;1;10;0;11;0;0;0;22;2;4;0;51;0;0;0;57;79
60003;Alatri;91;0;10;0;5;0;0;0;15;1;2;0;34;0;0;0;37;52
60003;Alatri;92;0;5;0;8;0;0;0;13;0;3;1;33;0;0;0;37;50
60003;Alatri;93;0;5;0;5;0;0;0;10;0;1;0;17;0;0;0;18;28
60003;Alatri;94;0;4;0;4;0;0;0;8;1;2;0;15;0;0;0;18;26
60003;Alatri;95;0;3;0;3;0;0;0;6;0;0;0;6;0;0;0;6;12
60003;Alatri;96;0;0;0;2;0;0;0;2;1;0;1;7;0;0;0;9;11
60003;Alatri;97;0;2;0;2;0;0;0;4;0;0;0;3;0;0;0;3;7
60003;Alatri;98;0;0;0;1;0;0;0;1;0;0;0;6;0;0;0;6;7
60003;Alatri;99;0;0;0;1;0;0;0;1;1;0;1;3;0;0;0;5;6
60003;Alatri;100;0;0;0;0;0;0;0;0;0;0;0;5;0;0;0;5;5
60003;Alatri;999;6439;6356;340;354;3;1;0;13493;5575;6341;463;1643;3;0;0;14025;27518
60004;Alvito;0;7;0;0;0;;;;7;9;0;0;0;;;;9;16
60004;Alvito;1;6;0;0;0;;;;6;8;0;0;0;;;;8;14
60004;Alvito;2;8;0;0;0;;;;8;6;0;0;0;;;;6;14
60004;Alvito;3;7;0;0;0;;;;7;8;0;0;0;;;;8;15
60004;Alvito;4;12;0;0;0;;;;12;5;0;0;0;;;;5;17
60004;Alvito;5;10;0;0;0;;;;10;2;0;0;0;;;;2;12
60004;Alvito;6;5;0;0;0;;;;5;10;0;0;0;;;;10;15
60004;Alvito;7;4;0;0;0;;;;4;10;0;0;0;;;;10;14
60004;Alvito;8;5;0;0;0;;;;5;6;0;0;0;;;;6;11
60004;Alvito;9;9;0;0;0;;;;9;7;0;0;0;;;;7;16
60004;Alvito;10;8;0;0;0;;;;8;2;0;0;0;;;;2;10
60004;Alvito;11;7;0;0;0;;;;7;8;0;0;0;;;;8;15
60004;Alvito;12;6;0;0;0;;;;6;9;0;0;0;;;;9;15
60004;Alvito;13;8;0;0;0;;;;8;8;0;0;0;;;;8;16
60004;Alvito;14;8;0;0;0;;;;8;5;0;0;0;;;;5;13
60004;Alvito;15;6;0;0;0;;;;6;5;0;0;0;;;;5;11
60004;Alvito;16;11;0;0;0;;;;11;10;0;0;0;;;;10;21
60004;Alvito;17;8;0;0;0;;;;8;9;0;0;0;;;;9;17
60004;Alvito;18;5;0;0;0;;;;5;11;0;0;0;;;;11;16
60004;Alvito;19;3;0;0;0;;;;3;10;0;0;0;;;;10;13
60004;Alvito;20;17;0;0;0;;;;17;9;0;0;0;;;;9;26
60004;Alvito;21;7;1;0;0;;;;8;6;0;0;0;;;;6;14
60004;Alvito;22;6;0;0;0;;;;6;7;0;0;0;;;;7;13
60004;Alvito;23;16;0;0;0;;;;16;12;0;0;0;;;;12;28
60004;Alvito;24;9;0;0;0;;;;9;14;1;0;0;;;;15;24
60004;Alvito;25;17;0;0;0;;;;17;14;0;1;0;;;;15;32
60004;Alvito;26;14;0;0;0;;;;14;9;0;0;0;;;;9;23
60004;Alvito;27;22;0;0;0;;;;22;14;1;0;0;;;;15;37
60004;Alvito;28;13;0;0;0;;;;13;11;1;0;0;;;;12;25
60004;Alvito;29;10;1;0;0;;;;11;11;0;0;0;;;;11;22
60004;Alvito;30;12;2;0;0;;;;14;5;4;0;0;;;;9;23
60004;Alvito;31;21;1;0;0;;;;22;12;2;0;0;;;;14;36
60004;Alvito;32;19;0;0;0;;;;19;14;4;0;0;;;;18;37
60004;Alvito;33;10;3;0;0;;;;13;9;6;0;0;;;;15;28
60004;Alvito;34;5;6;0;0;;;;11;6;2;1;0;;;;9;20
60004;Alvito;35;12;1;0;0;;;;13;4;8;0;0;;;;12;25
60004;Alvito;36;11;4;0;0;;;;15;9;6;0;0;;;;15;30
60004;Alvito;37;8;8;0;0;;;;16;1;9;0;0;;;;10;26
60004;Alvito;38;15;6;0;0;;;;21;10;6;1;0;;;;17;38
60004;Alvito;39;7;1;1;0;;;;9;4;6;0;0;;;;10;19
60004;Alvito;40;9;4;0;0;;;;13;8;2;1;0;;;;11;24
60004;Alvito;41;8;4;0;0;;;;12;8;9;0;0;;;;17;29
60004;Alvito;42;6;9;1;0;;;;16;1;7;0;1;;;;9;25
60004;Alvito;43;9;8;0;0;;;;17;6;9;0;1;;;;16;33
60004;Alvito;44;7;12;0;0;;;;19;2;12;0;0;;;;14;33
60004;Alvito;45;7;5;1;0;;;;13;3;15;2;0;;;;20;33
60004;Alvito;46;9;4;1;0;;;;14;1;5;0;1;;;;7;21
60004;Alvito;47;9;11;0;0;;;;20;5;19;1;0;;;;25;45
60004;Alvito;48;4;13;0;0;;;;17;2;8;1;1;;;;12;29
60004;Alvito;49;7;6;1;0;;;;14;2;18;1;0;;;;21;35
60004;Alvito;50;10;16;0;0;;;;26;5;15;1;1;;;;22;48
60004;Alvito;51;8;14;2;0;;;;24;5;9;1;1;;;;16;40
60004;Alvito;52;4;13;0;1;;;;18;3;14;0;0;;;;17;35
60004;Alvito;53;3;20;3;0;;;;26;6;11;2;2;;;;21;47
60004;Alvito;54;3;9;0;0;;;;12;4;10;1;2;;;;17;29
60004;Alvito;55;3;10;1;0;;;;14;2;17;0;0;;;;19;33
60004;Alvito;56;5;9;0;0;;;;14;1;17;0;2;;;;20;34
60004;Alvito;57;4;14;0;0;;;;18;3;13;0;1;;;;17;35
60004;Alvito;58;4;16;0;0;;;;20;2;18;1;1;;;;22;42
60004;Alvito;59;3;14;2;0;;;;19;3;15;0;3;;;;21;40
60004;Alvito;60;3;17;3;0;;;;23;1;12;0;3;;;;16;39
60004;Alvito;61;1;20;1;3;;;;25;2;15;0;2;;;;19;44
60004;Alvito;62;2;19;0;0;;;;21;3;18;0;0;;;;21;42
60004;Alvito;63;1;6;3;0;;;;10;3;20;1;6;;;;30;40
60004;Alvito;64;5;15;2;1;;;;23;2;17;0;1;;;;20;43
60004;Alvito;65;2;20;3;0;;;;25;2;18;0;3;;;;23;48
60004;Alvito;66;0;12;0;1;;;;13;2;15;0;3;;;;20;33
60004;Alvito;67;2;11;0;0;;;;13;1;18;0;2;;;;21;34
60004;Alvito;68;1;15;1;0;;;;17;0;5;0;2;;;;7;24
60004;Alvito;69;1;16;0;0;;;;17;1;12;0;7;;;;20;37
60004;Alvito;70;0;9;0;0;;;;9;1;9;2;5;;;;17;26
60004;Alvito;71;2;9;1;2;;;;14;2;14;1;6;;;;23;37
60004;Alvito;72;1;18;0;1;;;;20;0;17;1;4;;;;22;42
60004;Alvito;73;1;15;0;0;;;;16;2;17;2;8;;;;29;45
60004;Alvito;74;2;14;0;0;;;;16;1;9;1;4;;;;15;31
60004;Alvito;75;1;7;0;1;;;;9;0;16;0;6;;;;22;31
60004;Alvito;76;0;21;2;0;;;;23;0;10;0;4;;;;14;37
60004;Alvito;77;0;15;0;4;;;;19;2;14;1;2;;;;19;38
60004;Alvito;78;0;12;0;3;;;;15;1;4;0;7;;;;12;27
60004;Alvito;79;1;7;0;1;;;;9;0;4;0;5;;;;9;18
60004;Alvito;80;1;10;2;5;;;;18;1;9;0;7;;;;17;35
60004;Alvito;81;0;3;1;3;;;;7;0;2;0;12;;;;14;21
60004;Alvito;82;1;11;0;3;;;;15;0;2;0;6;;;;8;23
60004;Alvito;83;0;7;0;1;;;;8;0;5;0;9;;;;14;22
60004;Alvito;84;2;9;1;3;;;;15;0;1;0;10;;;;11;26
60004;Alvito;85;1;3;0;2;;;;6;0;3;0;4;;;;7;13
60004;Alvito;86;2;6;0;3;;;;11;0;3;0;9;;;;12;23
60004;Alvito;87;1;2;0;3;;;;6;0;0;0;7;;;;7;13
60004;Alvito;88;1;5;0;0;;;;6;0;2;0;6;;;;8;14
60004;Alvito;89;0;3;0;2;;;;5;0;0;0;5;;;;5;10
60004;Alvito;90;1;1;0;1;;;;3;1;0;0;8;;;;9;12
60004;Alvito;91;1;2;0;1;;;;4;0;0;0;4;;;;4;8
60004;Alvito;92;0;1;0;0;;;;1;0;0;0;3;;;;3;4
60004;Alvito;93;0;0;0;1;;;;1;0;1;0;3;;;;4;5
60004;Alvito;94;0;0;0;2;;;;2;0;0;0;2;;;;2;4
60004;Alvito;95;0;1;0;2;;;;3;1;0;0;2;;;;3;6
60004;Alvito;96;0;0;0;0;;;;0;0;0;0;3;;;;3;3
60004;Alvito;97;0;1;0;0;;;;1;0;0;0;1;;;;1;2
60004;Alvito;98;0;0;0;0;;;;0;0;0;0;1;;;;1;1
60004;Alvito;99;0;0;0;0;;;;0;0;0;0;0;;;;0;0
60004;Alvito;100;0;0;0;0;;;;0;0;0;0;1;;;;1;1
60004;Alvito;999;553;588;33;50;;;;1224;430;591;24;200;;;;1245;2469
60005;Amaseno;0;11;0;0;0;;;;11;17;0;0;0;;;;17;28
60005;Amaseno;1;10;0;0;0;;;;10;23;0;0;0;;;;23;33
60005;Amaseno;2;14;0;0;0;;;;14;15;0;0;0;;;;15;29
60005;Amaseno;3;12;0;0;0;;;;12;15;0;0;0;;;;15;27
60005;Amaseno;4;17;0;0;0;;;;17;17;0;0;0;;;;17;34
60005;Amaseno;5;21;0;0;0;;;;21;13;0;0;0;;;;13;34
60005;Amaseno;6;18;0;0;0;;;;18;18;0;0;0;;;;18;36
60005;Amaseno;7;19;0;0;0;;;;19;19;0;0;0;;;;19;38
60005;Amaseno;8;22;0;0;0;;;;22;15;0;0;0;;;;15;37
60005;Amaseno;9;19;0;0;0;;;;19;18;0;0;0;;;;18;37
60005;Amaseno;10;14;0;0;0;;;;14;15;0;0;0;;;;15;29
60005;Amaseno;11;15;0;0;0;;;;15;24;0;0;0;;;;24;39
60005;Amaseno;12;16;0;0;0;;;;16;15;0;0;0;;;;15;31
60005;Amaseno;13;13;0;0;0;;;;13;18;0;0;0;;;;18;31
60005;Amaseno;14;18;0;0;0;;;;18;24;0;0;0;;;;24;42
60005;Amaseno;15;20;0;0;0;;;;20;18;0;0;0;;;;18;38
60005;Amaseno;16;23;0;0;0;;;;23;16;0;0;0;;;;16;39
60005;Amaseno;17;24;0;0;0;;;;24;14;0;0;0;;;;14;38
60005;Amaseno;18;23;0;0;0;;;;23;15;0;0;0;;;;15;38
60005;Amaseno;19;9;0;0;0;;;;9;20;0;0;0;;;;20;29
60005;Amaseno;20;19;0;0;0;;;;19;22;1;0;0;;;;23;42
60005;Amaseno;21;21;0;0;0;;;;21;22;0;0;0;;;;22;43
60005;Amaseno;22;22;0;0;0;;;;22;15;1;0;0;;;;16;38
60005;Amaseno;23;27;0;0;0;;;;27;17;2;0;0;;;;19;46
60005;Amaseno;24;19;1;0;0;;;;20;13;4;0;0;;;;17;37
60005;Amaseno;25;22;1;0;0;;;;23;17;1;0;0;;;;18;41
60005;Amaseno;26;21;0;0;0;;;;21;17;0;0;0;;;;17;38
60005;Amaseno;27;20;2;0;0;;;;22;15;1;0;0;;;;16;38
60005;Amaseno;28;18;1;0;0;;;;19;19;4;0;0;;;;23;42
60005;Amaseno;29;15;3;0;0;;;;18;16;4;0;0;;;;20;38
60005;Amaseno;30;20;5;0;0;;;;25;9;12;0;0;;;;21;46
60005;Amaseno;31;13;9;1;0;;;;23;8;16;1;0;;;;25;48
60005;Amaseno;32;19;6;0;0;;;;25;12;9;0;0;;;;21;46
60005;Amaseno;33;18;10;0;0;;;;28;8;11;0;0;;;;19;47
60005;Amaseno;34;23;8;0;0;;;;31;27;15;0;0;;;;42;73
60005;Amaseno;35;12;8;0;0;;;;20;15;10;0;0;;;;25;45
60005;Amaseno;36;14;20;0;0;;;;34;3;15;0;0;;;;18;52
60005;Amaseno;37;17;6;1;1;;;;25;6;17;1;0;;;;24;49
60005;Amaseno;38;20;6;2;0;;;;28;10;18;1;0;;;;29;57
60005;Amaseno;39;7;12;1;0;;;;20;6;18;0;1;;;;25;45
60005;Amaseno;40;11;13;1;0;;;;25;7;18;1;0;;;;26;51
60005;Amaseno;41;14;27;0;0;;;;41;4;17;1;0;;;;22;63
60005;Amaseno;42;13;13;0;0;;;;26;5;19;3;0;;;;27;53
60005;Amaseno;43;14;19;0;0;;;;33;6;19;0;0;;;;25;58
60005;Amaseno;44;11;13;3;0;;;;27;8;18;0;1;;;;27;54
60005;Amaseno;45;11;21;1;0;;;;33;8;34;0;0;;;;42;75
60005;Amaseno;46;8;23;2;0;;;;33;3;16;2;0;;;;21;54
60005;Amaseno;47;7;23;0;0;;;;30;5;16;0;0;;;;21;51
60005;Amaseno;48;6;17;0;0;;;;23;0;17;1;0;;;;18;41
60005;Amaseno;49;0;21;1;0;;;;22;2;29;3;0;;;;34;56
60005;Amaseno;50;15;22;0;0;;;;37;0;19;2;0;;;;21;58
60005;Amaseno;51;6;25;3;0;;;;34;3;31;1;0;;;;35;69
60005;Amaseno;52;6;27;0;0;;;;33;2;22;3;0;;;;27;60
60005;Amaseno;53;5;22;0;0;;;;27;2;29;1;0;;;;32;59
60005;Amaseno;54;3;24;1;0;;;;28;2;23;2;3;;;;30;58
60005;Amaseno;55;3;23;1;1;;;;28;3;37;3;0;;;;43;71
60005;Amaseno;56;2;26;1;0;;;;29;3;16;0;3;;;;22;51
60005;Amaseno;57;3;36;2;1;;;;42;0;30;3;0;;;;33;75
60005;Amaseno;58;2;29;2;0;;;;33;0;31;2;2;;;;35;68
60005;Amaseno;59;2;28;6;0;;;;36;2;30;0;1;;;;33;69
60005;Amaseno;60;1;32;0;0;;;;33;0;26;0;4;;;;30;63
60005;Amaseno;61;6;24;0;0;;;;30;1;21;2;4;;;;28;58
60005;Amaseno;62;5;20;0;0;;;;25;1;32;0;2;;;;35;60
60005;Amaseno;63;2;26;1;0;;;;29;2;24;4;2;;;;32;61
60005;Amaseno;64;3;26;2;1;;;;32;1;17;1;4;;;;23;55
60005;Amaseno;65;2;14;1;1;;;;18;0;26;0;4;;;;30;48
60005;Amaseno;66;4;17;0;0;;;;21;0;19;0;4;;;;23;44
60005;Amaseno;67;2;25;2;2;;;;31;1;16;1;4;;;;22;53
60005;Amaseno;68;2;20;0;4;;;;26;0;16;1;2;;;;19;45
60005;Amaseno;69;0;27;0;1;;;;28;2;25;0;4;;;;31;59
60005;Amaseno;70;2;16;0;1;;;;19;0;19;0;9;;;;28;47
60005;Amaseno;71;4;19;1;0;;;;24;2;18;0;3;;;;23;47
60005;Amaseno;72;2;23;1;0;;;;26;1;16;0;8;;;;25;51
60005;Amaseno;73;1;24;1;1;;;;27;1;11;0;4;;;;16;43
60005;Amaseno;74;2;19;0;1;;;;22;0;19;0;5;;;;24;46
60005;Amaseno;75;1;23;0;2;;;;26;0;19;0;6;;;;25;51
60005;Amaseno;76;0;25;0;2;;;;27;2;12;1;9;;;;24;51
60005;Amaseno;77;2;19;0;1;;;;22;0;13;1;15;;;;29;51
60005;Amaseno;78;1;18;0;0;;;;19;0;16;0;8;;;;24;43
60005;Amaseno;79;1;15;0;0;;;;16;0;7;0;6;;;;13;29
60005;Amaseno;80;0;9;0;0;;;;9;1;13;0;9;;;;23;32
60005;Amaseno;81;1;6;0;1;;;;8;0;5;0;6;;;;11;19
60005;Amaseno;82;0;12;1;2;;;;15;1;9;0;10;;;;20;35
60005;Amaseno;83;1;6;0;1;;;;8;1;4;0;8;;;;13;21
60005;Amaseno;84;0;11;0;4;;;;15;1;2;0;11;;;;14;29
60005;Amaseno;85;0;8;0;3;;;;11;0;3;0;9;;;;12;23
60005;Amaseno;86;0;9;0;0;;;;9;0;6;0;11;;;;17;26
60005;Amaseno;87;0;5;1;1;;;;7;0;3;0;7;;;;10;17
60005;Amaseno;88;0;0;0;2;;;;2;0;0;0;6;;;;6;8
60005;Amaseno;89;0;1;0;0;;;;1;0;0;0;6;;;;6;7
60005;Amaseno;90;0;5;0;2;;;;7;0;3;0;12;;;;15;22
60005;Amaseno;91;0;2;0;0;;;;2;0;1;0;5;;;;6;8
60005;Amaseno;92;0;5;0;1;;;;6;0;2;0;1;;;;3;9
60005;Amaseno;93;0;0;0;1;;;;1;1;0;0;3;;;;4;5
60005;Amaseno;94;0;0;0;0;;;;0;0;1;0;6;;;;7;7
60005;Amaseno;95;0;0;0;0;;;;0;0;0;0;1;;;;1;1
60005;Amaseno;96;0;0;0;1;;;;1;0;0;0;2;;;;2;3
60005;Amaseno;97;0;0;0;0;;;;0;0;0;0;3;;;;3;3
60005;Amaseno;98;0;0;0;0;;;;0;0;0;0;1;;;;1;1
60005;Amaseno;99;0;0;0;0;;;;0;0;0;0;0;;;;0;0
60005;Amaseno;100;0;1;0;1;;;;2;0;0;0;0;;;;0;2
60005;Amaseno;999;892;1062;40;40;;;;2034;710;1054;42;235;;;;2041;4075
60006;Anagni;0;61;0;0;0;0;0;0;61;62;0;0;0;0;0;0;62;123
60006;Anagni;1;56;0;0;0;0;0;0;56;53;0;0;0;0;0;0;53;109
60006;Anagni;2;70;0;0;0;0;0;0;70;71;0;0;0;0;0;0;71;141
60006;Anagni;3;69;0;0;0;0;0;0;69;62;0;0;0;0;0;0;62;131
60006;Anagni;4;84;0;0;0;0;0;0;84;71;0;0;0;0;0;0;71;155
60006;Anagni;5;77;0;0;0;0;0;0;77;70;0;0;0;0;0;0;70;147
60006;Anagni;6;71;0;0;0;0;0;0;71;73;0;0;0;0;0;0;73;144
60006;Anagni;7;85;0;0;0;0;0;0;85;78;0;0;0;0;0;0;78;163
60006;Anagni;8;97;0;0;0;0;0;0;97;94;0;0;0;0;0;0;94;191
60006;Anagni;9;105;0;0;0;0;0;0;105;84;0;0;0;0;0;0;84;189
60006;Anagni;10;78;0;0;0;0;0;0;78;100;0;0;0;0;0;0;100;178
60006;Anagni;11;89;0;0;0;0;0;0;89;107;0;0;0;0;0;0;107;196
60006;Anagni;12;117;0;0;0;0;0;0;117;103;0;0;0;0;0;0;103;220
60006;Anagni;13;104;0;0;0;0;0;0;104;92;0;0;0;0;0;0;92;196
60006;Anagni;14;118;0;0;0;0;0;0;118;104;0;0;0;0;0;0;104;222
60006;Anagni;15;110;0;0;0;0;0;0;110;91;0;0;0;0;0;0;91;201
60006;Anagni;16;124;0;0;0;0;0;0;124;97;0;0;0;0;0;0;97;221
60006;Anagni;17;114;0;0;0;0;0;0;114;96;0;0;0;0;0;0;96;210
60006;Anagni;18;107;0;0;0;0;0;0;107;109;0;0;0;0;0;0;109;216
60006;Anagni;19;107;0;0;0;0;0;0;107;87;1;0;0;0;0;0;88;195
60006;Anagni;20;94;0;0;0;0;0;0;94;104;0;0;0;0;0;0;104;198
60006;Anagni;21;111;0;0;0;0;0;0;111;93;0;0;0;0;0;0;93;204
60006;Anagni;22;102;0;0;0;0;0;0;102;105;2;0;0;0;0;0;107;209
60006;Anagni;23;99;1;0;0;0;0;0;100;91;2;0;0;0;0;0;93;193
60006;Anagni;24;94;0;0;0;0;0;0;94;93;3;0;0;0;0;0;96;190
60006;Anagni;25;113;1;0;0;0;0;0;114;92;7;0;0;0;0;0;99;213
60006;Anagni;26;98;2;0;0;0;0;0;100;95;8;0;0;0;0;0;103;203
60006;Anagni;27;101;3;1;0;0;0;0;105;94;9;0;0;0;0;0;103;208
60006;Anagni;28;93;8;0;0;0;0;0;101;75;12;0;0;0;0;0;87;188
60006;Anagni;29;97;20;0;0;1;0;0;118;80;16;0;0;0;0;0;96;214
60006;Anagni;30;98;7;0;0;0;0;0;105;62;23;0;1;0;0;0;86;191
60006;Anagni;31;85;17;1;0;0;0;0;103;55;38;2;0;0;0;0;95;198
60006;Anagni;32;93;36;1;0;0;0;0;130;80;27;0;0;0;0;0;107;237
60006;Anagni;33;84;20;1;0;1;0;0;106;65;42;0;0;0;0;0;107;213
60006;Anagni;34;84;36;1;0;0;0;0;121;53;46;0;0;0;0;0;99;220
60006;Anagni;35;73;38;1;0;0;0;0;112;70;71;3;1;1;0;0;146;258
60006;Anagni;36;81;44;0;0;1;0;0;126;42;62;3;2;0;0;0;109;235
60006;Anagni;37;55;48;2;0;0;0;0;105;46;54;4;0;0;0;0;104;209
60006;Anagni;38;70;48;3;0;0;0;0;121;51;63;5;0;0;0;0;119;240
60006;Anagni;39;86;53;1;0;0;0;0;140;43;74;6;1;0;0;0;124;264
60006;Anagni;40;65;74;1;1;0;0;0;141;52;79;6;0;0;0;0;137;278
60006;Anagni;41;70;43;5;0;0;0;0;118;41;88;6;0;0;0;0;135;253
60006;Anagni;42;51;87;4;2;0;0;0;144;35;100;3;0;0;0;0;138;282
60006;Anagni;43;58;89;2;0;0;0;0;149;40;94;6;1;0;0;0;141;290
60006;Anagni;44;65;81;4;1;0;0;0;151;37;114;5;1;0;0;0;157;308
60006;Anagni;45;43;75;4;0;0;0;0;122;37;114;11;3;0;0;0;165;287
60006;Anagni;46;51;97;11;0;0;0;0;159;29;110;13;2;0;0;0;154;313
60006;Anagni;47;44;96;6;0;0;0;0;146;36;105;13;3;0;0;0;157;303
60006;Anagni;48;39;110;3;0;0;0;0;152;31;120;11;0;0;0;0;162;314
60006;Anagni;49;56;121;9;1;0;0;0;187;38;125;14;2;0;0;0;179;366
60006;Anagni;50;40;116;11;1;0;0;0;168;29;129;14;6;0;0;0;178;346
60006;Anagni;51;42;114;9;2;0;0;0;167;28;137;4;5;0;0;0;174;341
60006;Anagni;52;36;120;9;1;0;0;0;166;41;135;7;9;0;0;0;192;358
60006;Anagni;53;32;105;9;4;0;0;0;150;22;107;10;3;0;0;0;142;292
60006;Anagni;54;22;127;12;1;0;0;0;162;22;112;10;6;0;0;0;150;312
60006;Anagni;55;34;113;6;3;0;0;0;156;20;124;13;3;0;0;0;160;316
60006;Anagni;56;19;130;4;1;0;0;0;154;8;134;4;1;0;0;0;147;301
60006;Anagni;57;29;118;9;2;0;0;0;158;24;143;8;4;0;0;0;179;337
60006;Anagni;58;18;130;11;2;0;0;0;161;11;133;9;1;0;0;0;154;315
60006;Anagni;59;16;117;9;2;0;0;0;144;13;126;11;13;0;0;0;163;307
60006;Anagni;60;15;125;10;3;0;0;0;153;16;128;13;13;0;0;0;170;323
60006;Anagni;61;15;135;9;5;0;0;0;164;18;142;8;11;0;0;0;179;343
60006;Anagni;62;17;119;7;1;1;0;0;145;6;116;7;15;0;0;0;144;289
60006;Anagni;63;17;104;5;5;0;0;0;131;7;101;7;21;0;0;0;136;267
60006;Anagni;64;5;118;8;4;0;0;0;135;9;108;6;27;0;0;0;150;285
60006;Anagni;65;12;114;10;3;0;0;0;139;1;106;6;16;0;0;0;129;268
60006;Anagni;66;3;102;4;6;0;0;0;115;10;103;6;33;0;0;0;152;267
60006;Anagni;67;9;98;5;6;0;0;0;118;5;83;6;30;0;0;0;124;242
60006;Anagni;68;13;88;7;5;0;0;0;113;5;99;4;23;0;0;0;131;244
60006;Anagni;69;6;102;10;4;0;0;0;122;5;106;8;35;0;0;0;154;276
60006;Anagni;70;7;115;3;2;0;0;0;127;4;103;5;25;0;0;0;137;264
60006;Anagni;71;7;91;2;5;0;0;0;105;6;90;3;27;0;0;0;126;231
60006;Anagni;72;5;95;1;9;0;0;0;110;7;85;7;38;0;0;0;137;247
60006;Anagni;73;6;103;4;6;0;0;0;119;4;73;3;48;0;0;0;128;247
60006;Anagni;74;3;98;1;6;0;0;0;108;1;67;8;36;0;0;0;112;220
60006;Anagni;75;5;99;2;13;0;0;0;119;6;71;3;54;0;0;0;134;253
60006;Anagni;76;4;102;2;11;0;0;0;119;3;94;2;53;0;0;0;152;271
60006;Anagni;77;5;82;5;10;0;0;0;102;4;64;1;52;0;0;0;121;223
60006;Anagni;78;4;80;2;8;0;0;0;94;2;62;0;49;0;0;0;113;207
60006;Anagni;79;1;62;0;14;0;0;0;77;4;37;0;46;0;0;0;87;164
60006;Anagni;80;1;54;4;11;0;0;0;70;4;30;4;44;0;0;0;82;152
60006;Anagni;81;2;63;0;10;0;0;0;75;6;28;1;55;0;0;0;90;165
60006;Anagni;82;2;41;0;4;0;0;0;47;1;27;1;44;0;0;0;73;120
60006;Anagni;83;0;44;0;14;0;0;0;58;3;17;0;46;0;0;0;66;124
60006;Anagni;84;3;47;0;14;0;0;0;64;1;19;0;49;0;0;0;69;133
60006;Anagni;85;0;48;0;12;0;0;0;60;1;14;1;43;0;0;0;59;119
60006;Anagni;86;2;31;0;12;0;0;0;45;1;17;0;47;0;0;0;65;110
60006;Anagni;87;1;19;0;19;0;0;0;39;2;9;2;34;0;0;0;47;86
60006;Anagni;88;1;23;1;8;0;0;0;33;1;11;0;39;0;0;0;51;84
60006;Anagni;89;0;18;0;6;0;0;0;24;2;5;0;34;0;0;0;41;65
60006;Anagni;90;0;17;0;11;0;0;0;28;1;5;0;46;0;0;0;52;80
60006;Anagni;91;0;14;0;6;0;0;0;20;1;3;0;22;0;0;0;26;46
60006;Anagni;92;0;4;0;6;0;0;0;10;0;2;0;15;0;0;0;17;27
60006;Anagni;93;1;2;0;5;0;0;0;8;1;1;0;27;0;0;0;29;37
60006;Anagni;94;0;2;0;4;0;0;0;6;0;2;0;21;0;0;0;23;29
60006;Anagni;95;0;4;0;1;0;0;0;5;0;2;1;14;0;0;0;17;22
60006;Anagni;96;0;0;0;6;0;0;0;6;1;0;0;6;0;0;0;7;13
60006;Anagni;97;0;0;0;1;0;0;0;1;1;0;0;5;0;0;0;6;7
60006;Anagni;98;0;0;0;1;0;0;0;1;0;0;0;1;0;0;0;1;2
60006;Anagni;99;0;1;0;0;0;0;0;1;0;0;0;2;0;0;0;2;3
60006;Anagni;100;0;0;0;3;0;0;0;3;0;0;0;6;0;0;0;6;9
60006;Anagni;999;4656;4909;252;304;4;0;0;10125;3937;4919;314;1320;1;0;0;10491;20616
60007;Aquino;0;21;0;0;0;;;;21;10;0;0;0;;;;10;31
60007;Aquino;1;16;0;0;0;;;;16;15;0;0;0;;;;15;31
60007;Aquino;2;14;0;0;0;;;;14;14;0;0;0;;;;14;28
60007;Aquino;3;11;0;0;0;;;;11;19;0;0;0;;;;19;30
60007;Aquino;4;19;0;0;0;;;;19;15;0;0;0;;;;15;34
60007;Aquino;5;15;0;0;0;;;;15;18;0;0;0;;;;18;33
60007;Aquino;6;12;0;0;0;;;;12;24;0;0;0;;;;24;36
60007;Aquino;7;14;0;0;0;;;;14;23;0;0;0;;;;23;37
60007;Aquino;8;35;0;0;0;;;;35;25;0;0;0;;;;25;60
60007;Aquino;9;22;0;0;0;;;;22;14;0;0;0;;;;14;36
60007;Aquino;10;13;0;0;0;;;;13;21;0;0;0;;;;21;34
60007;Aquino;11;19;0;0;0;;;;19;25;0;0;0;;;;25;44
60007;Aquino;12;22;0;0;0;;;;22;25;0;0;0;;;;25;47
60007;Aquino;13;27;0;0;0;;;;27;25;0;0;0;;;;25;52
60007;Aquino;14;22;0;0;0;;;;22;25;0;0;0;;;;25;47
60007;Aquino;15;25;0;0;0;;;;25;13;0;0;0;;;;13;38
60007;Aquino;16;25;0;0;0;;;;25;26;0;0;0;;;;26;51
60007;Aquino;17;27;0;0;0;;;;27;27;0;0;0;;;;27;54
60007;Aquino;18;25;0;0;0;;;;25;26;0;0;0;;;;26;51
60007;Aquino;19;39;0;0;0;;;;39;27;0;0;0;;;;27;66
60007;Aquino;20;26;0;0;0;;;;26;21;1;0;0;;;;22;48
60007;Aquino;21;28;0;0;0;;;;28;15;1;0;0;;;;16;44
60007;Aquino;22;35;0;0;0;;;;35;21;0;0;0;;;;21;56
60007;Aquino;23;27;0;0;0;;;;27;23;0;0;0;;;;23;50
60007;Aquino;24;32;0;0;0;;;;32;22;1;0;0;;;;23;55
60007;Aquino;25;29;0;0;0;;;;29;19;1;0;0;;;;20;49
60007;Aquino;26;24;0;0;0;;;;24;25;0;0;0;;;;25;49
60007;Aquino;27;27;0;0;0;;;;27;11;4;0;0;;;;15;42
60007;Aquino;28;33;0;0;0;;;;33;13;3;0;0;;;;16;49
60007;Aquino;29;20;1;0;0;;;;21;25;3;1;0;;;;29;50
60007;Aquino;30;25;0;0;0;;;;25;10;5;1;0;;;;16;41
60007;Aquino;31;12;4;0;0;;;;16;12;6;0;0;;;;18;34
60007;Aquino;32;25;4;0;0;;;;29;9;9;1;0;;;;19;48
60007;Aquino;33;18;5;0;0;;;;23;15;12;0;0;;;;27;50
60007;Aquino;34;18;9;0;0;;;;27;17;11;0;0;;;;28;55
60007;Aquino;35;20;7;0;0;;;;27;6;15;0;0;;;;21;48
60007;Aquino;36;14;12;0;0;;;;26;21;11;0;0;;;;32;58
60007;Aquino;37;14;8;0;0;;;;22;12;24;0;0;;;;36;58
60007;Aquino;38;15;6;0;0;;;;21;10;18;0;0;;;;28;49
60007;Aquino;39;10;18;0;1;;;;29;14;17;0;0;;;;31;60
60007;Aquino;40;14;10;0;0;;;;24;9;25;2;0;;;;36;60
60007;Aquino;41;15;8;1;0;;;;24;7;20;1;0;;;;28;52
60007;Aquino;42;15;18;1;0;;;;34;1;36;2;0;;;;39;73
60007;Aquino;43;19;18;0;0;;;;37;10;31;1;1;;;;43;80
60007;Aquino;44;14;24;1;0;;;;39;9;18;2;0;;;;29;68
60007;Aquino;45;12;27;0;0;;;;39;8;16;1;0;;;;25;64
60007;Aquino;46;5;22;1;1;;;;29;13;22;1;0;;;;36;65
60007;Aquino;47;11;16;0;0;;;;27;10;25;2;0;;;;37;64
60007;Aquino;48;8;26;1;0;;;;35;11;25;1;1;;;;38;73
60007;Aquino;49;10;27;2;0;;;;39;5;31;2;0;;;;38;77
60007;Aquino;50;13;30;0;0;;;;43;6;39;3;0;;;;48;91
60007;Aquino;51;5;31;1;0;;;;37;6;36;1;4;;;;47;84
60007;Aquino;52;8;32;2;0;;;;42;4;24;2;3;;;;33;75
60007;Aquino;53;3;40;1;0;;;;44;4;25;0;1;;;;30;74
60007;Aquino;54;2;27;1;0;;;;30;5;38;1;0;;;;44;74
60007;Aquino;55;7;28;3;0;;;;38;7;28;3;2;;;;40;78
60007;Aquino;56;6;17;0;0;;;;23;4;32;1;1;;;;38;61
60007;Aquino;57;4;34;1;0;;;;39;4;36;2;2;;;;44;83
60007;Aquino;58;6;24;2;1;;;;33;3;28;1;0;;;;32;65
60007;Aquino;59;5;24;6;0;;;;35;4;29;1;1;;;;35;70
60007;Aquino;60;7;28;1;1;;;;37;2;27;2;1;;;;32;69
60007;Aquino;61;2;23;0;2;;;;27;2;30;0;2;;;;34;61
60007;Aquino;62;2;31;0;0;;;;33;4;28;0;4;;;;36;69
60007;Aquino;63;1;36;1;1;;;;39;3;29;2;4;;;;38;77
60007;Aquino;64;4;19;1;3;;;;27;2;23;0;1;;;;26;53
60007;Aquino;65;3;22;1;0;;;;26;2;27;2;2;;;;33;59
60007;Aquino;66;0;23;1;0;;;;24;0;26;0;5;;;;31;55
60007;Aquino;67;4;31;0;2;;;;37;2;27;3;6;;;;38;75
60007;Aquino;68;1;30;0;1;;;;32;4;26;2;8;;;;40;72
60007;Aquino;69;1;30;1;2;;;;34;1;37;0;5;;;;43;77
60007;Aquino;70;2;32;2;2;;;;38;1;36;0;9;;;;46;84
60007;Aquino;71;1;22;1;1;;;;25;3;26;1;8;;;;38;63
60007;Aquino;72;3;24;2;0;;;;29;2;18;1;10;;;;31;60
60007;Aquino;73;2;29;0;5;;;;36;0;16;1;8;;;;25;61
60007;Aquino;74;2;27;0;4;;;;33;3;31;0;11;;;;45;78
60007;Aquino;75;2;44;1;6;;;;53;1;24;0;16;;;;41;94
60007;Aquino;76;0;25;0;0;;;;25;3;19;1;15;;;;38;63
60007;Aquino;77;2;36;3;3;;;;44;1;23;0;21;;;;45;89
60007;Aquino;78;0;27;0;5;;;;32;2;12;0;11;;;;25;57
60007;Aquino;79;0;10;0;3;;;;13;0;4;0;5;;;;9;22
60007;Aquino;80;1;14;0;1;;;;16;1;8;0;7;;;;16;32
60007;Aquino;81;1;9;0;3;;;;13;0;2;0;5;;;;7;20
60007;Aquino;82;0;12;0;0;;;;12;0;5;0;7;;;;12;24
60007;Aquino;83;0;9;0;2;;;;11;1;4;0;18;;;;23;34
60007;Aquino;84;0;11;0;2;;;;13;0;5;0;15;;;;20;33
60007;Aquino;85;0;7;0;2;;;;9;1;6;0;12;;;;19;28
60007;Aquino;86;0;5;0;0;;;;5;2;3;0;10;;;;15;20
60007;Aquino;87;0;11;0;4;;;;15;0;4;0;8;;;;12;27
60007;Aquino;88;0;3;0;2;;;;5;1;2;0;7;;;;10;15
60007;Aquino;89;1;3;0;0;;;;4;0;3;0;7;;;;10;14
60007;Aquino;90;0;1;0;0;;;;1;1;1;0;7;;;;9;10
60007;Aquino;91;0;1;0;1;;;;2;0;1;0;4;;;;5;7
60007;Aquino;92;0;0;0;2;;;;2;0;0;0;6;;;;6;8
60007;Aquino;93;0;0;0;2;;;;2;0;0;0;6;;;;6;8
60007;Aquino;94;0;1;0;1;;;;2;0;0;0;1;;;;1;3
60007;Aquino;95;0;1;0;0;;;;1;0;0;0;2;;;;2;3
60007;Aquino;96;0;1;0;1;;;;2;0;0;0;3;;;;3;5
60007;Aquino;97;0;0;0;0;;;;0;0;0;0;3;;;;3;3
60007;Aquino;98;0;0;0;1;;;;1;0;0;0;3;;;;3;4
60007;Aquino;99;0;0;0;0;;;;0;0;0;0;0;;;;0;0
60007;Aquino;100;0;0;0;0;;;;0;1;0;0;2;;;;3;3
60007;Aquino;999;1099;1195;39;68;;;;2401;914;1239;48;301;;;;2502;4903
60008;Arce;0;13;0;0;0;;;;13;13;0;0;0;;;;13;26
60008;Arce;1;17;0;0;0;;;;17;19;0;0;0;;;;19;36
60008;Arce;2;20;0;0;0;;;;20;14;0;0;0;;;;14;34
60008;Arce;3;15;0;0;0;;;;15;17;0;0;0;;;;17;32
60008;Arce;4;15;0;0;0;;;;15;27;0;0;0;;;;27;42
60008;Arce;5;18;0;0;0;;;;18;16;0;0;0;;;;16;34
60008;Arce;6;19;0;0;0;;;;19;22;0;0;0;;;;22;41
60008;Arce;7;21;0;0;0;;;;21;17;0;0;0;;;;17;38
60008;Arce;8;19;0;0;0;;;;19;17;0;0;0;;;;17;36
60008;Arce;9;24;0;0;0;;;;24;29;0;0;0;;;;29;53
60008;Arce;10;23;0;0;0;;;;23;21;0;0;0;;;;21;44
60008;Arce;11;20;0;0;0;;;;20;19;0;0;0;;;;19;39
60008;Arce;12;25;0;0;0;;;;25;15;0;0;0;;;;15;40
60008;Arce;13;33;0;0;0;;;;33;15;0;0;0;;;;15;48
60008;Arce;14;22;0;0;0;;;;22;26;0;0;0;;;;26;48
60008;Arce;15;20;0;0;0;;;;20;19;0;0;0;;;;19;39
60008;Arce;16;24;0;0;0;;;;24;20;0;0;0;;;;20;44
60008;Arce;17;15;0;0;0;;;;15;10;0;0;0;;;;10;25
60008;Arce;18;15;0;0;0;;;;15;23;0;0;0;;;;23;38
60008;Arce;19;28;0;0;0;;;;28;33;0;0;0;;;;33;61
60008;Arce;20;26;0;0;0;;;;26;26;0;0;0;;;;26;52
60008;Arce;21;29;0;0;0;;;;29;28;0;0;0;;;;28;57
60008;Arce;22;23;0;0;0;;;;23;25;1;0;0;;;;26;49
60008;Arce;23;30;0;0;0;;;;30;17;1;0;0;;;;18;48
60008;Arce;24;35;0;0;0;;;;35;25;1;0;0;;;;26;61
60008;Arce;25;27;0;0;0;;;;27;20;3;0;0;;;;23;50
60008;Arce;26;29;0;0;0;;;;29;20;1;0;0;;;;21;50
60008;Arce;27;34;1;0;0;;;;35;22;7;0;0;;;;29;64
60008;Arce;28;33;1;0;0;;;;34;20;1;0;0;;;;21;55
60008;Arce;29;30;0;0;0;;;;30;10;3;0;0;;;;13;43
60008;Arce;30;30;7;0;0;;;;37;28;7;1;0;;;;36;73
60008;Arce;31;24;11;2;0;;;;37;17;5;0;0;;;;22;59
60008;Arce;32;32;4;0;0;;;;36;16;8;0;0;;;;24;60
60008;Arce;33;23;4;0;0;;;;27;19;6;1;0;;;;26;53
60008;Arce;34;25;10;0;0;;;;35;15;13;0;0;;;;28;63
60008;Arce;35;24;10;1;0;;;;35;17;14;0;0;;;;31;66
60008;Arce;36;25;9;1;0;;;;35;18;16;0;0;;;;34;69
60008;Arce;37;16;8;0;0;;;;24;16;13;0;0;;;;29;53
60008;Arce;38;18;17;0;0;;;;35;15;20;1;0;;;;36;71
60008;Arce;39;18;20;2;0;;;;40;12;12;1;0;;;;25;65
60008;Arce;40;23;15;0;0;;;;38;11;18;1;1;;;;31;69
60008;Arce;41;20;14;1;0;;;;35;15;16;1;1;;;;33;68
60008;Arce;42;22;17;0;0;;;;39;15;20;0;0;;;;35;74
60008;Arce;43;19;13;0;0;;;;32;9;24;1;0;;;;34;66
60008;Arce;44;18;28;0;0;;;;46;8;18;2;1;;;;29;75
60008;Arce;45;11;18;0;0;;;;29;13;20;0;1;;;;34;63
60008;Arce;46;16;21;2;0;;;;39;11;32;6;1;;;;50;89
60008;Arce;47;12;18;1;0;;;;31;15;19;5;0;;;;39;70
60008;Arce;48;11;18;0;0;;;;29;9;28;3;0;;;;40;69
60008;Arce;49;13;21;1;0;;;;35;4;23;2;0;;;;29;64
60008;Arce;50;13;30;2;0;;;;45;6;26;1;2;;;;35;80
60008;Arce;51;9;14;2;0;;;;25;3;27;2;1;;;;33;58
60008;Arce;52;11;20;3;0;;;;34;4;32;2;1;;;;39;73
60008;Arce;53;10;32;2;0;;;;44;7;20;1;2;;;;30;74
60008;Arce;54;7;31;1;0;;;;39;7;30;5;5;;;;47;86
60008;Arce;55;18;27;0;1;;;;46;8;22;1;0;;;;31;77
60008;Arce;56;10;24;5;1;;;;40;4;28;1;1;;;;34;74
60008;Arce;57;4;30;2;1;;;;37;4;45;4;1;;;;54;91
60008;Arce;58;3;33;2;1;;;;39;5;34;3;4;;;;46;85
60008;Arce;59;11;26;3;3;;;;43;2;26;1;5;;;;34;77
60008;Arce;60;5;27;1;1;;;;34;7;37;3;4;;;;51;85
60008;Arce;61;6;34;3;1;;;;44;5;22;6;4;;;;37;81
60008;Arce;62;6;33;4;0;;;;43;0;30;4;4;;;;38;81
60008;Arce;63;2;31;4;0;;;;37;6;22;6;2;;;;36;73
60008;Arce;64;4;30;1;2;;;;37;3;39;0;6;;;;48;85
60008;Arce;65;4;34;2;1;;;;41;3;49;2;8;;;;62;103
60008;Arce;66;3;26;0;2;;;;31;4;28;1;4;;;;37;68
60008;Arce;67;2;32;2;7;;;;43;2;27;2;8;;;;39;82
60008;Arce;68;7;28;3;1;;;;39;6;19;2;11;;;;38;77
60008;Arce;69;2;28;2;3;;;;35;1;29;1;7;;;;38;73
60008;Arce;70;3;22;3;1;;;;29;0;21;1;15;;;;37;66
60008;Arce;71;3;27;0;3;;;;33;3;19;1;12;;;;35;68
60008;Arce;72;1;28;0;3;;;;32;1;13;0;13;;;;27;59
60008;Arce;73;2;35;1;2;;;;40;1;29;1;8;;;;39;79
60008;Arce;74;0;30;3;2;;;;35;4;19;2;11;;;;36;71
60008;Arce;75;1;30;1;3;;;;35;0;27;2;18;;;;47;82
60008;Arce;76;0;31;1;5;;;;37;1;21;2;15;;;;39;76
60008;Arce;77;2;26;1;3;;;;32;3;16;0;11;;;;30;62
60008;Arce;78;2;18;0;2;;;;22;0;13;0;15;;;;28;50
60008;Arce;79;0;11;0;2;;;;13;2;14;0;16;;;;32;45
60008;Arce;80;3;21;0;4;;;;28;5;5;0;13;;;;23;51
60008;Arce;81;2;10;0;1;;;;13;1;7;1;13;;;;22;35
60008;Arce;82;3;14;0;3;;;;20;1;8;1;10;;;;20;40
60008;Arce;83;0;15;0;5;;;;20;1;7;1;23;;;;32;52
60008;Arce;84;0;11;0;1;;;;12;0;13;1;16;;;;30;42
60008;Arce;85;0;10;0;2;;;;12;1;5;0;24;;;;30;42
60008;Arce;86;0;14;0;2;;;;16;0;3;0;25;;;;28;44
60008;Arce;87;2;11;0;2;;;;15;2;1;1;14;;;;18;33
60008;Arce;88;0;9;0;4;;;;13;0;6;0;12;;;;18;31
60008;Arce;89;0;4;0;10;;;;14;0;3;1;9;;;;13;27
60008;Arce;90;0;11;0;3;;;;14;0;0;0;14;;;;14;28
60008;Arce;91;0;2;0;2;;;;4;0;1;0;6;;;;7;11
60008;Arce;92;0;7;0;1;;;;8;0;2;0;13;;;;15;23
60008;Arce;93;0;1;0;0;;;;1;0;0;0;4;;;;4;5
60008;Arce;94;0;0;1;0;;;;1;1;0;0;3;;;;4;5
60008;Arce;95;0;2;0;0;;;;2;0;0;0;3;;;;3;5
60008;Arce;96;0;0;0;1;;;;1;0;0;0;1;;;;1;2
60008;Arce;97;0;0;0;0;;;;0;0;0;0;0;;;;0;0
60008;Arce;98;0;0;0;0;;;;0;0;0;0;0;;;;0;0
60008;Arce;99;0;0;0;0;;;;0;1;0;0;1;;;;2;2
60008;Arce;100;0;0;0;0;;;;0;0;0;0;3;;;;3;3
60008;Arce;999;1263;1255;66;92;;;;2676;1003;1195;88;426;;;;2712;5388
60009;Arnara;0;3;0;0;0;;;;3;10;0;0;0;;;;10;13
60009;Arnara;1;8;0;0;0;;;;8;6;0;0;0;;;;6;14
60009;Arnara;2;8;0;0;0;;;;8;5;0;0;0;;;;5;13
60009;Arnara;3;4;0;0;0;;;;4;7;0;0;0;;;;7;11
60009;Arnara;4;7;0;0;0;;;;7;3;0;0;0;;;;3;10
60009;Arnara;5;6;0;0;0;;;;6;5;0;0;0;;;;5;11
60009;Arnara;6;5;0;0;0;;;;5;8;0;0;0;;;;8;13
60009;Arnara;7;11;0;0;0;;;;11;8;0;0;0;;;;8;19
60009;Arnara;8;10;0;0;0;;;;10;6;0;0;0;;;;6;16
60009;Arnara;9;6;0;0;0;;;;6;10;0;0;0;;;;10;16
60009;Arnara;10;8;0;0;0;;;;8;8;0;0;0;;;;8;16
60009;Arnara;11;9;0;0;0;;;;9;9;0;0;0;;;;9;18
60009;Arnara;12;8;0;0;0;;;;8;12;0;0;0;;;;12;20
60009;Arnara;13;15;0;0;0;;;;15;11;0;0;0;;;;11;26
60009;Arnara;14;9;0;0;0;;;;9;8;0;0;0;;;;8;17
60009;Arnara;15;5;0;0;0;;;;5;7;0;0;0;;;;7;12
60009;Arnara;16;10;0;0;0;;;;10;9;0;0;0;;;;9;19
60009;Arnara;17;15;0;0;0;;;;15;9;0;0;0;;;;9;24
60009;Arnara;18;12;0;0;0;;;;12;14;0;0;0;;;;14;26
60009;Arnara;19;9;0;0;0;;;;9;4;0;0;0;;;;4;13
60009;Arnara;20;9;0;0;0;;;;9;12;0;0;0;;;;12;21
60009;Arnara;21;6;0;0;0;;;;6;11;0;0;0;;;;11;17
60009;Arnara;22;12;0;0;0;;;;12;10;0;0;0;;;;10;22
60009;Arnara;23;6;0;0;0;;;;6;7;0;0;0;;;;7;13
60009;Arnara;24;11;0;0;0;;;;11;6;0;0;0;;;;6;17
60009;Arnara;25;8;1;0;0;;;;9;4;1;0;0;;;;5;14
60009;Arnara;26;8;0;0;0;;;;8;7;1;0;0;;;;8;16
60009;Arnara;27;11;1;0;0;;;;12;12;2;0;0;;;;14;26
60009;Arnara;28;6;0;0;0;;;;6;9;0;0;0;;;;9;15
60009;Arnara;29;9;0;0;0;;;;9;11;1;0;0;;;;12;21
60009;Arnara;30;8;0;0;0;;;;8;5;3;0;0;;;;8;16
60009;Arnara;31;12;0;0;0;;;;12;8;2;0;0;;;;10;22
60009;Arnara;32;7;1;0;0;;;;8;12;3;0;0;;;;15;23
60009;Arnara;33;7;1;0;0;;;;8;11;2;0;0;;;;13;21
60009;Arnara;34;15;2;0;0;;;;17;6;4;0;0;;;;10;27
60009;Arnara;35;8;5;0;0;;;;13;3;5;0;0;;;;8;21
60009;Arnara;36;6;7;0;0;;;;13;3;3;1;0;;;;7;20
60009;Arnara;37;4;6;0;0;;;;10;2;3;0;0;;;;5;15
60009;Arnara;38;7;5;0;0;;;;12;5;5;1;0;;;;11;23
60009;Arnara;39;8;2;0;0;;;;10;8;4;0;0;;;;12;22
60009;Arnara;40;9;3;0;0;;;;12;5;7;0;0;;;;12;24
60009;Arnara;41;10;4;0;0;;;;14;3;8;0;0;;;;11;25
60009;Arnara;42;8;9;0;0;;;;17;6;15;0;0;;;;21;38
60009;Arnara;43;4;6;0;0;;;;10;10;6;1;0;;;;17;27
60009;Arnara;44;6;9;0;0;;;;15;2;10;0;0;;;;12;27
60009;Arnara;45;9;7;0;0;;;;16;3;13;0;0;;;;16;32
60009;Arnara;46;5;10;0;0;;;;15;5;11;1;0;;;;17;32
60009;Arnara;47;5;8;0;1;;;;14;4;20;0;0;;;;24;38
60009;Arnara;48;4;10;1;0;;;;15;4;17;1;0;;;;22;37
60009;Arnara;49;8;11;0;0;;;;19;6;10;1;0;;;;17;36
60009;Arnara;50;5;19;0;0;;;;24;2;7;0;0;;;;9;33
60009;Arnara;51;5;15;0;0;;;;20;3;9;0;0;;;;12;32
60009;Arnara;52;1;14;2;0;;;;17;5;12;0;0;;;;17;34
60009;Arnara;53;5;3;0;0;;;;8;1;10;1;1;;;;13;21
60009;Arnara;54;4;19;0;0;;;;23;4;10;2;0;;;;16;39
60009;Arnara;55;4;10;0;0;;;;14;1;11;0;2;;;;14;28
60009;Arnara;56;3;16;0;0;;;;19;3;14;2;3;;;;22;41
60009;Arnara;57;3;7;0;1;;;;11;3;11;0;1;;;;15;26
60009;Arnara;58;3;6;0;0;;;;9;1;14;3;1;;;;19;28
60009;Arnara;59;4;12;1;0;;;;17;4;19;1;1;;;;25;42
60009;Arnara;60;2;16;0;0;;;;18;0;13;1;1;;;;15;33
60009;Arnara;61;2;9;2;0;;;;13;2;16;0;3;;;;21;34
60009;Arnara;62;3;8;2;0;;;;13;2;12;1;4;;;;19;32
60009;Arnara;63;1;13;2;0;;;;16;1;12;0;5;;;;18;34
60009;Arnara;64;0;16;2;0;;;;18;2;15;0;6;;;;23;41
60009;Arnara;65;4;11;0;0;;;;15;0;11;0;1;;;;12;27
60009;Arnara;66;1;12;1;0;;;;14;0;9;0;1;;;;10;24
60009;Arnara;67;4;10;0;1;;;;15;1;13;0;5;;;;19;34
60009;Arnara;68;3;13;0;1;;;;17;3;14;0;4;;;;21;38
60009;Arnara;69;1;19;0;1;;;;21;1;12;1;4;;;;18;39
60009;Arnara;70;3;6;1;1;;;;11;1;12;1;6;;;;20;31
60009;Arnara;71;1;16;1;0;;;;18;0;12;0;3;;;;15;33
60009;Arnara;72;0;12;0;0;;;;12;0;9;0;6;;;;15;27
60009;Arnara;73;1;12;0;1;;;;14;1;9;0;3;;;;13;27
60009;Arnara;74;1;9;0;0;;;;10;0;14;0;2;;;;16;26
60009;Arnara;75;1;10;0;1;;;;12;0;7;0;9;;;;16;28
60009;Arnara;76;0;11;0;1;;;;12;0;10;0;5;;;;15;27
60009;Arnara;77;0;9;0;1;;;;10;1;5;0;4;;;;10;20
60009;Arnara;78;0;14;0;1;;;;15;0;7;0;4;;;;11;26
60009;Arnara;79;1;10;0;0;;;;11;0;4;0;5;;;;9;20
60009;Arnara;80;0;11;0;0;;;;11;1;4;0;5;;;;10;21
60009;Arnara;81;0;8;0;1;;;;9;1;3;1;7;;;;12;21
60009;Arnara;82;0;7;0;0;;;;7;0;8;0;7;;;;15;22
60009;Arnara;83;1;7;0;0;;;;8;0;2;0;4;;;;6;14
60009;Arnara;84;0;7;0;1;;;;8;0;3;0;6;;;;9;17
60009;Arnara;85;1;4;1;1;;;;7;0;0;0;4;;;;4;11
60009;Arnara;86;0;3;1;3;;;;7;0;1;0;6;;;;7;14
60009;Arnara;87;0;4;0;0;;;;4;0;0;0;7;;;;7;11
60009;Arnara;88;0;4;0;0;;;;4;0;0;0;8;;;;8;12
60009;Arnara;89;0;2;0;2;;;;4;0;0;0;6;;;;6;10
60009;Arnara;90;0;2;0;0;;;;2;0;0;0;5;;;;5;7
60009;Arnara;91;0;1;0;2;;;;3;0;0;0;7;;;;7;10
60009;Arnara;92;0;1;0;2;;;;3;0;1;0;2;;;;3;6
60009;Arnara;93;0;0;0;1;;;;1;0;0;0;4;;;;4;5
60009;Arnara;94;0;0;0;0;;;;0;0;0;0;3;;;;3;3
60009;Arnara;95;0;0;0;0;;;;0;0;0;0;1;;;;1;1
60009;Arnara;96;0;0;0;1;;;;1;0;0;0;1;;;;1;2
60009;Arnara;97;0;0;0;0;;;;0;0;0;0;0;;;;0;0
60009;Arnara;98;0;0;0;0;;;;0;0;0;0;1;;;;1;1
60009;Arnara;99;0;0;0;0;;;;0;0;0;0;0;;;;0;0
60009;Arnara;100;0;0;0;0;;;;0;0;0;0;1;;;;1;1
60009;Arnara;999;472;526;17;25;;;;1040;403;511;20;175;;;;1109;2149
60010;Arpino;0;19;0;0;0;;;;19;10;0;0;0;;;;10;29
60010;Arpino;1;15;0;0;0;;;;15;15;0;0;0;;;;15;30
60010;Arpino;2;14;0;0;0;;;;14;6;0;0;0;;;;6;20
60010;Arpino;3;15;0;0;0;;;;15;23;0;0;0;;;;23;38
60010;Arpino;4;19;0;0;0;;;;19;16;0;0;0;;;;16;35
60010;Arpino;5;14;0;0;0;;;;14;21;0;0;0;;;;21;35
60010;Arpino;6;30;0;0;0;;;;30;33;0;0;0;;;;33;63
60010;Arpino;7;28;0;0;0;;;;28;22;0;0;0;;;;22;50
60010;Arpino;8;31;0;0;0;;;;31;20;0;0;0;;;;20;51
60010;Arpino;9;26;0;0;0;;;;26;35;0;0;0;;;;35;61
60010;Arpino;10;17;0;0;0;;;;17;30;0;0;0;;;;30;47
60010;Arpino;11;19;0;0;0;;;;19;20;0;0;0;;;;20;39
60010;Arpino;12;25;0;0;0;;;;25;21;0;0;0;;;;21;46
60010;Arpino;13;24;0;0;0;;;;24;17;0;0;0;;;;17;41
60010;Arpino;14;35;0;0;0;;;;35;20;0;0;0;;;;20;55
60010;Arpino;15;30;0;0;0;;;;30;20;0;0;0;;;;20;50
60010;Arpino;16;26;0;0;0;;;;26;28;0;0;0;;;;28;54
60010;Arpino;17;28;0;0;0;;;;28;31;0;0;0;;;;31;59
60010;Arpino;18;36;0;0;0;;;;36;28;0;0;0;;;;28;64
60010;Arpino;19;33;0;0;0;;;;33;20;0;0;0;;;;20;53
60010;Arpino;20;32;0;0;0;;;;32;28;0;0;0;;;;28;60
60010;Arpino;21;31;0;0;0;;;;31;26;0;0;0;;;;26;57
60010;Arpino;22;27;0;0;0;;;;27;28;0;0;0;;;;28;55
60010;Arpino;23;34;0;0;0;;;;34;18;0;0;0;;;;18;52
60010;Arpino;24;40;0;0;0;;;;40;17;0;0;0;;;;17;57
60010;Arpino;25;29;0;0;0;;;;29;28;1;0;0;;;;29;58
60010;Arpino;26;33;0;0;0;;;;33;18;1;0;0;;;;19;52
60010;Arpino;27;42;0;0;0;;;;42;22;7;0;0;;;;29;71
60010;Arpino;28;35;2;0;0;;;;37;25;1;0;0;;;;26;63
60010;Arpino;29;37;0;0;0;;;;37;26;7;0;0;;;;33;70
60010;Arpino;30;40;3;0;0;;;;43;23;8;0;0;;;;31;74
60010;Arpino;31;26;5;0;0;;;;31;22;7;0;0;;;;29;60
60010;Arpino;32;19;3;0;0;;;;22;36;8;0;0;;;;44;66
60010;Arpino;33;26;7;0;0;;;;33;24;8;0;0;;;;32;65
60010;Arpino;34;29;8;0;0;;;;37;13;9;0;1;;;;23;60
60010;Arpino;35;17;12;1;0;;;;30;21;16;0;0;;;;37;67
60010;Arpino;36;30;16;1;0;;;;47;13;20;0;0;;;;33;80
60010;Arpino;37;24;7;0;0;;;;31;21;11;0;0;;;;32;63
60010;Arpino;38;21;15;0;0;;;;36;11;10;2;0;;;;23;59
60010;Arpino;39;18;11;0;0;;;;29;14;24;1;0;;;;39;68
60010;Arpino;40;23;21;0;0;;;;44;13;24;2;0;;;;39;83
60010;Arpino;41;17;16;1;0;;;;34;14;15;3;1;;;;33;67
60010;Arpino;42;19;20;2;0;;;;41;10;28;1;1;;;;40;81
60010;Arpino;43;17;29;1;0;;;;47;13;27;5;0;;;;45;92
60010;Arpino;44;21;15;0;1;;;;37;7;24;4;1;;;;36;73
60010;Arpino;45;17;25;3;0;;;;45;8;25;0;0;;;;33;78
60010;Arpino;46;14;25;1;0;;;;40;14;25;1;1;;;;41;81
60010;Arpino;47;14;24;0;0;;;;38;18;31;4;0;;;;53;91
60010;Arpino;48;26;26;0;0;;;;52;10;26;4;0;;;;40;92
60010;Arpino;49;17;24;0;1;;;;42;9;35;3;0;;;;47;89
60010;Arpino;50;9;29;1;0;;;;39;14;35;5;0;;;;54;93
60010;Arpino;51;12;37;3;0;;;;52;12;28;2;1;;;;43;95
60010;Arpino;52;9;25;2;0;;;;36;3;36;6;1;;;;46;82
60010;Arpino;53;8;33;6;0;;;;47;8;37;2;2;;;;49;96
60010;Arpino;54;11;35;3;0;;;;49;11;50;2;3;;;;66;115
60010;Arpino;55;9;39;3;0;;;;51;2;44;5;4;;;;55;106
60010;Arpino;56;8;45;2;1;;;;56;5;37;4;3;;;;49;105
60010;Arpino;57;13;23;5;1;;;;42;6;43;6;1;;;;56;98
60010;Arpino;58;5;40;6;0;;;;51;9;45;3;1;;;;58;109
60010;Arpino;59;8;40;4;0;;;;52;6;56;5;1;;;;68;120
60010;Arpino;60;7;58;6;1;;;;72;2;51;4;2;;;;59;131
60010;Arpino;61;1;29;1;1;;;;32;4;44;5;2;;;;55;87
60010;Arpino;62;7;53;4;0;;;;64;6;38;3;7;;;;54;118
60010;Arpino;63;2;34;4;1;;;;41;1;43;5;8;;;;57;98
60010;Arpino;64;3;51;4;2;;;;60;4;30;0;7;;;;41;101
60010;Arpino;65;5;36;3;1;;;;45;2;47;1;5;;;;55;100
60010;Arpino;66;2;38;2;2;;;;44;4;46;4;6;;;;60;104
60010;Arpino;67;8;39;2;6;;;;55;4;45;1;6;;;;56;111
60010;Arpino;68;3;39;2;1;;;;45;2;38;1;10;;;;51;96
60010;Arpino;69;4;41;0;4;;;;49;2;23;4;6;;;;35;84
60010;Arpino;70;4;48;3;1;;;;56;3;38;3;10;;;;54;110
60010;Arpino;71;2;29;1;5;;;;37;1;50;2;4;;;;57;94
60010;Arpino;72;0;41;3;2;;;;46;4;27;1;15;;;;47;93
60010;Arpino;73;3;48;2;1;;;;54;3;26;1;12;;;;42;96
60010;Arpino;74;1;34;0;3;;;;38;4;26;0;10;;;;40;78
60010;Arpino;75;1;32;4;8;;;;45;0;24;0;18;;;;42;87
60010;Arpino;76;1;25;1;2;;;;29;4;23;4;16;;;;47;76
60010;Arpino;77;1;27;0;4;;;;32;3;23;4;16;;;;46;78
60010;Arpino;78;0;30;4;4;;;;38;1;30;1;23;;;;55;93
60010;Arpino;79;1;23;1;7;;;;32;2;9;2;12;;;;25;57
60010;Arpino;80;0;27;0;4;;;;31;1;14;0;24;;;;39;70
60010;Arpino;81;0;20;0;3;;;;23;1;21;1;15;;;;38;61
60010;Arpino;82;0;19;1;4;;;;24;4;12;1;10;;;;27;51
60010;Arpino;83;0;22;0;3;;;;25;4;9;1;13;;;;27;52
60010;Arpino;84;0;12;1;7;;;;20;3;6;0;21;;;;30;50
60010;Arpino;85;0;10;0;3;;;;13;6;16;0;24;;;;46;59
60010;Arpino;86;1;11;0;2;;;;14;5;6;0;28;;;;39;53
60010;Arpino;87;0;10;1;3;;;;14;5;3;0;21;;;;29;43
60010;Arpino;88;0;16;0;4;;;;20;8;4;0;17;;;;29;49
60010;Arpino;89;0;14;0;3;;;;17;7;5;0;13;;;;25;42
60010;Arpino;90;0;3;0;2;;;;5;2;2;0;15;;;;19;24
60010;Arpino;91;0;3;0;1;;;;4;1;4;0;16;;;;21;25
60010;Arpino;92;2;3;0;0;;;;5;2;2;0;7;;;;11;16
60010;Arpino;93;0;4;0;5;;;;9;2;1;0;9;;;;12;21
60010;Arpino;94;0;3;0;2;;;;5;2;2;0;3;;;;7;12
60010;Arpino;95;0;1;0;1;;;;2;1;1;0;8;;;;10;12
60010;Arpino;96;0;1;0;1;;;;2;2;0;0;2;;;;4;6
60010;Arpino;97;0;0;0;0;;;;0;0;0;0;1;;;;1;1
60010;Arpino;98;0;1;0;1;;;;2;0;0;0;2;;;;2;4
60010;Arpino;99;0;0;0;0;;;;0;1;0;0;2;;;;3;3
60010;Arpino;100;0;0;0;1;;;;1;1;0;0;1;;;;2;3
60010;Arpino;999;1410;1595;95;110;;;;3210;1176;1598;119;469;;;;3362;6572
60011;Atina;0;22;0;0;0;;;;22;8;0;0;0;;;;8;30
60011;Atina;1;10;0;0;0;;;;10;13;0;0;0;;;;13;23
60011;Atina;2;14;0;0;0;;;;14;14;0;0;0;;;;14;28
60011;Atina;3;15;0;0;0;;;;15;5;0;0;0;;;;5;20
60011;Atina;4;15;0;0;0;;;;15;13;0;0;0;;;;13;28
60011;Atina;5;16;0;0;0;;;;16;13;0;0;0;;;;13;29
60011;Atina;6;21;0;0;0;;;;21;10;0;0;0;;;;10;31
60011;Atina;7;19;0;0;0;;;;19;19;0;0;0;;;;19;38
60011;Atina;8;10;0;0;0;;;;10;23;0;0;0;;;;23;33
60011;Atina;9;20;0;0;0;;;;20;11;0;0;0;;;;11;31
60011;Atina;10;21;0;0;0;;;;21;10;0;0;0;;;;10;31
60011;Atina;11;18;0;0;0;;;;18;11;0;0;0;;;;11;29
60011;Atina;12;16;0;0;0;;;;16;11;0;0;0;;;;11;27
60011;Atina;13;21;0;0;0;;;;21;21;0;0;0;;;;21;42
60011;Atina;14;20;0;0;0;;;;20;24;0;0;0;;;;24;44
60011;Atina;15;21;0;0;0;;;;21;17;0;0;0;;;;17;38
60011;Atina;16;21;0;0;0;;;;21;22;0;0;0;;;;22;43
60011;Atina;17;23;0;0;0;;;;23;15;0;0;0;;;;15;38
60011;Atina;18;15;0;0;0;;;;15;28;0;0;0;;;;28;43
60011;Atina;19;16;0;0;0;;;;16;21;0;0;0;;;;21;37
60011;Atina;20;19;0;0;0;;;;19;19;0;0;0;;;;19;38
60011;Atina;21;9;0;0;0;;;;9;18;0;0;0;;;;18;27
60011;Atina;22;18;0;0;0;;;;18;13;0;0;0;;;;13;31
60011;Atina;23;22;0;0;0;;;;22;14;1;0;0;;;;15;37
60011;Atina;24;17;0;0;0;;;;17;16;2;0;0;;;;18;35
60011;Atina;25;18;0;0;0;;;;18;18;0;0;0;;;;18;36
60011;Atina;26;25;2;0;0;;;;27;20;3;0;0;;;;23;50
60011;Atina;27;22;1;0;0;;;;23;17;6;0;0;;;;23;46
60011;Atina;28;8;0;0;0;;;;8;16;4;0;0;;;;20;28
60011;Atina;29;25;1;0;0;;;;26;13;1;0;0;;;;14;40
60011;Atina;30;14;4;0;0;;;;18;22;6;0;0;;;;28;46
60011;Atina;31;14;4;0;0;;;;18;11;3;0;0;;;;14;32
60011;Atina;32;11;5;0;0;;;;16;17;10;0;0;;;;27;43
60011;Atina;33;15;4;0;0;;;;19;11;10;1;0;;;;22;41
60011;Atina;34;18;4;0;0;;;;22;11;9;0;0;;;;20;42
60011;Atina;35;15;11;0;0;;;;26;13;5;1;0;;;;19;45
60011;Atina;36;16;12;0;0;;;;28;12;11;0;0;;;;23;51
60011;Atina;37;11;10;0;0;;;;21;15;7;1;0;;;;23;44
60011;Atina;38;11;7;1;0;;;;19;8;14;0;0;;;;22;41
60011;Atina;39;5;12;0;0;;;;17;7;14;1;0;;;;22;39
60011;Atina;40;19;13;0;0;;;;32;10;13;0;0;;;;23;55
60011;Atina;41;11;10;3;1;;;;25;11;10;1;0;;;;22;47
60011;Atina;42;21;17;1;0;;;;39;8;15;0;0;;;;23;62
60011;Atina;43;13;7;1;0;;;;21;9;7;3;0;;;;19;40
60011;Atina;44;12;12;1;0;;;;25;15;20;2;1;;;;38;63
60011;Atina;45;6;12;0;0;;;;18;9;19;3;0;;;;31;49
60011;Atina;46;15;16;0;0;;;;31;6;16;3;0;;;;25;56
60011;Atina;47;8;18;1;0;;;;27;8;21;2;0;;;;31;58
60011;Atina;48;9;14;1;0;;;;24;3;21;1;1;;;;26;50
60011;Atina;49;11;19;0;0;;;;30;6;24;4;2;;;;36;66
60011;Atina;50;6;16;1;0;;;;23;9;25;3;2;;;;39;62
60011;Atina;51;5;22;1;0;;;;28;4;20;3;1;;;;28;56
60011;Atina;52;9;17;0;0;;;;26;8;14;5;1;;;;28;54
60011;Atina;53;6;24;2;0;;;;32;0;21;3;0;;;;24;56
60011;Atina;54;9;24;4;0;;;;37;5;23;1;0;;;;29;66
60011;Atina;55;4;17;2;0;;;;23;10;32;5;0;;;;47;70
60011;Atina;56;7;19;1;0;;;;27;6;20;1;0;;;;27;54
60011;Atina;57;11;30;0;0;;;;41;9;21;4;1;;;;35;76
60011;Atina;58;8;21;0;1;;;;30;4;21;3;0;;;;28;58
60011;Atina;59;8;22;1;1;;;;32;4;34;5;3;;;;46;78
60011;Atina;60;4;18;1;1;;;;24;5;32;1;6;;;;44;68
60011;Atina;61;5;26;3;1;;;;35;3;21;0;1;;;;25;60
60011;Atina;62;5;23;6;2;;;;36;3;24;1;2;;;;30;66
60011;Atina;63;6;25;2;1;;;;34;8;20;3;3;;;;34;68
60011;Atina;64;4;24;1;1;;;;30;5;23;2;7;;;;37;67
60011;Atina;65;3;23;2;1;;;;29;4;18;3;12;;;;37;66
60011;Atina;66;2;28;5;0;;;;35;1;21;2;5;;;;29;64
60011;Atina;67;3;20;3;3;;;;29;3;24;1;3;;;;31;60
60011;Atina;68;1;29;1;1;;;;32;0;18;0;6;;;;24;56
60011;Atina;69;3;15;2;2;;;;22;2;29;4;4;;;;39;61
60011;Atina;70;4;17;1;1;;;;23;3;24;3;10;;;;40;63
60011;Atina;71;2;22;2;0;;;;26;1;18;0;6;;;;25;51
60011;Atina;72;0;31;0;2;;;;33;1;23;2;9;;;;35;68
60011;Atina;73;1;12;0;2;;;;15;3;10;2;9;;;;24;39
60011;Atina;74;2;17;2;0;;;;21;2;16;0;6;;;;24;45
60011;Atina;75;0;20;1;3;;;;24;0;16;2;8;;;;26;50
60011;Atina;76;1;14;0;2;;;;17;3;11;0;10;;;;24;41
60011;Atina;77;0;18;2;3;;;;23;1;12;1;14;;;;28;51
60011;Atina;78;0;24;0;0;;;;24;1;10;2;11;;;;24;48
60011;Atina;79;1;13;0;1;;;;15;0;4;1;7;;;;12;27
60011;Atina;80;0;6;0;1;;;;7;0;7;0;11;;;;18;25
60011;Atina;81;1;14;0;1;;;;16;0;7;0;11;;;;18;34
60011;Atina;82;1;8;0;3;;;;12;0;9;0;7;;;;16;28
60011;Atina;83;0;5;1;0;;;;6;0;12;0;12;;;;24;30
60011;Atina;84;1;18;0;1;;;;20;0;5;0;13;;;;18;38
60011;Atina;85;0;11;0;1;;;;12;1;3;0;19;;;;23;35
60011;Atina;86;0;8;2;2;;;;12;0;6;0;10;;;;16;28
60011;Atina;87;0;2;0;1;;;;3;0;2;0;12;;;;14;17
60011;Atina;88;1;7;0;2;;;;10;1;3;0;17;;;;21;31
60011;Atina;89;0;1;0;2;;;;3;0;1;0;7;;;;8;11
60011;Atina;90;0;2;0;1;;;;3;0;2;0;6;;;;8;11
60011;Atina;91;0;7;0;2;;;;9;0;0;0;9;;;;9;18
60011;Atina;92;0;3;0;1;;;;4;2;1;0;4;;;;7;11
60011;Atina;93;0;1;0;1;;;;2;0;1;0;3;;;;4;6
60011;Atina;94;0;0;0;1;;;;1;0;0;0;5;;;;5;6
60011;Atina;95;0;0;0;2;;;;2;1;0;0;3;;;;4;6
60011;Atina;96;0;0;0;1;;;;1;0;0;0;1;;;;1;2
60011;Atina;97;0;0;0;2;;;;2;0;0;0;0;;;;0;2
60011;Atina;98;0;1;0;2;;;;3;0;0;0;1;;;;1;4
60011;Atina;99;0;0;0;1;;;;1;0;0;0;0;;;;0;1
60011;Atina;100;0;0;0;0;;;;0;0;0;0;2;;;;2;2
60011;Atina;999;916;940;58;58;;;;1972;798;936;86;304;;;;2124;4096
60012;Ausonia;0;5;0;0;0;;;;5;12;0;0;0;;;;12;17
60012;Ausonia;1;11;0;0;0;;;;11;7;0;0;0;;;;7;18
60012;Ausonia;2;6;0;0;0;;;;6;5;0;0;0;;;;5;11
60012;Ausonia;3;11;0;0;0;;;;11;13;0;0;0;;;;13;24
60012;Ausonia;4;4;0;0;0;;;;4;8;0;0;0;;;;8;12
60012;Ausonia;5;8;0;0;0;;;;8;9;0;0;0;;;;9;17
60012;Ausonia;6;5;0;0;0;;;;5;13;0;0;0;;;;13;18
60012;Ausonia;7;11;0;0;0;;;;11;13;0;0;0;;;;13;24
60012;Ausonia;8;8;0;0;0;;;;8;11;0;0;0;;;;11;19
60012;Ausonia;9;12;0;0;0;;;;12;7;0;0;0;;;;7;19
60012;Ausonia;10;11;0;0;0;;;;11;15;0;0;0;;;;15;26
60012;Ausonia;11;14;0;0;0;;;;14;11;0;0;0;;;;11;25
60012;Ausonia;12;12;0;0;0;;;;12;6;0;0;0;;;;6;18
60012;Ausonia;13;16;0;0;0;;;;16;8;0;0;0;;;;8;24
60012;Ausonia;14;15;0;0;0;;;;15;10;0;0;0;;;;10;25
60012;Ausonia;15;13;0;0;0;;;;13;12;0;0;0;;;;12;25
60012;Ausonia;16;10;0;0;0;;;;10;6;0;0;0;;;;6;16
60012;Ausonia;17;8;0;0;0;;;;8;12;0;0;0;;;;12;20
60012;Ausonia;18;9;0;0;0;;;;9;7;0;0;0;;;;7;16
60012;Ausonia;19;15;0;0;0;;;;15;10;0;0;0;;;;10;25
60012;Ausonia;20;5;0;0;0;;;;5;13;0;0;0;;;;13;18
60012;Ausonia;21;9;0;0;0;;;;9;10;0;0;0;;;;10;19
60012;Ausonia;22;17;0;0;0;;;;17;9;0;0;0;;;;9;26
60012;Ausonia;23;11;0;0;0;;;;11;8;0;0;0;;;;8;19
60012;Ausonia;24;18;0;0;0;;;;18;13;2;0;0;;;;15;33
60012;Ausonia;25;7;1;0;0;;;;8;14;2;0;0;;;;16;24
60012;Ausonia;26;9;0;0;0;;;;9;12;3;0;0;;;;15;24
60012;Ausonia;27;20;2;0;0;;;;22;13;4;0;0;;;;17;39
60012;Ausonia;28;7;1;0;0;;;;8;11;3;0;0;;;;14;22
60012;Ausonia;29;9;2;0;0;;;;11;4;2;0;0;;;;6;17
60012;Ausonia;30;12;3;0;0;;;;15;8;5;0;0;;;;13;28
60012;Ausonia;31;13;5;0;0;;;;18;8;3;0;0;;;;11;29
60012;Ausonia;32;6;4;0;0;;;;10;6;7;1;0;;;;14;24
60012;Ausonia;33;7;4;0;0;;;;11;7;4;0;0;;;;11;22
60012;Ausonia;34;9;4;0;0;;;;13;7;4;0;0;;;;11;24
60012;Ausonia;35;15;5;0;0;;;;20;8;12;2;0;;;;22;42
60012;Ausonia;36;11;7;1;0;;;;19;2;4;0;0;;;;6;25
60012;Ausonia;37;6;5;0;0;;;;11;10;1;0;0;;;;11;22
60012;Ausonia;38;5;7;0;0;;;;12;1;14;2;0;;;;17;29
60012;Ausonia;39;6;9;0;0;;;;15;6;8;1;0;;;;15;30
60012;Ausonia;40;8;9;0;0;;;;17;3;14;0;0;;;;17;34
60012;Ausonia;41;6;7;0;0;;;;13;4;10;0;0;;;;14;27
60012;Ausonia;42;5;11;1;0;;;;17;5;8;0;0;;;;13;30
60012;Ausonia;43;5;11;3;0;;;;19;1;11;2;0;;;;14;33
60012;Ausonia;44;5;11;0;0;;;;16;4;14;0;0;;;;18;34
60012;Ausonia;45;5;11;1;0;;;;17;1;18;1;0;;;;20;37
60012;Ausonia;46;5;9;0;0;;;;14;5;14;0;0;;;;19;33
60012;Ausonia;47;2;14;2;0;;;;18;1;14;1;0;;;;16;34
60012;Ausonia;48;7;14;0;0;;;;21;2;11;3;2;;;;18;39
60012;Ausonia;49;2;10;1;0;;;;13;1;5;1;1;;;;8;21
60012;Ausonia;50;4;12;1;0;;;;17;2;17;2;0;;;;21;38
60012;Ausonia;51;6;17;1;0;;;;24;2;11;0;0;;;;13;37
60012;Ausonia;52;2;14;0;0;;;;16;1;11;1;0;;;;13;29
60012;Ausonia;53;2;12;1;0;;;;15;1;22;1;1;;;;25;40
60012;Ausonia;54;3;18;0;1;;;;22;5;11;1;3;;;;20;42
60012;Ausonia;55;4;9;1;1;;;;15;0;16;2;0;;;;18;33
60012;Ausonia;56;0;15;2;0;;;;17;3;16;1;4;;;;24;41
60012;Ausonia;57;5;10;1;0;;;;16;0;16;0;0;;;;16;32
60012;Ausonia;58;4;16;4;0;;;;24;0;22;3;0;;;;25;49
60012;Ausonia;59;1;15;1;0;;;;17;1;16;0;2;;;;19;36
60012;Ausonia;60;3;18;0;1;;;;22;1;19;0;4;;;;24;46
60012;Ausonia;61;3;21;0;0;;;;24;3;18;2;0;;;;23;47
60012;Ausonia;62;3;16;2;0;;;;21;1;12;1;3;;;;17;38
60012;Ausonia;63;0;13;0;0;;;;13;2;13;1;1;;;;17;30
60012;Ausonia;64;6;16;2;0;;;;24;0;16;0;2;;;;18;42
60012;Ausonia;65;1;21;1;0;;;;23;0;16;1;2;;;;19;42
60012;Ausonia;66;2;13;0;1;;;;16;1;4;0;4;;;;9;25
60012;Ausonia;67;2;14;0;0;;;;16;1;17;1;4;;;;23;39
60012;Ausonia;68;0;16;0;1;;;;17;0;16;1;4;;;;21;38
60012;Ausonia;69;1;14;0;1;;;;16;1;15;0;2;;;;18;34
60012;Ausonia;70;0;16;0;2;;;;18;1;7;1;5;;;;14;32
60012;Ausonia;71;1;9;0;0;;;;10;2;9;0;3;;;;14;24
60012;Ausonia;72;1;7;1;0;;;;9;1;5;1;0;;;;7;16
60012;Ausonia;73;1;11;1;0;;;;13;0;14;1;3;;;;18;31
60012;Ausonia;74;0;17;0;2;;;;19;1;9;0;5;;;;15;34
60012;Ausonia;75;0;12;1;2;;;;15;1;10;0;8;;;;19;34
60012;Ausonia;76;0;16;0;2;;;;18;0;6;0;6;;;;12;30
60012;Ausonia;77;0;14;0;0;;;;14;0;6;0;6;;;;12;26
60012;Ausonia;78;0;6;0;1;;;;7;2;7;2;4;;;;15;22
60012;Ausonia;79;0;7;0;0;;;;7;0;6;0;2;;;;8;15
60012;Ausonia;80;0;5;0;0;;;;5;0;0;0;7;;;;7;12
60012;Ausonia;81;0;3;1;4;;;;8;1;4;0;4;;;;9;17
60012;Ausonia;82;0;2;1;0;;;;3;0;3;0;4;;;;7;10
60012;Ausonia;83;0;2;0;1;;;;3;0;2;0;4;;;;6;9
60012;Ausonia;84;0;5;1;1;;;;7;0;1;0;4;;;;5;12
60012;Ausonia;85;0;3;0;1;;;;4;0;4;0;10;;;;14;18
60012;Ausonia;86;0;4;0;0;;;;4;1;1;0;5;;;;7;11
60012;Ausonia;87;0;5;0;2;;;;7;0;2;0;5;;;;7;14
60012;Ausonia;88;0;2;0;1;;;;3;0;0;0;2;;;;2;5
60012;Ausonia;89;0;4;0;0;;;;4;0;0;0;6;;;;6;10
60012;Ausonia;90;0;3;0;2;;;;5;0;2;0;4;;;;6;11
60012;Ausonia;91;0;0;0;2;;;;2;1;1;0;4;;;;6;8
60012;Ausonia;92;0;1;0;0;;;;1;0;0;0;8;;;;8;9
60012;Ausonia;93;0;0;0;0;;;;0;0;0;0;2;;;;2;2
60012;Ausonia;94;0;1;0;0;;;;1;0;0;0;1;;;;1;2
60012;Ausonia;95;0;0;0;0;;;;0;0;0;0;2;;;;2;2
60012;Ausonia;96;0;0;0;0;;;;0;0;0;0;1;;;;1;1
60012;Ausonia;97;0;0;0;0;;;;0;0;0;0;0;;;;0;0
60012;Ausonia;98;0;0;0;0;;;;0;0;0;0;1;;;;1;1
60012;Ausonia;99;0;0;0;0;;;;0;0;1;0;0;;;;1;1
60012;Ausonia;100;0;0;0;3;;;;3;0;0;0;1;;;;1;4
60012;Ausonia;999;511;621;32;32;;;;1196;428;601;37;156;;;;1222;2418
60013;Belmonte Castello;0;0;0;0;0;;;;0;0;0;0;0;;;;0;0
60013;Belmonte Castello;1;3;0;0;0;;;;3;3;0;0;0;;;;3;6
60013;Belmonte Castello;2;1;0;0;0;;;;1;3;0;0;0;;;;3;4
60013;Belmonte Castello;3;2;0;0;0;;;;2;3;0;0;0;;;;3;5
60013;Belmonte Castello;4;4;0;0;0;;;;4;2;0;0;0;;;;2;6
60013;Belmonte Castello;5;3;0;0;0;;;;3;0;0;0;0;;;;0;3
60013;Belmonte Castello;6;0;0;0;0;;;;0;1;0;0;0;;;;1;1
60013;Belmonte Castello;7;3;0;0;0;;;;3;0;0;0;0;;;;0;3
60013;Belmonte Castello;8;1;0;0;0;;;;1;1;0;0;0;;;;1;2
60013;Belmonte Castello;9;2;0;0;0;;;;2;2;0;0;0;;;;2;4
60013;Belmonte Castello;10;2;0;0;0;;;;2;7;0;0;0;;;;7;9
60013;Belmonte Castello;11;0;0;0;0;;;;0;3;0;0;0;;;;3;3
60013;Belmonte Castello;12;1;0;0;0;;;;1;1;0;0;0;;;;1;2
60013;Belmonte Castello;13;1;0;0;0;;;;1;3;0;0;0;;;;3;4
60013;Belmonte Castello;14;1;0;0;0;;;;1;3;0;0;0;;;;3;4
60013;Belmonte Castello;15;6;0;0;0;;;;6;0;0;0;0;;;;0;6
60013;Belmonte Castello;16;5;0;0;0;;;;5;2;0;0;0;;;;2;7
60013;Belmonte Castello;17;6;0;0;0;;;;6;2;0;0;0;;;;2;8
60013;Belmonte Castello;18;2;0;0;0;;;;2;5;0;0;0;;;;5;7
60013;Belmonte Castello;19;4;0;0;0;;;;4;2;0;0;0;;;;2;6
60013;Belmonte Castello;20;3;0;0;0;;;;3;4;0;0;0;;;;4;7
60013;Belmonte Castello;21;2;0;0;0;;;;2;3;0;0;0;;;;3;5
60013;Belmonte Castello;22;1;0;0;0;;;;1;3;0;0;0;;;;3;4
60013;Belmonte Castello;23;3;0;0;0;;;;3;3;0;0;0;;;;3;6
60013;Belmonte Castello;24;1;0;0;0;;;;1;2;0;0;0;;;;2;3
60013;Belmonte Castello;25;3;0;0;0;;;;3;3;1;0;0;;;;4;7
60013;Belmonte Castello;26;2;0;0;0;;;;2;2;0;0;0;;;;2;4
60013;Belmonte Castello;27;5;0;0;0;;;;5;0;0;0;0;;;;0;5
60013;Belmonte Castello;28;2;0;0;0;;;;2;3;2;0;0;;;;5;7
60013;Belmonte Castello;29;5;0;0;0;;;;5;2;1;0;0;;;;3;8
60013;Belmonte Castello;30;6;0;0;0;;;;6;3;0;0;0;;;;3;9
60013;Belmonte Castello;31;3;2;0;0;;;;5;2;1;0;0;;;;3;8
60013;Belmonte Castello;32;2;0;0;0;;;;2;3;1;0;0;;;;4;6
60013;Belmonte Castello;33;2;1;0;0;;;;3;1;0;0;0;;;;1;4
60013;Belmonte Castello;34;1;0;0;0;;;;1;6;1;0;0;;;;7;8
60013;Belmonte Castello;35;3;1;0;0;;;;4;0;0;0;0;;;;0;4
60013;Belmonte Castello;36;4;2;0;0;;;;6;2;1;0;0;;;;3;9
60013;Belmonte Castello;37;2;1;0;0;;;;3;1;0;0;0;;;;1;4
60013;Belmonte Castello;38;1;0;0;0;;;;1;3;2;0;0;;;;5;6
60013;Belmonte Castello;39;4;2;0;0;;;;6;0;1;0;0;;;;1;7
60013;Belmonte Castello;40;4;3;0;0;;;;7;3;1;0;0;;;;4;11
60013;Belmonte Castello;41;2;4;0;0;;;;6;2;0;0;0;;;;2;8
60013;Belmonte Castello;42;2;0;0;0;;;;2;2;5;0;1;;;;8;10
60013;Belmonte Castello;43;1;0;0;0;;;;1;1;2;0;0;;;;3;4
60013;Belmonte Castello;44;3;2;0;0;;;;5;2;5;0;0;;;;7;12
60013;Belmonte Castello;45;2;2;0;0;;;;4;0;2;0;0;;;;2;6
60013;Belmonte Castello;46;3;6;0;0;;;;9;0;3;1;0;;;;4;13
60013;Belmonte Castello;47;1;1;0;0;;;;2;1;3;0;0;;;;4;6
60013;Belmonte Castello;48;1;3;1;0;;;;5;1;4;0;0;;;;5;10
60013;Belmonte Castello;49;1;0;0;0;;;;1;3;3;0;0;;;;6;7
60013;Belmonte Castello;50;2;5;0;0;;;;7;3;2;0;0;;;;5;12
60013;Belmonte Castello;51;0;1;0;0;;;;1;1;4;0;1;;;;6;7
60013;Belmonte Castello;52;0;6;0;0;;;;6;3;4;0;0;;;;7;13
60013;Belmonte Castello;53;2;1;0;0;;;;3;1;2;1;0;;;;4;7
60013;Belmonte Castello;54;0;2;1;0;;;;3;0;2;0;0;;;;2;5
60013;Belmonte Castello;55;1;4;1;0;;;;6;0;1;0;0;;;;1;7
60013;Belmonte Castello;56;2;1;0;0;;;;3;0;5;0;1;;;;6;9
60013;Belmonte Castello;57;3;4;0;0;;;;7;0;3;0;0;;;;3;10
60013;Belmonte Castello;58;3;6;0;0;;;;9;1;6;0;1;;;;8;17
60013;Belmonte Castello;59;1;4;0;0;;;;5;2;3;1;0;;;;6;11
60013;Belmonte Castello;60;1;1;0;0;;;;2;0;5;1;1;;;;7;9
60013;Belmonte Castello;61;1;3;1;0;;;;5;0;6;1;1;;;;8;13
60013;Belmonte Castello;62;0;5;0;0;;;;5;1;2;1;0;;;;4;9
60013;Belmonte Castello;63;1;5;0;0;;;;6;0;2;0;1;;;;3;9
60013;Belmonte Castello;64;1;4;0;2;;;;7;0;5;0;0;;;;5;12
60013;Belmonte Castello;65;3;5;0;0;;;;8;2;5;0;1;;;;8;16
60013;Belmonte Castello;66;2;2;0;0;;;;4;0;6;0;1;;;;7;11
60013;Belmonte Castello;67;1;3;0;1;;;;5;0;5;1;0;;;;6;11
60013;Belmonte Castello;68;1;9;1;0;;;;11;2;2;1;1;;;;6;17
60013;Belmonte Castello;69;0;0;0;1;;;;1;0;1;0;1;;;;2;3
60013;Belmonte Castello;70;2;3;0;0;;;;5;0;2;0;0;;;;2;7
60013;Belmonte Castello;71;1;4;0;0;;;;5;0;5;0;2;;;;7;12
60013;Belmonte Castello;72;0;5;1;0;;;;6;0;4;0;2;;;;6;12
60013;Belmonte Castello;73;1;5;0;0;;;;6;1;3;0;1;;;;5;11
60013;Belmonte Castello;74;0;3;0;0;;;;3;0;5;0;1;;;;6;9
60013;Belmonte Castello;75;0;6;1;1;;;;8;1;4;0;1;;;;6;14
60013;Belmonte Castello;76;1;5;0;2;;;;8;1;3;0;1;;;;5;13
60013;Belmonte Castello;77;0;3;0;1;;;;4;1;2;0;4;;;;7;11
60013;Belmonte Castello;78;0;2;0;1;;;;3;0;2;0;2;;;;4;7
60013;Belmonte Castello;79;0;1;0;0;;;;1;0;3;0;1;;;;4;5
60013;Belmonte Castello;80;0;2;0;0;;;;2;1;0;0;0;;;;1;3
60013;Belmonte Castello;81;0;1;0;0;;;;1;0;0;0;2;;;;2;3
60013;Belmonte Castello;82;0;1;0;0;;;;1;0;2;0;1;;;;3;4
60013;Belmonte Castello;83;0;4;0;0;;;;4;0;1;0;0;;;;1;5
60013;Belmonte Castello;84;0;1;0;0;;;;1;0;1;0;1;;;;2;3
60013;Belmonte Castello;85;0;3;0;1;;;;4;0;0;0;1;;;;1;5
60013;Belmonte Castello;86;0;5;0;0;;;;5;0;1;0;1;;;;2;7
60013;Belmonte Castello;87;0;1;0;1;;;;2;0;0;0;3;;;;3;5
60013;Belmonte Castello;88;0;0;0;0;;;;0;0;0;0;1;;;;1;1
60013;Belmonte Castello;89;0;1;0;0;;;;1;0;0;0;3;;;;3;4
60013;Belmonte Castello;90;0;1;0;0;;;;1;0;0;0;3;;;;3;4
60013;Belmonte Castello;91;0;0;0;0;;;;0;0;0;0;0;;;;0;0
60013;Belmonte Castello;92;0;0;0;0;;;;0;0;0;0;0;;;;0;0
60013;Belmonte Castello;93;0;0;0;0;;;;0;0;0;0;1;;;;1;1
60013;Belmonte Castello;94;0;0;0;0;;;;0;0;0;0;2;;;;2;2
60013;Belmonte Castello;95;0;0;0;0;;;;0;0;0;0;0;;;;0;0
60013;Belmonte Castello;96;0;0;0;0;;;;0;0;0;0;0;;;;0;0
60013;Belmonte Castello;97;0;0;0;0;;;;0;0;0;0;0;;;;0;0
60013;Belmonte Castello;98;0;0;0;0;;;;0;0;0;0;0;;;;0;0
60013;Belmonte Castello;99;0;0;0;0;;;;0;0;0;0;0;;;;0;0
60013;Belmonte Castello;100;1;0;0;0;;;;1;0;0;0;0;;;;0;1
60013;Belmonte Castello;999;153;158;7;11;;;;329;125;148;8;45;;;;326;655
60014;Boville Ernica;0;28;0;0;0;;;;28;28;0;0;0;;;;28;56
60014;Boville Ernica;1;29;0;0;0;;;;29;19;0;0;0;;;;19;48
60014;Boville Ernica;2;35;0;0;0;;;;35;34;0;0;0;;;;34;69
60014;Boville Ernica;3;35;0;0;0;;;;35;34;0;0;0;;;;34;69
60014;Boville Ernica;4;32;0;0;0;;;;32;23;0;0;0;;;;23;55
60014;Boville Ernica;5;42;0;0;0;;;;42;46;0;0;0;;;;46;88
60014;Boville Ernica;6;42;0;0;0;;;;42;40;0;0;0;;;;40;82
60014;Boville Ernica;7;36;0;0;0;;;;36;33;0;0;0;;;;33;69
60014;Boville Ernica;8;40;0;0;0;;;;40;38;0;0;0;;;;38;78
60014;Boville Ernica;9;44;0;0;0;;;;44;42;0;0;0;;;;42;86
60014;Boville Ernica;10;30;0;0;0;;;;30;31;0;0;0;;;;31;61
60014;Boville Ernica;11;36;0;0;0;;;;36;31;0;0;0;;;;31;67
60014;Boville Ernica;12;37;0;0;0;;;;37;40;0;0;0;;;;40;77
60014;Boville Ernica;13;51;0;0;0;;;;51;28;0;0;0;;;;28;79
60014;Boville Ernica;14;41;0;0;0;;;;41;39;0;0;0;;;;39;80
60014;Boville Ernica;15;33;0;0;0;;;;33;34;0;0;0;;;;34;67
60014;Boville Ernica;16;34;0;0;0;;;;34;42;0;0;0;;;;42;76
60014;Boville Ernica;17;49;0;0;0;;;;49;41;0;0;0;;;;41;90
60014;Boville Ernica;18;43;0;0;0;;;;43;30;0;0;0;;;;30;73
60014;Boville Ernica;19;49;0;0;0;;;;49;31;0;0;0;;;;31;80
60014;Boville Ernica;20;38;0;0;0;;;;38;31;0;0;0;;;;31;69
60014;Boville Ernica;21;43;0;0;0;;;;43;36;0;0;0;;;;36;79
60014;Boville Ernica;22;46;0;0;0;;;;46;32;0;0;0;;;;32;78
60014;Boville Ernica;23;36;0;0;0;;;;36;34;1;0;0;;;;35;71
60014;Boville Ernica;24;51;1;0;0;;;;52;46;0;0;0;;;;46;98
60014;Boville Ernica;25;33;0;0;0;;;;33;38;4;0;0;;;;42;75
60014;Boville Ernica;26;37;0;0;0;;;;37;35;5;0;0;;;;40;77
60014;Boville Ernica;27;35;1;0;0;;;;36;37;3;0;0;;;;40;76
60014;Boville Ernica;28;33;3;0;0;;;;36;32;10;0;0;;;;42;78
60014;Boville Ernica;29;42;4;1;0;;;;47;25;8;0;0;;;;33;80
60014;Boville Ernica;30;32;10;0;0;;;;42;29;10;0;0;;;;39;81
60014;Boville Ernica;31;36;15;0;0;;;;51;23;10;0;0;;;;33;84
60014;Boville Ernica;32;43;6;1;0;;;;50;37;19;0;0;;;;56;106
60014;Boville Ernica;33;35;22;0;0;;;;57;20;27;0;0;;;;47;104
60014;Boville Ernica;34;34;13;0;0;;;;47;28;26;1;0;;;;55;102
60014;Boville Ernica;35;37;18;0;0;;;;55;20;29;0;1;;;;50;105
60014;Boville Ernica;36;29;23;0;0;;;;52;24;30;1;0;;;;55;107
60014;Boville Ernica;37;37;28;1;0;;;;66;20;27;0;0;;;;47;113
60014;Boville Ernica;38;26;27;0;0;;;;53;14;38;1;0;;;;53;106
60014;Boville Ernica;39;27;26;0;0;;;;53;12;32;1;0;;;;45;98
60014;Boville Ernica;40;22;40;1;0;;;;63;12;35;3;0;;;;50;113
60014;Boville Ernica;41;22;30;0;0;;;;52;21;36;0;0;;;;57;109
60014;Boville Ernica;42;19;29;0;0;;;;48;15;36;3;0;;;;54;102
60014;Boville Ernica;43;15;33;0;0;;;;48;13;35;2;2;;;;52;100
60014;Boville Ernica;44;18;34;2;0;;;;54;11;45;0;1;;;;57;111
60014;Boville Ernica;45;16;43;2;0;;;;61;7;42;0;0;;;;49;110
60014;Boville Ernica;46;8;51;0;0;;;;59;13;48;1;1;;;;63;122
60014;Boville Ernica;47;4;46;1;1;;;;52;9;44;1;0;;;;54;106
60014;Boville Ernica;48;14;32;2;1;;;;49;10;34;3;0;;;;47;96
60014;Boville Ernica;49;12;38;2;0;;;;52;8;42;1;0;;;;51;103
60014;Boville Ernica;50;12;51;1;0;;;;64;4;40;2;1;;;;47;111
60014;Boville Ernica;51;7;48;3;0;;;;58;7;50;4;0;;;;61;119
60014;Boville Ernica;52;5;50;4;1;;;;60;9;42;5;0;;;;56;116
60014;Boville Ernica;53;9;45;2;0;;;;56;6;51;2;1;;;;60;116
60014;Boville Ernica;54;12;44;1;1;;;;58;7;56;4;2;;;;69;127
60014;Boville Ernica;55;9;53;2;1;;;;65;7;52;2;5;;;;66;131
60014;Boville Ernica;56;7;46;3;2;;;;58;8;53;2;3;;;;66;124
60014;Boville Ernica;57;9;46;2;0;;;;57;8;73;1;2;;;;84;141
60014;Boville Ernica;58;6;46;6;1;;;;59;1;69;3;1;;;;74;133
60014;Boville Ernica;59;5;59;1;1;;;;66;4;64;3;4;;;;75;141
60014;Boville Ernica;60;5;60;1;0;;;;66;2;50;1;9;;;;62;128
60014;Boville Ernica;61;5;55;0;1;;;;61;2;51;2;2;;;;57;118
60014;Boville Ernica;62;2;49;2;0;;;;53;2;57;1;9;;;;69;122
60014;Boville Ernica;63;2;57;2;2;;;;63;1;56;2;5;;;;64;127
60014;Boville Ernica;64;5;58;1;0;;;;64;2;60;0;12;;;;74;138
60014;Boville Ernica;65;5;49;1;3;;;;58;3;53;0;12;;;;68;126
60014;Boville Ernica;66;4;59;1;2;;;;66;0;50;0;11;;;;61;127
60014;Boville Ernica;67;3;55;0;1;;;;59;0;45;0;15;;;;60;119
60014;Boville Ernica;68;2;51;0;4;;;;57;0;39;0;14;;;;53;110
60014;Boville Ernica;69;2;46;0;2;;;;50;2;37;1;15;;;;55;105
60014;Boville Ernica;70;1;47;0;2;;;;50;0;39;2;11;;;;52;102
60014;Boville Ernica;71;1;61;1;2;;;;65;0;31;0;2;;;;33;98
60014;Boville Ernica;72;3;42;1;1;;;;47;2;36;0;11;;;;49;96
60014;Boville Ernica;73;0;39;1;3;;;;43;2;36;0;15;;;;53;96
60014;Boville Ernica;74;0;32;0;1;;;;33;1;31;1;12;;;;45;78
60014;Boville Ernica;75;2;48;0;4;;;;54;2;39;0;16;;;;57;111
60014;Boville Ernica;76;1;34;0;5;;;;40;2;31;0;12;;;;45;85
60014;Boville Ernica;77;0;42;1;3;;;;46;0;25;0;21;;;;46;92
60014;Boville Ernica;78;0;42;1;3;;;;46;0;30;1;20;;;;51;97
60014;Boville Ernica;79;1;22;0;0;;;;23;1;14;0;14;;;;29;52
60014;Boville Ernica;80;1;30;0;3;;;;34;0;17;0;23;;;;40;74
60014;Boville Ernica;81;0;20;1;2;;;;23;1;16;0;14;;;;31;54
60014;Boville Ernica;82;0;14;0;1;;;;15;1;9;0;7;;;;17;32
60014;Boville Ernica;83;1;24;0;3;;;;28;1;13;1;17;;;;32;60
60014;Boville Ernica;84;1;11;0;3;;;;15;4;14;0;10;;;;28;43
60014;Boville Ernica;85;0;15;0;1;;;;16;3;6;0;18;;;;27;43
60014;Boville Ernica;86;0;14;0;7;;;;21;2;10;0;17;;;;29;50
60014;Boville Ernica;87;0;8;0;0;;;;8;2;9;0;15;;;;26;34
60014;Boville Ernica;88;0;10;0;5;;;;15;1;11;0;9;;;;21;36
60014;Boville Ernica;89;0;2;0;5;;;;7;1;7;0;6;;;;14;21
60014;Boville Ernica;90;0;4;0;7;;;;11;2;5;0;19;;;;26;37
60014;Boville Ernica;91;0;7;0;6;;;;13;1;2;0;7;;;;10;23
60014;Boville Ernica;92;0;2;0;2;;;;4;0;5;0;13;;;;18;22
60014;Boville Ernica;93;0;2;0;3;;;;5;1;3;0;6;;;;10;15
60014;Boville Ernica;94;0;0;0;2;;;;2;0;2;0;4;;;;6;8
60014;Boville Ernica;95;0;0;0;1;;;;1;0;2;0;1;;;;3;4
60014;Boville Ernica;96;0;0;0;0;;;;0;0;0;0;1;;;;1;1
60014;Boville Ernica;97;0;1;0;1;;;;2;0;2;0;1;;;;3;5
60014;Boville Ernica;98;0;2;0;0;;;;2;0;0;0;2;;;;2;4
60014;Boville Ernica;99;0;1;0;0;;;;1;0;0;0;1;;;;1;2
60014;Boville Ernica;100;0;2;0;0;;;;2;0;0;0;1;;;;1;3
60014;Boville Ernica;999;1774;2178;52;100;;;;4104;1481;2169;58;454;;;;4162;8266
60015;Broccostella;0;7;0;0;0;;;;7;11;0;0;0;;;;11;18
60015;Broccostella;1;8;0;0;0;;;;8;10;0;0;0;;;;10;18
60015;Broccostella;2;6;0;0;0;;;;6;11;0;0;0;;;;11;17
60015;Broccostella;3;7;0;0;0;;;;7;8;0;0;0;;;;8;15
60015;Broccostella;4;10;0;0;0;;;;10;8;0;0;0;;;;8;18
60015;Broccostella;5;12;0;0;0;;;;12;13;0;0;0;;;;13;25
60015;Broccostella;6;7;0;0;0;;;;7;14;0;0;0;;;;14;21
60015;Broccostella;7;10;0;0;0;;;;10;8;0;0;0;;;;8;18
60015;Broccostella;8;8;0;0;0;;;;8;6;0;0;0;;;;6;14
60015;Broccostella;9;4;0;0;0;;;;4;12;0;0;0;;;;12;16
60015;Broccostella;10;14;0;0;0;;;;14;9;0;0;0;;;;9;23
60015;Broccostella;11;12;0;0;0;;;;12;8;0;0;0;;;;8;20
60015;Broccostella;12;10;0;0;0;;;;10;9;0;0;0;;;;9;19
60015;Broccostella;13;11;0;0;0;;;;11;7;0;0;0;;;;7;18
60015;Broccostella;14;13;0;0;0;;;;13;12;0;0;0;;;;12;25
60015;Broccostella;15;7;0;0;0;;;;7;10;0;0;0;;;;10;17
60015;Broccostella;16;12;0;0;0;;;;12;11;0;0;0;;;;11;23
60015;Broccostella;17;15;0;0;0;;;;15;17;0;0;0;;;;17;32
60015;Broccostella;18;12;0;0;0;;;;12;8;0;0;0;;;;8;20
60015;Broccostella;19;5;0;0;0;;;;5;14;0;0;0;;;;14;19
60015;Broccostella;20;22;0;0;0;;;;22;11;0;0;0;;;;11;33
60015;Broccostella;21;13;0;0;0;;;;13;11;0;0;0;;;;11;24
60015;Broccostella;22;18;0;0;0;;;;18;20;0;0;0;;;;20;38
60015;Broccostella;23;9;0;0;0;;;;9;11;0;0;0;;;;11;20
60015;Broccostella;24;14;0;0;0;;;;14;11;0;0;0;;;;11;25
60015;Broccostella;25;14;0;0;0;;;;14;17;1;0;0;;;;18;32
60015;Broccostella;26;13;1;0;0;;;;14;9;1;0;0;;;;10;24
60015;Broccostella;27;22;0;0;0;;;;22;15;1;0;0;;;;16;38
60015;Broccostella;28;20;1;0;0;;;;21;12;1;0;0;;;;13;34
60015;Broccostella;29;16;0;0;0;;;;16;13;1;0;0;;;;14;30
60015;Broccostella;30;14;2;0;0;;;;16;14;4;0;0;;;;18;34
60015;Broccostella;31;15;0;0;0;;;;15;13;3;0;0;;;;16;31
60015;Broccostella;32;15;3;0;0;;;;18;10;5;1;0;;;;16;34
60015;Broccostella;33;16;5;0;0;;;;21;13;5;0;0;;;;18;39
60015;Broccostella;34;6;4;0;0;;;;10;12;2;0;0;;;;14;24
60015;Broccostella;35;9;4;0;0;;;;13;8;7;0;0;;;;15;28
60015;Broccostella;36;8;5;0;0;;;;13;6;8;1;0;;;;15;28
60015;Broccostella;37;6;9;0;0;;;;15;9;11;0;0;;;;20;35
60015;Broccostella;38;5;6;0;0;;;;11;5;12;0;0;;;;17;28
60015;Broccostella;39;8;8;0;0;;;;16;5;9;2;0;;;;16;32
60015;Broccostella;40;6;5;0;0;;;;11;2;7;1;1;;;;11;22
60015;Broccostella;41;6;6;1;0;;;;13;4;13;0;0;;;;17;30
60015;Broccostella;42;7;12;0;0;;;;19;2;11;0;0;;;;13;32
60015;Broccostella;43;6;7;0;0;;;;13;5;8;0;0;;;;13;26
60015;Broccostella;44;8;10;0;0;;;;18;0;11;1;0;;;;12;30
60015;Broccostella;45;4;8;1;0;;;;13;2;13;0;0;;;;15;28
60015;Broccostella;46;4;16;0;0;;;;20;2;9;1;0;;;;12;32
60015;Broccostella;47;5;11;1;0;;;;17;1;13;2;0;;;;16;33
60015;Broccostella;48;9;15;1;0;;;;25;4;14;2;1;;;;21;46
60015;Broccostella;49;5;10;3;0;;;;18;3;5;1;0;;;;9;27
60015;Broccostella;50;8;14;0;0;;;;22;1;17;3;1;;;;22;44
60015;Broccostella;51;2;11;2;1;;;;16;2;11;3;1;;;;17;33
60015;Broccostella;52;2;6;1;0;;;;9;1;18;4;0;;;;23;32
60015;Broccostella;53;6;20;2;0;;;;28;0;25;0;0;;;;25;53
60015;Broccostella;54;2;13;1;0;;;;16;1;14;1;1;;;;17;33
60015;Broccostella;55;2;13;1;0;;;;16;1;19;1;0;;;;21;37
60015;Broccostella;56;2;26;0;0;;;;28;0;19;1;0;;;;20;48
60015;Broccostella;57;3;21;1;0;;;;25;2;25;4;1;;;;32;57
60015;Broccostella;58;1;18;2;1;;;;22;0;24;0;2;;;;26;48
60015;Broccostella;59;2;25;0;0;;;;27;0;25;1;1;;;;27;54
60015;Broccostella;60;1;26;2;0;;;;29;2;21;1;0;;;;24;53
60015;Broccostella;61;0;21;1;0;;;;22;0;24;3;1;;;;28;50
60015;Broccostella;62;1;18;1;0;;;;20;0;21;1;1;;;;23;43
60015;Broccostella;63;1;18;0;1;;;;20;2;17;0;1;;;;20;40
60015;Broccostella;64;1;24;0;0;;;;25;1;22;0;2;;;;25;50
60015;Broccostella;65;0;25;1;1;;;;27;1;25;0;3;;;;29;56
60015;Broccostella;66;0;21;0;1;;;;22;0;13;1;5;;;;19;41
60015;Broccostella;67;4;12;0;0;;;;16;1;8;0;0;;;;9;25
60015;Broccostella;68;0;17;0;0;;;;17;1;11;2;1;;;;15;32
60015;Broccostella;69;2;12;0;2;;;;16;0;16;0;3;;;;19;35
60015;Broccostella;70;1;11;0;0;;;;12;0;14;0;6;;;;20;32
60015;Broccostella;71;1;9;0;1;;;;11;1;15;1;3;;;;20;31
60015;Broccostella;72;1;10;0;0;;;;11;0;7;0;3;;;;10;21
60015;Broccostella;73;0;11;1;0;;;;12;0;8;0;4;;;;12;24
60015;Broccostella;74;1;10;0;2;;;;13;0;6;0;4;;;;10;23
60015;Broccostella;75;0;12;0;0;;;;12;0;12;0;5;;;;17;29
60015;Broccostella;76;1;12;0;0;;;;13;0;8;0;8;;;;16;29
60015;Broccostella;77;1;9;0;0;;;;10;1;11;0;8;;;;20;30
60015;Broccostella;78;0;7;1;3;;;;11;1;4;0;7;;;;12;23
60015;Broccostella;79;0;6;0;2;;;;8;0;6;0;2;;;;8;16
60015;Broccostella;80;0;11;0;2;;;;13;0;3;0;4;;;;7;20
60015;Broccostella;81;0;9;0;0;;;;9;0;2;0;5;;;;7;16
60015;Broccostella;82;1;12;0;0;;;;13;0;7;0;5;;;;12;25
60015;Broccostella;83;0;8;0;0;;;;8;2;3;0;3;;;;8;16
60015;Broccostella;84;0;6;0;4;;;;10;0;4;0;11;;;;15;25
60015;Broccostella;85;2;4;0;1;;;;7;0;6;0;8;;;;14;21
60015;Broccostella;86;0;0;0;2;;;;2;0;2;0;7;;;;9;11
60015;Broccostella;87;0;8;0;0;;;;8;0;2;0;9;;;;11;19
60015;Broccostella;88;0;2;0;0;;;;2;0;0;0;3;;;;3;5
60015;Broccostella;89;0;4;0;2;;;;6;0;1;0;3;;;;4;10
60015;Broccostella;90;0;3;0;0;;;;3;0;0;0;3;;;;3;6
60015;Broccostella;91;0;2;0;0;;;;2;0;1;0;1;;;;2;4
60015;Broccostella;92;0;1;0;0;;;;1;0;0;0;1;;;;1;2
60015;Broccostella;93;0;1;0;0;;;;1;0;2;0;3;;;;5;6
60015;Broccostella;94;0;0;0;0;;;;0;0;1;0;3;;;;4;4
60015;Broccostella;95;0;0;0;1;;;;1;0;0;0;2;;;;2;3
60015;Broccostella;96;0;1;0;1;;;;2;0;0;0;1;;;;1;3
60015;Broccostella;97;0;0;0;0;;;;0;0;0;0;0;;;;0;0
60015;Broccostella;98;0;0;0;0;;;;0;0;0;0;0;;;;0;0
60015;Broccostella;99;0;0;0;0;;;;0;0;0;0;0;;;;0;0
60015;Broccostella;100;0;0;0;0;;;;0;0;0;0;1;;;;1;1
60015;Broccostella;999;562;678;24;28;;;;1292;477;675;39;149;;;;1340;2632
60016;Campoli Appennino;0;4;0;0;0;;;;4;3;0;0;0;;;;3;7
60016;Campoli Appennino;1;7;0;0;0;;;;7;5;0;0;0;;;;5;12
60016;Campoli Appennino;2;7;0;0;0;;;;7;7;0;0;0;;;;7;14
60016;Campoli Appennino;3;3;0;0;0;;;;3;6;0;0;0;;;;6;9
60016;Campoli Appennino;4;5;0;0;0;;;;5;11;0;0;0;;;;11;16
60016;Campoli Appennino;5;8;0;0;0;;;;8;1;0;0;0;;;;1;9
60016;Campoli Appennino;6;9;0;0;0;;;;9;7;0;0;0;;;;7;16
60016;Campoli Appennino;7;3;0;0;0;;;;3;5;0;0;0;;;;5;8
60016;Campoli Appennino;8;5;0;0;0;;;;5;5;0;0;0;;;;5;10
60016;Campoli Appennino;9;3;0;0;0;;;;3;8;0;0;0;;;;8;11
60016;Campoli Appennino;10;5;0;0;0;;;;5;6;0;0;0;;;;6;11
60016;Campoli Appennino;11;4;0;0;0;;;;4;8;0;0;0;;;;8;12
60016;Campoli Appennino;12;11;0;0;0;;;;11;7;0;0;0;;;;7;18
60016;Campoli Appennino;13;9;0;0;0;;;;9;5;0;0;0;;;;5;14
60016;Campoli Appennino;14;7;0;0;0;;;;7;4;0;0;0;;;;4;11
60016;Campoli Appennino;15;3;0;0;0;;;;3;13;0;0;0;;;;13;16
60016;Campoli Appennino;16;7;0;0;0;;;;7;7;0;0;0;;;;7;14
60016;Campoli Appennino;17;6;0;0;0;;;;6;5;0;0;0;;;;5;11
60016;Campoli Appennino;18;5;0;0;0;;;;5;8;0;0;0;;;;8;13
60016;Campoli Appennino;19;6;0;0;0;;;;6;8;0;0;0;;;;8;14
60016;Campoli Appennino;20;8;0;0;0;;;;8;10;0;0;0;;;;10;18
60016;Campoli Appennino;21;10;0;0;0;;;;10;4;0;0;0;;;;4;14
60016;Campoli Appennino;22;1;0;0;0;;;;1;7;0;0;0;;;;7;8
60016;Campoli Appennino;23;11;0;0;0;;;;11;5;0;0;0;;;;5;16
60016;Campoli Appennino;24;5;0;0;0;;;;5;4;0;0;0;;;;4;9
60016;Campoli Appennino;25;9;0;0;0;;;;9;9;0;0;0;;;;9;18
60016;Campoli Appennino;26;10;0;0;0;;;;10;3;0;0;0;;;;3;13
60016;Campoli Appennino;27;8;0;0;0;;;;8;8;3;0;0;;;;11;19
60016;Campoli Appennino;28;10;0;0;0;;;;10;2;2;0;0;;;;4;14
60016;Campoli Appennino;29;4;1;0;0;;;;5;4;2;0;0;;;;6;11
60016;Campoli Appennino;30;6;2;0;0;;;;8;10;2;0;0;;;;12;20
60016;Campoli Appennino;31;7;1;0;0;;;;8;2;5;0;0;;;;7;15
60016;Campoli Appennino;32;8;1;0;0;;;;9;5;2;0;0;;;;7;16
60016;Campoli Appennino;33;0;4;0;0;;;;4;2;6;0;0;;;;8;12
60016;Campoli Appennino;34;8;1;0;0;;;;9;6;5;0;0;;;;11;20
60016;Campoli Appennino;35;10;7;0;0;;;;17;4;6;0;0;;;;10;27
60016;Campoli Appennino;36;5;4;0;0;;;;9;2;6;0;0;;;;8;17
60016;Campoli Appennino;37;7;3;0;0;;;;10;5;5;0;0;;;;10;20
60016;Campoli Appennino;38;2;3;0;0;;;;5;7;9;0;0;;;;16;21
60016;Campoli Appennino;39;4;1;0;0;;;;5;5;5;0;0;;;;10;15
60016;Campoli Appennino;40;8;10;1;0;;;;19;2;5;0;0;;;;7;26
60016;Campoli Appennino;41;2;6;0;0;;;;8;2;8;1;0;;;;11;19
60016;Campoli Appennino;42;5;7;0;0;;;;12;2;3;0;0;;;;5;17
60016;Campoli Appennino;43;10;2;0;0;;;;12;2;7;2;1;;;;12;24
60016;Campoli Appennino;44;5;4;1;0;;;;10;1;7;0;0;;;;8;18
60016;Campoli Appennino;45;10;4;1;0;;;;15;5;5;0;0;;;;10;25
60016;Campoli Appennino;46;7;7;0;0;;;;14;4;7;0;0;;;;11;25
60016;Campoli Appennino;47;3;7;1;0;;;;11;3;4;2;1;;;;10;21
60016;Campoli Appennino;48;4;7;0;0;;;;11;1;2;1;0;;;;4;15
60016;Campoli Appennino;49;3;7;0;0;;;;10;4;7;0;0;;;;11;21
60016;Campoli Appennino;50;3;9;0;0;;;;12;3;7;0;0;;;;10;22
60016;Campoli Appennino;51;3;9;1;1;;;;14;1;5;0;0;;;;6;20
60016;Campoli Appennino;52;3;8;1;0;;;;12;2;9;1;0;;;;12;24
60016;Campoli Appennino;53;4;11;0;1;;;;16;2;5;2;0;;;;9;25
60016;Campoli Appennino;54;2;6;1;0;;;;9;3;5;2;1;;;;11;20
60016;Campoli Appennino;55;1;6;0;0;;;;7;2;10;2;0;;;;14;21
60016;Campoli Appennino;56;1;7;0;0;;;;8;5;14;0;1;;;;20;28
60016;Campoli Appennino;57;0;13;2;0;;;;15;3;9;0;1;;;;13;28
60016;Campoli Appennino;58;1;6;3;2;;;;12;0;8;3;3;;;;14;26
60016;Campoli Appennino;59;0;13;0;1;;;;14;1;9;1;3;;;;14;28
60016;Campoli Appennino;60;1;8;2;1;;;;12;1;9;2;0;;;;12;24
60016;Campoli Appennino;61;2;7;1;0;;;;10;0;17;2;0;;;;19;29
60016;Campoli Appennino;62;1;12;1;0;;;;14;1;10;0;1;;;;12;26
60016;Campoli Appennino;63;0;8;2;1;;;;11;0;10;1;3;;;;14;25
60016;Campoli Appennino;64;1;8;0;0;;;;9;2;3;0;1;;;;6;15
60016;Campoli Appennino;65;0;8;0;0;;;;8;2;8;0;1;;;;11;19
60016;Campoli Appennino;66;2;6;0;1;;;;9;2;6;1;0;;;;9;18
60016;Campoli Appennino;67;1;13;1;0;;;;15;0;7;0;1;;;;8;23
60016;Campoli Appennino;68;1;11;0;2;;;;14;0;8;1;1;;;;10;24
60016;Campoli Appennino;69;0;10;0;2;;;;12;0;9;1;1;;;;11;23
60016;Campoli Appennino;70;1;9;0;0;;;;10;0;9;0;2;;;;11;21
60016;Campoli Appennino;71;1;11;0;1;;;;13;0;11;1;3;;;;15;28
60016;Campoli Appennino;72;1;3;0;0;;;;4;0;8;0;1;;;;9;13
60016;Campoli Appennino;73;0;9;0;0;;;;9;0;13;0;5;;;;18;27
60016;Campoli Appennino;74;1;13;0;1;;;;15;0;8;0;0;;;;8;23
60016;Campoli Appennino;75;0;14;0;1;;;;15;0;5;1;1;;;;7;22
60016;Campoli Appennino;76;0;8;0;2;;;;10;0;6;0;5;;;;11;21
60016;Campoli Appennino;77;3;5;1;1;;;;10;0;6;0;4;;;;10;20
60016;Campoli Appennino;78;0;12;0;0;;;;12;0;2;0;2;;;;4;16
60016;Campoli Appennino;79;0;1;1;0;;;;2;0;4;0;1;;;;5;7
60016;Campoli Appennino;80;3;1;0;0;;;;4;0;4;0;5;;;;9;13
60016;Campoli Appennino;81;0;5;0;0;;;;5;0;0;0;2;;;;2;7
60016;Campoli Appennino;82;0;8;0;0;;;;8;0;3;0;5;;;;8;16
60016;Campoli Appennino;83;0;4;0;0;;;;4;0;2;0;10;;;;12;16
60016;Campoli Appennino;84;0;5;0;2;;;;7;0;2;0;4;;;;6;13
60016;Campoli Appennino;85;1;2;0;2;;;;5;0;1;0;9;;;;10;15
60016;Campoli Appennino;86;0;5;0;2;;;;7;0;5;0;7;;;;12;19
60016;Campoli Appennino;87;0;5;0;1;;;;6;0;1;0;1;;;;2;8
60016;Campoli Appennino;88;0;1;0;3;;;;4;0;2;0;3;;;;5;9
60016;Campoli Appennino;89;0;3;0;0;;;;3;0;0;0;6;;;;6;9
60016;Campoli Appennino;90;0;1;0;1;;;;2;0;0;0;2;;;;2;4
60016;Campoli Appennino;91;0;0;0;2;;;;2;1;0;0;1;;;;2;4
60016;Campoli Appennino;92;0;1;0;0;;;;1;0;0;0;4;;;;4;5
60016;Campoli Appennino;93;0;0;0;0;;;;0;0;0;0;0;;;;0;0
60016;Campoli Appennino;94;0;0;0;2;;;;2;0;0;0;7;;;;7;9
60016;Campoli Appennino;95;0;0;0;0;;;;0;0;0;0;0;;;;0;0
60016;Campoli Appennino;96;0;0;0;0;;;;0;1;0;0;1;;;;2;2
60016;Campoli Appennino;97;0;0;0;1;;;;1;0;0;0;0;;;;0;1
60016;Campoli Appennino;98;0;0;0;0;;;;0;0;0;0;1;;;;1;1
60016;Campoli Appennino;99;0;0;0;0;;;;0;0;0;0;0;;;;0;0
60016;Campoli Appennino;100;0;0;0;0;;;;0;0;0;0;1;;;;1;1
60016;Campoli Appennino;999;345;394;21;34;;;;794;291;373;27;113;;;;804;1598
60017;Casalattico;0;0;0;0;0;;;;0;0;0;0;0;;;;0;0
60017;Casalattico;1;2;0;0;0;;;;2;3;0;0;0;;;;3;5
60017;Casalattico;2;4;0;0;0;;;;4;2;0;0;0;;;;2;6
60017;Casalattico;3;1;0;0;0;;;;1;2;0;0;0;;;;2;3
60017;Casalattico;4;1;0;0;0;;;;1;0;0;0;0;;;;0;1
60017;Casalattico;5;2;0;0;0;;;;2;1;0;0;0;;;;1;3
60017;Casalattico;6;1;0;0;0;;;;1;3;0;0;0;;;;3;4
60017;Casalattico;7;1;0;0;0;;;;1;2;0;0;0;;;;2;3
60017;Casalattico;8;2;0;0;0;;;;2;3;0;0;0;;;;3;5
60017;Casalattico;9;0;0;0;0;;;;0;0;0;0;0;;;;0;0
60017;Casalattico;10;0;0;0;0;;;;0;0;0;0;0;;;;0;0
60017;Casalattico;11;1;0;0;0;;;;1;4;0;0;0;;;;4;5
60017;Casalattico;12;0;0;0;0;;;;0;2;0;0;0;;;;2;2
60017;Casalattico;13;2;0;0;0;;;;2;1;0;0;0;;;;1;3
60017;Casalattico;14;3;0;0;0;;;;3;2;0;0;0;;;;2;5
60017;Casalattico;15;2;0;0;0;;;;2;4;0;0;0;;;;4;6
60017;Casalattico;16;3;0;0;0;;;;3;1;0;0;0;;;;1;4
60017;Casalattico;17;2;0;0;0;;;;2;1;0;0;0;;;;1;3
60017;Casalattico;18;1;0;0;0;;;;1;1;0;0;0;;;;1;2
60017;Casalattico;19;4;0;0;0;;;;4;1;0;0;0;;;;1;5
60017;Casalattico;20;3;0;0;0;;;;3;1;0;0;0;;;;1;4
60017;Casalattico;21;2;0;0;0;;;;2;1;0;0;0;;;;1;3
60017;Casalattico;22;2;0;0;0;;;;2;2;0;0;0;;;;2;4
60017;Casalattico;23;2;0;0;0;;;;2;6;0;0;0;;;;6;8
60017;Casalattico;24;0;0;0;0;;;;0;1;0;0;0;;;;1;1
60017;Casalattico;25;1;0;0;0;;;;1;4;1;0;0;;;;5;6
60017;Casalattico;26;4;0;0;0;;;;4;1;0;0;0;;;;1;5
60017;Casalattico;27;2;0;0;0;;;;2;6;0;0;0;;;;6;8
60017;Casalattico;28;2;0;0;0;;;;2;4;0;0;0;;;;4;6
60017;Casalattico;29;4;0;0;0;;;;4;1;0;0;0;;;;1;5
60017;Casalattico;30;2;0;0;0;;;;2;4;0;0;0;;;;4;6
60017;Casalattico;31;4;1;0;0;;;;5;2;0;0;0;;;;2;7
60017;Casalattico;32;3;0;0;0;;;;3;4;1;0;0;;;;5;8
60017;Casalattico;33;4;1;0;0;;;;5;3;1;0;0;;;;4;9
60017;Casalattico;34;2;0;0;0;;;;2;3;0;0;0;;;;3;5
60017;Casalattico;35;1;0;0;0;;;;1;2;0;0;0;;;;2;3
60017;Casalattico;36;1;0;0;0;;;;1;3;2;0;0;;;;5;6
60017;Casalattico;37;1;1;0;0;;;;2;2;0;0;0;;;;2;4
60017;Casalattico;38;2;0;0;0;;;;2;0;0;0;0;;;;0;2
60017;Casalattico;39;2;0;0;0;;;;2;1;1;0;0;;;;2;4
60017;Casalattico;40;3;2;0;0;;;;5;0;2;0;0;;;;2;7
60017;Casalattico;41;1;0;0;0;;;;1;3;0;0;0;;;;3;4
60017;Casalattico;42;1;1;0;0;;;;2;0;3;0;0;;;;3;5
60017;Casalattico;43;1;1;0;0;;;;2;3;3;0;0;;;;6;8
60017;Casalattico;44;2;1;0;0;;;;3;1;3;0;0;;;;4;7
60017;Casalattico;45;2;4;0;0;;;;6;1;4;0;0;;;;5;11
60017;Casalattico;46;1;1;0;0;;;;2;0;2;0;0;;;;2;4
60017;Casalattico;47;3;2;0;0;;;;5;0;1;0;0;;;;1;6
60017;Casalattico;48;1;2;0;0;;;;3;1;3;0;1;;;;5;8
60017;Casalattico;49;4;4;1;0;;;;9;0;5;0;0;;;;5;14
60017;Casalattico;50;1;2;0;0;;;;3;0;2;0;0;;;;2;5
60017;Casalattico;51;0;1;0;0;;;;1;3;2;1;0;;;;6;7
60017;Casalattico;52;1;3;0;0;;;;4;1;2;1;0;;;;4;8
60017;Casalattico;53;2;2;1;0;;;;5;2;2;0;0;;;;4;9
60017;Casalattico;54;2;3;0;0;;;;5;0;1;0;0;;;;1;6
60017;Casalattico;55;2;4;0;0;;;;6;0;1;0;0;;;;1;7
60017;Casalattico;56;1;3;0;0;;;;4;0;3;1;0;;;;4;8
60017;Casalattico;57;0;3;0;0;;;;3;0;1;0;0;;;;1;4
60017;Casalattico;58;0;1;0;1;;;;2;0;2;0;0;;;;2;4
60017;Casalattico;59;3;4;0;0;;;;7;3;3;0;0;;;;6;13
60017;Casalattico;60;2;4;0;0;;;;6;0;2;0;0;;;;2;8
60017;Casalattico;61;2;2;0;0;;;;4;0;2;0;1;;;;3;7
60017;Casalattico;62;2;2;0;0;;;;4;0;3;0;1;;;;4;8
60017;Casalattico;63;1;5;0;0;;;;6;0;1;0;0;;;;1;7
60017;Casalattico;64;1;3;0;0;;;;4;2;4;0;0;;;;6;10
60017;Casalattico;65;2;4;0;0;;;;6;1;1;0;1;;;;3;9
60017;Casalattico;66;2;1;0;0;;;;3;1;3;0;1;;;;5;8
60017;Casalattico;67;0;2;0;0;;;;2;0;3;0;0;;;;3;5
60017;Casalattico;68;3;2;0;0;;;;5;0;2;0;1;;;;3;8
60017;Casalattico;69;0;4;0;0;;;;4;0;3;0;0;;;;3;7
60017;Casalattico;70;0;2;0;0;;;;2;0;2;0;1;;;;3;5
60017;Casalattico;71;0;2;0;0;;;;2;0;3;0;1;;;;4;6
60017;Casalattico;72;0;3;1;0;;;;4;1;2;0;1;;;;4;8
60017;Casalattico;73;0;4;0;0;;;;4;0;2;0;1;;;;3;7
60017;Casalattico;74;0;4;0;0;;;;4;0;3;1;0;;;;4;8
60017;Casalattico;75;0;0;0;0;;;;0;0;2;0;0;;;;2;2
60017;Casalattico;76;0;1;0;1;;;;2;0;1;0;1;;;;2;4
60017;Casalattico;77;0;3;0;0;;;;3;1;1;1;3;;;;6;9
60017;Casalattico;78;0;2;0;0;;;;2;0;3;0;0;;;;3;5
60017;Casalattico;79;1;1;0;0;;;;2;0;0;0;1;;;;1;3
60017;Casalattico;80;0;2;0;0;;;;2;0;1;0;0;;;;1;3
60017;Casalattico;81;0;4;0;0;;;;4;1;3;0;2;;;;6;10
60017;Casalattico;82;0;3;0;0;;;;3;1;2;0;2;;;;5;8
60017;Casalattico;83;0;1;0;0;;;;1;0;1;0;1;;;;2;3
60017;Casalattico;84;0;4;0;0;;;;4;0;2;0;3;;;;5;9
60017;Casalattico;85;0;2;0;0;;;;2;0;1;0;3;;;;4;6
60017;Casalattico;86;1;2;0;1;;;;4;0;0;0;2;;;;2;6
60017;Casalattico;87;0;2;0;0;;;;2;0;1;0;0;;;;1;3
60017;Casalattico;88;0;1;0;0;;;;1;0;1;0;1;;;;2;3
60017;Casalattico;89;1;2;0;0;;;;3;0;1;0;4;;;;5;8
60017;Casalattico;90;0;0;0;0;;;;0;0;1;0;2;;;;3;3
60017;Casalattico;91;0;1;0;0;;;;1;0;0;0;2;;;;2;3
60017;Casalattico;92;0;0;0;0;;;;0;0;1;0;0;;;;1;1
60017;Casalattico;93;0;0;0;0;;;;0;0;0;0;1;;;;1;1
60017;Casalattico;94;0;2;0;0;;;;2;0;0;0;1;;;;1;3
60017;Casalattico;95;0;0;0;0;;;;0;0;0;0;0;;;;0;0
60017;Casalattico;96;0;0;0;0;;;;0;0;0;0;0;;;;0;0
60017;Casalattico;97;0;0;0;0;;;;0;0;0;0;0;;;;0;0
60017;Casalattico;98;0;0;0;0;;;;0;0;0;0;0;;;;0;0
60017;Casalattico;99;0;0;0;0;;;;0;0;0;0;0;;;;0;0
60017;Casalattico;100;0;0;0;0;;;;0;0;0;0;1;;;;1;1
60017;Casalattico;999;125;124;3;3;;;;255;110;109;5;40;;;;264;519
60018;Casalvieri;0;1;0;0;0;;;;1;9;0;0;0;;;;9;10
60018;Casalvieri;1;9;0;0;0;;;;9;4;0;0;0;;;;4;13
60018;Casalvieri;2;6;0;0;0;;;;6;14;0;0;0;;;;14;20
60018;Casalvieri;3;5;0;0;0;;;;5;6;0;0;0;;;;6;11
60018;Casalvieri;4;5;0;0;0;;;;5;10;0;0;0;;;;10;15
60018;Casalvieri;5;7;0;0;0;;;;7;6;0;0;0;;;;6;13
60018;Casalvieri;6;9;0;0;0;;;;9;5;0;0;0;;;;5;14
60018;Casalvieri;7;9;0;0;0;;;;9;12;0;0;0;;;;12;21
60018;Casalvieri;8;9;0;0;0;;;;9;8;0;0;0;;;;8;17
60018;Casalvieri;9;8;0;0;0;;;;8;12;0;0;0;;;;12;20
60018;Casalvieri;10;10;0;0;0;;;;10;6;0;0;0;;;;6;16
60018;Casalvieri;11;5;0;0;0;;;;5;11;0;0;0;;;;11;16
60018;Casalvieri;12;6;0;0;0;;;;6;10;0;0;0;;;;10;16
60018;Casalvieri;13;12;0;0;0;;;;12;13;0;0;0;;;;13;25
60018;Casalvieri;14;13;0;0;0;;;;13;7;0;0;0;;;;7;20
60018;Casalvieri;15;12;0;0;0;;;;12;10;0;0;0;;;;10;22
60018;Casalvieri;16;11;0;0;0;;;;11;10;0;0;0;;;;10;21
60018;Casalvieri;17;12;0;0;0;;;;12;8;0;0;0;;;;8;20
60018;Casalvieri;18;6;0;0;0;;;;6;11;0;0;0;;;;11;17
60018;Casalvieri;19;12;0;0;0;;;;12;11;0;0;0;;;;11;23
60018;Casalvieri;20;15;0;0;0;;;;15;12;0;0;0;;;;12;27
60018;Casalvieri;21;8;0;0;0;;;;8;8;1;0;0;;;;9;17
60018;Casalvieri;22;10;0;0;0;;;;10;9;1;0;0;;;;10;20
60018;Casalvieri;23;10;0;0;0;;;;10;10;0;0;0;;;;10;20
60018;Casalvieri;24;14;0;0;0;;;;14;8;1;0;0;;;;9;23
60018;Casalvieri;25;13;0;0;0;;;;13;9;2;0;0;;;;11;24
60018;Casalvieri;26;10;3;0;0;;;;13;11;0;0;0;;;;11;24
60018;Casalvieri;27;13;0;0;0;;;;13;8;1;0;0;;;;9;22
60018;Casalvieri;28;14;0;0;0;;;;14;9;5;0;0;;;;14;28
60018;Casalvieri;29;7;2;0;0;;;;9;6;2;0;0;;;;8;17
60018;Casalvieri;30;23;2;0;0;;;;25;7;1;0;0;;;;8;33
60018;Casalvieri;31;11;0;0;0;;;;11;6;2;0;0;;;;8;19
60018;Casalvieri;32;8;3;0;0;;;;11;5;3;0;0;;;;8;19
60018;Casalvieri;33;13;0;0;0;;;;13;7;6;0;0;;;;13;26
60018;Casalvieri;34;9;2;0;0;;;;11;7;2;0;0;;;;9;20
60018;Casalvieri;35;5;5;0;0;;;;10;9;8;2;0;;;;19;29
60018;Casalvieri;36;8;3;0;0;;;;11;3;5;0;0;;;;8;19
60018;Casalvieri;37;11;9;0;0;;;;20;4;9;0;0;;;;13;33
60018;Casalvieri;38;10;3;0;0;;;;13;10;8;0;0;;;;18;31
60018;Casalvieri;39;9;6;0;0;;;;15;5;12;0;0;;;;17;32
60018;Casalvieri;40;12;5;0;0;;;;17;6;7;0;0;;;;13;30
60018;Casalvieri;41;8;4;0;0;;;;12;3;14;0;0;;;;17;29
60018;Casalvieri;42;13;9;0;0;;;;22;4;5;0;0;;;;9;31
60018;Casalvieri;43;4;10;4;0;;;;18;4;11;1;1;;;;17;35
60018;Casalvieri;44;3;12;0;0;;;;15;5;8;1;0;;;;14;29
60018;Casalvieri;45;5;7;1;0;;;;13;7;12;2;0;;;;21;34
60018;Casalvieri;46;8;12;1;1;;;;22;5;9;1;1;;;;16;38
60018;Casalvieri;47;9;3;0;0;;;;12;7;13;0;0;;;;20;32
60018;Casalvieri;48;8;13;1;0;;;;22;3;7;1;0;;;;11;33
60018;Casalvieri;49;10;18;2;0;;;;30;2;14;3;0;;;;19;49
60018;Casalvieri;50;7;10;2;0;;;;19;1;16;2;0;;;;19;38
60018;Casalvieri;51;7;12;1;0;;;;20;5;11;3;1;;;;20;40
60018;Casalvieri;52;5;7;1;1;;;;14;3;13;0;0;;;;16;30
60018;Casalvieri;53;5;16;1;0;;;;22;3;18;3;0;;;;24;46
60018;Casalvieri;54;7;17;3;0;;;;27;4;11;1;2;;;;18;45
60018;Casalvieri;55;13;19;1;0;;;;33;1;16;1;0;;;;18;51
60018;Casalvieri;56;4;13;1;0;;;;18;1;14;0;1;;;;16;34
60018;Casalvieri;57;4;17;2;0;;;;23;0;18;1;1;;;;20;43
60018;Casalvieri;58;4;11;0;0;;;;15;2;12;0;1;;;;15;30
60018;Casalvieri;59;6;10;0;0;;;;16;1;8;6;0;;;;15;31
60018;Casalvieri;60;5;13;1;0;;;;19;3;12;1;0;;;;16;35
60018;Casalvieri;61;1;8;0;0;;;;9;2;15;1;1;;;;19;28
60018;Casalvieri;62;4;11;1;0;;;;16;1;15;0;4;;;;20;36
60018;Casalvieri;63;3;16;0;1;;;;20;5;16;1;3;;;;25;45
60018;Casalvieri;64;3;15;2;0;;;;20;2;13;2;2;;;;19;39
60018;Casalvieri;65;2;16;0;0;;;;18;2;17;2;5;;;;26;44
60018;Casalvieri;66;2;12;0;0;;;;14;1;15;3;1;;;;20;34
60018;Casalvieri;67;0;6;1;1;;;;8;2;10;3;5;;;;20;28
60018;Casalvieri;68;4;10;2;2;;;;18;2;8;1;2;;;;13;31
60018;Casalvieri;69;1;15;1;0;;;;17;1;9;0;8;;;;18;35
60018;Casalvieri;70;6;13;3;0;;;;22;0;11;0;3;;;;14;36
60018;Casalvieri;71;1;8;2;0;;;;11;0;10;0;11;;;;21;32
60018;Casalvieri;72;0;8;0;2;;;;10;0;10;1;4;;;;15;25
60018;Casalvieri;73;1;10;2;1;;;;14;1;11;0;3;;;;15;29
60018;Casalvieri;74;0;16;0;2;;;;18;1;10;0;4;;;;15;33
60018;Casalvieri;75;2;11;0;2;;;;15;1;5;0;7;;;;13;28
60018;Casalvieri;76;1;12;1;0;;;;14;1;7;0;6;;;;14;28
60018;Casalvieri;77;0;12;0;2;;;;14;0;7;1;2;;;;10;24
60018;Casalvieri;78;3;12;0;1;;;;16;0;3;0;9;;;;12;28
60018;Casalvieri;79;1;9;0;1;;;;11;0;4;0;3;;;;7;18
60018;Casalvieri;80;1;7;0;1;;;;9;1;7;1;8;;;;17;26
60018;Casalvieri;81;1;5;0;0;;;;6;2;4;0;11;;;;17;23
60018;Casalvieri;82;1;4;0;0;;;;5;2;4;0;2;;;;8;13
60018;Casalvieri;83;0;4;0;2;;;;6;0;4;0;5;;;;9;15
60018;Casalvieri;84;0;10;0;1;;;;11;2;4;0;5;;;;11;22
60018;Casalvieri;85;0;5;0;6;;;;11;2;2;0;7;;;;11;22
60018;Casalvieri;86;0;7;0;2;;;;9;0;3;0;6;;;;9;18
60018;Casalvieri;87;0;5;0;1;;;;6;0;2;0;4;;;;6;12
60018;Casalvieri;88;0;3;0;0;;;;3;0;1;0;10;;;;11;14
60018;Casalvieri;89;1;1;0;0;;;;2;1;0;0;5;;;;6;8
60018;Casalvieri;90;1;0;0;2;;;;3;0;0;1;8;;;;9;12
60018;Casalvieri;91;0;3;0;1;;;;4;0;0;0;6;;;;6;10
60018;Casalvieri;92;1;1;0;1;;;;3;0;0;0;1;;;;1;4
60018;Casalvieri;93;0;1;0;0;;;;1;1;0;0;2;;;;3;4
60018;Casalvieri;94;0;3;0;1;;;;4;0;0;0;2;;;;2;6
60018;Casalvieri;95;0;1;0;1;;;;2;0;0;0;3;;;;3;5
60018;Casalvieri;96;0;0;0;0;;;;0;0;0;0;2;;;;2;2
60018;Casalvieri;97;0;0;0;1;;;;1;0;0;0;1;;;;1;2
60018;Casalvieri;98;0;0;0;0;;;;0;0;0;0;2;;;;2;2
60018;Casalvieri;99;0;0;0;0;;;;0;0;0;0;1;;;;1;1
60018;Casalvieri;100;0;0;0;0;;;;0;1;1;0;4;;;;6;6
60018;Casalvieri;999;576;556;37;37;;;;1206;440;546;46;186;;;;1218;2424
60019;Cassino;0;91;0;0;0;0;0;0;91;120;0;0;0;0;0;0;120;211
60019;Cassino;1;115;0;0;0;0;0;0;115;112;0;0;0;0;0;0;112;227
60019;Cassino;2;141;0;0;0;0;0;0;141;107;0;0;0;0;0;0;107;248
60019;Cassino;3;128;0;0;0;0;0;0;128;122;0;0;0;0;0;0;122;250
60019;Cassino;4;127;0;0;0;0;0;0;127;125;0;0;0;0;0;0;125;252
60019;Cassino;5;139;0;0;0;0;0;0;139;137;0;0;0;0;0;0;137;276
60019;Cassino;6;136;0;0;0;0;0;0;136;130;0;0;0;0;0;0;130;266
60019;Cassino;7;152;0;0;0;0;0;0;152;149;0;0;0;0;0;0;149;301
60019;Cassino;8;155;0;0;0;0;0;0;155;150;0;0;0;0;0;0;150;305
60019;Cassino;9;172;0;0;0;0;0;0;172;150;0;0;0;0;0;0;150;322
60019;Cassino;10;133;0;0;0;0;0;0;133;149;0;0;0;0;0;0;149;282
60019;Cassino;11;149;0;0;0;0;0;0;149;141;0;0;0;0;0;0;141;290
60019;Cassino;12;173;0;0;0;0;0;0;173;147;0;0;0;0;0;0;147;320
60019;Cassino;13;159;0;0;0;0;0;0;159;163;0;0;0;0;0;0;163;322
60019;Cassino;14;168;0;0;0;0;0;0;168;159;0;0;0;0;0;0;159;327
60019;Cassino;15;169;0;0;0;0;0;0;169;159;0;0;0;0;0;0;159;328
60019;Cassino;16;164;0;0;0;0;0;0;164;168;0;0;0;0;0;0;168;332
60019;Cassino;17;190;0;0;0;0;0;0;190;174;0;0;0;0;0;0;174;364
60019;Cassino;18;177;0;0;0;0;0;0;177;156;0;0;0;0;0;0;156;333
60019;Cassino;19;201;0;0;0;0;0;0;201;153;0;0;0;0;0;0;153;354
60019;Cassino;20;188;1;0;0;0;0;0;189;161;0;0;0;0;0;0;161;350
60019;Cassino;21;193;0;0;0;0;0;0;193;135;2;0;0;0;0;0;137;330
60019;Cassino;22;152;0;0;0;0;0;0;152;138;4;0;0;0;0;0;142;294
60019;Cassino;23;197;1;0;0;0;0;0;198;166;4;0;0;0;0;0;170;368
60019;Cassino;24;196;1;0;0;0;0;0;197;159;6;0;0;1;0;0;166;363
60019;Cassino;25;206;2;0;0;0;0;0;208;155;6;0;0;0;0;0;161;369
60019;Cassino;26;212;4;0;0;0;0;0;216;172;13;0;0;1;0;0;186;402
60019;Cassino;27;210;10;0;0;0;0;0;220;148;16;0;0;0;0;0;164;384
60019;Cassino;28;204;7;2;0;0;0;0;213;156;17;0;0;0;0;0;173;386
60019;Cassino;29;190;16;0;0;0;0;0;206;153;27;0;0;0;0;0;180;386
60019;Cassino;30;202;20;0;0;0;0;0;222;138;38;1;0;0;0;0;177;399
60019;Cassino;31;170;21;0;0;0;0;0;191;130;47;4;0;1;0;0;182;373
60019;Cassino;32;176;38;1;0;0;0;0;215;118;68;0;0;0;0;0;186;401
60019;Cassino;33;187;46;0;0;1;0;0;234;115;65;2;1;0;0;0;183;417
60019;Cassino;34;151;61;0;1;0;0;0;213;116;83;1;1;0;0;0;201;414
60019;Cassino;35;158;60;4;0;0;0;0;222;106;83;3;0;0;0;0;192;414
60019;Cassino;36;159;56;3;2;1;0;0;221;115;100;7;0;0;0;0;222;443
60019;Cassino;37;154;97;3;0;0;0;0;254;80;109;7;1;0;0;0;197;451
60019;Cassino;38;119;78;1;0;0;0;0;198;103;109;5;1;0;0;0;218;416
60019;Cassino;39;117;84;5;1;0;0;0;207;72;105;7;0;0;0;0;184;391
60019;Cassino;40;109;102;1;0;0;0;0;212;91;128;5;1;0;0;0;225;437
60019;Cassino;41;119;111;3;0;0;0;0;233;67;123;6;2;0;0;0;198;431
60019;Cassino;42;137;112;6;0;2;0;0;257;72;131;14;1;0;0;0;218;475
60019;Cassino;43;89;128;6;1;0;0;0;224;85;171;9;2;0;0;0;267;491
60019;Cassino;44;92;113;6;1;1;0;0;213;54;150;19;3;0;0;0;226;439
60019;Cassino;45;102;131;12;0;0;0;0;245;68;162;19;2;0;0;0;251;496
60019;Cassino;46;86;138;14;0;1;0;0;239;74;156;15;5;0;0;0;250;489
60019;Cassino;47;87;158;13;0;0;0;0;258;65;166;15;3;0;0;0;249;507
60019;Cassino;48;88;166;16;1;0;0;0;271;67;197;21;7;0;0;0;292;563
60019;Cassino;49;94;154;11;1;2;0;0;262;73;195;22;2;0;0;0;292;554
60019;Cassino;50;76;176;12;0;0;0;0;264;51;200;23;6;0;0;0;280;544
60019;Cassino;51;69;180;14;2;0;0;0;265;64;221;22;6;0;0;0;313;578
60019;Cassino;52;90;161;14;1;0;0;0;266;35;181;26;5;0;0;0;247;513
60019;Cassino;53;68;189;15;3;0;0;0;275;43;199;30;8;0;0;0;280;555
60019;Cassino;54;63;186;13;1;0;0;0;263;40;203;29;6;0;0;0;278;541
60019;Cassino;55;56;180;16;1;0;0;0;253;39;201;24;12;0;0;0;276;529
60019;Cassino;56;46;180;12;3;0;0;0;241;40;202;16;11;0;0;0;269;510
60019;Cassino;57;59;192;31;7;1;0;0;290;29;184;28;12;0;0;0;253;543
60019;Cassino;58;44;170;19;7;0;0;0;240;27;214;22;21;0;1;0;285;525
60019;Cassino;59;36;202;24;5;0;0;0;267;28;218;25;13;0;0;0;284;551
60019;Cassino;60;32;208;19;2;0;0;0;261;28;222;25;23;0;0;0;298;559
60019;Cassino;61;32;176;15;4;0;0;0;227;24;195;26;24;0;0;0;269;496
60019;Cassino;62;24;180;15;6;0;0;0;225;30;199;23;18;0;0;0;270;495
60019;Cassino;63;28;155;10;3;0;0;0;196;24;156;15;32;0;0;0;227;423
60019;Cassino;64;30;171;21;4;0;0;0;226;23;175;19;18;0;0;0;235;461
60019;Cassino;65;21;183;15;8;0;0;0;227;26;171;15;31;0;0;0;243;470
60019;Cassino;66;26;180;9;5;0;0;0;220;14;177;13;32;0;0;0;236;456
60019;Cassino;67;14;175;8;11;0;0;0;208;17;167;12;39;0;0;0;235;443
60019;Cassino;68;18;185;12;9;0;0;0;224;20;168;8;45;0;0;0;241;465
60019;Cassino;69;16;161;5;11;0;0;0;193;15;124;14;47;0;0;0;200;393
60019;Cassino;70;18;136;11;9;0;0;0;174;18;157;9;61;0;0;0;245;419
60019;Cassino;71;10;155;9;14;0;0;0;188;19;156;12;48;0;0;0;235;423
60019;Cassino;72;8;161;4;11;0;0;0;184;17;153;14;54;0;0;0;238;422
60019;Cassino;73;8;157;4;12;0;0;0;181;10;132;7;61;0;0;0;210;391
60019;Cassino;74;4;165;5;13;0;0;0;187;12;150;6;58;0;0;0;226;413
60019;Cassino;75;9;169;3;18;0;0;0;199;12;141;11;77;0;0;0;241;440
60019;Cassino;76;13;158;5;25;0;0;0;201;9;141;9;69;0;0;0;228;429
60019;Cassino;77;10;174;3;17;0;0;0;204;16;123;8;94;0;0;0;241;445
60019;Cassino;78;4;133;4;14;0;0;0;155;8;85;4;70;0;0;0;167;322
60019;Cassino;79;5;83;1;11;0;0;0;100;3;80;4;58;0;0;0;145;245
60019;Cassino;80;3;76;2;14;0;0;0;95;4;64;1;57;0;0;0;126;221
60019;Cassino;81;3;82;1;16;0;0;0;102;1;66;1;63;0;0;0;131;233
60019;Cassino;82;6;80;0;9;0;0;0;95;6;34;4;75;0;0;0;119;214
60019;Cassino;83;2;75;1;8;0;0;0;86;6;43;1;62;0;0;0;112;198
60019;Cassino;84;4;83;0;14;0;0;0;101;7;47;1;64;0;0;0;119;220
60019;Cassino;85;2;70;1;12;0;0;0;85;5;49;4;81;0;0;0;139;224
60019;Cassino;86;3;64;0;16;0;0;0;83;5;23;2;70;0;0;0;100;183
60019;Cassino;87;1;53;1;10;0;0;0;65;5;31;4;54;0;0;0;94;159
60019;Cassino;88;2;48;0;15;0;0;0;65;4;19;1;62;0;0;0;86;151
60019;Cassino;89;1;23;0;15;0;0;0;39;1;16;2;51;0;0;0;70;109
60019;Cassino;90;1;22;0;14;0;0;0;37;2;12;1;43;0;0;0;58;95
60019;Cassino;91;0;23;0;10;0;0;0;33;3;12;1;45;0;0;0;61;94
60019;Cassino;92;1;13;0;6;0;0;0;20;3;11;1;35;0;0;0;50;70
60019;Cassino;93;0;11;0;10;0;0;0;21;2;4;0;27;0;0;0;33;54
60019;Cassino;94;0;7;0;7;0;0;0;14;3;2;0;30;0;0;0;35;49
60019;Cassino;95;0;3;0;1;0;0;0;4;3;1;0;17;0;0;0;21;25
60019;Cassino;96;0;4;0;3;0;0;0;7;2;1;0;13;0;0;0;16;23
60019;Cassino;97;0;1;0;1;0;0;0;2;0;0;0;8;0;0;0;8;10
60019;Cassino;98;0;0;0;1;0;0;0;1;1;3;0;10;0;0;0;14;15
60019;Cassino;99;1;0;0;0;0;0;0;1;1;0;0;3;0;0;0;4;5
60019;Cassino;100;0;1;0;3;0;0;0;4;1;3;0;1;0;0;0;5;9
60019;Cassino;999;8550;7736;461;430;9;0;0;17186;7029;8017;705;1962;3;1;0;17717;34903
60020;Castelliri;0;2;0;0;0;;;;2;10;0;0;0;;;;10;12
60020;Castelliri;1;7;0;0;0;;;;7;12;0;0;0;;;;12;19
60020;Castelliri;2;10;0;0;0;;;;10;10;0;0;0;;;;10;20
60020;Castelliri;3;11;0;0;0;;;;11;7;0;0;0;;;;7;18
60020;Castelliri;4;8;0;0;0;;;;8;12;0;0;0;;;;12;20
60020;Castelliri;5;20;0;0;0;;;;20;19;0;0;0;;;;19;39
60020;Castelliri;6;10;0;0;0;;;;10;13;0;0;0;;;;13;23
60020;Castelliri;7;19;0;0;0;;;;19;8;0;0;0;;;;8;27
60020;Castelliri;8;17;0;0;0;;;;17;19;0;0;0;;;;19;36
60020;Castelliri;9;16;0;0;0;;;;16;12;0;0;0;;;;12;28
60020;Castelliri;10;18;0;0;0;;;;18;9;0;0;0;;;;9;27
60020;Castelliri;11;17;0;0;0;;;;17;18;0;0;0;;;;18;35
60020;Castelliri;12;13;0;0;0;;;;13;13;0;0;0;;;;13;26
60020;Castelliri;13;19;0;0;0;;;;19;15;0;0;0;;;;15;34
60020;Castelliri;14;12;0;0;0;;;;12;11;0;0;0;;;;11;23
60020;Castelliri;15;18;0;0;0;;;;18;7;0;0;0;;;;7;25
60020;Castelliri;16;17;0;0;0;;;;17;18;0;0;0;;;;18;35
60020;Castelliri;17;16;0;0;0;;;;16;21;0;0;0;;;;21;37
60020;Castelliri;18;12;0;0;0;;;;12;11;0;0;0;;;;11;23
60020;Castelliri;19;9;0;0;0;;;;9;7;0;0;0;;;;7;16
60020;Castelliri;20;17;0;0;0;;;;17;7;0;0;0;;;;7;24
60020;Castelliri;21;17;0;0;0;;;;17;9;0;0;0;;;;9;26
60020;Castelliri;22;10;0;0;0;;;;10;9;1;0;0;;;;10;20
60020;Castelliri;23;18;0;0;0;;;;18;13;1;0;0;;;;14;32
60020;Castelliri;24;15;0;0;0;;;;15;17;0;0;0;;;;17;32
60020;Castelliri;25;20;1;0;0;;;;21;9;0;0;0;;;;9;30
60020;Castelliri;26;12;1;0;0;;;;13;12;0;0;0;;;;12;25
60020;Castelliri;27;15;0;0;0;;;;15;15;1;0;0;;;;16;31
60020;Castelliri;28;15;0;0;0;;;;15;15;2;0;0;;;;17;32
60020;Castelliri;29;16;2;0;0;;;;18;14;1;0;0;;;;15;33
60020;Castelliri;30;16;2;0;0;;;;18;4;3;0;0;;;;7;25
60020;Castelliri;31;17;1;0;0;;;;18;13;4;0;0;;;;17;35
60020;Castelliri;32;13;2;0;0;;;;15;10;4;0;0;;;;14;29
60020;Castelliri;33;9;6;0;0;;;;15;12;2;1;0;;;;15;30
60020;Castelliri;34;15;3;0;0;;;;18;18;8;1;0;;;;27;45
60020;Castelliri;35;21;1;0;0;;;;22;6;5;0;0;;;;11;33
60020;Castelliri;36;12;1;0;0;;;;13;11;12;0;0;;;;23;36
60020;Castelliri;37;10;8;0;0;;;;18;7;16;0;0;;;;23;41
60020;Castelliri;38;9;9;0;0;;;;18;8;10;0;0;;;;18;36
60020;Castelliri;39;11;11;0;0;;;;22;9;11;0;0;;;;20;42
60020;Castelliri;40;7;12;0;0;;;;19;7;15;0;0;;;;22;41
60020;Castelliri;41;12;13;1;0;;;;26;7;12;0;0;;;;19;45
60020;Castelliri;42;8;12;2;0;;;;22;7;17;0;0;;;;24;46
60020;Castelliri;43;5;11;0;0;;;;16;7;17;1;0;;;;25;41
60020;Castelliri;44;9;9;0;0;;;;18;6;8;0;0;;;;14;32
60020;Castelliri;45;10;14;0;0;;;;24;2;16;1;0;;;;19;43
60020;Castelliri;46;6;13;1;0;;;;20;6;20;0;0;;;;26;46
60020;Castelliri;47;6;16;0;0;;;;22;7;21;2;0;;;;30;52
60020;Castelliri;48;2;15;1;0;;;;18;7;12;2;0;;;;21;39
60020;Castelliri;49;12;14;1;0;;;;27;8;16;0;1;;;;25;52
60020;Castelliri;50;2;15;1;0;;;;18;3;21;0;1;;;;25;43
60020;Castelliri;51;3;14;0;0;;;;17;4;19;1;1;;;;25;42
60020;Castelliri;52;7;18;3;0;;;;28;1;15;2;0;;;;18;46
60020;Castelliri;53;3;14;0;0;;;;17;2;18;5;0;;;;25;42
60020;Castelliri;54;5;15;1;0;;;;21;5;13;2;0;;;;20;41
60020;Castelliri;55;4;19;1;0;;;;24;3;26;0;1;;;;30;54
60020;Castelliri;56;3;14;0;1;;;;18;3;17;1;1;;;;22;40
60020;Castelliri;57;1;24;2;1;;;;28;2;23;1;3;;;;29;57
60020;Castelliri;58;2;23;2;0;;;;27;1;19;1;1;;;;22;49
60020;Castelliri;59;1;19;3;0;;;;23;0;22;1;3;;;;26;49
60020;Castelliri;60;2;14;1;0;;;;17;1;24;3;2;;;;30;47
60020;Castelliri;61;2;19;0;0;;;;21;0;29;0;3;;;;32;53
60020;Castelliri;62;0;19;1;0;;;;20;4;22;2;2;;;;30;50
60020;Castelliri;63;4;23;1;1;;;;29;2;24;0;2;;;;28;57
60020;Castelliri;64;0;16;3;1;;;;20;1;23;0;2;;;;26;46
60020;Castelliri;65;1;14;1;1;;;;17;1;14;1;2;;;;18;35
60020;Castelliri;66;0;28;0;0;;;;28;0;14;0;1;;;;15;43
60020;Castelliri;67;2;21;2;1;;;;26;2;12;1;1;;;;16;42
60020;Castelliri;68;1;22;0;1;;;;24;1;19;2;6;;;;28;52
60020;Castelliri;69;0;20;0;0;;;;20;2;17;1;4;;;;24;44
60020;Castelliri;70;1;14;0;1;;;;16;1;18;1;5;;;;25;41
60020;Castelliri;71;1;20;0;1;;;;22;1;9;1;2;;;;13;35
60020;Castelliri;72;0;18;0;3;;;;21;0;16;2;3;;;;21;42
60020;Castelliri;73;2;17;0;0;;;;19;2;14;0;0;;;;16;35
60020;Castelliri;74;1;17;1;2;;;;21;2;13;0;9;;;;24;45
60020;Castelliri;75;1;16;2;2;;;;21;2;17;1;6;;;;26;47
60020;Castelliri;76;0;22;1;2;;;;25;0;14;2;12;;;;28;53
60020;Castelliri;77;0;14;0;2;;;;16;1;12;0;1;;;;14;30
60020;Castelliri;78;0;16;0;2;;;;18;1;12;0;5;;;;18;36
60020;Castelliri;79;0;8;0;2;;;;10;0;7;1;7;;;;15;25
60020;Castelliri;80;0;11;0;4;;;;15;0;6;0;10;;;;16;31
60020;Castelliri;81;1;12;0;3;;;;16;0;5;0;5;;;;10;26
60020;Castelliri;82;0;7;0;3;;;;10;0;4;0;7;;;;11;21
60020;Castelliri;83;0;7;0;2;;;;9;0;9;0;3;;;;12;21
60020;Castelliri;84;0;8;1;0;;;;9;0;6;0;11;;;;17;26
60020;Castelliri;85;0;9;0;2;;;;11;0;0;0;10;;;;10;21
60020;Castelliri;86;0;6;0;2;;;;8;0;1;0;6;;;;7;15
60020;Castelliri;87;1;5;0;0;;;;6;0;0;0;6;;;;6;12
60020;Castelliri;88;0;4;0;0;;;;4;0;1;0;8;;;;9;13
60020;Castelliri;89;0;2;0;4;;;;6;0;2;0;7;;;;9;15
60020;Castelliri;90;0;4;0;0;;;;4;0;0;0;7;;;;7;11
60020;Castelliri;91;0;2;0;1;;;;3;0;0;0;3;;;;3;6
60020;Castelliri;92;0;0;0;1;;;;1;0;2;0;3;;;;5;6
60020;Castelliri;93;0;0;0;0;;;;0;0;0;0;3;;;;3;3
60020;Castelliri;94;0;0;0;0;;;;0;0;0;0;1;;;;1;1
60020;Castelliri;95;0;0;0;1;;;;1;1;0;0;1;;;;2;3
60020;Castelliri;96;0;0;0;0;;;;0;0;0;0;2;;;;2;2
60020;Castelliri;97;0;0;0;0;;;;0;0;0;0;1;;;;1;1
60020;Castelliri;98;0;0;0;0;;;;0;0;0;0;0;;;;0;0
60020;Castelliri;99;0;0;0;0;;;;0;0;0;0;1;;;;1;1
60020;Castelliri;100;0;0;0;0;;;;0;0;0;0;1;;;;1;1
60020;Castelliri;999;687;787;33;47;;;;1554;583;794;40;183;;;;1600;3154
60021;Castelnuovo Parano;0;4;0;0;0;;;;4;4;0;0;0;;;;4;8
60021;Castelnuovo Parano;1;3;0;0;0;;;;3;4;0;0;0;;;;4;7
60021;Castelnuovo Parano;2;7;0;0;0;;;;7;4;0;0;0;;;;4;11
60021;Castelnuovo Parano;3;2;0;0;0;;;;2;1;0;0;0;;;;1;3
60021;Castelnuovo Parano;4;2;0;0;0;;;;2;1;0;0;0;;;;1;3
60021;Castelnuovo Parano;5;4;0;0;0;;;;4;3;0;0;0;;;;3;7
60021;Castelnuovo Parano;6;4;0;0;0;;;;4;3;0;0;0;;;;3;7
60021;Castelnuovo Parano;7;3;0;0;0;;;;3;2;0;0;0;;;;2;5
60021;Castelnuovo Parano;8;7;0;0;0;;;;7;3;0;0;0;;;;3;10
60021;Castelnuovo Parano;9;3;0;0;0;;;;3;5;0;0;0;;;;5;8
60021;Castelnuovo Parano;10;4;0;0;0;;;;4;5;0;0;0;;;;5;9
60021;Castelnuovo Parano;11;4;0;0;0;;;;4;2;0;0;0;;;;2;6
60021;Castelnuovo Parano;12;4;0;0;0;;;;4;5;0;0;0;;;;5;9
60021;Castelnuovo Parano;13;6;0;0;0;;;;6;6;0;0;0;;;;6;12
60021;Castelnuovo Parano;14;6;0;0;0;;;;6;1;0;0;0;;;;1;7
60021;Castelnuovo Parano;15;2;0;0;0;;;;2;5;0;0;0;;;;5;7
60021;Castelnuovo Parano;16;3;0;0;0;;;;3;6;0;0;0;;;;6;9
60021;Castelnuovo Parano;17;2;0;0;0;;;;2;5;0;0;0;;;;5;7
60021;Castelnuovo Parano;18;1;0;0;0;;;;1;10;0;0;0;;;;10;11
60021;Castelnuovo Parano;19;2;0;0;0;;;;2;6;0;0;0;;;;6;8
60021;Castelnuovo Parano;20;4;0;0;0;;;;4;1;0;0;0;;;;1;5
60021;Castelnuovo Parano;21;5;0;0;0;;;;5;7;0;0;0;;;;7;12
60021;Castelnuovo Parano;22;2;0;0;0;;;;2;2;0;0;0;;;;2;4
60021;Castelnuovo Parano;23;2;0;0;0;;;;2;0;0;0;0;;;;0;2
60021;Castelnuovo Parano;24;3;1;0;0;;;;4;1;0;0;0;;;;1;5
60021;Castelnuovo Parano;25;7;0;0;0;;;;7;4;1;0;0;;;;5;12
60021;Castelnuovo Parano;26;8;0;0;0;;;;8;4;0;0;0;;;;4;12
60021;Castelnuovo Parano;27;1;1;0;0;;;;2;5;0;0;0;;;;5;7
60021;Castelnuovo Parano;28;5;0;0;0;;;;5;2;4;0;0;;;;6;11
60021;Castelnuovo Parano;29;3;0;0;0;;;;3;2;2;0;0;;;;4;7
60021;Castelnuovo Parano;30;1;0;0;0;;;;1;5;0;0;0;;;;5;6
60021;Castelnuovo Parano;31;4;4;0;0;;;;8;3;2;0;0;;;;5;13
60021;Castelnuovo Parano;32;3;3;0;0;;;;6;3;2;0;0;;;;5;11
60021;Castelnuovo Parano;33;6;2;0;0;;;;8;1;3;0;0;;;;4;12
60021;Castelnuovo Parano;34;2;1;0;0;;;;3;3;1;0;0;;;;4;7
60021;Castelnuovo Parano;35;2;2;0;0;;;;4;0;2;0;0;;;;2;6
60021;Castelnuovo Parano;36;2;2;0;0;;;;4;1;2;0;0;;;;3;7
60021;Castelnuovo Parano;37;4;4;0;0;;;;8;1;5;1;0;;;;7;15
60021;Castelnuovo Parano;38;0;0;2;0;;;;2;3;3;0;0;;;;6;8
60021;Castelnuovo Parano;39;1;2;0;0;;;;3;2;1;0;0;;;;3;6
60021;Castelnuovo Parano;40;4;4;0;0;;;;8;1;4;0;0;;;;5;13
60021;Castelnuovo Parano;41;0;3;0;0;;;;3;1;7;0;0;;;;8;11
60021;Castelnuovo Parano;42;3;5;0;0;;;;8;1;2;0;0;;;;3;11
60021;Castelnuovo Parano;43;3;0;0;0;;;;3;2;4;2;0;;;;8;11
60021;Castelnuovo Parano;44;5;3;0;0;;;;8;0;3;0;0;;;;3;11
60021;Castelnuovo Parano;45;0;1;0;0;;;;1;2;4;0;0;;;;6;7
60021;Castelnuovo Parano;46;1;4;1;0;;;;6;1;2;0;0;;;;3;9
60021;Castelnuovo Parano;47;0;4;0;0;;;;4;0;7;0;0;;;;7;11
60021;Castelnuovo Parano;48;5;6;0;0;;;;11;0;3;0;0;;;;3;14
60021;Castelnuovo Parano;49;1;10;0;0;;;;11;1;4;0;0;;;;5;16
60021;Castelnuovo Parano;50;0;3;1;0;;;;4;2;7;1;0;;;;10;14
60021;Castelnuovo Parano;51;1;8;0;0;;;;9;2;7;0;0;;;;9;18
60021;Castelnuovo Parano;52;1;4;1;0;;;;6;2;3;2;0;;;;7;13
60021;Castelnuovo Parano;53;1;2;1;0;;;;4;0;7;0;0;;;;7;11
60021;Castelnuovo Parano;54;2;4;0;0;;;;6;0;7;0;0;;;;7;13
60021;Castelnuovo Parano;55;1;7;0;0;;;;8;1;4;0;0;;;;5;13
60021;Castelnuovo Parano;56;0;3;0;0;;;;3;0;5;1;0;;;;6;9
60021;Castelnuovo Parano;57;0;7;0;1;;;;8;0;10;2;0;;;;12;20
60021;Castelnuovo Parano;58;2;3;0;0;;;;5;1;5;0;0;;;;6;11
60021;Castelnuovo Parano;59;1;6;0;0;;;;7;0;5;0;0;;;;5;12
60021;Castelnuovo Parano;60;2;6;0;0;;;;8;0;5;0;1;;;;6;14
60021;Castelnuovo Parano;61;0;2;0;0;;;;2;0;7;0;1;;;;8;10
60021;Castelnuovo Parano;62;0;9;0;0;;;;9;1;2;0;2;;;;5;14
60021;Castelnuovo Parano;63;1;3;1;0;;;;5;2;1;0;1;;;;4;9
60021;Castelnuovo Parano;64;1;5;1;1;;;;8;2;9;0;0;;;;11;19
60021;Castelnuovo Parano;65;1;4;0;0;;;;5;0;10;0;2;;;;12;17
60021;Castelnuovo Parano;66;1;3;0;0;;;;4;0;7;1;0;;;;8;12
60021;Castelnuovo Parano;67;0;6;1;0;;;;7;1;2;0;1;;;;4;11
60021;Castelnuovo Parano;68;0;6;1;1;;;;8;0;5;0;1;;;;6;14
60021;Castelnuovo Parano;69;0;7;0;0;;;;7;0;8;0;0;;;;8;15
60021;Castelnuovo Parano;70;0;9;0;0;;;;9;0;5;1;2;;;;8;17
60021;Castelnuovo Parano;71;0;6;0;2;;;;8;0;3;0;0;;;;3;11
60021;Castelnuovo Parano;72;0;1;0;0;;;;1;1;1;0;3;;;;5;6
60021;Castelnuovo Parano;73;0;7;0;0;;;;7;0;2;0;0;;;;2;9
60021;Castelnuovo Parano;74;0;3;0;0;;;;3;0;1;0;0;;;;1;4
60021;Castelnuovo Parano;75;0;2;0;1;;;;3;0;0;0;0;;;;0;3
60021;Castelnuovo Parano;76;0;3;1;0;;;;4;0;4;0;1;;;;5;9
60021;Castelnuovo Parano;77;0;2;0;0;;;;2;0;2;0;4;;;;6;8
60021;Castelnuovo Parano;78;0;3;0;0;;;;3;0;1;0;1;;;;2;5
60021;Castelnuovo Parano;79;0;1;0;0;;;;1;0;3;0;0;;;;3;4
60021;Castelnuovo Parano;80;0;1;0;0;;;;1;0;1;0;1;;;;2;3
60021;Castelnuovo Parano;81;1;2;0;0;;;;3;0;1;0;1;;;;2;5
60021;Castelnuovo Parano;82;0;1;0;0;;;;1;0;3;0;1;;;;4;5
60021;Castelnuovo Parano;83;0;1;0;0;;;;1;0;2;0;2;;;;4;5
60021;Castelnuovo Parano;84;0;1;0;0;;;;1;0;2;0;2;;;;4;5
60021;Castelnuovo Parano;85;0;5;0;0;;;;5;0;0;0;0;;;;0;5
60021;Castelnuovo Parano;86;0;4;0;1;;;;5;0;2;0;2;;;;4;9
60021;Castelnuovo Parano;87;0;1;0;1;;;;2;0;0;0;4;;;;4;6
60021;Castelnuovo Parano;88;0;1;0;0;;;;1;0;1;0;0;;;;1;2
60021;Castelnuovo Parano;89;0;0;0;1;;;;1;0;0;0;1;;;;1;2
60021;Castelnuovo Parano;90;0;3;0;1;;;;4;0;0;0;1;;;;1;5
60021;Castelnuovo Parano;91;0;1;0;0;;;;1;0;1;0;2;;;;3;4
60021;Castelnuovo Parano;92;0;0;0;0;;;;0;0;2;0;1;;;;3;3
60021;Castelnuovo Parano;93;0;0;0;0;;;;0;0;0;0;1;;;;1;1
60021;Castelnuovo Parano;94;0;1;0;0;;;;1;0;0;0;3;;;;3;4
60021;Castelnuovo Parano;95;0;0;0;0;;;;0;0;0;0;0;;;;0;0
60021;Castelnuovo Parano;96;0;0;0;0;;;;0;0;0;0;0;;;;0;0
60021;Castelnuovo Parano;97;0;0;0;0;;;;0;0;0;0;0;;;;0;0
60021;Castelnuovo Parano;98;0;1;0;0;;;;1;0;0;0;0;;;;0;1
60021;Castelnuovo Parano;99;0;0;0;0;;;;0;0;0;0;0;;;;0;0
60021;Castelnuovo Parano;100;0;0;0;0;;;;0;0;0;0;0;;;;0;0
60021;Castelnuovo Parano;999;176;220;11;10;;;;417;155;221;11;42;;;;429;846
60022;Castrocielo;0;7;0;0;0;;;;7;9;0;0;0;;;;9;16
60022;Castrocielo;1;16;0;0;0;;;;16;16;0;0;0;;;;16;32
60022;Castrocielo;2;10;0;0;0;;;;10;19;0;0;0;;;;19;29
60022;Castrocielo;3;15;0;0;0;;;;15;10;0;0;0;;;;10;25
60022;Castrocielo;4;15;0;0;0;;;;15;12;0;0;0;;;;12;27
60022;Castrocielo;5;15;0;0;0;;;;15;19;0;0;0;;;;19;34
60022;Castrocielo;6;20;0;0;0;;;;20;17;0;0;0;;;;17;37
60022;Castrocielo;7;14;0;0;0;;;;14;16;0;0;0;;;;16;30
60022;Castrocielo;8;15;0;0;0;;;;15;20;0;0;0;;;;20;35
60022;Castrocielo;9;13;0;0;0;;;;13;14;0;0;0;;;;14;27
60022;Castrocielo;10;22;0;0;0;;;;22;18;0;0;0;;;;18;40
60022;Castrocielo;11;13;0;0;0;;;;13;25;0;0;0;;;;25;38
60022;Castrocielo;12;17;0;0;0;;;;17;16;0;0;0;;;;16;33
60022;Castrocielo;13;16;0;0;0;;;;16;22;0;0;0;;;;22;38
60022;Castrocielo;14;18;0;0;0;;;;18;17;0;0;0;;;;17;35
60022;Castrocielo;15;25;0;0;0;;;;25;23;0;0;0;;;;23;48
60022;Castrocielo;16;23;0;0;0;;;;23;19;0;0;0;;;;19;42
60022;Castrocielo;17;21;0;0;0;;;;21;17;0;0;0;;;;17;38
60022;Castrocielo;18;24;0;0;0;;;;24;22;0;0;0;;;;22;46
60022;Castrocielo;19;24;0;0;0;;;;24;26;0;0;0;;;;26;50
60022;Castrocielo;20;12;0;0;0;;;;12;15;0;0;0;;;;15;27
60022;Castrocielo;21;17;0;0;0;;;;17;16;1;0;0;;;;17;34
60022;Castrocielo;22;13;0;0;0;;;;13;11;0;0;0;;;;11;24
60022;Castrocielo;23;23;0;0;0;;;;23;14;0;0;0;;;;14;37
60022;Castrocielo;24;17;0;0;0;;;;17;15;1;0;0;;;;16;33
60022;Castrocielo;25;16;0;0;0;;;;16;17;2;0;0;;;;19;35
60022;Castrocielo;26;13;1;0;0;;;;14;13;2;0;0;;;;15;29
60022;Castrocielo;27;10;1;0;0;;;;11;6;1;0;0;;;;7;18
60022;Castrocielo;28;14;2;0;0;;;;16;8;2;0;0;;;;10;26
60022;Castrocielo;29;18;1;0;0;;;;19;15;4;0;0;;;;19;38
60022;Castrocielo;30;10;0;0;0;;;;10;7;2;0;0;;;;9;19
60022;Castrocielo;31;13;4;0;0;;;;17;14;6;0;0;;;;20;37
60022;Castrocielo;32;18;5;0;0;;;;23;10;8;2;0;;;;20;43
60022;Castrocielo;33;14;1;0;0;;;;15;13;10;0;0;;;;23;38
60022;Castrocielo;34;14;5;0;0;;;;19;8;6;0;0;;;;14;33
60022;Castrocielo;35;8;7;0;0;;;;15;5;16;1;0;;;;22;37
60022;Castrocielo;36;7;9;0;0;;;;16;11;13;0;0;;;;24;40
60022;Castrocielo;37;15;6;0;0;;;;21;6;7;1;0;;;;14;35
60022;Castrocielo;38;5;8;0;0;;;;13;5;19;1;0;;;;25;38
60022;Castrocielo;39;10;13;1;0;;;;24;7;20;0;0;;;;27;51
60022;Castrocielo;40;16;18;0;0;;;;34;6;18;0;0;;;;24;58
60022;Castrocielo;41;14;15;0;0;;;;29;10;12;0;0;;;;22;51
60022;Castrocielo;42;10;21;0;0;;;;31;6;17;2;0;;;;25;56
60022;Castrocielo;43;9;13;0;0;;;;22;4;20;1;0;;;;25;47
60022;Castrocielo;44;6;21;0;0;;;;27;6;30;1;0;;;;37;64
60022;Castrocielo;45;10;19;1;0;;;;30;11;15;0;0;;;;26;56
60022;Castrocielo;46;6;20;3;0;;;;29;7;31;2;0;;;;40;69
60022;Castrocielo;47;5;21;1;0;;;;27;7;26;1;0;;;;34;61
60022;Castrocielo;48;5;30;2;0;;;;37;5;23;3;0;;;;31;68
60022;Castrocielo;49;5;17;1;0;;;;23;6;18;4;0;;;;28;51
60022;Castrocielo;50;4;26;2;0;;;;32;4;27;2;0;;;;33;65
60022;Castrocielo;51;3;23;3;0;;;;29;2;17;0;0;;;;19;48
60022;Castrocielo;52;8;16;0;0;;;;24;2;22;2;1;;;;27;51
60022;Castrocielo;53;4;20;3;0;;;;27;5;31;0;1;;;;37;64
60022;Castrocielo;54;3;21;0;0;;;;24;8;12;3;2;;;;25;49
60022;Castrocielo;55;6;23;0;0;;;;29;3;21;4;0;;;;28;57
60022;Castrocielo;56;7;16;0;1;;;;24;3;18;0;4;;;;25;49
60022;Castrocielo;57;3;31;4;0;;;;38;0;31;1;1;;;;33;71
60022;Castrocielo;58;2;23;1;0;;;;26;2;20;2;1;;;;25;51
60022;Castrocielo;59;1;21;3;0;;;;25;2;29;2;1;;;;34;59
60022;Castrocielo;60;0;24;2;0;;;;26;6;31;1;3;;;;41;67
60022;Castrocielo;61;4;23;0;0;;;;27;3;15;0;1;;;;19;46
60022;Castrocielo;62;3;25;0;0;;;;28;0;27;1;4;;;;32;60
60022;Castrocielo;63;4;20;0;0;;;;24;3;20;0;3;;;;26;50
60022;Castrocielo;64;2;20;2;0;;;;24;3;28;1;4;;;;36;60
60022;Castrocielo;65;1;23;2;0;;;;26;1;15;2;4;;;;22;48
60022;Castrocielo;66;1;21;0;1;;;;23;2;14;4;5;;;;25;48
60022;Castrocielo;67;0;22;2;0;;;;24;1;21;1;3;;;;26;50
60022;Castrocielo;68;1;28;1;1;;;;31;1;21;1;4;;;;27;58
60022;Castrocielo;69;1;28;1;1;;;;31;1;20;1;4;;;;26;57
60022;Castrocielo;70;0;16;0;2;;;;18;2;19;0;7;;;;28;46
60022;Castrocielo;71;1;18;0;1;;;;20;2;19;0;9;;;;30;50
60022;Castrocielo;72;0;13;1;1;;;;15;0;14;0;0;;;;14;29
60022;Castrocielo;73;1;16;0;0;;;;17;1;15;0;7;;;;23;40
60022;Castrocielo;74;3;17;1;3;;;;24;1;12;0;13;;;;26;50
60022;Castrocielo;75;3;27;1;5;;;;36;2;15;1;7;;;;25;61
60022;Castrocielo;76;0;21;0;3;;;;24;1;19;0;5;;;;25;49
60022;Castrocielo;77;1;21;1;3;;;;26;1;17;0;9;;;;27;53
60022;Castrocielo;78;0;10;0;1;;;;11;4;10;1;12;;;;27;38
60022;Castrocielo;79;1;9;0;0;;;;10;1;6;0;2;;;;9;19
60022;Castrocielo;80;0;11;0;1;;;;12;1;5;0;9;;;;15;27
60022;Castrocielo;81;0;9;0;0;;;;9;1;6;0;10;;;;17;26
60022;Castrocielo;82;0;10;0;2;;;;12;3;6;0;4;;;;13;25
60022;Castrocielo;83;1;3;0;2;;;;6;0;4;0;5;;;;9;15
60022;Castrocielo;84;0;8;1;0;;;;9;1;4;0;4;;;;9;18
60022;Castrocielo;85;0;5;0;4;;;;9;0;1;0;7;;;;8;17
60022;Castrocielo;86;0;5;0;7;;;;12;2;2;0;6;;;;10;22
60022;Castrocielo;87;0;2;0;0;;;;2;1;5;0;5;;;;11;13
60022;Castrocielo;88;0;3;0;2;;;;5;1;0;0;6;;;;7;12
60022;Castrocielo;89;0;8;0;1;;;;9;1;1;0;2;;;;4;13
60022;Castrocielo;90;0;4;0;2;;;;6;0;0;0;4;;;;4;10
60022;Castrocielo;91;1;1;0;2;;;;4;0;1;0;6;;;;7;11
60022;Castrocielo;92;0;0;0;2;;;;2;0;0;0;3;;;;3;5
60022;Castrocielo;93;0;2;0;0;;;;2;0;0;0;1;;;;1;3
60022;Castrocielo;94;0;0;0;1;;;;1;1;0;0;3;;;;4;5
60022;Castrocielo;95;0;0;0;1;;;;1;0;0;0;5;;;;5;6
60022;Castrocielo;96;0;0;0;0;;;;0;0;0;0;2;;;;2;2
60022;Castrocielo;97;0;0;0;0;;;;0;0;0;0;3;;;;3;3
60022;Castrocielo;98;0;0;0;0;;;;0;0;0;0;1;;;;1;1
60022;Castrocielo;99;0;0;0;0;;;;0;0;0;0;1;;;;1;1
60022;Castrocielo;100;0;0;0;0;;;;0;1;0;0;1;;;;2;2
60022;Castrocielo;999;766;951;40;50;;;;1807;721;951;49;205;;;;1926;3733
60023;Castro dei Volsci;0;12;0;0;0;;;;12;9;0;0;0;;;;9;21
60023;Castro dei Volsci;1;9;0;0;0;;;;9;12;0;0;0;;;;12;21
60023;Castro dei Volsci;2;19;0;0;0;;;;19;11;0;0;0;;;;11;30
60023;Castro dei Volsci;3;11;0;0;0;;;;11;11;0;0;0;;;;11;22
60023;Castro dei Volsci;4;14;0;0;0;;;;14;14;0;0;0;;;;14;28
60023;Castro dei Volsci;5;19;0;0;0;;;;19;14;0;0;0;;;;14;33
60023;Castro dei Volsci;6;14;0;0;0;;;;14;13;0;0;0;;;;13;27
60023;Castro dei Volsci;7;13;0;0;0;;;;13;12;0;0;0;;;;12;25
60023;Castro dei Volsci;8;15;0;0;0;;;;15;12;0;0;0;;;;12;27
60023;Castro dei Volsci;9;15;0;0;0;;;;15;13;0;0;0;;;;13;28
60023;Castro dei Volsci;10;18;0;0;0;;;;18;18;0;0;0;;;;18;36
60023;Castro dei Volsci;11;23;0;0;0;;;;23;16;0;0;0;;;;16;39
60023;Castro dei Volsci;12;17;0;0;0;;;;17;19;0;0;0;;;;19;36
60023;Castro dei Volsci;13;19;0;0;0;;;;19;16;0;0;0;;;;16;35
60023;Castro dei Volsci;14;19;0;0;0;;;;19;14;0;0;0;;;;14;33
60023;Castro dei Volsci;15;21;0;0;0;;;;21;17;0;0;0;;;;17;38
60023;Castro dei Volsci;16;16;0;0;0;;;;16;14;0;0;0;;;;14;30
60023;Castro dei Volsci;17;18;0;0;0;;;;18;16;0;0;0;;;;16;34
60023;Castro dei Volsci;18;16;0;0;0;;;;16;18;0;0;0;;;;18;34
60023;Castro dei Volsci;19;21;0;0;0;;;;21;25;0;0;0;;;;25;46
60023;Castro dei Volsci;20;24;0;0;0;;;;24;25;0;0;0;;;;25;49
60023;Castro dei Volsci;21;17;0;0;0;;;;17;18;0;0;0;;;;18;35
60023;Castro dei Volsci;22;31;0;0;0;;;;31;21;0;0;0;;;;21;52
60023;Castro dei Volsci;23;19;0;0;0;;;;19;26;1;0;0;;;;27;46
60023;Castro dei Volsci;24;24;0;0;0;;;;24;24;0;0;0;;;;24;48
60023;Castro dei Volsci;25;19;0;0;0;;;;19;14;0;0;0;;;;14;33
60023;Castro dei Volsci;26;13;0;0;0;;;;13;19;3;0;0;;;;22;35
60023;Castro dei Volsci;27;24;0;0;0;;;;24;17;4;0;0;;;;21;45
60023;Castro dei Volsci;28;29;1;0;0;;;;30;21;4;0;0;;;;25;55
60023;Castro dei Volsci;29;12;0;0;0;;;;12;12;4;0;0;;;;16;28
60023;Castro dei Volsci;30;9;2;0;0;;;;11;17;4;1;0;;;;22;33
60023;Castro dei Volsci;31;25;3;0;0;;;;28;12;7;0;0;;;;19;47
60023;Castro dei Volsci;32;19;3;0;0;;;;22;13;4;0;0;;;;17;39
60023;Castro dei Volsci;33;12;3;0;0;;;;15;8;10;0;0;;;;18;33
60023;Castro dei Volsci;34;13;7;1;0;;;;21;12;10;1;0;;;;23;44
60023;Castro dei Volsci;35;11;8;0;0;;;;19;9;7;2;0;;;;18;37
60023;Castro dei Volsci;36;21;15;0;0;;;;36;8;7;0;0;;;;15;51
60023;Castro dei Volsci;37;9;11;0;0;;;;20;12;16;0;0;;;;28;48
60023;Castro dei Volsci;38;15;11;1;0;;;;27;9;12;2;0;;;;23;50
60023;Castro dei Volsci;39;15;6;1;0;;;;22;10;9;2;0;;;;21;43
60023;Castro dei Volsci;40;7;10;1;0;;;;18;4;16;0;0;;;;20;38
60023;Castro dei Volsci;41;8;16;0;0;;;;24;8;17;1;0;;;;26;50
60023;Castro dei Volsci;42;16;15;1;0;;;;32;10;13;0;0;;;;23;55
60023;Castro dei Volsci;43;9;13;1;0;;;;23;11;23;4;0;;;;38;61
60023;Castro dei Volsci;44;10;12;0;0;;;;22;12;17;2;0;;;;31;53
60023;Castro dei Volsci;45;9;17;0;0;;;;26;7;28;2;0;;;;37;63
60023;Castro dei Volsci;46;13;24;1;0;;;;38;5;17;4;0;;;;26;64
60023;Castro dei Volsci;47;10;11;1;1;;;;23;4;19;2;1;;;;26;49
60023;Castro dei Volsci;48;8;21;1;0;;;;30;11;28;1;0;;;;40;70
60023;Castro dei Volsci;49;10;28;2;0;;;;40;5;25;2;1;;;;33;73
60023;Castro dei Volsci;50;10;26;5;0;;;;41;1;37;0;0;;;;38;79
60023;Castro dei Volsci;51;6;18;0;0;;;;24;7;25;1;2;;;;35;59
60023;Castro dei Volsci;52;8;17;5;1;;;;31;3;35;3;1;;;;42;73
60023;Castro dei Volsci;53;8;26;1;3;;;;38;9;32;4;1;;;;46;84
60023;Castro dei Volsci;54;9;24;2;1;;;;36;3;28;3;1;;;;35;71
60023;Castro dei Volsci;55;6;24;1;0;;;;31;2;35;0;2;;;;39;70
60023;Castro dei Volsci;56;6;28;3;0;;;;37;2;22;2;4;;;;30;67
60023;Castro dei Volsci;57;7;33;1;0;;;;41;1;37;3;2;;;;43;84
60023;Castro dei Volsci;58;4;38;2;0;;;;44;4;24;4;2;;;;34;78
60023;Castro dei Volsci;59;6;37;4;0;;;;47;0;30;1;1;;;;32;79
60023;Castro dei Volsci;60;3;25;1;1;;;;30;1;33;0;2;;;;36;66
60023;Castro dei Volsci;61;1;33;1;0;;;;35;3;29;2;4;;;;38;73
60023;Castro dei Volsci;62;4;24;2;1;;;;31;0;34;3;3;;;;40;71
60023;Castro dei Volsci;63;2;27;4;1;;;;34;2;26;0;2;;;;30;64
60023;Castro dei Volsci;64;2;22;1;0;;;;25;1;21;2;7;;;;31;56
60023;Castro dei Volsci;65;1;21;0;0;;;;22;1;12;0;4;;;;17;39
60023;Castro dei Volsci;66;2;15;0;1;;;;18;0;19;2;4;;;;25;43
60023;Castro dei Volsci;67;3;21;0;0;;;;24;1;34;1;4;;;;40;64
60023;Castro dei Volsci;68;4;27;1;2;;;;34;0;19;1;7;;;;27;61
60023;Castro dei Volsci;69;1;32;1;0;;;;34;1;29;1;9;;;;40;74
60023;Castro dei Volsci;70;1;26;0;1;;;;28;2;10;0;5;;;;17;45
60023;Castro dei Volsci;71;2;19;1;1;;;;23;2;24;0;6;;;;32;55
60023;Castro dei Volsci;72;2;19;4;2;;;;27;0;17;0;6;;;;23;50
60023;Castro dei Volsci;73;1;23;1;1;;;;26;0;25;0;4;;;;29;55
60023;Castro dei Volsci;74;3;33;0;2;;;;38;2;20;0;13;;;;35;73
60023;Castro dei Volsci;75;1;16;0;1;;;;18;1;23;0;13;;;;37;55
60023;Castro dei Volsci;76;0;26;0;1;;;;27;1;12;2;11;;;;26;53
60023;Castro dei Volsci;77;1;24;0;3;;;;28;1;21;0;16;;;;38;66
60023;Castro dei Volsci;78;0;17;1;2;;;;20;1;13;0;16;;;;30;50
60023;Castro dei Volsci;79;1;21;0;3;;;;25;0;12;0;10;;;;22;47
60023;Castro dei Volsci;80;0;12;0;3;;;;15;1;10;1;13;;;;25;40
60023;Castro dei Volsci;81;0;11;0;1;;;;12;2;13;0;18;;;;33;45
60023;Castro dei Volsci;82;0;24;0;1;;;;25;0;4;0;14;;;;18;43
60023;Castro dei Volsci;83;1;11;0;3;;;;15;1;4;0;9;;;;14;29
60023;Castro dei Volsci;84;2;14;0;5;;;;21;0;3;0;11;;;;14;35
60023;Castro dei Volsci;85;0;9;0;6;;;;15;0;6;0;17;;;;23;38
60023;Castro dei Volsci;86;1;11;0;2;;;;14;0;6;0;11;;;;17;31
60023;Castro dei Volsci;87;0;11;0;4;;;;15;1;3;0;10;;;;14;29
60023;Castro dei Volsci;88;0;6;0;2;;;;8;0;2;0;14;;;;16;24
60023;Castro dei Volsci;89;1;4;0;1;;;;6;0;2;0;7;;;;9;15
60023;Castro dei Volsci;90;0;5;0;4;;;;9;0;2;0;8;;;;10;19
60023;Castro dei Volsci;91;0;5;0;1;;;;6;1;1;0;8;;;;10;16
60023;Castro dei Volsci;92;0;2;0;0;;;;2;1;0;0;5;;;;6;8
60023;Castro dei Volsci;93;0;0;0;0;;;;0;0;0;0;7;;;;7;7
60023;Castro dei Volsci;94;0;0;0;0;;;;0;1;0;0;2;;;;3;3
60023;Castro dei Volsci;95;0;1;0;0;;;;1;0;1;0;5;;;;6;7
60023;Castro dei Volsci;96;0;0;0;1;;;;1;0;0;0;1;;;;1;2
60023;Castro dei Volsci;97;0;1;0;1;;;;2;1;0;1;0;;;;2;4
60023;Castro dei Volsci;98;0;0;0;0;;;;0;0;0;0;0;;;;0;0
60023;Castro dei Volsci;99;0;0;0;0;;;;0;0;0;0;1;;;;1;1
60023;Castro dei Volsci;100;0;1;0;0;;;;1;1;0;0;1;;;;2;3
60023;Castro dei Volsci;999;900;1107;53;64;;;;2124;740;1100;63;326;;;;2229;4353
60024;Ceccano;0;63;0;0;0;0;0;0;63;75;0;0;0;0;0;0;75;138
60024;Ceccano;1;67;0;0;0;0;0;0;67;82;0;0;0;0;0;0;82;149
60024;Ceccano;2;85;0;0;0;0;0;0;85;72;0;0;0;0;0;0;72;157
60024;Ceccano;3;68;0;0;0;0;0;0;68;72;0;0;0;0;0;0;72;140
60024;Ceccano;4;73;0;0;0;0;0;0;73;85;0;0;0;0;0;0;85;158
60024;Ceccano;5;80;0;0;0;0;0;0;80;88;0;0;0;0;0;0;88;168
60024;Ceccano;6;71;0;0;0;0;0;0;71;77;0;0;0;0;0;0;77;148
60024;Ceccano;7;81;0;0;0;0;0;0;81;95;0;0;0;0;0;0;95;176
60024;Ceccano;8;116;0;0;0;0;0;0;116;102;0;0;0;0;0;0;102;218
60024;Ceccano;9;95;0;0;0;0;0;0;95;107;0;0;0;0;0;0;107;202
60024;Ceccano;10;112;0;0;0;0;0;0;112;88;0;0;0;0;0;0;88;200
60024;Ceccano;11;92;0;0;0;0;0;0;92;112;0;0;0;0;0;0;112;204
60024;Ceccano;12;138;0;0;0;0;0;0;138;96;0;0;0;0;0;0;96;234
60024;Ceccano;13;119;0;0;0;0;0;0;119;122;0;0;0;0;0;0;122;241
60024;Ceccano;14;97;0;0;0;0;0;0;97;105;0;0;0;0;0;0;105;202
60024;Ceccano;15;109;0;0;0;0;0;0;109;89;0;0;0;0;0;0;89;198
60024;Ceccano;16;101;0;0;0;0;0;0;101;129;0;0;0;0;0;0;129;230
60024;Ceccano;17;124;0;0;0;0;0;0;124;92;0;0;0;0;0;0;92;216
60024;Ceccano;18;112;0;0;0;0;0;0;112;97;0;0;0;0;0;0;97;209
60024;Ceccano;19;106;0;0;0;0;0;0;106;76;0;0;0;0;0;0;76;182
60024;Ceccano;20;117;0;0;0;0;0;0;117;106;0;0;0;0;0;0;106;223
60024;Ceccano;21;102;0;0;0;0;0;0;102;111;2;0;0;0;0;0;113;215
60024;Ceccano;22;112;0;0;0;0;0;0;112;98;1;0;0;0;0;0;99;211
60024;Ceccano;23;83;0;0;0;0;0;0;83;95;1;0;0;0;0;0;96;179
60024;Ceccano;24;114;0;0;0;0;0;0;114;87;6;0;0;0;0;0;93;207
60024;Ceccano;25;90;1;0;0;0;0;0;91;102;3;0;0;0;0;0;105;196
60024;Ceccano;26;107;1;0;0;0;0;0;108;102;3;0;0;0;0;0;105;213
60024;Ceccano;27;99;2;0;0;0;0;0;101;79;5;0;0;0;0;0;84;185
60024;Ceccano;28;100;5;0;0;0;0;0;105;83;11;0;0;0;0;0;94;199
60024;Ceccano;29;90;8;0;0;1;0;0;99;82;12;0;0;0;0;0;94;193
60024;Ceccano;30;109;6;0;0;0;0;0;115;81;31;1;0;0;0;0;113;228
60024;Ceccano;31;89;10;0;0;0;0;0;99;78;27;2;1;0;0;0;108;207
60024;Ceccano;32;92;15;1;0;0;0;0;108;92;25;0;0;0;0;0;117;225
60024;Ceccano;33;100;23;0;0;0;0;0;123;69;42;1;0;0;0;0;112;235
60024;Ceccano;34;101;32;2;0;0;0;0;135;77;48;2;0;0;0;0;127;262
60024;Ceccano;35;102;45;3;0;0;0;0;150;78;58;0;0;0;0;0;136;286
60024;Ceccano;36;98;50;2;0;0;0;0;150;74;57;3;2;0;0;0;136;286
60024;Ceccano;37;77;49;2;0;0;0;0;128;73;64;1;0;0;0;0;138;266
60024;Ceccano;38;68;52;2;0;0;0;0;122;73;67;6;1;0;0;0;147;269
60024;Ceccano;39;75;71;1;0;0;0;0;147;56;76;7;0;0;0;0;139;286
60024;Ceccano;40;73;56;1;1;0;0;0;131;39;79;5;0;0;0;0;123;254
60024;Ceccano;41;77;68;5;0;0;0;0;150;49;91;5;1;0;0;0;146;296
60024;Ceccano;42;69;75;4;0;0;0;0;148;57;98;8;1;0;0;0;164;312
60024;Ceccano;43;57;77;3;0;0;0;0;137;41;106;6;1;0;0;0;154;291
60024;Ceccano;44;54;100;5;0;0;0;0;159;31;100;8;1;0;0;0;140;299
60024;Ceccano;45;58;96;8;1;0;0;0;163;35;97;10;2;0;0;0;144;307
60024;Ceccano;46;55;84;4;1;0;0;0;144;46;119;10;2;1;0;0;178;322
60024;Ceccano;47;59;104;7;0;1;0;0;171;27;116;7;1;0;0;0;151;322
60024;Ceccano;48;58;98;13;0;0;0;0;169;25;127;12;3;0;0;0;167;336
60024;Ceccano;49;43;94;7;1;0;0;0;145;29;127;9;3;0;0;0;168;313
60024;Ceccano;50;46;110;8;1;0;0;0;165;33;126;13;5;0;0;0;177;342
60024;Ceccano;51;50;128;11;3;0;0;0;192;20;128;12;1;0;0;0;161;353
60024;Ceccano;52;31;148;12;0;0;0;0;191;21;147;8;2;0;0;0;178;369
60024;Ceccano;53;32;121;9;2;0;0;0;164;27;158;17;4;0;0;0;206;370
60024;Ceccano;54;31;134;10;0;0;0;0;175;21;137;5;4;0;0;0;167;342
60024;Ceccano;55;22;130;8;1;0;0;0;161;17;149;11;6;1;0;0;184;345
60024;Ceccano;56;29;139;15;3;0;0;0;186;22;145;9;10;0;0;0;186;372
60024;Ceccano;57;36;134;8;1;0;0;0;179;20;148;12;14;0;0;0;194;373
60024;Ceccano;58;22;122;5;1;0;0;0;150;20;130;7;12;0;0;0;169;319
60024;Ceccano;59;18;127;11;1;0;0;0;157;13;140;7;13;0;0;0;173;330
60024;Ceccano;60;19;135;14;8;0;0;0;176;10;165;6;22;0;0;0;203;379
60024;Ceccano;61;14;157;7;3;0;0;0;181;10;147;11;16;0;0;0;184;365
60024;Ceccano;62;20;153;11;2;0;0;0;186;10;140;5;21;0;0;0;176;362
60024;Ceccano;63;16;136;7;7;0;0;0;166;8;131;10;21;0;0;0;170;336
60024;Ceccano;64;11;126;6;12;0;0;0;155;8;107;10;20;0;0;0;145;300
60024;Ceccano;65;7;107;5;4;0;0;0;123;10;111;9;22;0;0;0;152;275
60024;Ceccano;66;13;117;3;3;0;0;0;136;12;122;5;33;0;0;0;172;308
60024;Ceccano;67;14;125;5;6;0;0;0;150;6;114;4;19;0;0;0;143;293
60024;Ceccano;68;4;127;5;7;0;0;0;143;10;123;4;30;0;0;0;167;310
60024;Ceccano;69;6;112;5;9;0;0;0;132;9;129;5;32;0;0;0;175;307
60024;Ceccano;70;9;121;9;6;0;0;0;145;3;104;4;40;0;0;0;151;296
60024;Ceccano;71;5;127;3;7;0;0;0;142;2;86;5;42;0;0;0;135;277
60024;Ceccano;72;6;103;4;4;0;0;0;117;7;88;5;52;0;0;0;152;269
60024;Ceccano;73;6;99;2;8;0;0;0;115;5;74;2;35;0;0;0;116;231
60024;Ceccano;74;4;91;2;4;0;0;0;101;6;72;2;42;0;0;0;122;223
60024;Ceccano;75;8;128;1;8;0;0;0;145;4;77;4;41;0;0;0;126;271
60024;Ceccano;76;4;103;1;14;0;0;0;122;7;73;4;45;0;0;0;129;251
60024;Ceccano;77;2;84;6;13;0;0;0;105;4;77;2;50;0;0;0;133;238
60024;Ceccano;78;2;79;0;10;0;0;0;91;7;64;2;63;0;0;0;136;227
60024;Ceccano;79;2;59;2;5;0;0;0;68;5;32;1;44;0;0;0;82;150
60024;Ceccano;80;1;44;3;10;0;0;0;58;1;33;0;50;0;0;0;84;142
60024;Ceccano;81;2;66;0;10;0;0;0;78;5;31;1;50;0;0;0;87;165
60024;Ceccano;82;0;60;1;4;0;0;0;65;2;31;1;61;0;0;0;95;160
60024;Ceccano;83;3;56;1;10;0;0;0;70;4;25;0;49;0;0;0;78;148
60024;Ceccano;84;4;51;1;13;0;0;0;69;3;10;1;48;0;0;0;62;131
60024;Ceccano;85;0;46;0;9;0;0;0;55;5;27;0;47;0;0;0;79;134
60024;Ceccano;86;1;28;0;10;0;0;0;39;0;10;1;60;0;0;0;71;110
60024;Ceccano;87;2;27;1;12;0;0;0;42;1;11;0;44;0;0;0;56;98
60024;Ceccano;88;1;18;0;5;0;0;0;24;0;6;1;33;0;0;0;40;64
60024;Ceccano;89;2;13;0;7;0;0;0;22;1;8;0;42;0;0;0;51;73
60024;Ceccano;90;3;12;0;7;0;0;0;22;4;3;0;45;0;0;0;52;74
60024;Ceccano;91;0;13;0;9;0;0;0;22;1;2;1;19;0;0;0;23;45
60024;Ceccano;92;1;12;0;12;0;0;0;25;0;3;0;22;0;0;0;25;50
60024;Ceccano;93;0;8;0;9;0;0;0;17;1;2;0;20;0;0;0;23;40
60024;Ceccano;94;0;3;0;7;0;0;0;10;1;0;0;18;0;0;0;19;29
60024;Ceccano;95;0;5;0;4;0;0;0;9;0;1;0;15;0;0;0;16;25
60024;Ceccano;96;0;1;0;1;0;0;0;2;0;2;1;6;0;0;0;9;11
60024;Ceccano;97;0;2;0;0;0;0;0;2;0;0;0;5;0;0;0;5;7
60024;Ceccano;98;0;1;0;4;0;0;0;5;0;0;0;4;0;0;0;4;9
60024;Ceccano;99;0;0;0;1;0;0;0;1;1;0;0;2;0;0;0;3;4
60024;Ceccano;100;0;0;0;2;0;0;0;2;0;1;0;4;0;0;0;5;7
60024;Ceccano;999;4946;5270;272;303;2;0;0;10793;4323;5249;311;1424;2;0;0;11309;22102
60025;Ceprano;0;23;0;0;0;;;;23;17;0;0;0;;;;17;40
60025;Ceprano;1;19;0;0;0;;;;19;24;0;0;0;;;;24;43
60025;Ceprano;2;27;0;0;0;;;;27;14;0;0;0;;;;14;41
60025;Ceprano;3;22;0;0;0;;;;22;13;0;0;0;;;;13;35
60025;Ceprano;4;17;0;0;0;;;;17;20;0;0;0;;;;20;37
60025;Ceprano;5;20;0;0;0;;;;20;24;0;0;0;;;;24;44
60025;Ceprano;6;25;0;0;0;;;;25;11;0;0;0;;;;11;36
60025;Ceprano;7;29;0;0;0;;;;29;35;0;0;0;;;;35;64
60025;Ceprano;8;24;0;0;0;;;;24;33;0;0;0;;;;33;57
60025;Ceprano;9;33;0;0;0;;;;33;30;0;0;0;;;;30;63
60025;Ceprano;10;32;0;0;0;;;;32;34;0;0;0;;;;34;66
60025;Ceprano;11;30;0;0;0;;;;30;30;0;0;0;;;;30;60
60025;Ceprano;12;41;0;0;0;;;;41;33;0;0;0;;;;33;74
60025;Ceprano;13;43;0;0;0;;;;43;29;0;0;0;;;;29;72
60025;Ceprano;14;43;0;0;0;;;;43;58;0;0;0;;;;58;101
60025;Ceprano;15;47;0;0;0;;;;47;35;0;0;0;;;;35;82
60025;Ceprano;16;37;0;0;0;;;;37;31;0;0;0;;;;31;68
60025;Ceprano;17;39;0;0;0;;;;39;32;0;0;0;;;;32;71
60025;Ceprano;18;34;0;0;0;;;;34;44;0;0;0;;;;44;78
60025;Ceprano;19;33;0;0;0;;;;33;39;0;0;0;;;;39;72
60025;Ceprano;20;46;0;0;0;;;;46;27;0;0;0;;;;27;73
60025;Ceprano;21;39;0;0;0;;;;39;55;0;0;0;;;;55;94
60025;Ceprano;22;46;1;0;0;;;;47;27;0;0;0;;;;27;74
60025;Ceprano;23;40;0;0;0;;;;40;32;1;0;0;;;;33;73
60025;Ceprano;24;53;0;0;0;;;;53;35;0;0;0;;;;35;88
60025;Ceprano;25;54;1;0;0;;;;55;26;1;0;0;;;;27;82
60025;Ceprano;26;40;1;0;0;;;;41;26;0;0;0;;;;26;67
60025;Ceprano;27;54;0;0;0;;;;54;37;3;0;0;;;;40;94
60025;Ceprano;28;36;2;0;0;;;;38;29;2;0;0;;;;31;69
60025;Ceprano;29;49;4;0;0;;;;53;23;8;0;0;;;;31;84
60025;Ceprano;30;44;8;0;0;;;;52;34;9;0;0;;;;43;95
60025;Ceprano;31;45;2;0;0;;;;47;30;19;1;0;;;;50;97
60025;Ceprano;32;32;6;0;0;;;;38;32;16;1;0;;;;49;87
60025;Ceprano;33;37;9;0;0;;;;46;24;18;1;0;;;;43;89
60025;Ceprano;34;35;10;0;0;;;;45;16;8;1;0;;;;25;70
60025;Ceprano;35;38;12;0;0;;;;50;19;11;0;0;;;;30;80
60025;Ceprano;36;30;12;1;0;;;;43;12;16;3;0;;;;31;74
60025;Ceprano;37;27;19;0;0;;;;46;14;16;0;0;;;;30;76
60025;Ceprano;38;24;11;0;0;;;;35;16;26;1;1;;;;44;79
60025;Ceprano;39;19;12;0;0;;;;31;15;22;1;0;;;;38;69
60025;Ceprano;40;30;19;4;0;;;;53;16;26;0;1;;;;43;96
60025;Ceprano;41;22;26;0;0;;;;48;17;33;2;0;;;;52;100
60025;Ceprano;42;30;23;0;0;;;;53;5;32;1;0;;;;38;91
60025;Ceprano;43;19;28;1;0;;;;48;12;21;2;0;;;;35;83
60025;Ceprano;44;19;33;3;0;;;;55;13;42;5;1;;;;61;116
60025;Ceprano;45;22;40;0;0;;;;62;7;41;4;2;;;;54;116
60025;Ceprano;46;13;34;4;0;;;;51;16;48;4;1;;;;69;120
60025;Ceprano;47;21;32;3;0;;;;56;10;42;4;2;;;;58;114
60025;Ceprano;48;11;50;2;0;;;;63;8;49;3;0;;;;60;123
60025;Ceprano;49;23;51;3;0;;;;77;7;57;5;0;;;;69;146
60025;Ceprano;50;15;35;4;2;;;;56;8;47;6;1;;;;62;118
60025;Ceprano;51;15;47;4;0;;;;66;10;47;3;0;;;;60;126
60025;Ceprano;52;20;40;3;0;;;;63;7;67;2;1;;;;77;140
60025;Ceprano;53;5;51;4;2;;;;62;10;52;5;0;;;;67;129
60025;Ceprano;54;14;44;3;0;;;;61;9;56;3;2;;;;70;131
60025;Ceprano;55;11;50;6;2;;;;69;9;49;7;3;;;;68;137
60025;Ceprano;56;11;41;1;0;;;;53;10;47;4;1;;;;62;115
60025;Ceprano;57;5;55;0;1;;;;61;9;48;4;1;;;;62;123
60025;Ceprano;58;8;53;2;3;;;;66;8;48;3;4;;;;63;129
60025;Ceprano;59;5;52;4;0;;;;61;6;35;7;3;;;;51;112
60025;Ceprano;60;11;56;4;1;;;;72;9;52;8;7;;;;76;148
60025;Ceprano;61;7;43;3;1;;;;54;3;43;4;6;;;;56;110
60025;Ceprano;62;4;45;3;3;;;;55;4;39;6;6;;;;55;110
60025;Ceprano;63;8;37;5;0;;;;50;5;54;1;4;;;;64;114
60025;Ceprano;64;5;49;3;1;;;;58;6;50;7;9;;;;72;130
60025;Ceprano;65;4;36;3;1;;;;44;4;41;4;12;;;;61;105
60025;Ceprano;66;6;38;4;1;;;;49;3;36;2;13;;;;54;103
60025;Ceprano;67;4;42;1;0;;;;47;3;37;2;11;;;;53;100
60025;Ceprano;68;6;41;5;2;;;;54;4;45;3;15;;;;67;121
60025;Ceprano;69;4;48;4;3;;;;59;3;42;2;12;;;;59;118
60025;Ceprano;70;2;47;2;2;;;;53;3;35;3;9;;;;50;103
60025;Ceprano;71;3;32;4;4;;;;43;3;51;4;12;;;;70;113
60025;Ceprano;72;3;40;2;1;;;;46;0;40;1;19;;;;60;106
60025;Ceprano;73;3;28;2;2;;;;35;3;38;1;17;;;;59;94
60025;Ceprano;74;4;31;2;1;;;;38;0;38;0;17;;;;55;93
60025;Ceprano;75;3;39;2;7;;;;51;0;45;2;12;;;;59;110
60025;Ceprano;76;1;58;1;1;;;;61;3;35;2;25;;;;65;126
60025;Ceprano;77;0;54;1;5;;;;60;3;35;2;18;;;;58;118
60025;Ceprano;78;0;37;0;8;;;;45;0;24;0;15;;;;39;84
60025;Ceprano;79;0;24;1;5;;;;30;1;17;0;22;;;;40;70
60025;Ceprano;80;0;23;0;3;;;;26;0;13;0;22;;;;35;61
60025;Ceprano;81;2;32;0;1;;;;35;0;7;1;29;;;;37;72
60025;Ceprano;82;1;14;0;3;;;;18;0;10;0;20;;;;30;48
60025;Ceprano;83;1;16;2;1;;;;20;1;10;0;30;;;;41;61
60025;Ceprano;84;2;31;0;6;;;;39;0;11;0;22;;;;33;72
60025;Ceprano;85;1;18;0;5;;;;24;0;12;0;22;;;;34;58
60025;Ceprano;86;1;13;0;4;;;;18;1;4;0;23;;;;28;46
60025;Ceprano;87;0;16;0;8;;;;24;1;4;0;19;;;;24;48
60025;Ceprano;88;0;7;0;4;;;;11;1;3;1;16;;;;21;32
60025;Ceprano;89;0;10;0;7;;;;17;1;3;0;17;;;;21;38
60025;Ceprano;90;0;8;0;4;;;;12;0;2;0;9;;;;11;23
60025;Ceprano;91;0;6;0;2;;;;8;0;3;0;15;;;;18;26
60025;Ceprano;92;0;4;0;2;;;;6;1;0;0;11;;;;12;18
60025;Ceprano;93;1;5;0;2;;;;8;0;0;0;10;;;;10;18
60025;Ceprano;94;0;3;0;1;;;;4;0;0;0;3;;;;3;7
60025;Ceprano;95;0;1;0;2;;;;3;0;1;0;9;;;;10;13
60025;Ceprano;96;0;0;0;4;;;;4;0;0;0;1;;;;1;5
60025;Ceprano;97;0;0;0;0;;;;0;0;0;0;4;;;;4;4
60025;Ceprano;98;0;0;0;0;;;;0;0;0;0;3;;;;3;3
60025;Ceprano;99;0;0;0;1;;;;1;0;0;0;1;;;;1;2
60025;Ceprano;100;0;0;0;0;;;;0;0;0;0;4;;;;4;4
60025;Ceprano;999;1812;1946;106;119;;;;3983;1378;1943;139;575;;;;4035;8018
60026;Cervaro;0;24;0;0;0;;;;24;21;0;0;0;;;;21;45
60026;Cervaro;1;24;0;0;0;;;;24;29;0;0;0;;;;29;53
60026;Cervaro;2;25;0;0;0;;;;25;20;0;0;0;;;;20;45
60026;Cervaro;3;25;0;0;0;;;;25;25;0;0;0;;;;25;50
60026;Cervaro;4;20;0;0;0;;;;20;21;0;0;0;;;;21;41
60026;Cervaro;5;41;0;0;0;;;;41;27;0;0;0;;;;27;68
60026;Cervaro;6;29;0;0;0;;;;29;20;0;0;0;;;;20;49
60026;Cervaro;7;46;0;0;0;;;;46;43;0;0;0;;;;43;89
60026;Cervaro;8;39;0;0;0;;;;39;29;0;0;0;;;;29;68
60026;Cervaro;9;29;0;0;0;;;;29;27;0;0;0;;;;27;56
60026;Cervaro;10;37;0;0;0;;;;37;44;0;0;0;;;;44;81
60026;Cervaro;11;34;0;0;0;;;;34;42;0;0;0;;;;42;76
60026;Cervaro;12;31;0;0;0;;;;31;34;0;0;0;;;;34;65
60026;Cervaro;13;41;0;0;0;;;;41;44;0;0;0;;;;44;85
60026;Cervaro;14;48;0;0;0;;;;48;32;0;0;0;;;;32;80
60026;Cervaro;15;40;0;0;0;;;;40;36;0;0;0;;;;36;76
60026;Cervaro;16;33;0;0;0;;;;33;56;0;0;0;;;;56;89
60026;Cervaro;17;48;0;0;0;;;;48;41;0;0;0;;;;41;89
60026;Cervaro;18;47;0;0;0;;;;47;31;0;0;0;;;;31;78
60026;Cervaro;19;27;0;0;0;;;;27;33;0;0;0;;;;33;60
60026;Cervaro;20;41;0;0;0;;;;41;36;0;0;0;;;;36;77
60026;Cervaro;21;37;0;0;0;;;;37;37;0;0;0;;;;37;74
60026;Cervaro;22;49;0;0;0;;;;49;34;0;0;0;;;;34;83
60026;Cervaro;23;30;0;0;0;;;;30;45;0;0;0;;;;45;75
60026;Cervaro;24;40;1;0;0;;;;41;34;1;0;0;;;;35;76
60026;Cervaro;25;45;1;0;0;;;;46;31;3;0;0;;;;34;80
60026;Cervaro;26;29;0;0;0;;;;29;28;3;0;0;;;;31;60
60026;Cervaro;27;41;1;0;0;;;;42;32;5;0;0;;;;37;79
60026;Cervaro;28;43;6;0;0;;;;49;36;6;0;0;;;;42;91
60026;Cervaro;29;32;1;0;0;;;;33;22;5;0;0;;;;27;60
60026;Cervaro;30;34;7;0;0;;;;41;27;3;0;0;;;;30;71
60026;Cervaro;31;35;8;0;0;;;;43;35;8;1;0;;;;44;87
60026;Cervaro;32;39;9;0;0;;;;48;30;15;1;0;;;;46;94
60026;Cervaro;33;26;12;0;0;;;;38;33;9;0;0;;;;42;80
60026;Cervaro;34;35;13;0;0;;;;48;25;12;1;0;;;;38;86
60026;Cervaro;35;27;8;0;0;;;;35;21;18;0;0;;;;39;74
60026;Cervaro;36;23;12;0;0;;;;35;29;16;1;0;;;;46;81
60026;Cervaro;37;22;11;0;0;;;;33;30;24;4;0;;;;58;91
60026;Cervaro;38;17;15;0;0;;;;32;19;22;0;1;;;;42;74
60026;Cervaro;39;29;21;1;0;;;;51;20;39;1;0;;;;60;111
60026;Cervaro;40;20;27;0;0;;;;47;9;27;0;1;;;;37;84
60026;Cervaro;41;24;26;3;0;;;;53;9;25;3;0;;;;37;90
60026;Cervaro;42;19;28;2;0;;;;49;8;47;3;0;;;;58;107
60026;Cervaro;43;23;23;3;0;;;;49;16;37;3;1;;;;57;106
60026;Cervaro;44;23;22;2;1;;;;48;14;46;2;0;;;;62;110
60026;Cervaro;45;14;36;2;0;;;;52;13;40;1;1;;;;55;107
60026;Cervaro;46;16;42;3;0;;;;61;14;40;1;0;;;;55;116
60026;Cervaro;47;19;28;1;0;;;;48;9;48;4;0;;;;61;109
60026;Cervaro;48;15;42;3;0;;;;60;13;41;7;1;;;;62;122
60026;Cervaro;49;17;36;4;0;;;;57;16;39;2;0;;;;57;114
60026;Cervaro;50;18;42;3;0;;;;63;14;41;6;2;;;;63;126
60026;Cervaro;51;20;37;0;0;;;;57;11;58;4;0;;;;73;130
60026;Cervaro;52;13;54;1;1;;;;69;12;51;2;2;;;;67;136
60026;Cervaro;53;13;45;3;0;;;;61;8;39;5;2;;;;54;115
60026;Cervaro;54;9;46;5;1;;;;61;6;53;9;0;;;;68;129
60026;Cervaro;55;19;53;4;1;;;;77;11;42;6;0;;;;59;136
60026;Cervaro;56;10;52;8;1;;;;71;14;43;2;6;;;;65;136
60026;Cervaro;57;7;47;1;1;;;;56;5;51;12;6;;;;74;130
60026;Cervaro;58;8;48;2;0;;;;58;4;47;5;1;;;;57;115
60026;Cervaro;59;6;62;5;1;;;;74;3;43;3;6;;;;55;129
60026;Cervaro;60;6;47;3;3;;;;59;9;59;2;6;;;;76;135
60026;Cervaro;61;7;38;1;0;;;;46;3;43;2;4;;;;52;98
60026;Cervaro;62;4;51;3;2;;;;60;6;54;3;3;;;;66;126
60026;Cervaro;63;2;35;2;1;;;;40;7;53;2;3;;;;65;105
60026;Cervaro;64;7;36;2;0;;;;45;1;32;6;8;;;;47;92
60026;Cervaro;65;1;41;2;0;;;;44;2;30;3;7;;;;42;86
60026;Cervaro;66;4;52;2;1;;;;59;2;36;5;11;;;;54;113
60026;Cervaro;67;3;39;2;2;;;;46;4;44;1;7;;;;56;102
60026;Cervaro;68;2;31;1;2;;;;36;5;37;5;6;;;;53;89
60026;Cervaro;69;5;44;3;2;;;;54;1;46;3;10;;;;60;114
60026;Cervaro;70;4;31;1;1;;;;37;2;40;0;10;;;;52;89
60026;Cervaro;71;3;49;1;3;;;;56;5;30;0;10;;;;45;101
60026;Cervaro;72;2;38;3;3;;;;46;4;22;2;8;;;;36;82
60026;Cervaro;73;3;37;1;2;;;;43;3;36;1;11;;;;51;94
60026;Cervaro;74;4;43;3;5;;;;55;1;28;2;15;;;;46;101
60026;Cervaro;75;1;39;1;4;;;;45;1;33;1;15;;;;50;95
60026;Cervaro;76;2;41;1;3;;;;47;1;28;0;25;;;;54;101
60026;Cervaro;77;1;34;0;8;;;;43;3;34;2;17;;;;56;99
60026;Cervaro;78;0;33;2;5;;;;40;2;27;1;22;;;;52;92
60026;Cervaro;79;0;20;1;3;;;;24;1;8;0;11;;;;20;44
60026;Cervaro;80;0;18;1;7;;;;26;2;19;1;10;;;;32;58
60026;Cervaro;81;1;18;1;2;;;;22;1;12;1;12;;;;26;48
60026;Cervaro;82;1;17;0;2;;;;20;0;13;0;14;;;;27;47
60026;Cervaro;83;1;17;1;7;;;;26;0;5;1;15;;;;21;47
60026;Cervaro;84;1;22;1;3;;;;27;0;5;0;20;;;;25;52
60026;Cervaro;85;1;17;0;2;;;;20;0;8;0;24;;;;32;52
60026;Cervaro;86;1;15;0;1;;;;17;1;3;0;17;;;;21;38
60026;Cervaro;87;1;11;0;4;;;;16;0;5;0;11;;;;16;32
60026;Cervaro;88;0;13;0;2;;;;15;1;6;0;14;;;;21;36
60026;Cervaro;89;0;9;0;4;;;;13;0;3;0;17;;;;20;33
60026;Cervaro;90;0;8;0;1;;;;9;0;3;1;10;;;;14;23
60026;Cervaro;91;0;3;0;1;;;;4;0;5;0;14;;;;19;23
60026;Cervaro;92;0;2;0;1;;;;3;0;1;0;6;;;;7;10
60026;Cervaro;93;0;2;0;0;;;;2;1;2;0;9;;;;12;14
60026;Cervaro;94;0;0;0;2;;;;2;0;0;0;3;;;;3;5
60026;Cervaro;95;0;2;0;1;;;;3;0;0;0;4;;;;4;7
60026;Cervaro;96;0;1;0;1;;;;2;0;0;0;1;;;;1;3
60026;Cervaro;97;0;0;0;0;;;;0;0;0;0;4;;;;4;4
60026;Cervaro;98;0;0;0;0;;;;0;0;0;0;2;;;;2;2
60026;Cervaro;99;0;0;0;0;;;;0;1;0;0;1;;;;2;2
60026;Cervaro;100;0;0;0;0;;;;0;0;0;0;1;;;;1;1
60026;Cervaro;999;1743;1876;95;98;;;;3812;1538;1857;134;448;;;;3977;7789
60027;Colfelice;0;10;0;0;0;;;;10;2;0;0;0;;;;2;12
60027;Colfelice;1;11;0;0;0;;;;11;5;0;0;0;;;;5;16
60027;Colfelice;2;8;0;0;0;;;;8;6;0;0;0;;;;6;14
60027;Colfelice;3;5;0;0;0;;;;5;7;0;0;0;;;;7;12
60027;Colfelice;4;7;0;0;0;;;;7;7;0;0;0;;;;7;14
60027;Colfelice;5;7;0;0;0;;;;7;10;0;0;0;;;;10;17
60027;Colfelice;6;5;0;0;0;;;;5;12;0;0;0;;;;12;17
60027;Colfelice;7;9;0;0;0;;;;9;7;0;0;0;;;;7;16
60027;Colfelice;8;5;0;0;0;;;;5;8;0;0;0;;;;8;13
60027;Colfelice;9;4;0;0;0;;;;4;8;0;0;0;;;;8;12
60027;Colfelice;10;5;0;0;0;;;;5;8;0;0;0;;;;8;13
60027;Colfelice;11;9;0;0;0;;;;9;2;0;0;0;;;;2;11
60027;Colfelice;12;8;0;0;0;;;;8;9;0;0;0;;;;9;17
60027;Colfelice;13;10;0;0;0;;;;10;6;0;0;0;;;;6;16
60027;Colfelice;14;8;0;0;0;;;;8;4;0;0;0;;;;4;12
60027;Colfelice;15;7;0;0;0;;;;7;6;0;0;0;;;;6;13
60027;Colfelice;16;4;0;0;0;;;;4;8;0;0;0;;;;8;12
60027;Colfelice;17;5;0;0;0;;;;5;5;0;0;0;;;;5;10
60027;Colfelice;18;10;0;0;0;;;;10;10;0;0;0;;;;10;20
60027;Colfelice;19;6;0;0;0;;;;6;7;0;0;0;;;;7;13
60027;Colfelice;20;9;0;0;0;;;;9;3;0;0;0;;;;3;12
60027;Colfelice;21;12;0;0;0;;;;12;4;0;0;0;;;;4;16
60027;Colfelice;22;5;0;0;0;;;;5;10;0;0;0;;;;10;15
60027;Colfelice;23;4;0;0;0;;;;4;7;0;0;0;;;;7;11
60027;Colfelice;24;6;0;0;0;;;;6;5;0;0;0;;;;5;11
60027;Colfelice;25;6;0;0;0;;;;6;9;0;0;0;;;;9;15
60027;Colfelice;26;11;0;0;0;;;;11;9;1;0;0;;;;10;21
60027;Colfelice;27;10;1;0;0;;;;11;5;0;0;0;;;;5;16
60027;Colfelice;28;11;2;0;0;;;;13;9;4;0;0;;;;13;26
60027;Colfelice;29;7;1;0;0;;;;8;6;2;0;0;;;;8;16
60027;Colfelice;30;6;0;0;0;;;;6;7;3;0;0;;;;10;16
60027;Colfelice;31;4;2;0;0;;;;6;6;0;0;0;;;;6;12
60027;Colfelice;32;9;3;0;0;;;;12;3;5;0;0;;;;8;20
60027;Colfelice;33;7;3;0;0;;;;10;5;4;0;0;;;;9;19
60027;Colfelice;34;15;4;0;0;;;;19;4;6;0;0;;;;10;29
60027;Colfelice;35;7;3;0;0;;;;10;7;3;2;0;;;;12;22
60027;Colfelice;36;6;0;0;0;;;;6;6;6;1;0;;;;13;19
60027;Colfelice;37;4;6;0;0;;;;10;2;4;0;0;;;;6;16
60027;Colfelice;38;9;4;0;0;;;;13;4;7;0;0;;;;11;24
60027;Colfelice;39;3;8;1;0;;;;12;4;3;0;1;;;;8;20
60027;Colfelice;40;8;5;0;0;;;;13;5;8;0;0;;;;13;26
60027;Colfelice;41;5;7;0;0;;;;12;5;4;0;0;;;;9;21
60027;Colfelice;42;8;5;0;0;;;;13;1;9;0;1;;;;11;24
60027;Colfelice;43;4;7;1;0;;;;12;4;7;1;0;;;;12;24
60027;Colfelice;44;11;9;0;0;;;;20;2;4;0;1;;;;7;27
60027;Colfelice;45;8;7;0;0;;;;15;7;5;1;0;;;;13;28
60027;Colfelice;46;4;3;1;1;;;;9;5;10;1;0;;;;16;25
60027;Colfelice;47;5;4;0;0;;;;9;0;7;0;1;;;;8;17
60027;Colfelice;48;7;5;1;0;;;;13;2;15;2;2;;;;21;34
60027;Colfelice;49;3;11;2;0;;;;16;0;4;1;0;;;;5;21
60027;Colfelice;50;6;5;0;0;;;;11;2;7;3;0;;;;12;23
60027;Colfelice;51;3;4;0;0;;;;7;2;5;2;0;;;;9;16
60027;Colfelice;52;6;6;1;0;;;;13;3;21;1;0;;;;25;38
60027;Colfelice;53;2;7;2;0;;;;11;4;16;1;0;;;;21;32
60027;Colfelice;54;2;9;0;0;;;;11;2;6;0;1;;;;9;20
60027;Colfelice;55;1;16;2;0;;;;19;0;14;0;0;;;;14;33
60027;Colfelice;56;0;12;2;1;;;;15;0;10;0;1;;;;11;26
60027;Colfelice;57;2;9;0;0;;;;11;0;9;0;1;;;;10;21
60027;Colfelice;58;1;10;1;0;;;;12;2;9;1;0;;;;12;24
60027;Colfelice;59;0;10;1;1;;;;12;0;8;0;1;;;;9;21
60027;Colfelice;60;2;11;1;0;;;;14;0;12;1;0;;;;13;27
60027;Colfelice;61;2;9;1;0;;;;12;2;16;1;4;;;;23;35
60027;Colfelice;62;0;7;1;1;;;;9;1;9;0;2;;;;12;21
60027;Colfelice;63;0;14;0;0;;;;14;0;9;0;1;;;;10;24
60027;Colfelice;64;0;15;1;1;;;;17;4;11;1;1;;;;17;34
60027;Colfelice;65;0;12;0;1;;;;13;2;8;1;0;;;;11;24
60027;Colfelice;66;0;12;0;0;;;;12;1;13;1;0;;;;15;27
60027;Colfelice;67;1;11;0;0;;;;12;0;6;1;1;;;;8;20
60027;Colfelice;68;0;10;2;0;;;;12;1;11;0;3;;;;15;27
60027;Colfelice;69;0;9;3;0;;;;12;1;6;0;0;;;;7;19
60027;Colfelice;70;1;10;1;0;;;;12;1;9;0;3;;;;13;25
60027;Colfelice;71;3;9;1;1;;;;14;2;8;1;2;;;;13;27
60027;Colfelice;72;1;11;0;1;;;;13;1;10;0;7;;;;18;31
60027;Colfelice;73;0;15;0;0;;;;15;0;10;1;2;;;;13;28
60027;Colfelice;74;0;11;0;1;;;;12;1;7;0;2;;;;10;22
60027;Colfelice;75;1;7;1;1;;;;10;0;7;0;7;;;;14;24
60027;Colfelice;76;2;14;0;1;;;;17;0;5;1;5;;;;11;28
60027;Colfelice;77;0;7;0;0;;;;7;0;5;0;5;;;;10;17
60027;Colfelice;78;1;5;0;1;;;;7;0;6;0;2;;;;8;15
60027;Colfelice;79;0;1;0;0;;;;1;0;3;0;3;;;;6;7
60027;Colfelice;80;0;7;0;0;;;;7;0;3;0;5;;;;8;15
60027;Colfelice;81;0;7;0;1;;;;8;0;5;0;4;;;;9;17
60027;Colfelice;82;0;7;0;0;;;;7;0;5;0;4;;;;9;16
60027;Colfelice;83;1;4;0;1;;;;6;0;5;0;3;;;;8;14
60027;Colfelice;84;0;5;0;0;;;;5;0;3;0;1;;;;4;9
60027;Colfelice;85;0;4;0;2;;;;6;0;1;0;2;;;;3;9
60027;Colfelice;86;0;2;0;0;;;;2;0;2;0;8;;;;10;12
60027;Colfelice;87;0;2;0;1;;;;3;0;0;0;3;;;;3;6
60027;Colfelice;88;0;2;0;1;;;;3;0;2;0;6;;;;8;11
60027;Colfelice;89;0;4;0;1;;;;5;2;1;0;5;;;;8;13
60027;Colfelice;90;0;2;0;0;;;;2;0;1;0;3;;;;4;6
60027;Colfelice;91;0;0;0;0;;;;0;0;2;0;1;;;;3;3
60027;Colfelice;92;0;0;0;3;;;;3;0;0;0;3;;;;3;6
60027;Colfelice;93;0;1;0;1;;;;2;1;1;0;2;;;;4;6
60027;Colfelice;94;0;0;0;0;;;;0;0;0;0;2;;;;2;2
60027;Colfelice;95;0;0;0;0;;;;0;0;0;0;2;;;;2;2
60027;Colfelice;96;0;0;0;1;;;;1;0;0;0;2;;;;2;3
60027;Colfelice;97;0;0;0;0;;;;0;1;1;0;1;;;;3;3
60027;Colfelice;98;0;0;0;0;;;;0;0;0;0;1;;;;1;1
60027;Colfelice;99;0;0;0;0;;;;0;0;0;0;0;;;;0;0
60027;Colfelice;100;0;0;0;0;;;;0;0;0;0;1;;;;1;1
60027;Colfelice;999;395;435;27;24;;;;881;319;429;26;119;;;;893;1774
60028;Collepardo;0;3;0;0;0;;;;3;0;0;0;0;;;;0;3
60028;Collepardo;1;0;0;0;0;;;;0;3;0;0;0;;;;3;3
60028;Collepardo;2;2;0;0;0;;;;2;3;0;0;0;;;;3;5
60028;Collepardo;3;1;0;0;0;;;;1;1;0;0;0;;;;1;2
60028;Collepardo;4;6;0;0;0;;;;6;2;0;0;0;;;;2;8
60028;Collepardo;5;2;0;0;0;;;;2;1;0;0;0;;;;1;3
60028;Collepardo;6;2;0;0;0;;;;2;2;0;0;0;;;;2;4
60028;Collepardo;7;0;0;0;0;;;;0;2;0;0;0;;;;2;2
60028;Collepardo;8;6;0;0;0;;;;6;3;0;0;0;;;;3;9
60028;Collepardo;9;4;0;0;0;;;;4;2;0;0;0;;;;2;6
60028;Collepardo;10;1;0;0;0;;;;1;7;0;0;0;;;;7;8
60028;Collepardo;11;8;0;0;0;;;;8;5;0;0;0;;;;5;13
60028;Collepardo;12;6;0;0;0;;;;6;2;0;0;0;;;;2;8
60028;Collepardo;13;2;0;0;0;;;;2;4;0;0;0;;;;4;6
60028;Collepardo;14;8;0;0;0;;;;8;4;0;0;0;;;;4;12
60028;Collepardo;15;3;0;0;0;;;;3;3;0;0;0;;;;3;6
60028;Collepardo;16;1;0;0;0;;;;1;3;0;0;0;;;;3;4
60028;Collepardo;17;6;0;0;0;;;;6;2;0;0;0;;;;2;8
60028;Collepardo;18;1;0;0;0;;;;1;6;0;0;0;;;;6;7
60028;Collepardo;19;2;0;0;0;;;;2;1;0;0;0;;;;1;3
60028;Collepardo;20;2;0;0;0;;;;2;2;0;0;0;;;;2;4
60028;Collepardo;21;11;0;0;0;;;;11;3;1;0;0;;;;4;15
60028;Collepardo;22;1;0;0;0;;;;1;3;0;0;0;;;;3;4
60028;Collepardo;23;3;0;0;0;;;;3;4;0;0;0;;;;4;7
60028;Collepardo;24;2;0;0;0;;;;2;4;0;0;0;;;;4;6
60028;Collepardo;25;3;0;0;0;;;;3;0;0;0;0;;;;0;3
60028;Collepardo;26;7;0;0;0;;;;7;3;0;0;0;;;;3;10
60028;Collepardo;27;5;0;0;0;;;;5;8;0;0;0;;;;8;13
60028;Collepardo;28;7;0;0;0;;;;7;3;1;0;0;;;;4;11
60028;Collepardo;29;5;0;0;0;;;;5;1;1;0;0;;;;2;7
60028;Collepardo;30;6;1;0;0;;;;7;2;0;0;0;;;;2;9
60028;Collepardo;31;5;1;0;0;;;;6;4;1;0;0;;;;5;11
60028;Collepardo;32;4;1;0;0;;;;5;2;1;0;0;;;;3;8
60028;Collepardo;33;6;0;0;0;;;;6;3;3;0;0;;;;6;12
60028;Collepardo;34;4;0;0;0;;;;4;4;1;0;0;;;;5;9
60028;Collepardo;35;2;0;0;0;;;;2;5;2;0;0;;;;7;9
60028;Collepardo;36;4;3;0;0;;;;7;4;1;0;0;;;;5;12
60028;Collepardo;37;5;1;0;0;;;;6;3;2;0;0;;;;5;11
60028;Collepardo;38;1;4;0;0;;;;5;0;3;0;0;;;;3;8
60028;Collepardo;39;3;1;1;0;;;;5;4;1;0;0;;;;5;10
60028;Collepardo;40;8;2;0;0;;;;10;0;1;0;0;;;;1;11
60028;Collepardo;41;3;2;0;0;;;;5;2;2;1;0;;;;5;10
60028;Collepardo;42;1;0;0;0;;;;1;2;9;0;0;;;;11;12
60028;Collepardo;43;6;3;0;0;;;;9;3;4;0;0;;;;7;16
60028;Collepardo;44;1;4;0;0;;;;5;1;1;0;0;;;;2;7
60028;Collepardo;45;3;0;0;0;;;;3;2;1;0;0;;;;3;6
60028;Collepardo;46;3;5;0;0;;;;8;2;5;1;0;;;;8;16
60028;Collepardo;47;5;4;0;0;;;;9;2;4;0;0;;;;6;15
60028;Collepardo;48;4;3;0;0;;;;7;2;5;1;0;;;;8;15
60028;Collepardo;49;4;3;2;0;;;;9;2;3;1;0;;;;6;15
60028;Collepardo;50;4;3;0;0;;;;7;2;2;0;0;;;;4;11
60028;Collepardo;51;0;6;0;0;;;;6;2;5;3;0;;;;10;16
60028;Collepardo;52;0;5;1;0;;;;6;1;3;0;0;;;;4;10
60028;Collepardo;53;3;2;1;0;;;;6;0;5;1;1;;;;7;13
60028;Collepardo;54;2;3;1;0;;;;6;2;5;1;0;;;;8;14
60028;Collepardo;55;2;5;0;0;;;;7;2;3;0;2;;;;7;14
60028;Collepardo;56;1;3;0;0;;;;4;0;5;1;0;;;;6;10
60028;Collepardo;57;3;1;0;0;;;;4;1;7;1;0;;;;9;13
60028;Collepardo;58;1;6;1;0;;;;8;1;8;1;1;;;;11;19
60028;Collepardo;59;1;9;1;0;;;;11;3;8;0;1;;;;12;23
60028;Collepardo;60;3;7;0;0;;;;10;0;6;0;0;;;;6;16
60028;Collepardo;61;2;0;1;1;;;;4;1;10;1;0;;;;12;16
60028;Collepardo;62;0;6;1;0;;;;7;0;4;1;0;;;;5;12
60028;Collepardo;63;1;5;1;0;;;;7;0;3;0;1;;;;4;11
60028;Collepardo;64;1;7;0;0;;;;8;0;3;0;2;;;;5;13
60028;Collepardo;65;1;7;0;1;;;;9;0;1;0;1;;;;2;11
60028;Collepardo;66;1;11;0;0;;;;12;0;5;0;3;;;;8;20
60028;Collepardo;67;1;8;0;1;;;;10;0;2;0;0;;;;2;12
60028;Collepardo;68;1;7;0;0;;;;8;0;8;0;1;;;;9;17
60028;Collepardo;69;1;4;0;0;;;;5;2;7;1;3;;;;13;18
60028;Collepardo;70;0;1;0;1;;;;2;2;2;0;1;;;;5;7
60028;Collepardo;71;1;2;0;1;;;;4;1;7;0;2;;;;10;14
60028;Collepardo;72;1;3;0;0;;;;4;1;4;0;1;;;;6;10
60028;Collepardo;73;0;4;0;0;;;;4;0;5;0;3;;;;8;12
60028;Collepardo;74;0;6;1;2;;;;9;0;2;0;1;;;;3;12
60028;Collepardo;75;0;2;0;0;;;;2;0;2;0;2;;;;4;6
60028;Collepardo;76;2;5;0;1;;;;8;1;7;0;3;;;;11;19
60028;Collepardo;77;0;6;0;0;;;;6;0;0;0;1;;;;1;7
60028;Collepardo;78;0;2;0;1;;;;3;0;0;0;0;;;;0;3
60028;Collepardo;79;0;1;0;0;;;;1;0;1;0;4;;;;5;6
60028;Collepardo;80;0;3;0;0;;;;3;0;0;0;1;;;;1;4
60028;Collepardo;81;1;5;0;1;;;;7;1;0;0;2;;;;3;10
60028;Collepardo;82;0;1;1;1;;;;3;0;3;0;1;;;;4;7
60028;Collepardo;83;0;2;0;1;;;;3;0;0;0;1;;;;1;4
60028;Collepardo;84;1;0;0;0;;;;1;0;0;1;4;;;;5;6
60028;Collepardo;85;0;1;0;0;;;;1;1;0;0;1;;;;2;3
60028;Collepardo;86;0;1;0;1;;;;2;0;3;0;3;;;;6;8
60028;Collepardo;87;0;1;0;0;;;;1;1;1;0;3;;;;5;6
60028;Collepardo;88;0;1;0;0;;;;1;0;0;0;2;;;;2;3
60028;Collepardo;89;0;0;0;0;;;;0;0;0;0;1;;;;1;1
60028;Collepardo;90;0;0;0;0;;;;0;0;0;0;1;;;;1;1
60028;Collepardo;91;0;0;0;0;;;;0;0;0;0;1;;;;1;1
60028;Collepardo;92;0;0;0;0;;;;0;0;1;0;2;;;;3;3
60028;Collepardo;93;0;0;0;0;;;;0;0;0;0;0;;;;0;0
60028;Collepardo;94;0;0;0;0;;;;0;0;0;0;0;;;;0;0
60028;Collepardo;95;0;0;0;0;;;;0;0;0;0;0;;;;0;0
60028;Collepardo;96;0;1;0;0;;;;1;0;0;0;0;;;;0;1
60028;Collepardo;97;0;0;0;0;;;;0;0;0;0;0;;;;0;0
60028;Collepardo;98;0;0;0;0;;;;0;0;0;0;0;;;;0;0
60028;Collepardo;99;0;0;0;0;;;;0;0;0;0;0;;;;0;0
60028;Collepardo;100;0;0;0;0;;;;0;0;0;0;1;;;;1;1
60028;Collepardo;999;223;191;13;13;;;;440;161;191;16;58;;;;426;866
60029;Colle San Magno;0;3;0;0;0;;;;3;1;0;0;0;;;;1;4
60029;Colle San Magno;1;2;0;0;0;;;;2;1;0;0;0;;;;1;3
60029;Colle San Magno;2;3;0;0;0;;;;3;0;0;0;0;;;;0;3
60029;Colle San Magno;3;1;0;0;0;;;;1;4;0;0;0;;;;4;5
60029;Colle San Magno;4;1;0;0;0;;;;1;1;0;0;0;;;;1;2
60029;Colle San Magno;5;3;0;0;0;;;;3;1;0;0;0;;;;1;4
60029;Colle San Magno;6;0;0;0;0;;;;0;2;0;0;0;;;;2;2
60029;Colle San Magno;7;3;0;0;0;;;;3;3;0;0;0;;;;3;6
60029;Colle San Magno;8;2;0;0;0;;;;2;0;0;0;0;;;;0;2
60029;Colle San Magno;9;2;0;0;0;;;;2;1;0;0;0;;;;1;3
60029;Colle San Magno;10;3;0;0;0;;;;3;2;0;0;0;;;;2;5
60029;Colle San Magno;11;5;0;0;0;;;;5;2;0;0;0;;;;2;7
60029;Colle San Magno;12;1;0;0;0;;;;1;3;0;0;0;;;;3;4
60029;Colle San Magno;13;4;0;0;0;;;;4;3;0;0;0;;;;3;7
60029;Colle San Magno;14;2;0;0;0;;;;2;0;0;0;0;;;;0;2
60029;Colle San Magno;15;0;0;0;0;;;;0;4;0;0;0;;;;4;4
60029;Colle San Magno;16;3;0;0;0;;;;3;2;0;0;0;;;;2;5
60029;Colle San Magno;17;2;0;0;0;;;;2;2;0;0;0;;;;2;4
60029;Colle San Magno;18;4;0;0;0;;;;4;3;0;0;0;;;;3;7
60029;Colle San Magno;19;2;0;0;0;;;;2;4;0;0;0;;;;4;6
60029;Colle San Magno;20;2;0;0;0;;;;2;2;0;0;0;;;;2;4
60029;Colle San Magno;21;2;0;0;0;;;;2;1;0;0;0;;;;1;3
60029;Colle San Magno;22;5;0;0;0;;;;5;2;0;0;0;;;;2;7
60029;Colle San Magno;23;2;0;0;0;;;;2;3;0;0;0;;;;3;5
60029;Colle San Magno;24;3;0;0;0;;;;3;0;0;0;0;;;;0;3
60029;Colle San Magno;25;2;0;0;0;;;;2;4;0;0;0;;;;4;6
60029;Colle San Magno;26;4;0;0;0;;;;4;2;0;0;0;;;;2;6
60029;Colle San Magno;27;2;0;0;0;;;;2;2;0;0;0;;;;2;4
60029;Colle San Magno;28;2;0;0;0;;;;2;3;0;0;0;;;;3;5
60029;Colle San Magno;29;6;1;0;0;;;;7;1;0;0;0;;;;1;8
60029;Colle San Magno;30;0;0;0;0;;;;0;5;0;0;0;;;;5;5
60029;Colle San Magno;31;4;0;0;0;;;;4;5;1;0;0;;;;6;10
60029;Colle San Magno;32;5;0;0;0;;;;5;0;0;0;0;;;;0;5
60029;Colle San Magno;33;4;1;0;0;;;;5;2;2;0;0;;;;4;9
60029;Colle San Magno;34;1;0;0;0;;;;1;1;2;0;0;;;;3;4
60029;Colle San Magno;35;5;1;0;0;;;;6;7;1;0;0;;;;8;14
60029;Colle San Magno;36;2;2;0;0;;;;4;1;0;0;0;;;;1;5
60029;Colle San Magno;37;1;0;0;0;;;;1;1;0;0;0;;;;1;2
60029;Colle San Magno;38;2;0;0;0;;;;2;1;5;0;0;;;;6;8
60029;Colle San Magno;39;1;1;0;0;;;;2;0;2;0;0;;;;2;4
60029;Colle San Magno;40;1;1;0;0;;;;2;1;6;0;0;;;;7;9
60029;Colle San Magno;41;3;1;0;0;;;;4;1;1;1;0;;;;3;7
60029;Colle San Magno;42;1;4;1;0;;;;6;3;2;1;0;;;;6;12
60029;Colle San Magno;43;3;5;0;0;;;;8;0;0;0;0;;;;0;8
60029;Colle San Magno;44;0;3;0;0;;;;3;0;3;0;0;;;;3;6
60029;Colle San Magno;45;2;2;1;0;;;;5;3;2;0;0;;;;5;10
60029;Colle San Magno;46;0;5;0;0;;;;5;3;2;1;0;;;;6;11
60029;Colle San Magno;47;2;5;0;0;;;;7;2;3;1;0;;;;6;13
60029;Colle San Magno;48;2;2;0;0;;;;4;0;4;0;0;;;;4;8
60029;Colle San Magno;49;3;1;0;0;;;;4;0;2;0;0;;;;2;6
60029;Colle San Magno;50;0;3;0;0;;;;3;0;4;0;0;;;;4;7
60029;Colle San Magno;51;1;0;0;0;;;;1;0;3;0;0;;;;3;4
60029;Colle San Magno;52;4;3;0;0;;;;7;0;3;0;0;;;;3;10
60029;Colle San Magno;53;1;2;0;0;;;;3;1;0;0;0;;;;1;4
60029;Colle San Magno;54;0;4;0;1;;;;5;1;2;0;0;;;;3;8
60029;Colle San Magno;55;4;4;0;0;;;;8;0;4;0;0;;;;4;12
60029;Colle San Magno;56;0;2;0;1;;;;3;0;2;0;0;;;;2;5
60029;Colle San Magno;57;3;4;0;0;;;;7;0;2;0;0;;;;2;9
60029;Colle San Magno;58;2;4;0;0;;;;6;1;6;0;1;;;;8;14
60029;Colle San Magno;59;1;3;0;0;;;;4;2;2;0;1;;;;5;9
60029;Colle San Magno;60;1;5;0;0;;;;6;2;1;0;1;;;;4;10
60029;Colle San Magno;61;0;1;0;0;;;;1;1;5;0;0;;;;6;7
60029;Colle San Magno;62;2;4;0;0;;;;6;0;9;1;1;;;;11;17
60029;Colle San Magno;63;4;3;0;0;;;;7;0;4;1;0;;;;5;12
60029;Colle San Magno;64;0;0;0;0;;;;0;0;3;0;0;;;;3;3
60029;Colle San Magno;65;1;2;1;0;;;;4;0;3;0;1;;;;4;8
60029;Colle San Magno;66;1;5;0;1;;;;7;0;2;1;0;;;;3;10
60029;Colle San Magno;67;1;3;1;0;;;;5;0;2;0;0;;;;2;7
60029;Colle San Magno;68;1;3;0;0;;;;4;0;4;0;0;;;;4;8
60029;Colle San Magno;69;0;3;0;0;;;;3;0;5;0;1;;;;6;9
60029;Colle San Magno;70;2;0;0;1;;;;3;0;4;0;0;;;;4;7
60029;Colle San Magno;71;0;6;1;0;;;;7;0;4;0;1;;;;5;12
60029;Colle San Magno;72;1;7;0;0;;;;8;2;3;0;0;;;;5;13
60029;Colle San Magno;73;0;5;0;0;;;;5;0;2;0;0;;;;2;7
60029;Colle San Magno;74;1;3;1;0;;;;5;0;2;0;0;;;;2;7
60029;Colle San Magno;75;0;3;0;0;;;;3;0;0;0;1;;;;1;4
60029;Colle San Magno;76;0;2;0;1;;;;3;0;4;0;0;;;;4;7
60029;Colle San Magno;77;0;2;0;0;;;;2;1;2;0;3;;;;6;8
60029;Colle San Magno;78;0;5;0;0;;;;5;0;2;0;1;;;;3;8
60029;Colle San Magno;79;0;2;0;0;;;;2;2;2;0;2;;;;6;8
60029;Colle San Magno;80;0;2;0;1;;;;3;1;1;0;0;;;;2;5
60029;Colle San Magno;81;0;2;0;0;;;;2;0;2;0;1;;;;3;5
60029;Colle San Magno;82;0;0;0;0;;;;0;1;0;0;1;;;;2;2
60029;Colle San Magno;83;0;1;0;0;;;;1;0;2;0;1;;;;3;4
60029;Colle San Magno;84;0;2;0;0;;;;2;0;0;0;4;;;;4;6
60029;Colle San Magno;85;0;2;0;1;;;;3;0;2;0;1;;;;3;6
60029;Colle San Magno;86;0;2;0;2;;;;4;2;1;0;1;;;;4;8
60029;Colle San Magno;87;0;3;0;0;;;;3;0;1;0;1;;;;2;5
60029;Colle San Magno;88;0;4;0;0;;;;4;0;1;0;2;;;;3;7
60029;Colle San Magno;89;0;2;0;0;;;;2;0;0;0;2;;;;2;4
60029;Colle San Magno;90;0;3;0;0;;;;3;0;0;0;0;;;;0;3
60029;Colle San Magno;91;0;0;0;0;;;;0;2;2;0;1;;;;5;5
60029;Colle San Magno;92;0;1;0;0;;;;1;0;0;0;1;;;;1;2
60029;Colle San Magno;93;0;0;0;0;;;;0;0;0;0;0;;;;0;0
60029;Colle San Magno;94;0;0;0;0;;;;0;0;0;0;3;;;;3;3
60029;Colle San Magno;95;0;0;0;0;;;;0;0;0;0;0;;;;0;0
60029;Colle San Magno;96;0;0;0;0;;;;0;0;0;0;0;;;;0;0
60029;Colle San Magno;97;0;0;0;0;;;;0;0;0;0;0;;;;0;0
60029;Colle San Magno;98;0;0;0;0;;;;0;0;0;0;0;;;;0;0
60029;Colle San Magno;99;0;0;0;0;;;;0;0;0;0;1;;;;1;1
60029;Colle San Magno;100;0;0;0;0;;;;0;0;0;0;0;;;;0;0
60029;Colle San Magno;999;149;152;6;9;;;;316;114;141;7;34;;;;296;612
60030;Coreno Ausonio;0;5;0;0;0;;;;5;3;0;0;0;;;;3;8
60030;Coreno Ausonio;1;4;0;0;0;;;;4;4;0;0;0;;;;4;8
60030;Coreno Ausonio;2;5;0;0;0;;;;5;4;0;0;0;;;;4;9
60030;Coreno Ausonio;3;3;0;0;0;;;;3;5;0;0;0;;;;5;8
60030;Coreno Ausonio;4;7;0;0;0;;;;7;7;0;0;0;;;;7;14
60030;Coreno Ausonio;5;6;0;0;0;;;;6;3;0;0;0;;;;3;9
60030;Coreno Ausonio;6;2;0;0;0;;;;2;4;0;0;0;;;;4;6
60030;Coreno Ausonio;7;12;0;0;0;;;;12;3;0;0;0;;;;3;15
60030;Coreno Ausonio;8;6;0;0;0;;;;6;5;0;0;0;;;;5;11
60030;Coreno Ausonio;9;6;0;0;0;;;;6;10;0;0;0;;;;10;16
60030;Coreno Ausonio;10;5;0;0;0;;;;5;5;0;0;0;;;;5;10
60030;Coreno Ausonio;11;2;0;0;0;;;;2;7;0;0;0;;;;7;9
60030;Coreno Ausonio;12;9;0;0;0;;;;9;9;0;0;0;;;;9;18
60030;Coreno Ausonio;13;7;0;0;0;;;;7;3;0;0;0;;;;3;10
60030;Coreno Ausonio;14;8;0;0;0;;;;8;9;0;0;0;;;;9;17
60030;Coreno Ausonio;15;9;0;0;0;;;;9;11;0;0;0;;;;11;20
60030;Coreno Ausonio;16;2;0;0;0;;;;2;13;0;0;0;;;;13;15
60030;Coreno Ausonio;17;13;0;0;0;;;;13;6;0;0;0;;;;6;19
60030;Coreno Ausonio;18;4;0;0;0;;;;4;7;0;0;0;;;;7;11
60030;Coreno Ausonio;19;6;0;0;0;;;;6;8;0;0;0;;;;8;14
60030;Coreno Ausonio;20;4;0;0;0;;;;4;6;0;0;0;;;;6;10
60030;Coreno Ausonio;21;5;0;0;0;;;;5;6;0;0;0;;;;6;11
60030;Coreno Ausonio;22;9;0;0;0;;;;9;9;0;0;0;;;;9;18
60030;Coreno Ausonio;23;13;0;0;0;;;;13;4;0;0;0;;;;4;17
60030;Coreno Ausonio;24;6;0;0;0;;;;6;4;1;0;0;;;;5;11
60030;Coreno Ausonio;25;8;0;0;0;;;;8;9;0;0;0;;;;9;17
60030;Coreno Ausonio;26;6;0;0;0;;;;6;7;1;0;0;;;;8;14
60030;Coreno Ausonio;27;8;0;0;0;;;;8;7;1;0;0;;;;8;16
60030;Coreno Ausonio;28;7;0;0;0;;;;7;6;0;0;0;;;;6;13
60030;Coreno Ausonio;29;8;0;0;0;;;;8;5;0;0;0;;;;5;13
60030;Coreno Ausonio;30;11;0;0;0;;;;11;2;1;0;0;;;;3;14
60030;Coreno Ausonio;31;7;1;0;0;;;;8;9;4;0;0;;;;13;21
60030;Coreno Ausonio;32;6;2;0;0;;;;8;3;3;0;0;;;;6;14
60030;Coreno Ausonio;33;4;1;0;0;;;;5;4;4;0;0;;;;8;13
60030;Coreno Ausonio;34;2;2;0;0;;;;4;3;5;0;0;;;;8;12
60030;Coreno Ausonio;35;6;2;0;1;;;;9;4;1;0;0;;;;5;14
60030;Coreno Ausonio;36;5;5;0;0;;;;10;7;3;0;0;;;;10;20
60030;Coreno Ausonio;37;2;3;0;0;;;;5;6;2;0;0;;;;8;13
60030;Coreno Ausonio;38;6;0;0;0;;;;6;3;3;0;0;;;;6;12
60030;Coreno Ausonio;39;6;4;0;0;;;;10;2;3;0;0;;;;5;15
60030;Coreno Ausonio;40;5;5;0;0;;;;10;1;6;0;0;;;;7;17
60030;Coreno Ausonio;41;4;7;0;0;;;;11;1;9;0;0;;;;10;21
60030;Coreno Ausonio;42;3;5;0;0;;;;8;1;5;0;0;;;;6;14
60030;Coreno Ausonio;43;2;5;0;0;;;;7;1;8;0;0;;;;9;16
60030;Coreno Ausonio;44;4;7;0;0;;;;11;4;6;1;0;;;;11;22
60030;Coreno Ausonio;45;5;4;1;0;;;;10;3;10;0;0;;;;13;23
60030;Coreno Ausonio;46;7;5;1;0;;;;13;1;8;0;0;;;;9;22
60030;Coreno Ausonio;47;7;6;1;0;;;;14;3;9;0;0;;;;12;26
60030;Coreno Ausonio;48;3;8;1;0;;;;12;1;4;0;0;;;;5;17
60030;Coreno Ausonio;49;2;11;2;0;;;;15;2;9;1;0;;;;12;27
60030;Coreno Ausonio;50;3;11;0;0;;;;14;2;6;0;0;;;;8;22
60030;Coreno Ausonio;51;1;6;0;0;;;;7;5;9;1;0;;;;15;22
60030;Coreno Ausonio;52;1;6;1;1;;;;9;0;4;0;1;;;;5;14
60030;Coreno Ausonio;53;3;2;0;0;;;;5;0;5;0;0;;;;5;10
60030;Coreno Ausonio;54;2;8;0;0;;;;10;1;9;0;0;;;;10;20
60030;Coreno Ausonio;55;2;5;0;0;;;;7;3;7;0;0;;;;10;17
60030;Coreno Ausonio;56;0;5;0;0;;;;5;2;9;1;2;;;;14;19
60030;Coreno Ausonio;57;5;7;0;0;;;;12;0;9;0;2;;;;11;23
60030;Coreno Ausonio;58;6;13;2;0;;;;21;2;4;0;2;;;;8;29
60030;Coreno Ausonio;59;1;10;1;0;;;;12;2;9;1;2;;;;14;26
60030;Coreno Ausonio;60;2;10;3;0;;;;15;2;10;1;1;;;;14;29
60030;Coreno Ausonio;61;4;8;0;0;;;;12;2;7;1;0;;;;10;22
60030;Coreno Ausonio;62;1;10;0;0;;;;11;0;13;1;0;;;;14;25
60030;Coreno Ausonio;63;0;8;0;1;;;;9;2;7;0;1;;;;10;19
60030;Coreno Ausonio;64;4;10;0;0;;;;14;1;8;0;1;;;;10;24
60030;Coreno Ausonio;65;3;11;1;0;;;;15;1;7;0;0;;;;8;23
60030;Coreno Ausonio;66;2;7;0;0;;;;9;0;5;3;1;;;;9;18
60030;Coreno Ausonio;67;1;8;1;1;;;;11;1;7;0;4;;;;12;23
60030;Coreno Ausonio;68;0;8;1;0;;;;9;0;10;1;3;;;;14;23
60030;Coreno Ausonio;69;5;10;0;0;;;;15;0;9;1;1;;;;11;26
60030;Coreno Ausonio;70;2;4;1;1;;;;8;2;10;0;0;;;;12;20
60030;Coreno Ausonio;71;1;7;0;0;;;;8;0;11;0;2;;;;13;21
60030;Coreno Ausonio;72;3;4;0;0;;;;7;1;9;0;4;;;;14;21
60030;Coreno Ausonio;73;2;10;0;1;;;;13;1;7;0;3;;;;11;24
60030;Coreno Ausonio;74;1;11;1;0;;;;13;2;6;0;4;;;;12;25
60030;Coreno Ausonio;75;2;15;0;2;;;;19;1;6;0;3;;;;10;29
60030;Coreno Ausonio;76;2;10;1;2;;;;15;2;5;0;4;;;;11;26
60030;Coreno Ausonio;77;2;4;0;0;;;;6;0;1;0;4;;;;5;11
60030;Coreno Ausonio;78;0;5;0;1;;;;6;1;3;1;7;;;;12;18
60030;Coreno Ausonio;79;0;3;0;1;;;;4;0;2;2;3;;;;7;11
60030;Coreno Ausonio;80;0;4;0;1;;;;5;0;1;0;3;;;;4;9
60030;Coreno Ausonio;81;0;1;0;1;;;;2;0;2;0;3;;;;5;7
60030;Coreno Ausonio;82;0;2;0;0;;;;2;0;2;0;1;;;;3;5
60030;Coreno Ausonio;83;0;4;0;2;;;;6;0;0;0;2;;;;2;8
60030;Coreno Ausonio;84;0;2;0;1;;;;3;2;1;0;4;;;;7;10
60030;Coreno Ausonio;85;0;2;0;3;;;;5;0;0;0;5;;;;5;10
60030;Coreno Ausonio;86;0;0;0;0;;;;0;0;0;0;1;;;;1;1
60030;Coreno Ausonio;87;0;1;0;0;;;;1;1;1;0;2;;;;4;5
60030;Coreno Ausonio;88;1;1;0;0;;;;2;1;1;0;3;;;;5;7
60030;Coreno Ausonio;89;0;3;0;0;;;;3;0;2;0;6;;;;8;11
60030;Coreno Ausonio;90;0;0;0;2;;;;2;2;0;0;1;;;;3;5
60030;Coreno Ausonio;91;0;1;0;0;;;;1;0;0;0;7;;;;7;8
60030;Coreno Ausonio;92;0;3;0;0;;;;3;0;0;0;4;;;;4;7
60030;Coreno Ausonio;93;0;0;0;0;;;;0;0;1;0;2;;;;3;3
60030;Coreno Ausonio;94;0;0;0;0;;;;0;0;0;0;3;;;;3;3
60030;Coreno Ausonio;95;0;0;0;0;;;;0;0;0;0;1;;;;1;1
60030;Coreno Ausonio;96;0;0;0;0;;;;0;3;0;0;0;;;;3;3
60030;Coreno Ausonio;97;0;0;0;0;;;;0;0;0;0;3;;;;3;3
60030;Coreno Ausonio;98;0;0;0;0;;;;0;0;0;0;0;;;;0;0
60030;Coreno Ausonio;99;0;0;0;1;;;;1;1;0;0;0;;;;1;2
60030;Coreno Ausonio;100;0;0;0;2;;;;2;0;0;0;0;;;;0;2
60030;Coreno Ausonio;999;354;343;19;25;;;;741;296;331;16;106;;;;749;1490
60031;Esperia;0;15;0;0;0;;;;15;14;0;0;0;;;;14;29
60031;Esperia;1;10;0;0;0;;;;10;12;0;0;0;;;;12;22
60031;Esperia;2;12;0;0;0;;;;12;12;0;0;0;;;;12;24
60031;Esperia;3;9;0;0;0;;;;9;17;0;0;0;;;;17;26
60031;Esperia;4;19;0;0;0;;;;19;21;0;0;0;;;;21;40
60031;Esperia;5;11;0;0;0;;;;11;16;0;0;0;;;;16;27
60031;Esperia;6;12;0;0;0;;;;12;18;0;0;0;;;;18;30
60031;Esperia;7;13;0;0;0;;;;13;16;0;0;0;;;;16;29
60031;Esperia;8;13;0;0;0;;;;13;17;0;0;0;;;;17;30
60031;Esperia;9;16;0;0;0;;;;16;14;0;0;0;;;;14;30
60031;Esperia;10;14;0;0;0;;;;14;9;0;0;0;;;;9;23
60031;Esperia;11;15;0;0;0;;;;15;9;0;0;0;;;;9;24
60031;Esperia;12;18;0;0;0;;;;18;21;0;0;0;;;;21;39
60031;Esperia;13;15;0;0;0;;;;15;13;0;0;0;;;;13;28
60031;Esperia;14;17;0;0;0;;;;17;12;0;0;0;;;;12;29
60031;Esperia;15;19;0;0;0;;;;19;11;0;0;0;;;;11;30
60031;Esperia;16;15;0;0;0;;;;15;12;0;0;0;;;;12;27
60031;Esperia;17;15;0;0;0;;;;15;15;0;0;0;;;;15;30
60031;Esperia;18;8;0;0;0;;;;8;16;0;0;0;;;;16;24
60031;Esperia;19;12;0;0;0;;;;12;12;1;0;0;;;;13;25
60031;Esperia;20;14;0;0;0;;;;14;16;0;0;0;;;;16;30
60031;Esperia;21;18;0;0;0;;;;18;11;0;0;0;;;;11;29
60031;Esperia;22;18;0;0;0;;;;18;12;0;0;0;;;;12;30
60031;Esperia;23;8;0;0;0;;;;8;8;0;0;0;;;;8;16
60031;Esperia;24;21;0;0;0;;;;21;15;1;0;0;;;;16;37
60031;Esperia;25;18;0;0;0;;;;18;16;2;0;0;;;;18;36
60031;Esperia;26;16;0;0;0;;;;16;8;3;0;0;;;;11;27
60031;Esperia;27;21;1;0;0;;;;22;9;2;0;0;;;;11;33
60031;Esperia;28;17;0;0;0;;;;17;6;5;0;0;;;;11;28
60031;Esperia;29;17;2;0;0;;;;19;16;5;0;0;;;;21;40
60031;Esperia;30;13;2;0;0;;;;15;10;4;1;0;;;;15;30
60031;Esperia;31;24;4;0;0;;;;28;18;6;1;0;;;;25;53
60031;Esperia;32;14;0;0;0;;;;14;8;9;0;0;;;;17;31
60031;Esperia;33;20;6;0;0;;;;26;9;10;0;0;;;;19;45
60031;Esperia;34;18;7;0;0;;;;25;9;12;0;0;;;;21;46
60031;Esperia;35;12;12;0;0;;;;24;8;7;0;0;;;;15;39
60031;Esperia;36;10;9;0;0;;;;19;11;16;0;0;;;;27;46
60031;Esperia;37;8;11;0;0;;;;19;12;5;0;1;;;;18;37
60031;Esperia;38;15;10;0;0;;;;25;8;14;0;0;;;;22;47
60031;Esperia;39;17;11;0;0;;;;28;8;14;0;0;;;;22;50
60031;Esperia;40;5;16;0;0;;;;21;9;15;0;0;;;;24;45
60031;Esperia;41;11;12;0;0;;;;23;4;15;0;0;;;;19;42
60031;Esperia;42;11;16;1;0;;;;28;3;13;5;0;;;;21;49
60031;Esperia;43;12;18;0;1;;;;31;2;11;0;0;;;;13;44
60031;Esperia;44;8;11;0;0;;;;19;7;14;0;0;;;;21;40
60031;Esperia;45;3;16;1;0;;;;20;6;15;1;0;;;;22;42
60031;Esperia;46;9;13;1;0;;;;23;5;16;2;2;;;;25;48
60031;Esperia;47;9;17;3;0;;;;29;4;14;1;2;;;;21;50
60031;Esperia;48;6;19;0;0;;;;25;7;14;1;0;;;;22;47
60031;Esperia;49;4;11;0;0;;;;15;4;14;1;1;;;;20;35
60031;Esperia;50;10;15;3;0;;;;28;2;15;2;1;;;;20;48
60031;Esperia;51;6;11;1;1;;;;19;3;24;0;0;;;;27;46
60031;Esperia;52;3;17;2;0;;;;22;0;23;2;2;;;;27;49
60031;Esperia;53;2;17;0;0;;;;19;5;19;1;2;;;;27;46
60031;Esperia;54;9;16;2;1;;;;28;1;19;2;1;;;;23;51
60031;Esperia;55;5;13;2;0;;;;20;5;17;2;0;;;;24;44
60031;Esperia;56;3;19;3;0;;;;25;3;27;2;1;;;;33;58
60031;Esperia;57;2;21;1;0;;;;24;3;14;1;0;;;;18;42
60031;Esperia;58;7;24;0;0;;;;31;6;22;1;2;;;;31;62
60031;Esperia;59;3;23;2;0;;;;28;4;26;0;3;;;;33;61
60031;Esperia;60;1;15;0;1;;;;17;2;28;0;5;;;;35;52
60031;Esperia;61;5;24;3;0;;;;32;3;25;0;3;;;;31;63
60031;Esperia;62;5;18;0;0;;;;23;1;18;0;1;;;;20;43
60031;Esperia;63;7;18;0;0;;;;25;7;21;0;1;;;;29;54
60031;Esperia;64;5;17;1;0;;;;23;1;17;0;4;;;;22;45
60031;Esperia;65;2;15;1;1;;;;19;1;28;1;4;;;;34;53
60031;Esperia;66;3;23;2;0;;;;28;1;21;0;1;;;;23;51
60031;Esperia;67;3;24;1;4;;;;32;2;31;1;3;;;;37;69
60031;Esperia;68;4;27;2;0;;;;33;1;22;1;4;;;;28;61
60031;Esperia;69;4;22;1;4;;;;31;0;30;1;6;;;;37;68
60031;Esperia;70;0;22;2;3;;;;27;5;23;0;6;;;;34;61
60031;Esperia;71;1;29;1;1;;;;32;3;19;1;5;;;;28;60
60031;Esperia;72;4;22;2;0;;;;28;2;15;0;5;;;;22;50
60031;Esperia;73;5;23;1;0;;;;29;2;11;0;6;;;;19;48
60031;Esperia;74;1;24;1;2;;;;28;0;16;4;13;;;;33;61
60031;Esperia;75;1;32;1;4;;;;38;2;23;0;2;;;;27;65
60031;Esperia;76;2;23;0;1;;;;26;0;9;0;6;;;;15;41
60031;Esperia;77;3;26;0;1;;;;30;1;13;0;13;;;;27;57
60031;Esperia;78;1;10;0;3;;;;14;1;8;0;6;;;;15;29
60031;Esperia;79;0;7;0;1;;;;8;1;6;0;2;;;;9;17
60031;Esperia;80;1;8;0;1;;;;10;0;5;0;5;;;;10;20
60031;Esperia;81;0;10;0;1;;;;11;0;10;0;10;;;;20;31
60031;Esperia;82;2;8;0;0;;;;10;0;2;0;6;;;;8;18
60031;Esperia;83;0;6;1;1;;;;8;1;2;0;6;;;;9;17
60031;Esperia;84;0;4;0;0;;;;4;0;3;0;10;;;;13;17
60031;Esperia;85;1;8;0;2;;;;11;0;4;0;4;;;;8;19
60031;Esperia;86;1;8;0;1;;;;10;0;3;0;5;;;;8;18
60031;Esperia;87;1;8;0;1;;;;10;0;0;0;12;;;;12;22
60031;Esperia;88;0;3;0;1;;;;4;0;0;0;9;;;;9;13
60031;Esperia;89;0;2;0;1;;;;3;1;2;0;4;;;;7;10
60031;Esperia;90;0;1;0;2;;;;3;1;2;0;6;;;;9;12
60031;Esperia;91;0;6;0;3;;;;9;0;0;0;13;;;;13;22
60031;Esperia;92;0;2;0;2;;;;4;2;0;0;4;;;;6;10
60031;Esperia;93;0;2;0;5;;;;7;1;3;0;6;;;;10;17
60031;Esperia;94;0;4;0;0;;;;4;0;1;0;4;;;;5;9
60031;Esperia;95;0;0;0;2;;;;2;0;0;0;5;;;;5;7
60031;Esperia;96;1;0;0;1;;;;2;0;0;0;4;;;;4;6
60031;Esperia;97;0;0;0;1;;;;1;1;0;0;1;;;;2;3
60031;Esperia;98;0;1;0;0;;;;1;0;0;0;1;;;;1;2
60031;Esperia;99;0;0;0;0;;;;0;0;0;0;1;;;;1;1
60031;Esperia;100;0;0;0;0;;;;0;1;0;0;0;;;;1;1
60031;Esperia;999;789;902;42;54;;;;1787;632;884;35;230;;;;1781;3568
60032;Falvaterra;0;0;0;0;0;;;;0;1;0;0;0;;;;1;1
60032;Falvaterra;1;2;0;0;0;;;;2;0;0;0;0;;;;0;2
60032;Falvaterra;2;1;0;0;0;;;;1;1;0;0;0;;;;1;2
60032;Falvaterra;3;4;0;0;0;;;;4;1;0;0;0;;;;1;5
60032;Falvaterra;4;1;0;0;0;;;;1;2;0;0;0;;;;2;3
60032;Falvaterra;5;2;0;0;0;;;;2;2;0;0;0;;;;2;4
60032;Falvaterra;6;2;0;0;0;;;;2;2;0;0;0;;;;2;4
60032;Falvaterra;7;1;0;0;0;;;;1;5;0;0;0;;;;5;6
60032;Falvaterra;8;3;0;0;0;;;;3;2;0;0;0;;;;2;5
60032;Falvaterra;9;3;0;0;0;;;;3;1;0;0;0;;;;1;4
60032;Falvaterra;10;3;0;0;0;;;;3;1;0;0;0;;;;1;4
60032;Falvaterra;11;3;0;0;0;;;;3;0;0;0;0;;;;0;3
60032;Falvaterra;12;2;0;0;0;;;;2;2;0;0;0;;;;2;4
60032;Falvaterra;13;1;0;0;0;;;;1;1;0;0;0;;;;1;2
60032;Falvaterra;14;3;0;0;0;;;;3;4;0;0;0;;;;4;7
60032;Falvaterra;15;2;0;0;0;;;;2;4;0;0;0;;;;4;6
60032;Falvaterra;16;2;0;0;0;;;;2;2;0;0;0;;;;2;4
60032;Falvaterra;17;1;0;0;0;;;;1;1;0;0;0;;;;1;2
60032;Falvaterra;18;1;0;0;0;;;;1;2;0;0;0;;;;2;3
60032;Falvaterra;19;0;0;0;0;;;;0;0;0;0;0;;;;0;0
60032;Falvaterra;20;0;0;0;0;;;;0;1;0;0;0;;;;1;1
60032;Falvaterra;21;3;0;0;0;;;;3;2;0;0;0;;;;2;5
60032;Falvaterra;22;0;0;0;0;;;;0;4;0;0;0;;;;4;4
60032;Falvaterra;23;5;0;0;0;;;;5;2;0;0;0;;;;2;7
60032;Falvaterra;24;7;0;0;0;;;;7;0;0;0;0;;;;0;7
60032;Falvaterra;25;0;0;0;0;;;;0;4;0;0;0;;;;4;4
60032;Falvaterra;26;1;0;0;0;;;;1;1;0;0;0;;;;1;2
60032;Falvaterra;27;1;0;0;0;;;;1;0;1;0;0;;;;1;2
60032;Falvaterra;28;4;1;0;0;;;;5;3;0;0;0;;;;3;8
60032;Falvaterra;29;2;0;0;0;;;;2;4;0;0;0;;;;4;6
60032;Falvaterra;30;4;0;0;0;;;;4;3;0;0;0;;;;3;7
60032;Falvaterra;31;3;0;0;0;;;;3;1;2;0;0;;;;3;6
60032;Falvaterra;32;0;0;0;0;;;;0;0;1;0;0;;;;1;1
60032;Falvaterra;33;3;0;0;0;;;;3;2;0;0;0;;;;2;5
60032;Falvaterra;34;3;0;0;0;;;;3;0;0;1;0;;;;1;4
60032;Falvaterra;35;2;0;0;0;;;;2;1;2;0;0;;;;3;5
60032;Falvaterra;36;2;1;0;0;;;;3;1;2;0;0;;;;3;6
60032;Falvaterra;37;5;2;0;0;;;;7;2;2;0;0;;;;4;11
60032;Falvaterra;38;3;0;0;0;;;;3;1;2;0;0;;;;3;6
60032;Falvaterra;39;1;3;0;0;;;;4;2;0;0;0;;;;2;6
60032;Falvaterra;40;2;1;0;0;;;;3;0;2;0;0;;;;2;5
60032;Falvaterra;41;0;5;0;0;;;;5;0;2;1;0;;;;3;8
60032;Falvaterra;42;1;2;0;0;;;;3;0;1;0;0;;;;1;4
60032;Falvaterra;43;0;2;0;0;;;;2;0;2;0;0;;;;2;4
60032;Falvaterra;44;0;0;0;0;;;;0;1;4;0;0;;;;5;5
60032;Falvaterra;45;2;2;0;0;;;;4;1;0;0;0;;;;1;5
60032;Falvaterra;46;1;1;0;0;;;;2;0;4;0;0;;;;4;6
60032;Falvaterra;47;1;2;0;0;;;;3;0;1;0;0;;;;1;4
60032;Falvaterra;48;0;2;0;0;;;;2;1;2;0;0;;;;3;5
60032;Falvaterra;49;1;1;2;0;;;;4;1;2;0;0;;;;3;7
60032;Falvaterra;50;1;5;0;0;;;;6;2;4;0;0;;;;6;12
60032;Falvaterra;51;0;0;0;0;;;;0;1;2;0;0;;;;3;3
60032;Falvaterra;52;0;3;1;0;;;;4;1;4;0;0;;;;5;9
60032;Falvaterra;53;1;3;1;0;;;;5;0;2;1;0;;;;3;8
60032;Falvaterra;54;0;4;0;0;;;;4;0;2;1;0;;;;3;7
60032;Falvaterra;55;1;2;0;0;;;;3;0;2;0;0;;;;2;5
60032;Falvaterra;56;1;5;1;0;;;;7;0;3;0;0;;;;3;10
60032;Falvaterra;57;3;4;0;0;;;;7;1;4;0;0;;;;5;12
60032;Falvaterra;58;0;0;0;0;;;;0;0;2;1;0;;;;3;3
60032;Falvaterra;59;0;5;1;0;;;;6;0;6;2;1;;;;9;15
60032;Falvaterra;60;3;3;0;1;;;;7;1;5;1;0;;;;7;14
60032;Falvaterra;61;0;2;0;0;;;;2;1;2;1;2;;;;6;8
60032;Falvaterra;62;1;5;0;0;;;;6;1;4;0;0;;;;5;11
60032;Falvaterra;63;0;2;0;0;;;;2;1;7;0;0;;;;8;10
60032;Falvaterra;64;1;6;0;0;;;;7;0;0;0;1;;;;1;8
60032;Falvaterra;65;0;2;0;0;;;;2;0;4;0;0;;;;4;6
60032;Falvaterra;66;0;4;1;0;;;;5;0;3;0;0;;;;3;8
60032;Falvaterra;67;0;1;0;0;;;;1;0;2;0;1;;;;3;4
60032;Falvaterra;68;1;3;0;0;;;;4;0;6;0;1;;;;7;11
60032;Falvaterra;69;0;3;0;1;;;;4;0;3;0;1;;;;4;8
60032;Falvaterra;70;0;3;1;0;;;;4;0;4;0;1;;;;5;9
60032;Falvaterra;71;1;2;0;0;;;;3;1;1;0;1;;;;3;6
60032;Falvaterra;72;1;6;1;0;;;;8;0;2;0;1;;;;3;11
60032;Falvaterra;73;1;5;0;0;;;;6;0;4;0;0;;;;4;10
60032;Falvaterra;74;0;3;0;0;;;;3;0;1;0;4;;;;5;8
60032;Falvaterra;75;0;8;0;1;;;;9;0;0;0;1;;;;1;10
60032;Falvaterra;76;0;4;0;1;;;;5;1;3;0;1;;;;5;10
60032;Falvaterra;77;0;4;0;0;;;;4;0;3;0;0;;;;3;7
60032;Falvaterra;78;0;0;0;0;;;;0;0;2;0;0;;;;2;2
60032;Falvaterra;79;0;3;0;0;;;;3;0;0;0;0;;;;0;3
60032;Falvaterra;80;0;1;0;1;;;;2;0;0;0;1;;;;1;3
60032;Falvaterra;81;0;1;0;1;;;;2;0;0;0;2;;;;2;4
60032;Falvaterra;82;0;0;0;1;;;;1;0;2;0;2;;;;4;5
60032;Falvaterra;83;0;0;0;0;;;;0;0;0;0;1;;;;1;1
60032;Falvaterra;84;0;1;0;0;;;;1;0;1;0;1;;;;2;3
60032;Falvaterra;85;0;1;0;1;;;;2;0;0;0;1;;;;1;3
60032;Falvaterra;86;0;1;0;0;;;;1;0;0;0;3;;;;3;4
60032;Falvaterra;87;0;2;0;1;;;;3;0;0;0;1;;;;1;4
60032;Falvaterra;88;0;0;0;0;;;;0;0;1;0;1;;;;2;2
60032;Falvaterra;89;0;0;0;0;;;;0;0;0;0;2;;;;2;2
60032;Falvaterra;90;0;0;0;0;;;;0;0;1;0;0;;;;1;1
60032;Falvaterra;91;0;0;0;0;;;;0;0;0;0;0;;;;0;0
60032;Falvaterra;92;0;0;0;0;;;;0;0;0;0;2;;;;2;2
60032;Falvaterra;93;0;0;0;0;;;;0;0;0;0;1;;;;1;1
60032;Falvaterra;94;0;0;0;0;;;;0;0;1;0;2;;;;3;3
60032;Falvaterra;95;0;0;0;0;;;;0;0;0;0;0;;;;0;0
60032;Falvaterra;96;0;0;0;0;;;;0;0;0;0;0;;;;0;0
60032;Falvaterra;97;0;0;0;0;;;;0;0;0;0;1;;;;1;1
60032;Falvaterra;98;0;0;0;0;;;;0;0;0;0;0;;;;0;0
60032;Falvaterra;99;0;0;0;0;;;;0;0;0;0;0;;;;0;0
60032;Falvaterra;100;0;0;0;0;;;;0;0;0;0;0;;;;0;0
60032;Falvaterra;999;110;132;9;9;;;;260;83;125;9;37;;;;254;514
60033;Ferentino;0;53;0;0;0;;;;53;64;0;0;0;;;;64;117
60033;Ferentino;1;62;0;0;0;;;;62;63;0;0;0;;;;63;125
60033;Ferentino;2;67;0;0;0;;;;67;58;0;0;0;;;;58;125
60033;Ferentino;3;72;0;0;0;;;;72;70;0;0;0;;;;70;142
60033;Ferentino;4;44;0;0;0;;;;44;67;0;0;0;;;;67;111
60033;Ferentino;5;85;0;0;0;;;;85;76;0;0;0;;;;76;161
60033;Ferentino;6;75;0;0;0;;;;75;65;0;0;0;;;;65;140
60033;Ferentino;7;78;0;0;0;;;;78;67;0;0;0;;;;67;145
60033;Ferentino;8;103;0;0;0;;;;103;80;0;0;0;;;;80;183
60033;Ferentino;9;89;0;0;0;;;;89;87;0;0;0;;;;87;176
60033;Ferentino;10;89;0;0;0;;;;89;76;0;0;0;;;;76;165
60033;Ferentino;11;88;0;0;0;;;;88;84;0;0;0;;;;84;172
60033;Ferentino;12;72;0;0;0;;;;72;113;0;0;0;;;;113;185
60033;Ferentino;13;89;0;0;0;;;;89;77;0;0;0;;;;77;166
60033;Ferentino;14;98;0;0;0;;;;98;92;0;0;0;;;;92;190
60033;Ferentino;15;93;0;0;0;;;;93;67;0;0;0;;;;67;160
60033;Ferentino;16;107;0;0;0;;;;107;95;0;0;0;;;;95;202
60033;Ferentino;17;101;0;0;0;;;;101;88;0;0;0;;;;88;189
60033;Ferentino;18;101;0;0;0;;;;101;85;0;0;0;;;;85;186
60033;Ferentino;19;105;0;0;0;;;;105;89;0;0;0;;;;89;194
60033;Ferentino;20;110;0;0;0;;;;110;95;0;0;0;;;;95;205
60033;Ferentino;21;104;0;0;0;;;;104;93;1;0;0;;;;94;198
60033;Ferentino;22;101;1;0;0;;;;102;80;1;0;0;;;;81;183
60033;Ferentino;23;128;1;0;0;;;;129;89;4;0;0;;;;93;222
60033;Ferentino;24;100;1;0;0;;;;101;95;3;0;0;;;;98;199
60033;Ferentino;25;101;3;0;0;;;;104;107;4;0;0;;;;111;215
60033;Ferentino;26;96;2;0;0;;;;98;72;8;0;0;;;;80;178
60033;Ferentino;27;118;3;0;0;;;;121;72;13;3;0;;;;88;209
60033;Ferentino;28;94;12;0;0;;;;106;82;7;0;0;;;;89;195
60033;Ferentino;29;107;13;0;0;;;;120;75;24;4;0;;;;103;223
60033;Ferentino;30;103;10;0;0;;;;113;84;26;1;0;;;;111;224
60033;Ferentino;31;102;10;1;0;;;;113;67;32;1;0;;;;100;213
60033;Ferentino;32;108;21;0;0;;;;129;80;41;0;0;;;;121;250
60033;Ferentino;33;94;24;1;0;;;;119;75;37;1;0;;;;113;232
60033;Ferentino;34;81;35;2;0;;;;118;48;44;2;0;;;;94;212
60033;Ferentino;35;104;30;2;0;;;;136;79;58;2;0;;;;139;275
60033;Ferentino;36;87;39;1;0;;;;127;57;69;0;0;;;;126;253
60033;Ferentino;37;74;45;1;0;;;;120;49;58;2;1;;;;110;230
60033;Ferentino;38;77;55;2;0;;;;134;55;62;4;1;;;;122;256
60033;Ferentino;39;75;43;1;0;;;;119;54;67;4;0;;;;125;244
60033;Ferentino;40;53;67;8;0;;;;128;44;72;5;0;;;;121;249
60033;Ferentino;41;73;71;0;0;;;;144;46;77;8;1;;;;132;276
60033;Ferentino;42;61;66;6;1;;;;134;37;88;6;0;;;;131;265
60033;Ferentino;43;51;80;8;1;;;;140;38;88;6;0;;;;132;272
60033;Ferentino;44;57;68;3;1;;;;129;35;85;12;0;;;;132;261
60033;Ferentino;45;54;78;3;1;;;;136;46;91;9;4;;;;150;286
60033;Ferentino;46;51;79;8;0;;;;138;36;79;7;3;;;;125;263
60033;Ferentino;47;44;74;5;1;;;;124;36;98;8;2;;;;144;268
60033;Ferentino;48;54;93;18;1;;;;166;31;101;16;1;;;;149;315
60033;Ferentino;49;35;115;8;4;;;;162;28;113;11;2;;;;154;316
60033;Ferentino;50;44;112;13;1;;;;170;23;129;10;2;;;;164;334
60033;Ferentino;51;34;106;15;1;;;;156;33;122;13;4;;;;172;328
60033;Ferentino;52;33;104;6;0;;;;143;19;130;11;6;;;;166;309
60033;Ferentino;53;27;125;5;0;;;;157;26;140;9;4;;;;179;336
60033;Ferentino;54;29;119;6;0;;;;154;17;117;7;6;;;;147;301
60033;Ferentino;55;35;129;13;0;;;;177;18;127;13;8;;;;166;343
60033;Ferentino;56;23;110;7;1;;;;141;16;133;6;11;;;;166;307
60033;Ferentino;57;21;123;7;3;;;;154;18;121;13;8;;;;160;314
60033;Ferentino;58;25;135;9;3;;;;172;15;135;10;10;;;;170;342
60033;Ferentino;59;17;130;19;4;;;;170;24;124;11;13;;;;172;342
60033;Ferentino;60;14;125;9;4;;;;152;23;116;11;8;;;;158;310
60033;Ferentino;61;8;97;8;2;;;;115;9;135;8;17;;;;169;284
60033;Ferentino;62;15;115;8;3;;;;141;5;112;8;22;;;;147;288
60033;Ferentino;63;6;127;15;3;;;;151;10;127;7;13;;;;157;308
60033;Ferentino;64;10;118;5;2;;;;135;9;113;6;18;;;;146;281
60033;Ferentino;65;11;128;8;7;;;;154;5;88;5;12;;;;110;264
60033;Ferentino;66;7;114;3;2;;;;126;10;96;10;22;;;;138;264
60033;Ferentino;67;11;106;5;9;;;;131;4;89;2;16;;;;111;242
60033;Ferentino;68;6;99;8;8;;;;121;2;103;6;20;;;;131;252
60033;Ferentino;69;9;112;4;8;;;;133;6;102;2;25;;;;135;268
60033;Ferentino;70;8;96;7;4;;;;115;7;83;4;25;;;;119;234
60033;Ferentino;71;13;85;6;11;;;;115;5;78;3;31;;;;117;232
60033;Ferentino;72;6;98;3;5;;;;112;6;79;1;28;;;;114;226
60033;Ferentino;73;7;95;2;6;;;;110;7;81;2;31;;;;121;231
60033;Ferentino;74;6;107;3;9;;;;125;13;73;3;36;;;;125;250
60033;Ferentino;75;9;76;2;13;;;;100;3;70;5;39;;;;117;217
60033;Ferentino;76;5;112;1;4;;;;122;4;68;3;58;;;;133;255
60033;Ferentino;77;4;74;2;11;;;;91;2;52;2;38;;;;94;185
60033;Ferentino;78;6;74;2;12;;;;94;4;46;1;51;;;;102;196
60033;Ferentino;79;2;49;2;5;;;;58;1;41;2;35;;;;79;137
60033;Ferentino;80;1;60;4;5;;;;70;4;21;1;51;;;;77;147
60033;Ferentino;81;2;50;1;13;;;;66;3;31;3;52;;;;89;155
60033;Ferentino;82;2;34;0;9;;;;45;2;26;4;41;;;;73;118
60033;Ferentino;83;2;39;0;15;;;;56;0;21;1;45;;;;67;123
60033;Ferentino;84;3;42;2;11;;;;58;2;17;3;40;;;;62;120
60033;Ferentino;85;4;34;0;15;;;;53;2;15;1;40;;;;58;111
60033;Ferentino;86;1;30;0;12;;;;43;1;16;2;54;;;;73;116
60033;Ferentino;87;1;24;0;11;;;;36;1;11;0;61;;;;73;109
60033;Ferentino;88;2;16;0;10;;;;28;1;10;0;32;;;;43;71
60033;Ferentino;89;1;19;0;3;;;;23;2;3;0;28;;;;33;56
60033;Ferentino;90;0;11;0;8;;;;19;0;3;2;31;;;;36;55
60033;Ferentino;91;0;6;1;3;;;;10;0;3;0;23;;;;26;36
60033;Ferentino;92;1;6;0;4;;;;11;1;1;0;22;;;;24;35
60033;Ferentino;93;0;6;0;2;;;;8;0;0;0;17;;;;17;25
60033;Ferentino;94;0;4;0;4;;;;8;0;0;0;14;;;;14;22
60033;Ferentino;95;0;3;0;0;;;;3;0;0;0;12;;;;12;15
60033;Ferentino;96;0;1;0;2;;;;3;0;0;1;5;;;;6;9
60033;Ferentino;97;0;0;0;0;;;;0;0;1;0;10;;;;11;11
60033;Ferentino;98;0;0;0;0;;;;0;1;0;0;6;;;;7;7
60033;Ferentino;99;0;0;0;1;;;;1;0;0;0;3;;;;3;4
60033;Ferentino;100;0;0;0;0;;;;0;0;0;0;3;;;;3;3
60033;Ferentino;999;4639;4724;289;279;;;;9931;3812;4660;324;1222;;;;10018;19949
60034;Filettino;0;1;0;0;0;;;;1;0;0;0;0;;;;0;1
60034;Filettino;1;0;0;0;0;;;;0;3;0;0;0;;;;3;3
60034;Filettino;2;0;0;0;0;;;;0;0;0;0;0;;;;0;0
60034;Filettino;3;0;0;0;0;;;;0;3;0;0;0;;;;3;3
60034;Filettino;4;0;0;0;0;;;;0;1;0;0;0;;;;1;1
60034;Filettino;5;0;0;0;0;;;;0;3;0;0;0;;;;3;3
60034;Filettino;6;1;0;0;0;;;;1;2;0;0;0;;;;2;3
60034;Filettino;7;2;0;0;0;;;;2;3;0;0;0;;;;3;5
60034;Filettino;8;3;0;0;0;;;;3;2;0;0;0;;;;2;5
60034;Filettino;9;2;0;0;0;;;;2;1;0;0;0;;;;1;3
60034;Filettino;10;1;0;0;0;;;;1;2;0;0;0;;;;2;3
60034;Filettino;11;1;0;0;0;;;;1;0;0;0;0;;;;0;1
60034;Filettino;12;1;0;0;0;;;;1;3;0;0;0;;;;3;4
60034;Filettino;13;0;0;0;0;;;;0;3;0;0;0;;;;3;3
60034;Filettino;14;0;0;0;0;;;;0;2;0;0;0;;;;2;2
60034;Filettino;15;3;0;0;0;;;;3;3;0;0;0;;;;3;6
60034;Filettino;16;5;0;0;0;;;;5;3;0;0;0;;;;3;8
60034;Filettino;17;2;0;0;0;;;;2;2;0;0;0;;;;2;4
60034;Filettino;18;1;0;0;0;;;;1;0;0;0;0;;;;0;1
60034;Filettino;19;5;0;0;0;;;;5;1;0;0;0;;;;1;6
60034;Filettino;20;1;0;0;0;;;;1;3;0;0;0;;;;3;4
60034;Filettino;21;1;0;0;0;;;;1;2;0;0;0;;;;2;3
60034;Filettino;22;1;0;0;0;;;;1;2;0;0;0;;;;2;3
60034;Filettino;23;3;0;0;0;;;;3;2;1;0;0;;;;3;6
60034;Filettino;24;0;0;0;0;;;;0;0;0;0;0;;;;0;0
60034;Filettino;25;4;0;0;0;;;;4;2;0;0;0;;;;2;6
60034;Filettino;26;5;0;0;0;;;;5;0;0;0;0;;;;0;5
60034;Filettino;27;3;0;0;0;;;;3;0;0;0;0;;;;0;3
60034;Filettino;28;1;0;0;0;;;;1;2;0;0;0;;;;2;3
60034;Filettino;29;7;0;0;0;;;;7;4;0;0;0;;;;4;11
60034;Filettino;30;2;0;0;0;;;;2;2;0;0;0;;;;2;4
60034;Filettino;31;0;0;0;0;;;;0;1;0;0;0;;;;1;1
60034;Filettino;32;1;0;0;0;;;;1;1;1;0;0;;;;2;3
60034;Filettino;33;2;1;0;0;;;;3;1;0;0;0;;;;1;4
60034;Filettino;34;1;1;0;0;;;;2;0;1;0;0;;;;1;3
60034;Filettino;35;3;0;0;0;;;;3;0;3;0;0;;;;3;6
60034;Filettino;36;6;0;0;0;;;;6;1;1;0;0;;;;2;8
60034;Filettino;37;1;1;0;0;;;;2;3;2;0;0;;;;5;7
60034;Filettino;38;0;1;0;0;;;;1;2;0;0;0;;;;2;3
60034;Filettino;39;1;2;0;0;;;;3;0;1;0;0;;;;1;4
60034;Filettino;40;0;1;0;0;;;;1;1;1;0;0;;;;2;3
60034;Filettino;41;6;2;0;0;;;;8;1;3;0;0;;;;4;12
60034;Filettino;42;2;4;0;0;;;;6;1;1;1;0;;;;3;9
60034;Filettino;43;1;2;0;0;;;;3;2;4;0;0;;;;6;9
60034;Filettino;44;1;0;0;0;;;;1;1;2;0;0;;;;3;4
60034;Filettino;45;1;1;0;0;;;;2;1;1;0;0;;;;2;4
60034;Filettino;46;5;0;0;0;;;;5;3;1;0;0;;;;4;9
60034;Filettino;47;2;4;1;0;;;;7;2;1;2;0;;;;5;12
60034;Filettino;48;0;2;0;0;;;;2;1;5;0;0;;;;6;8
60034;Filettino;49;0;1;1;0;;;;2;0;0;0;0;;;;0;2
60034;Filettino;50;5;7;0;0;;;;12;1;3;0;0;;;;4;16
60034;Filettino;51;3;1;0;0;;;;4;2;2;0;0;;;;4;8
60034;Filettino;52;0;3;0;0;;;;3;2;2;0;0;;;;4;7
60034;Filettino;53;3;4;0;0;;;;7;0;1;0;1;;;;2;9
60034;Filettino;54;4;1;0;0;;;;5;0;4;1;0;;;;5;10
60034;Filettino;55;0;4;1;0;;;;5;2;1;0;0;;;;3;8
60034;Filettino;56;0;2;1;0;;;;3;3;4;0;0;;;;7;10
60034;Filettino;57;3;4;2;0;;;;9;0;1;1;0;;;;2;11
60034;Filettino;58;2;7;0;0;;;;9;1;3;0;0;;;;4;13
60034;Filettino;59;1;3;1;0;;;;5;2;3;0;0;;;;5;10
60034;Filettino;60;1;4;3;0;;;;8;2;5;0;0;;;;7;15
60034;Filettino;61;0;4;0;0;;;;4;0;5;0;1;;;;6;10
60034;Filettino;62;3;4;0;0;;;;7;0;1;0;0;;;;1;8
60034;Filettino;63;2;3;0;1;;;;6;0;5;0;0;;;;5;11
60034;Filettino;64;0;6;0;0;;;;6;1;4;0;0;;;;5;11
60034;Filettino;65;1;3;1;0;;;;5;0;4;0;2;;;;6;11
60034;Filettino;66;1;5;0;1;;;;7;0;2;0;0;;;;2;9
60034;Filettino;67;2;2;1;1;;;;6;0;1;1;0;;;;2;8
60034;Filettino;68;0;3;0;0;;;;3;1;4;0;0;;;;5;8
60034;Filettino;69;0;2;0;0;;;;2;1;3;1;0;;;;5;7
60034;Filettino;70;0;3;0;0;;;;3;0;4;0;3;;;;7;10
60034;Filettino;71;0;6;1;0;;;;7;0;0;0;0;;;;0;7
60034;Filettino;72;0;2;0;0;;;;2;0;4;0;1;;;;5;7
60034;Filettino;73;0;4;2;0;;;;6;0;2;0;1;;;;3;9
60034;Filettino;74;0;0;0;0;;;;0;0;0;0;0;;;;0;0
60034;Filettino;75;1;3;2;0;;;;6;0;0;0;1;;;;1;7
60034;Filettino;76;0;3;0;1;;;;4;0;1;0;0;;;;1;5
60034;Filettino;77;0;2;0;0;;;;2;0;1;0;2;;;;3;5
60034;Filettino;78;0;4;0;0;;;;4;0;1;0;0;;;;1;5
60034;Filettino;79;0;2;0;0;;;;2;0;1;0;3;;;;4;6
60034;Filettino;80;0;3;0;0;;;;3;0;0;0;1;;;;1;4
60034;Filettino;81;2;1;0;0;;;;3;0;0;0;2;;;;2;5
60034;Filettino;82;0;0;0;0;;;;0;0;1;0;0;;;;1;1
60034;Filettino;83;0;1;0;0;;;;1;0;2;0;1;;;;3;4
60034;Filettino;84;0;3;0;0;;;;3;0;0;0;3;;;;3;6
60034;Filettino;85;0;1;0;0;;;;1;0;1;0;0;;;;1;2
60034;Filettino;86;0;2;0;0;;;;2;1;3;0;2;;;;6;8
60034;Filettino;87;0;1;0;0;;;;1;0;1;0;1;;;;2;3
60034;Filettino;88;0;0;0;0;;;;0;0;1;0;1;;;;2;2
60034;Filettino;89;0;0;0;0;;;;0;0;2;0;2;;;;4;4
60034;Filettino;90;0;1;0;0;;;;1;0;0;0;1;;;;1;2
60034;Filettino;91;0;0;0;0;;;;0;0;0;0;1;;;;1;1
60034;Filettino;92;0;2;0;0;;;;2;0;0;0;0;;;;0;2
60034;Filettino;93;0;1;0;0;;;;1;0;0;0;0;;;;0;1
60034;Filettino;94;0;0;0;0;;;;0;0;0;0;3;;;;3;3
60034;Filettino;95;0;0;0;0;;;;0;0;1;0;0;;;;1;1
60034;Filettino;96;0;0;0;0;;;;0;0;0;0;1;;;;1;1
60034;Filettino;97;0;0;0;0;;;;0;0;0;0;0;;;;0;0
60034;Filettino;98;0;0;0;0;;;;0;0;0;0;0;;;;0;0
60034;Filettino;99;0;0;0;0;;;;0;0;0;0;0;;;;0;0
60034;Filettino;100;0;0;0;0;;;;0;0;0;0;0;;;;0;0
60034;Filettino;999;123;140;17;4;;;;284;97;113;7;34;;;;251;535
60035;Fiuggi;0;28;0;0;0;;;;28;21;0;0;0;;;;21;49
60035;Fiuggi;1;23;0;0;0;;;;23;29;0;0;0;;;;29;52
60035;Fiuggi;2;22;0;0;0;;;;22;29;0;0;0;;;;29;51
60035;Fiuggi;3;26;0;0;0;;;;26;32;0;0;0;;;;32;58
60035;Fiuggi;4;20;0;0;0;;;;20;24;0;0;0;;;;24;44
60035;Fiuggi;5;25;0;0;0;;;;25;24;0;0;0;;;;24;49
60035;Fiuggi;6;34;0;0;0;;;;34;39;0;0;0;;;;39;73
60035;Fiuggi;7;38;0;0;0;;;;38;39;0;0;0;;;;39;77
60035;Fiuggi;8;42;0;0;0;;;;42;38;0;0;0;;;;38;80
60035;Fiuggi;9;38;0;0;0;;;;38;42;0;0;0;;;;42;80
60035;Fiuggi;10;29;0;0;0;;;;29;35;0;0;0;;;;35;64
60035;Fiuggi;11;51;0;0;0;;;;51;44;0;0;0;;;;44;95
60035;Fiuggi;12;34;0;0;0;;;;34;29;0;0;0;;;;29;63
60035;Fiuggi;13;38;0;0;0;;;;38;45;0;0;0;;;;45;83
60035;Fiuggi;14;52;0;0;0;;;;52;35;0;0;0;;;;35;87
60035;Fiuggi;15;46;0;0;0;;;;46;43;0;0;0;;;;43;89
60035;Fiuggi;16;52;0;0;0;;;;52;41;0;0;0;;;;41;93
60035;Fiuggi;17;49;0;0;0;;;;49;47;0;0;0;;;;47;96
60035;Fiuggi;18;49;0;0;0;;;;49;47;0;0;0;;;;47;96
60035;Fiuggi;19;61;0;0;0;;;;61;55;0;0;0;;;;55;116
60035;Fiuggi;20;54;0;0;0;;;;54;40;0;0;0;;;;40;94
60035;Fiuggi;21;45;0;0;0;;;;45;36;0;0;0;;;;36;81
60035;Fiuggi;22;53;0;0;0;;;;53;52;0;0;0;;;;52;105
60035;Fiuggi;23;44;1;0;0;;;;45;51;0;0;0;;;;51;96
60035;Fiuggi;24;54;0;0;0;;;;54;49;2;0;0;;;;51;105
60035;Fiuggi;25;65;1;1;0;;;;67;30;1;0;0;;;;31;98
60035;Fiuggi;26;71;4;0;0;;;;75;43;2;0;0;;;;45;120
60035;Fiuggi;27;66;3;0;0;;;;69;43;3;0;0;;;;46;115
60035;Fiuggi;28;43;2;0;0;;;;45;46;2;0;0;;;;48;93
60035;Fiuggi;29;46;2;0;0;;;;48;28;9;0;0;;;;37;85
60035;Fiuggi;30;54;4;0;0;;;;58;39;10;0;0;;;;49;107
60035;Fiuggi;31;57;6;0;0;;;;63;41;13;0;0;;;;54;117
60035;Fiuggi;32;61;5;0;0;;;;66;38;8;0;0;;;;46;112
60035;Fiuggi;33;44;10;0;0;;;;54;46;14;3;0;;;;63;117
60035;Fiuggi;34;30;14;0;0;;;;44;36;20;0;0;;;;56;100
60035;Fiuggi;35;47;12;1;0;;;;60;34;23;1;0;;;;58;118
60035;Fiuggi;36;48;10;1;0;;;;59;33;25;0;0;;;;58;117
60035;Fiuggi;37;32;29;0;0;;;;61;30;22;0;0;;;;52;113
60035;Fiuggi;38;35;19;0;0;;;;54;26;23;1;0;;;;50;104
60035;Fiuggi;39;41;18;2;0;;;;61;21;27;7;0;;;;55;116
60035;Fiuggi;40;39;15;2;0;;;;56;26;35;4;0;;;;65;121
60035;Fiuggi;41;30;17;4;0;;;;51;29;41;3;1;;;;74;125
60035;Fiuggi;42;26;33;2;0;;;;61;22;26;4;0;;;;52;113
60035;Fiuggi;43;29;36;2;0;;;;67;26;25;2;2;;;;55;122
60035;Fiuggi;44;23;28;3;0;;;;54;21;44;5;0;;;;70;124
60035;Fiuggi;45;37;29;4;0;;;;70;17;41;7;2;;;;67;137
60035;Fiuggi;46;36;35;3;0;;;;74;27;41;8;2;;;;78;152
60035;Fiuggi;47;39;38;7;0;;;;84;26;56;12;1;;;;95;179
60035;Fiuggi;48;33;44;5;1;;;;83;31;49;7;1;;;;88;171
60035;Fiuggi;49;27;47;5;0;;;;79;18;56;10;2;;;;86;165
60035;Fiuggi;50;37;47;9;1;;;;94;27;70;4;1;;;;102;196
60035;Fiuggi;51;31;44;9;0;;;;84;19;65;6;0;;;;90;174
60035;Fiuggi;52;19;62;4;1;;;;86;21;65;7;6;;;;99;185
60035;Fiuggi;53;30;62;10;1;;;;103;16;51;7;0;;;;74;177
60035;Fiuggi;54;26;65;5;0;;;;96;19;56;10;0;;;;85;181
60035;Fiuggi;55;23;52;6;0;;;;81;15;75;13;3;;;;106;187
60035;Fiuggi;56;13;53;11;2;;;;79;19;57;7;6;;;;89;168
60035;Fiuggi;57;17;49;10;0;;;;76;19;60;8;5;;;;92;168
60035;Fiuggi;58;9;73;5;0;;;;87;7;64;10;5;;;;86;173
60035;Fiuggi;59;11;52;4;0;;;;67;11;54;8;11;;;;84;151
60035;Fiuggi;60;14;75;6;0;;;;95;10;70;7;10;;;;97;192
60035;Fiuggi;61;10;66;3;0;;;;79;10;66;4;4;;;;84;163
60035;Fiuggi;62;9;54;9;0;;;;72;10;53;14;8;;;;85;157
60035;Fiuggi;63;12;70;7;0;;;;89;6;59;9;7;;;;81;170
60035;Fiuggi;64;10;47;4;4;;;;65;7;62;8;10;;;;87;152
60035;Fiuggi;65;8;48;9;2;;;;67;10;54;7;6;;;;77;144
60035;Fiuggi;66;9;52;2;3;;;;66;4;50;6;10;;;;70;136
60035;Fiuggi;67;11;51;1;0;;;;63;7;45;9;14;;;;75;138
60035;Fiuggi;68;5;48;8;3;;;;64;7;44;3;12;;;;66;130
60035;Fiuggi;69;1;36;6;3;;;;46;3;43;12;11;;;;69;115
60035;Fiuggi;70;5;54;1;6;;;;66;10;45;9;12;;;;76;142
60035;Fiuggi;71;3;40;4;6;;;;53;7;50;2;16;;;;75;128
60035;Fiuggi;72;4;55;2;2;;;;63;9;28;4;20;;;;61;124
60035;Fiuggi;73;5;47;5;10;;;;67;8;40;5;20;;;;73;140
60035;Fiuggi;74;0;55;4;3;;;;62;2;41;4;14;;;;61;123
60035;Fiuggi;75;2;37;7;4;;;;50;4;31;3;17;;;;55;105
60035;Fiuggi;76;4;50;4;3;;;;61;5;35;5;25;;;;70;131
60035;Fiuggi;77;3;45;2;5;;;;55;4;21;1;24;;;;50;105
60035;Fiuggi;78;1;33;1;4;;;;39;4;29;1;30;;;;64;103
60035;Fiuggi;79;2;30;0;2;;;;34;3;19;0;21;;;;43;77
60035;Fiuggi;80;1;25;2;4;;;;32;5;12;0;18;;;;35;67
60035;Fiuggi;81;2;22;0;3;;;;27;3;15;2;21;;;;41;68
60035;Fiuggi;82;1;29;0;9;;;;39;3;11;3;34;;;;51;90
60035;Fiuggi;83;0;11;3;1;;;;15;3;12;0;18;;;;33;48
60035;Fiuggi;84;1;23;1;2;;;;27;3;10;2;22;;;;37;64
60035;Fiuggi;85;1;13;2;10;;;;26;11;12;1;23;;;;47;73
60035;Fiuggi;86;2;10;1;3;;;;16;4;7;0;20;;;;31;47
60035;Fiuggi;87;1;17;0;5;;;;23;4;3;0;22;;;;29;52
60035;Fiuggi;88;1;5;1;6;;;;13;5;5;1;17;;;;28;41
60035;Fiuggi;89;0;7;0;4;;;;11;7;0;0;21;;;;28;39
60035;Fiuggi;90;0;8;0;4;;;;12;2;3;0;12;;;;17;29
60035;Fiuggi;91;0;6;0;5;;;;11;3;1;0;16;;;;20;31
60035;Fiuggi;92;0;1;0;4;;;;5;1;1;0;7;;;;9;14
60035;Fiuggi;93;0;2;0;5;;;;7;1;0;0;12;;;;13;20
60035;Fiuggi;94;0;3;0;1;;;;4;1;0;0;14;;;;15;19
60035;Fiuggi;95;0;2;0;1;;;;3;0;1;0;8;;;;9;12
60035;Fiuggi;96;0;0;0;1;;;;1;1;0;0;6;;;;7;8
60035;Fiuggi;97;1;0;0;0;;;;1;1;0;0;6;;;;7;8
60035;Fiuggi;98;0;0;0;0;;;;0;2;0;0;2;;;;4;4
60035;Fiuggi;99;0;0;0;0;;;;0;1;0;0;2;;;;3;3
60035;Fiuggi;100;0;0;0;1;;;;1;0;1;0;4;;;;5;6
60035;Fiuggi;999;2411;2198;210;135;;;;4954;2107;2214;276;644;;;;5241;10195
60036;Fontana Liri;0;3;0;0;0;;;;3;4;0;0;0;;;;4;7
60036;Fontana Liri;1;11;0;0;0;;;;11;9;0;0;0;;;;9;20
60036;Fontana Liri;2;15;0;0;0;;;;15;7;0;0;0;;;;7;22
60036;Fontana Liri;3;10;0;0;0;;;;10;13;0;0;0;;;;13;23
60036;Fontana Liri;4;13;0;0;0;;;;13;3;0;0;0;;;;3;16
60036;Fontana Liri;5;7;0;0;0;;;;7;4;0;0;0;;;;4;11
60036;Fontana Liri;6;9;0;0;0;;;;9;10;0;0;0;;;;10;19
60036;Fontana Liri;7;9;0;0;0;;;;9;9;0;0;0;;;;9;18
60036;Fontana Liri;8;12;0;0;0;;;;12;10;0;0;0;;;;10;22
60036;Fontana Liri;9;10;0;0;0;;;;10;10;0;0;0;;;;10;20
60036;Fontana Liri;10;12;0;0;0;;;;12;10;0;0;0;;;;10;22
60036;Fontana Liri;11;12;0;0;0;;;;12;10;0;0;0;;;;10;22
60036;Fontana Liri;12;11;0;0;0;;;;11;13;0;0;0;;;;13;24
60036;Fontana Liri;13;11;0;0;0;;;;11;13;0;0;0;;;;13;24
60036;Fontana Liri;14;19;0;0;0;;;;19;13;0;0;0;;;;13;32
60036;Fontana Liri;15;5;0;0;0;;;;5;10;0;0;0;;;;10;15
60036;Fontana Liri;16;15;0;0;0;;;;15;12;0;0;0;;;;12;27
60036;Fontana Liri;17;14;0;0;0;;;;14;11;0;0;0;;;;11;25
60036;Fontana Liri;18;11;0;0;0;;;;11;9;0;0;0;;;;9;20
60036;Fontana Liri;19;11;0;0;0;;;;11;8;0;0;0;;;;8;19
60036;Fontana Liri;20;4;0;0;0;;;;4;18;0;0;0;;;;18;22
60036;Fontana Liri;21;11;0;0;0;;;;11;9;0;0;0;;;;9;20
60036;Fontana Liri;22;11;0;0;0;;;;11;8;0;0;0;;;;8;19
60036;Fontana Liri;23;11;0;0;0;;;;11;7;0;0;0;;;;7;18
60036;Fontana Liri;24;15;0;0;0;;;;15;9;0;0;0;;;;9;24
60036;Fontana Liri;25;9;1;0;0;;;;10;8;0;0;0;;;;8;18
60036;Fontana Liri;26;11;1;0;0;;;;12;8;0;0;0;;;;8;20
60036;Fontana Liri;27;7;0;0;0;;;;7;4;0;0;0;;;;4;11
60036;Fontana Liri;28;11;2;0;0;;;;13;10;1;0;0;;;;11;24
60036;Fontana Liri;29;18;0;0;0;;;;18;11;2;0;0;;;;13;31
60036;Fontana Liri;30;10;2;0;0;;;;12;2;3;0;0;;;;5;17
60036;Fontana Liri;31;9;1;0;0;;;;10;8;4;0;0;;;;12;22
60036;Fontana Liri;32;15;1;0;0;;;;16;12;8;0;0;;;;20;36
60036;Fontana Liri;33;13;2;0;0;;;;15;8;4;0;0;;;;12;27
60036;Fontana Liri;34;6;6;0;0;;;;12;10;7;0;0;;;;17;29
60036;Fontana Liri;35;12;7;0;0;;;;19;6;7;0;0;;;;13;32
60036;Fontana Liri;36;7;6;0;0;;;;13;13;5;0;0;;;;18;31
60036;Fontana Liri;37;11;3;0;0;;;;14;3;3;0;0;;;;6;20
60036;Fontana Liri;38;8;8;0;0;;;;16;11;9;1;0;;;;21;37
60036;Fontana Liri;39;9;6;0;0;;;;15;7;9;0;0;;;;16;31
60036;Fontana Liri;40;10;9;0;0;;;;19;14;7;1;0;;;;22;41
60036;Fontana Liri;41;8;8;1;0;;;;17;7;13;0;0;;;;20;37
60036;Fontana Liri;42;11;7;0;0;;;;18;8;7;0;0;;;;15;33
60036;Fontana Liri;43;11;3;1;0;;;;15;6;11;0;0;;;;17;32
60036;Fontana Liri;44;9;8;3;0;;;;20;7;11;1;0;;;;19;39
60036;Fontana Liri;45;6;11;0;0;;;;17;4;8;0;0;;;;12;29
60036;Fontana Liri;46;9;9;0;0;;;;18;7;13;1;0;;;;21;39
60036;Fontana Liri;47;8;16;0;0;;;;24;6;11;1;0;;;;18;42
60036;Fontana Liri;48;4;7;1;0;;;;12;7;15;0;2;;;;24;36
60036;Fontana Liri;49;8;14;0;0;;;;22;4;13;0;0;;;;17;39
60036;Fontana Liri;50;6;5;1;0;;;;12;4;17;0;0;;;;21;33
60036;Fontana Liri;51;8;8;1;0;;;;17;6;6;2;1;;;;15;32
60036;Fontana Liri;52;5;11;0;0;;;;16;2;11;3;1;;;;17;33
60036;Fontana Liri;53;5;15;0;1;;;;21;1;17;1;2;;;;21;42
60036;Fontana Liri;54;5;13;2;0;;;;20;4;19;1;2;;;;26;46
60036;Fontana Liri;55;6;13;0;0;;;;19;5;12;1;0;;;;18;37
60036;Fontana Liri;56;4;11;0;0;;;;15;2;11;1;2;;;;16;31
60036;Fontana Liri;57;8;12;2;0;;;;22;5;9;0;1;;;;15;37
60036;Fontana Liri;58;3;9;3;0;;;;15;5;17;2;3;;;;27;42
60036;Fontana Liri;59;7;16;0;0;;;;23;1;11;2;1;;;;15;38
60036;Fontana Liri;60;3;10;4;0;;;;17;3;19;3;1;;;;26;43
60036;Fontana Liri;61;2;19;3;0;;;;24;2;19;2;1;;;;24;48
60036;Fontana Liri;62;2;14;1;0;;;;17;1;14;1;1;;;;17;34
60036;Fontana Liri;63;1;22;3;0;;;;26;2;19;1;4;;;;26;52
60036;Fontana Liri;64;3;22;2;0;;;;27;0;10;2;4;;;;16;43
60036;Fontana Liri;65;3;9;3;0;;;;15;1;13;0;3;;;;17;32
60036;Fontana Liri;66;1;11;0;0;;;;12;1;20;0;4;;;;25;37
60036;Fontana Liri;67;2;14;1;0;;;;17;1;15;0;7;;;;23;40
60036;Fontana Liri;68;2;15;0;1;;;;18;2;7;0;3;;;;12;30
60036;Fontana Liri;69;1;21;2;1;;;;25;0;14;1;2;;;;17;42
60036;Fontana Liri;70;1;12;1;0;;;;14;2;13;0;7;;;;22;36
60036;Fontana Liri;71;0;20;0;1;;;;21;1;12;0;6;;;;19;40
60036;Fontana Liri;72;0;8;0;0;;;;8;0;14;2;4;;;;20;28
60036;Fontana Liri;73;0;18;2;0;;;;20;3;14;2;6;;;;25;45
60036;Fontana Liri;74;1;13;1;1;;;;16;3;11;0;7;;;;21;37
60036;Fontana Liri;75;1;13;1;0;;;;15;1;17;2;6;;;;26;41
60036;Fontana Liri;76;2;9;1;0;;;;12;1;10;1;12;;;;24;36
60036;Fontana Liri;77;0;18;0;2;;;;20;4;11;0;16;;;;31;51
60036;Fontana Liri;78;0;21;0;3;;;;24;1;10;0;7;;;;18;42
60036;Fontana Liri;79;0;6;0;1;;;;7;1;5;0;5;;;;11;18
60036;Fontana Liri;80;0;5;0;1;;;;6;0;6;0;6;;;;12;18
60036;Fontana Liri;81;0;10;0;0;;;;10;1;4;0;5;;;;10;20
60036;Fontana Liri;82;0;8;0;3;;;;11;1;1;0;4;;;;6;17
60036;Fontana Liri;83;1;7;0;4;;;;12;1;5;0;4;;;;10;22
60036;Fontana Liri;84;0;14;0;1;;;;15;0;3;1;8;;;;12;27
60036;Fontana Liri;85;0;7;0;0;;;;7;0;0;0;9;;;;9;16
60036;Fontana Liri;86;0;3;0;3;;;;6;0;2;0;7;;;;9;15
60036;Fontana Liri;87;0;5;0;3;;;;8;1;3;0;5;;;;9;17
60036;Fontana Liri;88;0;3;0;3;;;;6;0;0;0;11;;;;11;17
60036;Fontana Liri;89;0;4;0;0;;;;4;0;0;0;2;;;;2;6
60036;Fontana Liri;90;0;2;0;1;;;;3;0;0;0;6;;;;6;9
60036;Fontana Liri;91;0;1;0;1;;;;2;0;0;0;3;;;;3;5
60036;Fontana Liri;92;0;0;0;0;;;;0;0;0;0;6;;;;6;6
60036;Fontana Liri;93;1;1;0;1;;;;3;0;1;0;3;;;;4;7
60036;Fontana Liri;94;0;1;0;0;;;;1;0;1;0;3;;;;4;5
60036;Fontana Liri;95;0;0;0;0;;;;0;0;0;0;0;;;;0;0
60036;Fontana Liri;96;0;0;0;0;;;;0;0;0;0;1;;;;1;1
60036;Fontana Liri;97;0;0;0;1;;;;1;0;1;0;1;;;;2;3
60036;Fontana Liri;98;0;0;0;0;;;;0;0;0;0;2;;;;2;2
60036;Fontana Liri;99;0;0;0;0;;;;0;0;0;0;1;;;;1;1
60036;Fontana Liri;100;0;1;0;0;;;;1;0;1;0;4;;;;5;6
60036;Fontana Liri;999;596;618;40;33;;;;1287;499;596;36;212;;;;1343;2630
60037;Fontechiari;0;5;0;0;0;;;;5;2;0;0;0;;;;2;7
60037;Fontechiari;1;5;0;0;0;;;;5;8;0;0;0;;;;8;13
60037;Fontechiari;2;3;0;0;0;;;;3;1;0;0;0;;;;1;4
60037;Fontechiari;3;5;0;0;0;;;;5;3;0;0;0;;;;3;8
60037;Fontechiari;4;6;0;0;0;;;;6;4;0;0;0;;;;4;10
60037;Fontechiari;5;9;0;0;0;;;;9;2;0;0;0;;;;2;11
60037;Fontechiari;6;3;0;0;0;;;;3;6;0;0;0;;;;6;9
60037;Fontechiari;7;4;0;0;0;;;;4;6;0;0;0;;;;6;10
60037;Fontechiari;8;8;0;0;0;;;;8;3;0;0;0;;;;3;11
60037;Fontechiari;9;4;0;0;0;;;;4;6;0;0;0;;;;6;10
60037;Fontechiari;10;5;0;0;0;;;;5;5;0;0;0;;;;5;10
60037;Fontechiari;11;2;0;0;0;;;;2;8;0;0;0;;;;8;10
60037;Fontechiari;12;3;0;0;0;;;;3;10;0;0;0;;;;10;13
60037;Fontechiari;13;4;0;0;0;;;;4;4;0;0;0;;;;4;8
60037;Fontechiari;14;8;0;0;0;;;;8;5;0;0;0;;;;5;13
60037;Fontechiari;15;5;0;0;0;;;;5;3;0;0;0;;;;3;8
60037;Fontechiari;16;4;0;0;0;;;;4;4;0;0;0;;;;4;8
60037;Fontechiari;17;3;0;0;0;;;;3;6;0;0;0;;;;6;9
60037;Fontechiari;18;3;0;0;0;;;;3;4;0;0;0;;;;4;7
60037;Fontechiari;19;2;0;0;0;;;;2;7;0;0;0;;;;7;9
60037;Fontechiari;20;3;0;0;0;;;;3;5;0;0;0;;;;5;8
60037;Fontechiari;21;2;0;0;0;;;;2;10;0;0;0;;;;10;12
60037;Fontechiari;22;3;0;0;0;;;;3;6;0;0;0;;;;6;9
60037;Fontechiari;23;3;0;0;0;;;;3;4;0;0;0;;;;4;7
60037;Fontechiari;24;4;0;0;0;;;;4;9;0;0;0;;;;9;13
60037;Fontechiari;25;1;0;0;0;;;;1;7;0;0;0;;;;7;8
60037;Fontechiari;26;10;0;0;0;;;;10;4;0;0;0;;;;4;14
60037;Fontechiari;27;5;0;0;0;;;;5;6;1;0;0;;;;7;12
60037;Fontechiari;28;1;0;0;0;;;;1;5;0;0;0;;;;5;6
60037;Fontechiari;29;3;1;0;0;;;;4;10;1;1;0;;;;12;16
60037;Fontechiari;30;10;0;0;0;;;;10;5;0;0;0;;;;5;15
60037;Fontechiari;31;10;1;0;0;;;;11;1;2;0;0;;;;3;14
60037;Fontechiari;32;3;0;0;0;;;;3;8;2;0;0;;;;10;13
60037;Fontechiari;33;6;4;0;0;;;;10;4;2;0;0;;;;6;16
60037;Fontechiari;34;6;0;0;0;;;;6;3;1;0;0;;;;4;10
60037;Fontechiari;35;4;2;0;0;;;;6;3;4;0;0;;;;7;13
60037;Fontechiari;36;5;2;0;0;;;;7;4;5;0;0;;;;9;16
60037;Fontechiari;37;5;4;0;0;;;;9;2;9;0;0;;;;11;20
60037;Fontechiari;38;5;4;0;0;;;;9;5;3;0;0;;;;8;17
60037;Fontechiari;39;2;5;0;0;;;;7;2;4;0;0;;;;6;13
60037;Fontechiari;40;2;5;0;0;;;;7;3;3;0;0;;;;6;13
60037;Fontechiari;41;3;2;0;0;;;;5;2;6;0;0;;;;8;13
60037;Fontechiari;42;3;5;2;0;;;;10;1;4;0;0;;;;5;15
60037;Fontechiari;43;2;2;0;0;;;;4;4;3;2;0;;;;9;13
60037;Fontechiari;44;2;4;0;0;;;;6;1;4;1;0;;;;6;12
60037;Fontechiari;45;8;4;1;0;;;;13;5;7;0;0;;;;12;25
60037;Fontechiari;46;3;10;0;0;;;;13;1;3;1;0;;;;5;18
60037;Fontechiari;47;1;6;0;0;;;;7;4;6;1;1;;;;12;19
60037;Fontechiari;48;3;6;1;0;;;;10;1;5;1;0;;;;7;17
60037;Fontechiari;49;3;7;1;0;;;;11;4;6;1;0;;;;11;22
60037;Fontechiari;50;4;4;0;0;;;;8;0;4;0;0;;;;4;12
60037;Fontechiari;51;3;4;1;0;;;;8;2;6;2;1;;;;11;19
60037;Fontechiari;52;2;6;0;0;;;;8;0;7;0;0;;;;7;15
60037;Fontechiari;53;1;8;0;0;;;;9;4;12;0;1;;;;17;26
60037;Fontechiari;54;1;6;0;0;;;;7;0;10;0;0;;;;10;17
60037;Fontechiari;55;0;5;0;0;;;;5;1;9;1;1;;;;12;17
60037;Fontechiari;56;2;6;0;0;;;;8;0;7;0;1;;;;8;16
60037;Fontechiari;57;2;10;2;0;;;;14;0;11;0;2;;;;13;27
60037;Fontechiari;58;0;8;0;0;;;;8;1;9;0;1;;;;11;19
60037;Fontechiari;59;2;4;1;0;;;;7;0;8;0;1;;;;9;16
60037;Fontechiari;60;0;9;0;0;;;;9;3;15;0;1;;;;19;28
60037;Fontechiari;61;2;6;0;1;;;;9;1;11;1;1;;;;14;23
60037;Fontechiari;62;2;7;0;0;;;;9;1;8;1;1;;;;11;20
60037;Fontechiari;63;0;10;0;0;;;;10;1;13;0;0;;;;14;24
60037;Fontechiari;64;1;9;0;0;;;;10;0;6;1;1;;;;8;18
60037;Fontechiari;65;2;8;0;0;;;;10;0;9;0;1;;;;10;20
60037;Fontechiari;66;0;6;0;0;;;;6;1;5;1;2;;;;9;15
60037;Fontechiari;67;1;6;0;2;;;;9;0;4;0;4;;;;8;17
60037;Fontechiari;68;0;16;1;1;;;;18;1;8;0;1;;;;10;28
60037;Fontechiari;69;1;3;0;1;;;;5;1;4;0;5;;;;10;15
60037;Fontechiari;70;0;8;0;0;;;;8;0;5;0;4;;;;9;17
60037;Fontechiari;71;1;8;0;0;;;;9;0;2;0;2;;;;4;13
60037;Fontechiari;72;0;5;0;0;;;;5;2;7;0;3;;;;12;17
60037;Fontechiari;73;0;7;0;0;;;;7;0;7;0;0;;;;7;14
60037;Fontechiari;74;0;9;0;0;;;;9;0;4;0;0;;;;4;13
60037;Fontechiari;75;0;4;0;1;;;;5;0;6;1;0;;;;7;12
60037;Fontechiari;76;0;5;0;2;;;;7;1;1;0;2;;;;4;11
60037;Fontechiari;77;0;7;0;0;;;;7;0;4;0;1;;;;5;12
60037;Fontechiari;78;0;3;0;1;;;;4;1;1;0;5;;;;7;11
60037;Fontechiari;79;0;2;2;1;;;;5;0;2;0;3;;;;5;10
60037;Fontechiari;80;1;5;0;0;;;;6;0;0;0;0;;;;0;6
60037;Fontechiari;81;0;2;0;0;;;;2;0;1;0;1;;;;2;4
60037;Fontechiari;82;0;1;0;1;;;;2;0;1;0;4;;;;5;7
60037;Fontechiari;83;0;1;0;0;;;;1;0;1;0;2;;;;3;4
60037;Fontechiari;84;0;1;0;0;;;;1;0;1;0;4;;;;5;6
60037;Fontechiari;85;0;1;0;1;;;;2;0;0;0;4;;;;4;6
60037;Fontechiari;86;0;4;0;0;;;;4;0;2;0;3;;;;5;9
60037;Fontechiari;87;0;3;0;0;;;;3;0;1;0;3;;;;4;7
60037;Fontechiari;88;0;1;0;0;;;;1;0;0;0;3;;;;3;4
60037;Fontechiari;89;0;1;0;0;;;;1;0;1;0;0;;;;1;2
60037;Fontechiari;90;0;1;0;0;;;;1;0;1;0;4;;;;5;6
60037;Fontechiari;91;0;1;0;1;;;;2;0;0;0;0;;;;0;2
60037;Fontechiari;92;0;1;0;0;;;;1;0;0;0;2;;;;2;3
60037;Fontechiari;93;0;0;0;0;;;;0;0;0;0;2;;;;2;2
60037;Fontechiari;94;0;1;0;1;;;;2;0;0;0;1;;;;1;3
60037;Fontechiari;95;0;0;0;0;;;;0;0;0;0;0;;;;0;0
60037;Fontechiari;96;0;0;0;0;;;;0;0;0;0;1;;;;1;1
60037;Fontechiari;97;0;0;0;2;;;;2;0;0;0;0;;;;0;2
60037;Fontechiari;98;0;0;0;0;;;;0;0;0;0;1;;;;1;1
60037;Fontechiari;99;0;0;0;0;;;;0;0;0;0;0;;;;0;0
60037;Fontechiari;100;0;0;0;0;;;;0;0;0;0;1;;;;1;1
60037;Fontechiari;999;240;297;12;16;;;;565;247;295;16;82;;;;640;1205
60038;Frosinone;0;145;0;0;0;0;0;0;145;115;0;0;0;0;0;0;115;260
60038;Frosinone;1;136;0;0;0;0;0;0;136;141;0;0;0;0;0;0;141;277
60038;Frosinone;2;166;0;0;0;0;0;0;166;112;0;0;0;0;0;0;112;278
60038;Frosinone;3;152;0;0;0;0;0;0;152;136;0;0;0;0;0;0;136;288
60038;Frosinone;4;150;0;0;0;0;0;0;150;187;0;0;0;0;0;0;187;337
60038;Frosinone;5;146;0;0;0;0;0;0;146;126;0;0;0;0;0;0;126;272
60038;Frosinone;6;160;0;0;0;0;0;0;160;167;0;0;0;0;0;0;167;327
60038;Frosinone;7;162;0;0;0;0;0;0;162;171;0;0;0;0;0;0;171;333
60038;Frosinone;8;175;0;0;0;0;0;0;175;181;0;0;0;0;0;0;181;356
60038;Frosinone;9;168;0;0;0;0;0;0;168;193;0;0;0;0;0;0;193;361
60038;Frosinone;10;181;0;0;0;0;0;0;181;158;0;0;0;0;0;0;158;339
60038;Frosinone;11;199;0;0;0;0;0;0;199;173;0;0;0;0;0;0;173;372
60038;Frosinone;12;195;0;0;0;0;0;0;195;219;0;0;0;0;0;0;219;414
60038;Frosinone;13;175;0;0;0;0;0;0;175;168;0;0;0;0;0;0;168;343
60038;Frosinone;14;208;0;0;0;0;0;0;208;194;0;0;0;0;0;0;194;402
60038;Frosinone;15;201;0;0;0;0;0;0;201;231;0;0;0;0;0;0;231;432
60038;Frosinone;16;211;0;0;0;0;0;0;211;199;0;0;0;0;0;0;199;410
60038;Frosinone;17;198;0;0;0;0;0;0;198;185;0;0;0;0;0;0;185;383
60038;Frosinone;18;201;0;0;0;0;0;0;201;167;0;0;0;0;0;0;167;368
60038;Frosinone;19;186;0;0;0;0;0;0;186;210;0;0;0;0;0;0;210;396
60038;Frosinone;20;223;0;0;0;0;0;0;223;187;4;0;0;0;0;0;191;414
60038;Frosinone;21;220;0;0;0;0;0;0;220;180;1;0;0;0;0;0;181;401
60038;Frosinone;22;220;0;0;0;0;0;0;220;177;6;0;0;0;0;0;183;403
60038;Frosinone;23;207;1;0;0;0;0;0;208;204;8;0;0;1;0;0;213;421
60038;Frosinone;24;226;1;0;0;0;0;0;227;188;13;0;0;0;0;0;201;428
60038;Frosinone;25;218;6;0;0;0;0;0;224;204;6;0;1;0;0;0;211;435
60038;Frosinone;26;219;7;0;0;0;0;0;226;191;15;0;0;0;0;0;206;432
60038;Frosinone;27;228;10;0;0;0;0;0;238;195;26;0;0;0;0;0;221;459
60038;Frosinone;28;209;15;0;0;0;0;0;224;177;26;2;1;0;0;0;206;430
60038;Frosinone;29;227;20;0;0;0;0;0;247;165;28;0;0;0;0;0;193;440
60038;Frosinone;30;216;31;0;0;1;0;0;248;165;53;0;0;2;0;0;220;468
60038;Frosinone;31;200;29;0;0;0;0;0;229;160;70;4;0;0;1;0;235;464
60038;Frosinone;32;189;29;2;0;1;0;0;221;170;59;2;1;0;0;0;232;453
60038;Frosinone;33;209;52;0;0;1;0;1;263;160;72;1;0;0;0;0;233;496
60038;Frosinone;34;196;55;0;0;0;0;0;251;148;87;3;0;0;0;0;238;489
60038;Frosinone;35;188;67;6;0;0;0;0;261;136;100;4;0;0;0;0;240;501
60038;Frosinone;36;163;86;1;0;0;0;0;250;116;106;5;0;1;0;0;228;478
60038;Frosinone;37;183;104;1;0;0;0;0;288;123;114;5;2;0;1;0;245;533
60038;Frosinone;38;144;106;1;1;0;0;0;252;101;128;13;1;0;0;0;243;495
60038;Frosinone;39;157;131;4;0;0;0;0;292;104;112;5;3;0;0;0;224;516
60038;Frosinone;40;133;104;2;1;0;1;0;241;107;148;6;1;0;0;0;262;503
60038;Frosinone;41;136;122;4;0;0;0;0;262;100;166;4;2;0;0;0;272;534
60038;Frosinone;42;137;134;6;1;0;0;0;278;95;165;13;2;2;0;0;277;555
60038;Frosinone;43;123;146;5;1;0;0;0;275;99;148;8;2;0;0;0;257;532
60038;Frosinone;44;125;158;5;1;0;0;0;289;84;161;12;1;0;0;0;258;547
60038;Frosinone;45;127;133;13;0;2;1;0;276;90;169;21;3;0;0;0;283;559
60038;Frosinone;46;124;164;4;1;1;0;0;294;84;186;14;3;0;0;0;287;581
60038;Frosinone;47;120;165;7;1;1;0;0;294;79;165;17;3;0;0;0;264;558
60038;Frosinone;48;122;171;14;0;0;0;0;307;82;203;20;5;0;0;0;310;617
60038;Frosinone;49;95;192;14;1;0;0;0;302;86;244;27;3;0;0;0;360;662
60038;Frosinone;50;99;190;13;2;1;0;0;305;78;243;29;10;0;0;0;360;665
60038;Frosinone;51;99;191;15;1;0;0;0;306;93;240;29;5;0;0;0;367;673
60038;Frosinone;52;90;190;20;2;0;0;0;302;70;251;22;10;0;0;0;353;655
60038;Frosinone;53;84;224;20;2;1;0;0;331;73;254;17;9;0;0;0;353;684
60038;Frosinone;54;79;230;10;3;1;0;0;323;61;243;37;11;0;0;0;352;675
60038;Frosinone;55;77;215;27;5;0;0;0;324;66;269;32;7;0;0;0;374;698
60038;Frosinone;56;66;233;20;0;0;0;0;319;46;254;43;11;0;0;0;354;673
60038;Frosinone;57;54;227;15;2;0;0;0;298;42;266;37;19;0;0;0;364;662
60038;Frosinone;58;60;245;26;5;0;0;0;336;53;243;45;19;0;0;0;360;696
60038;Frosinone;59;37;252;28;6;0;0;0;323;36;275;36;26;0;0;0;373;696
60038;Frosinone;60;34;261;22;8;0;0;0;325;41;285;28;33;0;0;0;387;712
60038;Frosinone;61;38;257;30;10;0;0;0;335;25;259;28;16;0;0;0;328;663
60038;Frosinone;62;34;239;19;9;0;0;0;301;42;254;37;26;0;0;0;359;660
60038;Frosinone;63;30;241;19;2;1;0;0;293;35;274;21;35;0;0;0;365;658
60038;Frosinone;64;28;224;13;13;0;0;0;278;18;257;20;43;0;0;0;338;616
60038;Frosinone;65;34;244;25;13;0;0;0;316;32;211;26;41;0;0;0;310;626
60038;Frosinone;66;18;237;14;11;0;0;0;280;26;242;21;54;0;0;0;343;623
60038;Frosinone;67;22;227;13;5;0;0;0;267;21;215;19;56;0;0;0;311;578
60038;Frosinone;68;24;241;11;16;1;0;0;293;12;192;19;47;0;0;0;270;563
60038;Frosinone;69;21;230;12;11;0;0;0;274;20;194;19;65;0;0;0;298;572
60038;Frosinone;70;12;200;7;14;0;0;0;233;14;204;10;55;0;0;0;283;516
60038;Frosinone;71;12;222;9;16;0;0;0;259;21;165;13;64;0;0;0;263;522
60038;Frosinone;72;17;199;9;7;0;0;0;232;19;159;12;73;0;0;0;263;495
60038;Frosinone;73;11;173;5;13;0;0;0;202;20;159;13;93;0;0;0;285;487
60038;Frosinone;74;9;190;9;15;0;0;0;223;14;152;10;89;0;0;0;265;488
60038;Frosinone;75;8;177;12;15;0;0;0;212;9;198;8;82;0;0;0;297;509
60038;Frosinone;76;10;182;2;16;0;0;0;210;16;185;6;102;0;0;0;309;519
60038;Frosinone;77;6;213;6;26;0;0;0;251;14;149;7;97;0;0;0;267;518
60038;Frosinone;78;2;157;9;19;0;0;0;187;16;136;6;134;0;0;0;292;479
60038;Frosinone;79;3;127;4;17;0;0;0;151;12;68;6;83;0;0;0;169;320
60038;Frosinone;80;4;96;2;19;0;0;0;121;7;89;9;109;0;0;0;214;335
60038;Frosinone;81;5;121;3;22;0;0;0;151;13;83;2;93;0;0;0;191;342
60038;Frosinone;82;3;108;3;16;0;0;0;130;9;47;5;101;0;0;0;162;292
60038;Frosinone;83;1;82;1;20;0;0;0;104;13;60;6;96;0;0;0;175;279
60038;Frosinone;84;3;98;0;30;0;0;0;131;10;59;2;127;0;0;0;198;329
60038;Frosinone;85;2;83;1;20;0;0;0;106;8;42;4;133;0;0;0;187;293
60038;Frosinone;86;0;68;0;19;0;0;0;87;8;38;3;117;0;0;0;166;253
60038;Frosinone;87;0;60;1;21;0;0;0;82;7;26;1;112;0;0;0;146;228
60038;Frosinone;88;2;49;1;19;0;0;0;71;5;23;2;91;0;0;0;121;192
60038;Frosinone;89;1;45;0;21;0;0;0;67;3;15;0;92;0;0;0;110;177
60038;Frosinone;90;1;28;0;18;0;0;0;47;5;12;1;80;0;0;0;98;145
60038;Frosinone;91;0;33;0;18;0;0;0;51;4;11;0;70;0;0;0;85;136
60038;Frosinone;92;0;14;0;9;0;0;0;23;2;5;0;53;0;0;0;60;83
60038;Frosinone;93;1;17;1;10;0;0;0;29;6;1;1;47;0;0;0;55;84
60038;Frosinone;94;0;8;0;7;0;0;0;15;2;1;0;32;0;0;0;35;50
60038;Frosinone;95;0;4;0;3;0;0;0;7;5;2;0;29;0;0;0;36;43
60038;Frosinone;96;0;4;0;5;0;0;0;9;0;1;0;15;0;0;0;16;25
60038;Frosinone;97;0;1;0;4;0;0;0;5;1;1;1;16;0;0;0;19;24
60038;Frosinone;98;0;3;0;0;0;0;0;3;0;0;0;20;0;0;0;20;23
60038;Frosinone;99;0;1;0;1;0;0;0;2;0;1;0;9;0;0;0;10;12
60038;Frosinone;100;0;1;0;1;0;0;0;2;3;0;0;12;0;0;0;15;17
60038;Frosinone;999;9940;9601;546;575;12;2;1;20677;8746;9802;879;2903;6;2;0;22338;43015
60039;Fumone;0;3;0;0;0;;;;3;2;0;0;0;;;;2;5
60039;Fumone;1;9;0;0;0;;;;9;0;0;0;0;;;;0;9
60039;Fumone;2;6;0;0;0;;;;6;5;0;0;0;;;;5;11
60039;Fumone;3;5;0;0;0;;;;5;7;0;0;0;;;;7;12
60039;Fumone;4;7;0;0;0;;;;7;3;0;0;0;;;;3;10
60039;Fumone;5;2;0;0;0;;;;2;4;0;0;0;;;;4;6
60039;Fumone;6;7;0;0;0;;;;7;6;0;0;0;;;;6;13
60039;Fumone;7;6;0;0;0;;;;6;8;0;0;0;;;;8;14
60039;Fumone;8;9;0;0;0;;;;9;7;0;0;0;;;;7;16
60039;Fumone;9;5;0;0;0;;;;5;6;0;0;0;;;;6;11
60039;Fumone;10;7;0;0;0;;;;7;11;0;0;0;;;;11;18
60039;Fumone;11;10;0;0;0;;;;10;4;0;0;0;;;;4;14
60039;Fumone;12;4;0;0;0;;;;4;8;0;0;0;;;;8;12
60039;Fumone;13;11;0;0;0;;;;11;4;0;0;0;;;;4;15
60039;Fumone;14;9;0;0;0;;;;9;7;0;0;0;;;;7;16
60039;Fumone;15;10;0;0;0;;;;10;5;0;0;0;;;;5;15
60039;Fumone;16;9;0;0;0;;;;9;9;0;0;0;;;;9;18
60039;Fumone;17;4;0;0;0;;;;4;5;0;0;0;;;;5;9
60039;Fumone;18;11;0;0;0;;;;11;9;0;0;0;;;;9;20
60039;Fumone;19;13;0;0;0;;;;13;12;0;0;0;;;;12;25
60039;Fumone;20;8;0;0;0;;;;8;7;0;0;0;;;;7;15
60039;Fumone;21;12;0;0;0;;;;12;1;0;0;0;;;;1;13
60039;Fumone;22;10;0;0;0;;;;10;3;0;0;0;;;;3;13
60039;Fumone;23;7;0;0;0;;;;7;4;0;0;0;;;;4;11
60039;Fumone;24;16;0;0;0;;;;16;8;0;0;0;;;;8;24
60039;Fumone;25;7;0;0;0;;;;7;9;0;0;0;;;;9;16
60039;Fumone;26;14;1;0;0;;;;15;10;0;0;0;;;;10;25
60039;Fumone;27;10;0;0;0;;;;10;7;0;0;0;;;;7;17
60039;Fumone;28;6;0;0;0;;;;6;8;2;0;0;;;;10;16
60039;Fumone;29;8;0;0;0;;;;8;8;1;0;0;;;;9;17
60039;Fumone;30;7;0;0;0;;;;7;10;1;0;0;;;;11;18
60039;Fumone;31;10;2;0;0;;;;12;9;2;0;0;;;;11;23
60039;Fumone;32;5;0;0;0;;;;5;7;2;0;0;;;;9;14
60039;Fumone;33;10;4;0;0;;;;14;11;5;0;0;;;;16;30
60039;Fumone;34;6;5;0;0;;;;11;7;3;0;0;;;;10;21
60039;Fumone;35;11;3;0;0;;;;14;4;5;0;0;;;;9;23
60039;Fumone;36;11;7;0;0;;;;18;2;7;0;0;;;;9;27
60039;Fumone;37;12;2;0;0;;;;14;4;7;0;0;;;;11;25
60039;Fumone;38;8;6;0;0;;;;14;5;5;0;0;;;;10;24
60039;Fumone;39;7;7;0;0;;;;14;4;7;0;0;;;;11;25
60039;Fumone;40;8;3;0;0;;;;11;7;7;1;0;;;;15;26
60039;Fumone;41;5;2;0;0;;;;7;2;13;0;0;;;;15;22
60039;Fumone;42;4;4;0;0;;;;8;4;8;0;0;;;;12;20
60039;Fumone;43;3;5;1;0;;;;9;11;6;0;0;;;;17;26
60039;Fumone;44;9;9;0;0;;;;18;3;9;0;0;;;;12;30
60039;Fumone;45;2;5;0;0;;;;7;5;9;0;1;;;;15;22
60039;Fumone;46;8;14;0;0;;;;22;1;12;0;1;;;;14;36
60039;Fumone;47;6;7;2;0;;;;15;0;9;1;0;;;;10;25
60039;Fumone;48;10;11;0;0;;;;21;1;10;1;0;;;;12;33
60039;Fumone;49;6;14;0;0;;;;20;2;11;0;0;;;;13;33
60039;Fumone;50;2;11;1;0;;;;14;5;16;0;1;;;;22;36
60039;Fumone;51;5;13;0;1;;;;19;3;7;1;0;;;;11;30
60039;Fumone;52;4;7;0;0;;;;11;2;10;0;0;;;;12;23
60039;Fumone;53;6;12;0;0;;;;18;1;13;0;1;;;;15;33
60039;Fumone;54;0;12;0;0;;;;12;1;14;0;1;;;;16;28
60039;Fumone;55;4;11;0;0;;;;15;1;12;0;2;;;;15;30
60039;Fumone;56;3;14;0;0;;;;17;4;9;0;2;;;;15;32
60039;Fumone;57;1;14;2;0;;;;17;2;11;0;3;;;;16;33
60039;Fumone;58;0;8;1;0;;;;9;3;15;1;0;;;;19;28
60039;Fumone;59;3;13;1;0;;;;17;1;7;0;2;;;;10;27
60039;Fumone;60;2;15;0;0;;;;17;1;13;0;1;;;;15;32
60039;Fumone;61;3;6;0;0;;;;9;1;9;0;7;;;;17;26
60039;Fumone;62;2;12;0;0;;;;14;0;11;1;3;;;;15;29
60039;Fumone;63;4;12;0;0;;;;16;1;9;1;2;;;;13;29
60039;Fumone;64;2;12;3;0;;;;17;0;19;1;5;;;;25;42
60039;Fumone;65;1;11;1;0;;;;13;2;15;1;2;;;;20;33
60039;Fumone;66;2;13;0;1;;;;16;2;4;1;2;;;;9;25
60039;Fumone;67;1;10;0;1;;;;12;0;14;0;1;;;;15;27
60039;Fumone;68;1;10;0;0;;;;11;0;11;1;6;;;;18;29
60039;Fumone;69;1;13;0;0;;;;14;0;13;0;3;;;;16;30
60039;Fumone;70;1;9;0;2;;;;12;0;8;0;4;;;;12;24
60039;Fumone;71;0;9;1;0;;;;10;0;9;0;5;;;;14;24
60039;Fumone;72;1;12;0;1;;;;14;1;10;1;2;;;;14;28
60039;Fumone;73;0;11;1;0;;;;12;0;8;0;8;;;;16;28
60039;Fumone;74;0;11;0;1;;;;12;0;7;0;8;;;;15;27
60039;Fumone;75;1;15;0;1;;;;17;0;8;0;1;;;;9;26
60039;Fumone;76;0;13;0;0;;;;13;0;8;0;3;;;;11;24
60039;Fumone;77;1;8;0;1;;;;10;0;4;0;9;;;;13;23
60039;Fumone;78;1;12;0;1;;;;14;0;6;0;10;;;;16;30
60039;Fumone;79;2;3;1;1;;;;7;0;2;0;5;;;;7;14
60039;Fumone;80;0;3;0;1;;;;4;0;4;0;8;;;;12;16
60039;Fumone;81;0;3;0;0;;;;3;0;4;0;4;;;;8;11
60039;Fumone;82;0;6;0;0;;;;6;0;2;0;4;;;;6;12
60039;Fumone;83;1;2;0;0;;;;3;0;1;0;6;;;;7;10
60039;Fumone;84;0;7;0;1;;;;8;0;1;0;8;;;;9;17
60039;Fumone;85;0;0;0;1;;;;1;0;3;0;5;;;;8;9
60039;Fumone;86;0;5;0;0;;;;5;0;2;0;9;;;;11;16
60039;Fumone;87;0;2;0;0;;;;2;0;0;0;6;;;;6;8
60039;Fumone;88;0;2;0;2;;;;4;0;1;0;7;;;;8;12
60039;Fumone;89;0;2;0;1;;;;3;0;0;0;6;;;;6;9
60039;Fumone;90;0;2;0;3;;;;5;0;1;0;2;;;;3;8
60039;Fumone;91;0;0;0;1;;;;1;0;0;0;2;;;;2;3
60039;Fumone;92;0;1;0;0;;;;1;0;1;0;3;;;;4;5
60039;Fumone;93;0;3;0;0;;;;3;0;1;0;2;;;;3;6
60039;Fumone;94;0;1;0;0;;;;1;0;0;0;1;;;;1;2
60039;Fumone;95;0;0;0;1;;;;1;0;1;0;1;;;;2;3
60039;Fumone;96;0;0;0;1;;;;1;0;0;0;0;;;;0;1
60039;Fumone;97;0;0;0;1;;;;1;0;0;0;0;;;;0;1
60039;Fumone;98;0;0;0;1;;;;1;0;0;0;1;;;;1;2
60039;Fumone;99;0;0;0;0;;;;0;0;0;0;0;;;;0;0
60039;Fumone;100;0;0;0;0;;;;0;0;0;0;2;;;;2;2
60039;Fumone;999;448;482;15;25;;;;970;317;465;12;178;;;;972;1942
60040;Gallinaro;0;3;0;0;0;;;;3;3;0;0;0;;;;3;6
60040;Gallinaro;1;7;0;0;0;;;;7;2;0;0;0;;;;2;9
60040;Gallinaro;2;4;0;0;0;;;;4;5;0;0;0;;;;5;9
60040;Gallinaro;3;4;0;0;0;;;;4;2;0;0;0;;;;2;6
60040;Gallinaro;4;6;0;0;0;;;;6;3;0;0;0;;;;3;9
60040;Gallinaro;5;9;0;0;0;;;;9;4;0;0;0;;;;4;13
60040;Gallinaro;6;4;0;0;0;;;;4;1;0;0;0;;;;1;5
60040;Gallinaro;7;4;0;0;0;;;;4;2;0;0;0;;;;2;6
60040;Gallinaro;8;5;0;0;0;;;;5;6;0;0;0;;;;6;11
60040;Gallinaro;9;5;0;0;0;;;;5;0;0;0;0;;;;0;5
60040;Gallinaro;10;3;0;0;0;;;;3;9;0;0;0;;;;9;12
60040;Gallinaro;11;2;0;0;0;;;;2;5;0;0;0;;;;5;7
60040;Gallinaro;12;5;0;0;0;;;;5;4;0;0;0;;;;4;9
60040;Gallinaro;13;3;0;0;0;;;;3;1;0;0;0;;;;1;4
60040;Gallinaro;14;5;0;0;0;;;;5;5;0;0;0;;;;5;10
60040;Gallinaro;15;3;0;0;0;;;;3;7;0;0;0;;;;7;10
60040;Gallinaro;16;9;0;0;0;;;;9;5;0;0;0;;;;5;14
60040;Gallinaro;17;7;0;0;0;;;;7;9;0;0;0;;;;9;16
60040;Gallinaro;18;1;0;0;0;;;;1;6;0;0;0;;;;6;7
60040;Gallinaro;19;8;0;0;0;;;;8;7;0;0;0;;;;7;15
60040;Gallinaro;20;1;0;0;0;;;;1;3;0;0;0;;;;3;4
60040;Gallinaro;21;7;0;0;0;;;;7;3;0;0;0;;;;3;10
60040;Gallinaro;22;9;0;0;0;;;;9;8;0;0;0;;;;8;17
60040;Gallinaro;23;4;0;0;0;;;;4;2;0;0;0;;;;2;6
60040;Gallinaro;24;6;0;0;0;;;;6;9;1;0;0;;;;10;16
60040;Gallinaro;25;3;1;0;0;;;;4;6;0;0;0;;;;6;10
60040;Gallinaro;26;5;1;0;0;;;;6;1;1;0;0;;;;2;8
60040;Gallinaro;27;6;0;0;0;;;;6;4;0;0;0;;;;4;10
60040;Gallinaro;28;4;0;0;0;;;;4;5;1;0;0;;;;6;10
60040;Gallinaro;29;3;1;0;0;;;;4;4;3;0;0;;;;7;11
60040;Gallinaro;30;7;1;0;0;;;;8;3;0;0;0;;;;3;11
60040;Gallinaro;31;3;2;0;0;;;;5;3;4;0;0;;;;7;12
60040;Gallinaro;32;5;0;0;0;;;;5;3;3;0;0;;;;6;11
60040;Gallinaro;33;1;1;0;0;;;;2;2;2;0;0;;;;4;6
60040;Gallinaro;34;4;2;0;0;;;;6;3;3;0;0;;;;6;12
60040;Gallinaro;35;4;4;0;0;;;;8;3;2;1;0;;;;6;14
60040;Gallinaro;36;4;3;1;0;;;;8;5;7;0;0;;;;12;20
60040;Gallinaro;37;4;3;0;0;;;;7;1;3;0;0;;;;4;11
60040;Gallinaro;38;1;4;0;0;;;;5;5;3;0;0;;;;8;13
60040;Gallinaro;39;1;3;0;0;;;;4;2;3;0;0;;;;5;9
60040;Gallinaro;40;4;1;0;0;;;;5;4;4;0;0;;;;8;13
60040;Gallinaro;41;3;6;0;0;;;;9;3;7;0;0;;;;10;19
60040;Gallinaro;42;0;1;0;0;;;;1;7;3;0;0;;;;10;11
60040;Gallinaro;43;5;5;0;0;;;;10;3;4;0;0;;;;7;17
60040;Gallinaro;44;7;2;0;0;;;;9;2;6;2;0;;;;10;19
60040;Gallinaro;45;4;7;0;0;;;;11;3;5;1;0;;;;9;20
60040;Gallinaro;46;1;5;1;0;;;;7;3;3;1;0;;;;7;14
60040;Gallinaro;47;4;4;0;0;;;;8;0;2;1;0;;;;3;11
60040;Gallinaro;48;2;4;0;0;;;;6;2;7;1;0;;;;10;16
60040;Gallinaro;49;1;5;0;0;;;;6;0;8;0;0;;;;8;14
60040;Gallinaro;50;3;3;0;0;;;;6;1;9;3;0;;;;13;19
60040;Gallinaro;51;4;5;1;0;;;;10;0;3;0;0;;;;3;13
60040;Gallinaro;52;1;3;1;0;;;;5;1;5;0;0;;;;6;11
60040;Gallinaro;53;2;7;2;0;;;;11;0;14;0;1;;;;15;26
60040;Gallinaro;54;3;11;1;0;;;;15;2;6;0;0;;;;8;23
60040;Gallinaro;55;0;4;2;1;;;;7;1;6;0;0;;;;7;14
60040;Gallinaro;56;3;9;0;0;;;;12;2;7;0;1;;;;10;22
60040;Gallinaro;57;2;4;0;0;;;;6;1;6;0;0;;;;7;13
60040;Gallinaro;58;3;8;1;0;;;;12;0;9;2;0;;;;11;23
60040;Gallinaro;59;1;7;1;0;;;;9;0;13;3;1;;;;17;26
60040;Gallinaro;60;1;6;2;1;;;;10;0;11;1;0;;;;12;22
60040;Gallinaro;61;2;8;1;1;;;;12;1;2;0;2;;;;5;17
60040;Gallinaro;62;2;8;1;1;;;;12;0;8;0;2;;;;10;22
60040;Gallinaro;63;0;10;0;0;;;;10;4;5;1;0;;;;10;20
60040;Gallinaro;64;1;6;0;0;;;;7;1;10;0;1;;;;12;19
60040;Gallinaro;65;0;10;1;1;;;;12;1;7;0;3;;;;11;23
60040;Gallinaro;66;1;6;0;0;;;;7;2;7;0;1;;;;10;17
60040;Gallinaro;67;0;10;3;0;;;;13;2;9;0;2;;;;13;26
60040;Gallinaro;68;1;4;0;1;;;;6;1;3;1;0;;;;5;11
60040;Gallinaro;69;2;5;0;0;;;;7;1;5;2;4;;;;12;19
60040;Gallinaro;70;2;10;0;1;;;;13;1;3;0;2;;;;6;19
60040;Gallinaro;71;0;3;1;0;;;;4;0;6;0;0;;;;6;10
60040;Gallinaro;72;0;3;0;1;;;;4;2;2;0;4;;;;8;12
60040;Gallinaro;73;0;10;0;0;;;;10;1;8;0;1;;;;10;20
60040;Gallinaro;74;0;5;1;0;;;;6;0;5;0;3;;;;8;14
60040;Gallinaro;75;1;6;0;0;;;;7;0;5;0;4;;;;9;16
60040;Gallinaro;76;2;5;0;0;;;;7;0;7;0;8;;;;15;22
60040;Gallinaro;77;0;5;0;1;;;;6;2;3;0;3;;;;8;14
60040;Gallinaro;78;1;7;0;1;;;;9;0;4;0;3;;;;7;16
60040;Gallinaro;79;0;1;1;0;;;;2;0;2;1;3;;;;6;8
60040;Gallinaro;80;0;6;0;0;;;;6;1;4;1;2;;;;8;14
60040;Gallinaro;81;0;4;0;2;;;;6;0;0;0;2;;;;2;8
60040;Gallinaro;82;0;4;0;0;;;;4;0;3;0;0;;;;3;7
60040;Gallinaro;83;0;2;0;0;;;;2;0;3;0;3;;;;6;8
60040;Gallinaro;84;0;2;0;1;;;;3;0;0;0;3;;;;3;6
60040;Gallinaro;85;0;1;0;0;;;;1;1;1;0;1;;;;3;4
60040;Gallinaro;86;1;1;0;0;;;;2;0;1;0;4;;;;5;7
60040;Gallinaro;87;0;5;0;1;;;;6;0;0;0;2;;;;2;8
60040;Gallinaro;88;0;1;0;0;;;;1;0;0;0;1;;;;1;2
60040;Gallinaro;89;0;1;0;0;;;;1;0;2;0;5;;;;7;8
60040;Gallinaro;90;0;1;0;0;;;;1;0;0;0;0;;;;0;1
60040;Gallinaro;91;0;2;0;0;;;;2;0;1;0;4;;;;5;7
60040;Gallinaro;92;0;0;0;0;;;;0;0;0;0;1;;;;1;1
60040;Gallinaro;93;0;0;0;1;;;;1;0;0;0;1;;;;1;2
60040;Gallinaro;94;0;0;0;0;;;;0;0;0;0;2;;;;2;2
60040;Gallinaro;95;0;1;0;0;;;;1;0;0;0;0;;;;0;1
60040;Gallinaro;96;0;0;0;0;;;;0;0;0;0;0;;;;0;0
60040;Gallinaro;97;0;0;0;0;;;;0;0;0;0;0;;;;0;0
60040;Gallinaro;98;0;1;0;0;;;;1;0;0;0;0;;;;0;1
60040;Gallinaro;99;0;0;0;1;;;;1;0;0;0;0;;;;0;1
60040;Gallinaro;100;0;0;0;0;;;;0;0;0;0;0;;;;0;0
60040;Gallinaro;999;249;287;22;16;;;;574;217;290;22;80;;;;609;1183
60041;Giuliano di Roma;0;10;0;0;0;;;;10;3;0;0;0;;;;3;13
60041;Giuliano di Roma;1;7;0;0;0;;;;7;5;0;0;0;;;;5;12
60041;Giuliano di Roma;2;8;0;0;0;;;;8;6;0;0;0;;;;6;14
60041;Giuliano di Roma;3;11;0;0;0;;;;11;7;0;0;0;;;;7;18
60041;Giuliano di Roma;4;9;0;0;0;;;;9;8;0;0;0;;;;8;17
60041;Giuliano di Roma;5;7;0;0;0;;;;7;13;0;0;0;;;;13;20
60041;Giuliano di Roma;6;6;0;0;0;;;;6;13;0;0;0;;;;13;19
60041;Giuliano di Roma;7;14;0;0;0;;;;14;9;0;0;0;;;;9;23
60041;Giuliano di Roma;8;16;0;0;0;;;;16;7;0;0;0;;;;7;23
60041;Giuliano di Roma;9;4;0;0;0;;;;4;10;0;0;0;;;;10;14
60041;Giuliano di Roma;10;5;0;0;0;;;;5;15;0;0;0;;;;15;20
60041;Giuliano di Roma;11;15;0;0;0;;;;15;13;0;0;0;;;;13;28
60041;Giuliano di Roma;12;11;0;0;0;;;;11;14;0;0;0;;;;14;25
60041;Giuliano di Roma;13;11;0;0;0;;;;11;8;0;0;0;;;;8;19
60041;Giuliano di Roma;14;9;0;0;0;;;;9;12;0;0;0;;;;12;21
60041;Giuliano di Roma;15;10;0;0;0;;;;10;9;0;0;0;;;;9;19
60041;Giuliano di Roma;16;10;0;0;0;;;;10;9;0;0;0;;;;9;19
60041;Giuliano di Roma;17;14;0;0;0;;;;14;4;0;0;0;;;;4;18
60041;Giuliano di Roma;18;9;0;0;0;;;;9;7;0;0;0;;;;7;16
60041;Giuliano di Roma;19;9;0;0;0;;;;9;11;0;0;0;;;;11;20
60041;Giuliano di Roma;20;17;0;0;0;;;;17;7;0;0;0;;;;7;24
60041;Giuliano di Roma;21;11;0;0;0;;;;11;11;0;0;0;;;;11;22
60041;Giuliano di Roma;22;10;0;0;0;;;;10;11;0;0;0;;;;11;21
60041;Giuliano di Roma;23;7;0;0;0;;;;7;9;0;0;0;;;;9;16
60041;Giuliano di Roma;24;10;0;0;0;;;;10;9;0;0;0;;;;9;19
60041;Giuliano di Roma;25;6;0;0;0;;;;6;12;0;0;0;;;;12;18
60041;Giuliano di Roma;26;16;0;0;0;;;;16;9;0;0;0;;;;9;25
60041;Giuliano di Roma;27;7;0;0;0;;;;7;12;0;0;0;;;;12;19
60041;Giuliano di Roma;28;12;0;0;0;;;;12;11;3;0;0;;;;14;26
60041;Giuliano di Roma;29;14;0;0;0;;;;14;12;1;0;0;;;;13;27
60041;Giuliano di Roma;30;17;1;0;0;;;;18;5;3;0;0;;;;8;26
60041;Giuliano di Roma;31;10;1;0;0;;;;11;8;2;0;0;;;;10;21
60041;Giuliano di Roma;32;13;5;0;0;;;;18;5;2;0;0;;;;7;25
60041;Giuliano di Roma;33;10;1;0;0;;;;11;6;5;0;0;;;;11;22
60041;Giuliano di Roma;34;12;2;0;0;;;;14;11;8;0;0;;;;19;33
60041;Giuliano di Roma;35;13;3;0;0;;;;16;7;1;0;0;;;;8;24
60041;Giuliano di Roma;36;5;7;0;0;;;;12;8;6;1;0;;;;15;27
60041;Giuliano di Roma;37;10;4;0;0;;;;14;8;4;1;0;;;;13;27
60041;Giuliano di Roma;38;13;3;0;0;;;;16;6;11;0;0;;;;17;33
60041;Giuliano di Roma;39;9;6;0;0;;;;15;6;9;0;0;;;;15;30
60041;Giuliano di Roma;40;5;9;0;0;;;;14;2;12;1;0;;;;15;29
60041;Giuliano di Roma;41;8;5;0;0;;;;13;11;12;1;0;;;;24;37
60041;Giuliano di Roma;42;11;8;1;0;;;;20;3;6;0;0;;;;9;29
60041;Giuliano di Roma;43;8;5;0;0;;;;13;3;5;1;1;;;;10;23
60041;Giuliano di Roma;44;1;12;1;0;;;;14;5;8;1;0;;;;14;28
60041;Giuliano di Roma;45;6;7;0;0;;;;13;7;7;0;1;;;;15;28
60041;Giuliano di Roma;46;6;9;0;0;;;;15;2;14;3;0;;;;19;34
60041;Giuliano di Roma;47;8;11;0;0;;;;19;0;15;3;0;;;;18;37
60041;Giuliano di Roma;48;3;17;0;0;;;;20;3;17;3;0;;;;23;43
60041;Giuliano di Roma;49;5;12;2;0;;;;19;3;12;0;0;;;;15;34
60041;Giuliano di Roma;50;3;11;0;0;;;;14;2;10;0;0;;;;12;26
60041;Giuliano di Roma;51;4;10;0;0;;;;14;2;11;1;1;;;;15;29
60041;Giuliano di Roma;52;4;12;0;0;;;;16;1;12;0;1;;;;14;30
60041;Giuliano di Roma;53;8;9;0;0;;;;17;0;17;1;1;;;;19;36
60041;Giuliano di Roma;54;2;11;2;0;;;;15;3;13;1;0;;;;17;32
60041;Giuliano di Roma;55;1;13;0;0;;;;14;4;18;3;0;;;;25;39
60041;Giuliano di Roma;56;6;15;1;0;;;;22;1;9;1;1;;;;12;34
60041;Giuliano di Roma;57;7;14;1;1;;;;23;4;13;3;1;;;;21;44
60041;Giuliano di Roma;58;3;11;0;1;;;;15;2;10;0;0;;;;12;27
60041;Giuliano di Roma;59;4;9;1;1;;;;15;2;14;2;1;;;;19;34
60041;Giuliano di Roma;60;3;16;0;0;;;;19;2;11;1;0;;;;14;33
60041;Giuliano di Roma;61;1;18;1;1;;;;21;2;15;1;1;;;;19;40
60041;Giuliano di Roma;62;1;12;1;1;;;;15;3;13;2;1;;;;19;34
60041;Giuliano di Roma;63;3;14;2;1;;;;20;3;11;3;4;;;;21;41
60041;Giuliano di Roma;64;2;12;0;0;;;;14;2;7;1;3;;;;13;27
60041;Giuliano di Roma;65;2;6;2;0;;;;10;0;12;1;1;;;;14;24
60041;Giuliano di Roma;66;2;9;1;0;;;;12;2;13;0;3;;;;18;30
60041;Giuliano di Roma;67;0;9;1;1;;;;11;1;10;0;1;;;;12;23
60041;Giuliano di Roma;68;2;16;0;0;;;;18;2;17;0;2;;;;21;39
60041;Giuliano di Roma;69;1;11;0;1;;;;13;1;11;1;0;;;;13;26
60041;Giuliano di Roma;70;2;8;0;1;;;;11;0;10;2;2;;;;14;25
60041;Giuliano di Roma;71;0;9;1;1;;;;11;1;12;0;6;;;;19;30
60041;Giuliano di Roma;72;1;14;0;0;;;;15;2;11;2;3;;;;18;33
60041;Giuliano di Roma;73;2;19;1;0;;;;22;2;9;0;4;;;;15;37
60041;Giuliano di Roma;74;2;11;2;2;;;;17;0;6;1;6;;;;13;30
60041;Giuliano di Roma;75;1;18;1;4;;;;24;0;3;1;4;;;;8;32
60041;Giuliano di Roma;76;1;6;1;1;;;;9;1;7;0;3;;;;11;20
60041;Giuliano di Roma;77;1;16;0;2;;;;19;2;11;3;6;;;;22;41
60041;Giuliano di Roma;78;2;10;1;0;;;;13;1;3;2;10;;;;16;29
60041;Giuliano di Roma;79;1;7;0;1;;;;9;0;3;0;1;;;;4;13
60041;Giuliano di Roma;80;1;3;0;0;;;;4;1;4;0;4;;;;9;13
60041;Giuliano di Roma;81;0;2;0;1;;;;3;2;2;0;7;;;;11;14
60041;Giuliano di Roma;82;1;7;0;1;;;;9;0;6;0;2;;;;8;17
60041;Giuliano di Roma;83;1;7;0;1;;;;9;1;2;0;6;;;;9;18
60041;Giuliano di Roma;84;0;4;0;1;;;;5;0;5;0;5;;;;10;15
60041;Giuliano di Roma;85;2;7;0;0;;;;9;2;3;0;8;;;;13;22
60041;Giuliano di Roma;86;0;3;0;1;;;;4;1;1;0;8;;;;10;14
60041;Giuliano di Roma;87;1;5;0;3;;;;9;1;0;0;8;;;;9;18
60041;Giuliano di Roma;88;1;0;0;1;;;;2;0;1;0;5;;;;6;8
60041;Giuliano di Roma;89;0;0;0;3;;;;3;0;0;0;3;;;;3;6
60041;Giuliano di Roma;90;0;1;0;2;;;;3;0;0;0;4;;;;4;7
60041;Giuliano di Roma;91;0;1;0;0;;;;1;0;0;0;6;;;;6;7
60041;Giuliano di Roma;92;0;0;0;0;;;;0;0;0;0;2;;;;2;2
60041;Giuliano di Roma;93;0;0;0;0;;;;0;0;1;0;5;;;;6;6
60041;Giuliano di Roma;94;0;0;0;0;;;;0;0;0;0;2;;;;2;2
60041;Giuliano di Roma;95;0;1;0;1;;;;2;0;0;0;2;;;;2;4
60041;Giuliano di Roma;96;0;0;0;1;;;;1;0;0;0;3;;;;3;4
60041;Giuliano di Roma;97;0;0;0;0;;;;0;1;0;0;1;;;;2;2
60041;Giuliano di Roma;98;0;0;0;1;;;;1;0;0;0;1;;;;1;2
60041;Giuliano di Roma;99;0;0;0;0;;;;0;0;0;0;0;;;;0;0
60041;Giuliano di Roma;100;0;0;0;0;;;;0;0;0;0;1;;;;1;1
60041;Giuliano di Roma;999;557;525;24;37;;;;1143;452;510;48;152;;;;1162;2305
60042;Guarcino;0;5;0;0;0;;;;5;2;0;0;0;;;;2;7
60042;Guarcino;1;2;0;0;0;;;;2;5;0;0;0;;;;5;7
60042;Guarcino;2;1;0;0;0;;;;1;4;0;0;0;;;;4;5
60042;Guarcino;3;3;0;0;0;;;;3;1;0;0;0;;;;1;4
60042;Guarcino;4;3;0;0;0;;;;3;8;0;0;0;;;;8;11
60042;Guarcino;5;3;0;0;0;;;;3;7;0;0;0;;;;7;10
60042;Guarcino;6;4;0;0;0;;;;4;2;0;0;0;;;;2;6
60042;Guarcino;7;5;0;0;0;;;;5;2;0;0;0;;;;2;7
60042;Guarcino;8;8;0;0;0;;;;8;5;0;0;0;;;;5;13
60042;Guarcino;9;8;0;0;0;;;;8;4;0;0;0;;;;4;12
60042;Guarcino;10;6;0;0;0;;;;6;4;0;0;0;;;;4;10
60042;Guarcino;11;9;0;0;0;;;;9;2;0;0;0;;;;2;11
60042;Guarcino;12;5;0;0;0;;;;5;2;0;0;0;;;;2;7
60042;Guarcino;13;6;0;0;0;;;;6;5;0;0;0;;;;5;11
60042;Guarcino;14;9;0;0;0;;;;9;3;0;0;0;;;;3;12
60042;Guarcino;15;9;0;0;0;;;;9;9;0;0;0;;;;9;18
60042;Guarcino;16;7;0;0;0;;;;7;5;0;0;0;;;;5;12
60042;Guarcino;17;7;0;0;0;;;;7;7;0;0;0;;;;7;14
60042;Guarcino;18;6;0;0;0;;;;6;5;0;0;0;;;;5;11
60042;Guarcino;19;7;0;0;0;;;;7;6;0;0;0;;;;6;13
60042;Guarcino;20;7;0;0;0;;;;7;7;0;0;0;;;;7;14
60042;Guarcino;21;6;0;0;0;;;;6;3;0;0;0;;;;3;9
60042;Guarcino;22;8;0;0;0;;;;8;10;0;0;0;;;;10;18
60042;Guarcino;23;5;0;0;0;;;;5;6;0;0;0;;;;6;11
60042;Guarcino;24;11;0;0;0;;;;11;8;0;0;0;;;;8;19
60042;Guarcino;25;5;0;0;0;;;;5;5;0;0;0;;;;5;10
60042;Guarcino;26;11;0;0;0;;;;11;8;0;0;0;;;;8;19
60042;Guarcino;27;11;0;0;0;;;;11;5;2;0;0;;;;7;18
60042;Guarcino;28;6;0;0;0;;;;6;4;1;0;0;;;;5;11
60042;Guarcino;29;7;2;0;0;;;;9;7;0;0;0;;;;7;16
60042;Guarcino;30;2;1;0;0;;;;3;4;3;0;0;;;;7;10
60042;Guarcino;31;9;0;0;0;;;;9;7;0;0;0;;;;7;16
60042;Guarcino;32;10;1;0;0;;;;11;4;3;0;0;;;;7;18
60042;Guarcino;33;4;3;0;0;;;;7;2;1;0;0;;;;3;10
60042;Guarcino;34;3;5;0;0;;;;8;5;3;0;0;;;;8;16
60042;Guarcino;35;12;0;0;0;;;;12;5;2;0;0;;;;7;19
60042;Guarcino;36;6;2;0;0;;;;8;6;4;1;0;;;;11;19
60042;Guarcino;37;9;2;0;0;;;;11;5;1;0;0;;;;6;17
60042;Guarcino;38;6;1;0;0;;;;7;4;4;0;0;;;;8;15
60042;Guarcino;39;11;7;0;0;;;;18;4;1;0;0;;;;5;23
60042;Guarcino;40;12;3;1;0;;;;16;1;4;0;0;;;;5;21
60042;Guarcino;41;7;3;0;0;;;;10;4;3;1;1;;;;9;19
60042;Guarcino;42;4;5;0;0;;;;9;1;5;1;0;;;;7;16
60042;Guarcino;43;2;1;0;0;;;;3;2;4;0;0;;;;6;9
60042;Guarcino;44;8;5;0;0;;;;13;3;1;0;0;;;;4;17
60042;Guarcino;45;4;4;2;0;;;;10;7;9;1;0;;;;17;27
60042;Guarcino;46;8;3;0;0;;;;11;2;5;1;0;;;;8;19
60042;Guarcino;47;2;6;1;0;;;;9;3;7;0;1;;;;11;20
60042;Guarcino;48;0;5;0;0;;;;5;5;4;1;0;;;;10;15
60042;Guarcino;49;4;5;0;0;;;;9;2;7;2;0;;;;11;20
60042;Guarcino;50;4;6;2;0;;;;12;3;5;2;1;;;;11;23
60042;Guarcino;51;7;6;0;0;;;;13;1;11;2;0;;;;14;27
60042;Guarcino;52;3;7;1;0;;;;11;4;8;1;0;;;;13;24
60042;Guarcino;53;2;6;1;0;;;;9;0;5;1;1;;;;7;16
60042;Guarcino;54;3;12;1;0;;;;16;1;3;1;0;;;;5;21
60042;Guarcino;55;2;11;0;0;;;;13;1;7;0;0;;;;8;21
60042;Guarcino;56;5;10;0;0;;;;15;2;11;1;1;;;;15;30
60042;Guarcino;57;2;10;1;0;;;;13;3;10;1;0;;;;14;27
60042;Guarcino;58;2;11;4;0;;;;17;1;8;1;0;;;;10;27
60042;Guarcino;59;1;4;2;1;;;;8;1;4;0;1;;;;6;14
60042;Guarcino;60;2;7;1;0;;;;10;1;10;0;1;;;;12;22
60042;Guarcino;61;1;12;0;0;;;;13;1;11;0;3;;;;15;28
60042;Guarcino;62;2;7;1;1;;;;11;2;8;0;1;;;;11;22
60042;Guarcino;63;1;11;1;0;;;;13;0;19;0;0;;;;19;32
60042;Guarcino;64;2;10;2;1;;;;15;2;10;0;0;;;;12;27
60042;Guarcino;65;0;10;0;1;;;;11;0;7;1;0;;;;8;19
60042;Guarcino;66;0;7;2;1;;;;10;2;12;0;0;;;;14;24
60042;Guarcino;67;0;15;1;0;;;;16;0;6;0;3;;;;9;25
60042;Guarcino;68;1;10;1;0;;;;12;2;5;0;4;;;;11;23
60042;Guarcino;69;3;9;0;0;;;;12;2;7;0;1;;;;10;22
60042;Guarcino;70;0;8;1;0;;;;9;2;0;2;5;;;;9;18
60042;Guarcino;71;1;6;0;0;;;;7;0;7;2;6;;;;15;22
60042;Guarcino;72;0;2;0;0;;;;2;1;7;0;4;;;;12;14
60042;Guarcino;73;2;11;0;1;;;;14;0;7;0;5;;;;12;26
60042;Guarcino;74;0;9;0;1;;;;10;1;9;0;2;;;;12;22
60042;Guarcino;75;0;12;0;2;;;;14;0;7;1;5;;;;13;27
60042;Guarcino;76;1;7;1;0;;;;9;0;2;1;4;;;;7;16
60042;Guarcino;77;0;7;1;0;;;;8;0;6;1;1;;;;8;16
60042;Guarcino;78;0;5;0;1;;;;6;0;6;0;8;;;;14;20
60042;Guarcino;79;2;3;0;0;;;;5;1;3;0;3;;;;7;12
60042;Guarcino;80;0;5;0;1;;;;6;2;1;0;6;;;;9;15
60042;Guarcino;81;1;5;0;1;;;;7;3;2;0;2;;;;7;14
60042;Guarcino;82;0;4;0;1;;;;5;0;2;0;3;;;;5;10
60042;Guarcino;83;0;3;1;1;;;;5;0;1;0;4;;;;5;10
60042;Guarcino;84;0;0;1;1;;;;2;0;2;0;9;;;;11;13
60042;Guarcino;85;1;6;0;0;;;;7;0;2;0;2;;;;4;11
60042;Guarcino;86;0;5;0;0;;;;5;0;1;0;6;;;;7;12
60042;Guarcino;87;0;3;0;1;;;;4;0;1;0;2;;;;3;7
60042;Guarcino;88;0;1;0;0;;;;1;0;0;0;2;;;;2;3
60042;Guarcino;89;0;0;0;1;;;;1;0;0;0;4;;;;4;5
60042;Guarcino;90;1;1;0;1;;;;3;1;0;0;3;;;;4;7
60042;Guarcino;91;0;0;0;1;;;;1;0;0;0;4;;;;4;5
60042;Guarcino;92;0;1;0;1;;;;2;1;0;0;4;;;;5;7
60042;Guarcino;93;0;0;0;0;;;;0;0;0;0;1;;;;1;1
60042;Guarcino;94;0;0;0;0;;;;0;0;0;0;0;;;;0;0
60042;Guarcino;95;0;2;0;0;;;;2;0;0;0;4;;;;4;6
60042;Guarcino;96;0;0;0;0;;;;0;0;0;0;0;;;;0;0
60042;Guarcino;97;0;0;0;1;;;;1;0;0;0;1;;;;1;2
60042;Guarcino;98;0;0;0;0;;;;0;1;0;0;1;;;;2;2
60042;Guarcino;99;0;0;0;0;;;;0;0;0;0;0;;;;0;0
60042;Guarcino;100;0;0;0;0;;;;0;0;0;0;0;;;;0;0
60042;Guarcino;999;365;351;30;21;;;;767;269;307;26;120;;;;722;1489
60043;Isola del Liri;0;33;0;0;0;;;;33;20;0;0;0;;;;20;53
60043;Isola del Liri;1;24;0;0;0;;;;24;34;0;0;0;;;;34;58
60043;Isola del Liri;2;39;0;0;0;;;;39;38;0;0;0;;;;38;77
60043;Isola del Liri;3;35;0;0;0;;;;35;22;0;0;0;;;;22;57
60043;Isola del Liri;4;31;0;0;0;;;;31;27;0;0;0;;;;27;58
60043;Isola del Liri;5;40;0;0;0;;;;40;30;0;0;0;;;;30;70
60043;Isola del Liri;6;39;0;0;0;;;;39;25;0;0;0;;;;25;64
60043;Isola del Liri;7;26;0;0;0;;;;26;30;0;0;0;;;;30;56
60043;Isola del Liri;8;35;0;0;0;;;;35;32;0;0;0;;;;32;67
60043;Isola del Liri;9;41;0;0;0;;;;41;33;0;0;0;;;;33;74
60043;Isola del Liri;10;44;0;0;0;;;;44;28;0;0;0;;;;28;72
60043;Isola del Liri;11;44;0;0;0;;;;44;39;0;0;0;;;;39;83
60043;Isola del Liri;12;44;0;0;0;;;;44;33;0;0;0;;;;33;77
60043;Isola del Liri;13;47;0;0;0;;;;47;67;0;0;0;;;;67;114
60043;Isola del Liri;14;38;0;0;0;;;;38;39;0;0;0;;;;39;77
60043;Isola del Liri;15;52;0;0;0;;;;52;45;0;0;0;;;;45;97
60043;Isola del Liri;16;43;0;0;0;;;;43;40;0;0;0;;;;40;83
60043;Isola del Liri;17;53;0;0;0;;;;53;58;0;0;0;;;;58;111
60043;Isola del Liri;18;55;0;0;0;;;;55;45;0;0;0;;;;45;100
60043;Isola del Liri;19;38;0;0;0;;;;38;40;1;0;0;;;;41;79
60043;Isola del Liri;20;49;0;0;0;;;;49;48;0;0;0;;;;48;97
60043;Isola del Liri;21;34;0;0;0;;;;34;59;0;0;0;;;;59;93
60043;Isola del Liri;22;46;0;0;0;;;;46;40;1;0;0;;;;41;87
60043;Isola del Liri;23;44;0;0;0;;;;44;46;0;0;0;;;;46;90
60043;Isola del Liri;24;51;0;0;0;;;;51;29;1;0;0;;;;30;81
60043;Isola del Liri;25;53;1;0;0;;;;54;45;1;0;0;;;;46;100
60043;Isola del Liri;26;56;0;0;0;;;;56;54;2;0;0;;;;56;112
60043;Isola del Liri;27;69;1;0;0;;;;70;48;5;0;0;;;;53;123
60043;Isola del Liri;28;50;2;0;0;;;;52;45;5;0;0;;;;50;102
60043;Isola del Liri;29;46;3;0;0;;;;49;47;4;0;0;;;;51;100
60043;Isola del Liri;30;45;6;0;0;;;;51;56;9;0;0;;;;65;116
60043;Isola del Liri;31;44;3;0;0;;;;47;36;14;1;0;;;;51;98
60043;Isola del Liri;32;49;9;0;0;;;;58;30;15;0;0;;;;45;103
60043;Isola del Liri;33;50;15;0;0;;;;65;32;17;0;0;;;;49;114
60043;Isola del Liri;34;42;16;0;0;;;;58;31;18;0;0;;;;49;107
60043;Isola del Liri;35;41;10;2;0;;;;53;35;26;0;0;;;;61;114
60043;Isola del Liri;36;38;9;2;0;;;;49;23;26;0;0;;;;49;98
60043;Isola del Liri;37;15;19;0;0;;;;34;37;34;0;0;;;;71;105
60043;Isola del Liri;38;23;18;0;0;;;;41;33;31;0;0;;;;64;105
60043;Isola del Liri;39;34;24;0;0;;;;58;31;27;1;0;;;;59;117
60043;Isola del Liri;40;35;24;1;0;;;;60;27;29;1;0;;;;57;117
60043;Isola del Liri;41;34;23;1;0;;;;58;15;27;3;1;;;;46;104
60043;Isola del Liri;42;34;32;1;0;;;;67;17;46;4;1;;;;68;135
60043;Isola del Liri;43;29;35;0;1;;;;65;23;35;3;0;;;;61;126
60043;Isola del Liri;44;32;34;1;1;;;;68;19;50;4;0;;;;73;141
60043;Isola del Liri;45;28;29;2;0;;;;59;23;36;3;1;;;;63;122
60043;Isola del Liri;46;25;48;3;0;;;;76;9;43;3;0;;;;55;131
60043;Isola del Liri;47;32;38;1;0;;;;71;13;55;7;0;;;;75;146
60043;Isola del Liri;48;29;39;3;0;;;;71;15;63;4;1;;;;83;154
60043;Isola del Liri;49;21;45;7;0;;;;73;13;63;6;1;;;;83;156
60043;Isola del Liri;50;21;57;4;1;;;;83;20;50;2;3;;;;75;158
60043;Isola del Liri;51;24;59;2;0;;;;85;23;49;8;1;;;;81;166
60043;Isola del Liri;52;24;43;4;0;;;;71;14;49;1;3;;;;67;138
60043;Isola del Liri;53;26;53;7;0;;;;86;17;74;5;1;;;;97;183
60043;Isola del Liri;54;19;64;13;2;;;;98;7;69;9;1;;;;86;184
60043;Isola del Liri;55;11;54;4;1;;;;70;17;73;7;3;;;;100;170
60043;Isola del Liri;56;21;63;5;0;;;;89;13;82;6;2;;;;103;192
60043;Isola del Liri;57;12;52;11;3;;;;78;8;74;9;5;;;;96;174
60043;Isola del Liri;58;15;69;7;3;;;;94;6;66;7;5;;;;84;178
60043;Isola del Liri;59;15;71;1;2;;;;89;8;66;4;3;;;;81;170
60043;Isola del Liri;60;8;86;6;0;;;;100;5;73;7;7;;;;92;192
60043;Isola del Liri;61;15;57;7;3;;;;82;5;66;5;2;;;;78;160
60043;Isola del Liri;62;5;80;10;2;;;;97;7;64;8;10;;;;89;186
60043;Isola del Liri;63;10;60;7;3;;;;80;4;65;8;8;;;;85;165
60043;Isola del Liri;64;5;55;5;2;;;;67;8;59;4;11;;;;82;149
60043;Isola del Liri;65;9;50;3;2;;;;64;5;70;6;7;;;;88;152
60043;Isola del Liri;66;8;69;1;4;;;;82;3;55;6;6;;;;70;152
60043;Isola del Liri;67;7;73;3;4;;;;87;3;46;4;12;;;;65;152
60043;Isola del Liri;68;1;51;1;2;;;;55;4;58;1;8;;;;71;126
60043;Isola del Liri;69;8;62;2;6;;;;78;3;54;2;11;;;;70;148
60043;Isola del Liri;70;2;65;3;5;;;;75;4;57;5;9;;;;75;150
60043;Isola del Liri;71;1;53;2;4;;;;60;5;52;2;14;;;;73;133
60043;Isola del Liri;72;1;57;6;1;;;;65;5;55;2;14;;;;76;141
60043;Isola del Liri;73;1;40;1;5;;;;47;2;36;2;22;;;;62;109
60043;Isola del Liri;74;1;47;2;5;;;;55;2;48;4;19;;;;73;128
60043;Isola del Liri;75;1;51;2;7;;;;61;3;44;4;28;;;;79;140
60043;Isola del Liri;76;4;41;1;10;;;;56;8;42;4;24;;;;78;134
60043;Isola del Liri;77;1;47;0;4;;;;52;1;41;1;33;;;;76;128
60043;Isola del Liri;78;2;41;2;7;;;;52;4;30;3;45;;;;82;134
60043;Isola del Liri;79;1;38;1;7;;;;47;1;29;1;25;;;;56;103
60043;Isola del Liri;80;1;41;1;8;;;;51;3;24;1;34;;;;62;113
60043;Isola del Liri;81;2;41;2;8;;;;53;6;29;3;39;;;;77;130
60043;Isola del Liri;82;0;23;0;4;;;;27;0;21;1;34;;;;56;83
60043;Isola del Liri;83;0;28;1;8;;;;37;4;25;2;22;;;;53;90
60043;Isola del Liri;84;2;31;1;10;;;;44;3;23;0;32;;;;58;102
60043;Isola del Liri;85;1;27;1;7;;;;36;2;17;0;36;;;;55;91
60043;Isola del Liri;86;2;28;0;4;;;;34;2;12;0;35;;;;49;83
60043;Isola del Liri;87;0;26;0;10;;;;36;6;17;0;31;;;;54;90
60043;Isola del Liri;88;1;20;0;6;;;;27;0;9;1;27;;;;37;64
60043;Isola del Liri;89;0;16;0;5;;;;21;2;5;0;22;;;;29;50
60043;Isola del Liri;90;1;9;0;6;;;;16;3;5;0;22;;;;30;46
60043;Isola del Liri;91;0;10;0;5;;;;15;1;0;0;23;;;;24;39
60043;Isola del Liri;92;0;6;0;6;;;;12;1;0;0;17;;;;18;30
60043;Isola del Liri;93;1;6;0;2;;;;9;3;1;0;16;;;;20;29
60043;Isola del Liri;94;0;0;0;5;;;;5;0;0;0;12;;;;12;17
60043;Isola del Liri;95;0;1;0;2;;;;3;0;0;1;3;;;;4;7
60043;Isola del Liri;96;0;0;0;3;;;;3;0;0;0;5;;;;5;8
60043;Isola del Liri;97;0;0;0;0;;;;0;0;0;0;4;;;;4;4
60043;Isola del Liri;98;0;0;0;0;;;;0;0;0;0;3;;;;3;3
60043;Isola del Liri;99;0;0;0;0;;;;0;0;0;0;2;;;;2;2
60043;Isola del Liri;100;0;0;0;0;;;;0;1;0;0;3;;;;4;4
60043;Isola del Liri;999;2269;2504;153;196;;;;5122;1956;2568;186;769;;;;5479;10601
60044;Monte San Giovanni Campano;0;35;0;0;0;;;;35;41;0;0;0;;;;41;76
60044;Monte San Giovanni Campano;1;49;0;0;0;;;;49;38;0;0;0;;;;38;87
60044;Monte San Giovanni Campano;2;38;0;0;0;;;;38;35;0;0;0;;;;35;73
60044;Monte San Giovanni Campano;3;47;0;0;0;;;;47;45;0;0;0;;;;45;92
60044;Monte San Giovanni Campano;4;50;0;0;0;;;;50;41;0;0;0;;;;41;91
60044;Monte San Giovanni Campano;5;49;0;0;0;;;;49;52;0;0;0;;;;52;101
60044;Monte San Giovanni Campano;6;48;0;0;0;;;;48;49;0;0;0;;;;49;97
60044;Monte San Giovanni Campano;7;33;0;0;0;;;;33;40;0;0;0;;;;40;73
60044;Monte San Giovanni Campano;8;58;0;0;0;;;;58;55;0;0;0;;;;55;113
60044;Monte San Giovanni Campano;9;51;0;0;0;;;;51;61;0;0;0;;;;61;112
60044;Monte San Giovanni Campano;10;54;0;0;0;;;;54;47;0;0;0;;;;47;101
60044;Monte San Giovanni Campano;11;46;0;0;0;;;;46;46;0;0;0;;;;46;92
60044;Monte San Giovanni Campano;12;61;0;0;0;;;;61;50;0;0;0;;;;50;111
60044;Monte San Giovanni Campano;13;58;0;0;0;;;;58;51;0;0;0;;;;51;109
60044;Monte San Giovanni Campano;14;58;0;0;0;;;;58;63;0;0;0;;;;63;121
60044;Monte San Giovanni Campano;15;83;0;0;0;;;;83;51;0;0;0;;;;51;134
60044;Monte San Giovanni Campano;16;48;0;0;0;;;;48;57;0;0;0;;;;57;105
60044;Monte San Giovanni Campano;17;64;0;0;0;;;;64;48;0;0;0;;;;48;112
60044;Monte San Giovanni Campano;18;53;0;0;0;;;;53;54;0;0;0;;;;54;107
60044;Monte San Giovanni Campano;19;53;0;0;0;;;;53;44;0;0;0;;;;44;97
60044;Monte San Giovanni Campano;20;64;0;0;0;;;;64;54;0;0;0;;;;54;118
60044;Monte San Giovanni Campano;21;53;1;0;0;;;;54;54;0;0;0;;;;54;108
60044;Monte San Giovanni Campano;22;50;0;0;0;;;;50;63;1;0;0;;;;64;114
60044;Monte San Giovanni Campano;23;69;0;0;0;;;;69;36;1;0;0;;;;37;106
60044;Monte San Giovanni Campano;24;64;1;0;0;;;;65;57;2;0;0;;;;59;124
60044;Monte San Giovanni Campano;25;61;1;0;0;;;;62;58;2;0;0;;;;60;122
60044;Monte San Giovanni Campano;26;51;1;0;0;;;;52;48;2;0;0;;;;50;102
60044;Monte San Giovanni Campano;27;54;2;0;0;;;;56;37;11;0;0;;;;48;104
60044;Monte San Giovanni Campano;28;47;2;0;0;;;;49;55;6;0;0;;;;61;110
60044;Monte San Giovanni Campano;29;50;3;0;0;;;;53;44;11;0;0;;;;55;108
60044;Monte San Giovanni Campano;30;58;9;0;0;;;;67;41;18;0;0;;;;59;126
60044;Monte San Giovanni Campano;31;48;9;0;0;;;;57;39;17;1;0;;;;57;114
60044;Monte San Giovanni Campano;32;41;15;0;0;;;;56;27;23;1;0;;;;51;107
60044;Monte San Giovanni Campano;33;46;21;0;0;;;;67;38;30;0;0;;;;68;135
60044;Monte San Giovanni Campano;34;56;32;0;0;;;;88;40;33;2;0;;;;75;163
60044;Monte San Giovanni Campano;35;42;22;0;0;;;;64;23;35;2;0;;;;60;124
60044;Monte San Giovanni Campano;36;38;31;0;0;;;;69;39;40;0;0;;;;79;148
60044;Monte San Giovanni Campano;37;37;32;1;0;;;;70;27;37;1;0;;;;65;135
60044;Monte San Giovanni Campano;38;44;29;0;1;;;;74;22;40;1;0;;;;63;137
60044;Monte San Giovanni Campano;39;29;31;0;0;;;;60;31;60;2;0;;;;93;153
60044;Monte San Giovanni Campano;40;26;39;3;0;;;;68;20;47;3;0;;;;70;138
60044;Monte San Giovanni Campano;41;32;46;3;0;;;;81;31;56;4;0;;;;91;172
60044;Monte San Giovanni Campano;42;32;44;1;0;;;;77;18;48;1;2;;;;69;146
60044;Monte San Giovanni Campano;43;36;45;0;0;;;;81;25;53;0;0;;;;78;159
60044;Monte San Giovanni Campano;44;28;51;2;0;;;;81;15;54;3;1;;;;73;154
60044;Monte San Giovanni Campano;45;30;66;1;0;;;;97;15;68;4;5;;;;92;189
60044;Monte San Giovanni Campano;46;17;62;0;0;;;;79;14;65;4;0;;;;83;162
60044;Monte San Giovanni Campano;47;24;52;2;0;;;;78;13;64;4;0;;;;81;159
60044;Monte San Giovanni Campano;48;22;66;1;1;;;;90;13;63;2;3;;;;81;171
60044;Monte San Giovanni Campano;49;30;68;4;0;;;;102;13;66;4;2;;;;85;187
60044;Monte San Giovanni Campano;50;29;77;2;0;;;;108;9;91;3;2;;;;105;213
60044;Monte San Giovanni Campano;51;21;60;2;1;;;;84;5;66;1;2;;;;74;158
60044;Monte San Giovanni Campano;52;15;65;8;0;;;;88;12;68;2;5;;;;87;175
60044;Monte San Giovanni Campano;53;15;74;3;1;;;;93;9;82;5;2;;;;98;191
60044;Monte San Giovanni Campano;54;24;71;1;1;;;;97;6;57;2;4;;;;69;166
60044;Monte San Giovanni Campano;55;11;77;3;0;;;;91;8;78;1;2;;;;89;180
60044;Monte San Giovanni Campano;56;12;72;2;1;;;;87;9;60;2;4;;;;75;162
60044;Monte San Giovanni Campano;57;6;66;7;1;;;;80;11;73;2;4;;;;90;170
60044;Monte San Giovanni Campano;58;11;66;2;1;;;;80;8;95;4;7;;;;114;194
60044;Monte San Giovanni Campano;59;9;66;4;0;;;;79;9;86;3;5;;;;103;182
60044;Monte San Giovanni Campano;60;9;82;6;0;;;;97;6;77;6;4;;;;93;190
60044;Monte San Giovanni Campano;61;7;78;3;0;;;;88;8;64;1;8;;;;81;169
60044;Monte San Giovanni Campano;62;5;61;5;0;;;;71;5;92;5;14;;;;116;187
60044;Monte San Giovanni Campano;63;5;82;4;3;;;;94;5;66;2;11;;;;84;178
60044;Monte San Giovanni Campano;64;4;65;4;1;;;;74;6;71;3;13;;;;93;167
60044;Monte San Giovanni Campano;65;4;77;2;4;;;;87;3;72;4;14;;;;93;180
60044;Monte San Giovanni Campano;66;7;69;4;1;;;;81;5;72;0;11;;;;88;169
60044;Monte San Giovanni Campano;67;3;85;3;4;;;;95;3;66;0;19;;;;88;183
60044;Monte San Giovanni Campano;68;9;48;6;2;;;;65;3;52;2;17;;;;74;139
60044;Monte San Giovanni Campano;69;5;84;1;5;;;;95;3;82;2;14;;;;101;196
60044;Monte San Giovanni Campano;70;7;78;0;4;;;;89;6;52;2;17;;;;77;166
60044;Monte San Giovanni Campano;71;2;62;1;2;;;;67;4;61;1;20;;;;86;153
60044;Monte San Giovanni Campano;72;5;65;2;5;;;;77;5;62;0;21;;;;88;165
60044;Monte San Giovanni Campano;73;1;79;0;5;;;;85;4;49;1;22;;;;76;161
60044;Monte San Giovanni Campano;74;1;63;0;3;;;;67;1;45;0;25;;;;71;138
60044;Monte San Giovanni Campano;75;5;72;1;4;;;;82;2;44;1;21;;;;68;150
60044;Monte San Giovanni Campano;76;3;70;3;6;;;;82;3;41;1;31;;;;76;158
60044;Monte San Giovanni Campano;77;2;56;0;6;;;;64;2;42;0;36;;;;80;144
60044;Monte San Giovanni Campano;78;4;51;0;7;;;;62;4;37;0;19;;;;60;122
60044;Monte San Giovanni Campano;79;1;26;1;4;;;;32;1;16;1;16;;;;34;66
60044;Monte San Giovanni Campano;80;0;44;0;3;;;;47;2;23;0;22;;;;47;94
60044;Monte San Giovanni Campano;81;3;46;1;5;;;;55;0;13;0;22;;;;35;90
60044;Monte San Giovanni Campano;82;1;30;0;4;;;;35;1;12;0;24;;;;37;72
60044;Monte San Giovanni Campano;83;3;29;0;7;;;;39;2;12;0;23;;;;37;76
60044;Monte San Giovanni Campano;84;2;28;2;8;;;;40;1;13;0;25;;;;39;79
60044;Monte San Giovanni Campano;85;1;14;0;6;;;;21;2;13;0;26;;;;41;62
60044;Monte San Giovanni Campano;86;1;19;0;3;;;;23;2;3;1;22;;;;28;51
60044;Monte San Giovanni Campano;87;3;14;0;6;;;;23;1;8;1;25;;;;35;58
60044;Monte San Giovanni Campano;88;0;7;0;6;;;;13;1;6;0;24;;;;31;44
60044;Monte San Giovanni Campano;89;0;18;2;2;;;;22;2;5;0;22;;;;29;51
60044;Monte San Giovanni Campano;90;0;5;0;1;;;;6;3;3;1;20;;;;27;33
60044;Monte San Giovanni Campano;91;1;3;0;5;;;;9;1;3;0;14;;;;18;27
60044;Monte San Giovanni Campano;92;0;2;1;6;;;;9;0;0;0;12;;;;12;21
60044;Monte San Giovanni Campano;93;0;5;0;6;;;;11;0;1;0;11;;;;12;23
60044;Monte San Giovanni Campano;94;0;1;0;3;;;;4;0;1;0;10;;;;11;15
60044;Monte San Giovanni Campano;95;0;0;0;1;;;;1;0;0;0;9;;;;9;10
60044;Monte San Giovanni Campano;96;0;1;0;1;;;;2;2;0;0;8;;;;10;12
60044;Monte San Giovanni Campano;97;0;0;0;3;;;;3;0;0;0;2;;;;2;5
60044;Monte San Giovanni Campano;98;0;0;0;0;;;;0;0;0;0;2;;;;2;2
60044;Monte San Giovanni Campano;99;0;0;0;0;;;;0;1;0;0;0;;;;1;1
60044;Monte San Giovanni Campano;100;0;1;0;1;;;;2;0;0;0;1;;;;1;3
60044;Monte San Giovanni Campano;999;2572;3095;104;151;;;;5922;2164;2988;99;727;;;;5978;11900
60045;Morolo;0;7;0;0;0;;;;7;10;0;0;0;;;;10;17
60045;Morolo;1;8;0;0;0;;;;8;13;0;0;0;;;;13;21
60045;Morolo;2;14;0;0;0;;;;14;10;0;0;0;;;;10;24
60045;Morolo;3;9;0;0;0;;;;9;14;0;0;0;;;;14;23
60045;Morolo;4;11;0;0;0;;;;11;15;0;0;0;;;;15;26
60045;Morolo;5;9;0;0;0;;;;9;17;0;0;0;;;;17;26
60045;Morolo;6;5;0;0;0;;;;5;11;0;0;0;;;;11;16
60045;Morolo;7;6;0;0;0;;;;6;12;0;0;0;;;;12;18
60045;Morolo;8;22;0;0;0;;;;22;14;0;0;0;;;;14;36
60045;Morolo;9;9;0;0;0;;;;9;14;0;0;0;;;;14;23
60045;Morolo;10;13;0;0;0;;;;13;8;0;0;0;;;;8;21
60045;Morolo;11;15;0;0;0;;;;15;14;0;0;0;;;;14;29
60045;Morolo;12;19;0;0;0;;;;19;23;0;0;0;;;;23;42
60045;Morolo;13;14;0;0;0;;;;14;11;0;0;0;;;;11;25
60045;Morolo;14;18;0;0;0;;;;18;12;0;0;0;;;;12;30
60045;Morolo;15;13;0;0;0;;;;13;16;0;0;0;;;;16;29
60045;Morolo;16;15;0;0;0;;;;15;13;0;0;0;;;;13;28
60045;Morolo;17;15;0;0;0;;;;15;15;0;0;0;;;;15;30
60045;Morolo;18;17;0;0;0;;;;17;12;0;0;0;;;;12;29
60045;Morolo;19;15;0;0;0;;;;15;10;0;0;0;;;;10;25
60045;Morolo;20;21;0;0;0;;;;21;12;0;0;0;;;;12;33
60045;Morolo;21;7;0;0;0;;;;7;16;1;0;0;;;;17;24
60045;Morolo;22;8;0;0;0;;;;8;5;0;0;0;;;;5;13
60045;Morolo;23;16;1;0;0;;;;17;8;1;0;0;;;;9;26
60045;Morolo;24;17;0;0;0;;;;17;13;1;0;0;;;;14;31
60045;Morolo;25;12;0;0;0;;;;12;9;0;0;0;;;;9;21
60045;Morolo;26;16;0;0;0;;;;16;13;0;0;0;;;;13;29
60045;Morolo;27;13;0;0;0;;;;13;12;2;0;0;;;;14;27
60045;Morolo;28;11;2;0;0;;;;13;19;2;0;0;;;;21;34
60045;Morolo;29;7;0;0;0;;;;7;5;3;0;0;;;;8;15
60045;Morolo;30;12;3;0;0;;;;15;11;2;0;0;;;;13;28
60045;Morolo;31;15;2;0;0;;;;17;8;6;0;0;;;;14;31
60045;Morolo;32;17;3;0;0;;;;20;15;6;0;0;;;;21;41
60045;Morolo;33;12;6;0;0;;;;18;7;9;0;0;;;;16;34
60045;Morolo;34;11;5;0;0;;;;16;10;5;1;0;;;;16;32
60045;Morolo;35;8;7;0;0;;;;15;17;13;0;0;;;;30;45
60045;Morolo;36;10;9;1;0;;;;20;11;14;0;0;;;;25;45
60045;Morolo;37;14;14;0;0;;;;28;13;6;0;0;;;;19;47
60045;Morolo;38;9;10;0;0;;;;19;6;12;1;1;;;;20;39
60045;Morolo;39;22;11;0;0;;;;33;4;9;0;0;;;;13;46
60045;Morolo;40;8;9;0;0;;;;17;11;13;0;0;;;;24;41
60045;Morolo;41;12;15;0;0;;;;27;6;11;1;0;;;;18;45
60045;Morolo;42;10;9;1;0;;;;20;10;11;0;0;;;;21;41
60045;Morolo;43;11;16;2;0;;;;29;4;10;0;0;;;;14;43
60045;Morolo;44;14;10;1;0;;;;25;5;15;0;0;;;;20;45
60045;Morolo;45;9;7;1;0;;;;17;7;14;1;1;;;;23;40
60045;Morolo;46;10;12;0;0;;;;22;5;16;1;1;;;;23;45
60045;Morolo;47;7;18;0;0;;;;25;7;6;0;3;;;;16;41
60045;Morolo;48;9;10;2;0;;;;21;8;11;1;0;;;;20;41
60045;Morolo;49;10;9;2;1;;;;22;5;14;1;0;;;;20;42
60045;Morolo;50;12;17;2;0;;;;31;10;23;1;3;;;;37;68
60045;Morolo;51;10;16;2;0;;;;28;4;9;3;1;;;;17;45
60045;Morolo;52;6;16;4;0;;;;26;5;14;2;2;;;;23;49
60045;Morolo;53;8;9;0;1;;;;18;4;19;2;0;;;;25;43
60045;Morolo;54;7;15;0;1;;;;23;2;12;0;1;;;;15;38
60045;Morolo;55;7;20;0;0;;;;27;1;13;4;3;;;;21;48
60045;Morolo;56;10;12;3;1;;;;26;4;19;1;2;;;;26;52
60045;Morolo;57;5;17;1;0;;;;23;4;19;1;4;;;;28;51
60045;Morolo;58;8;17;2;0;;;;27;3;21;0;3;;;;27;54
60045;Morolo;59;10;16;3;0;;;;29;1;22;0;0;;;;23;52
60045;Morolo;60;6;11;0;1;;;;18;1;22;2;0;;;;25;43
60045;Morolo;61;3;25;0;1;;;;29;3;17;0;2;;;;22;51
60045;Morolo;62;1;19;3;1;;;;24;0;20;4;3;;;;27;51
60045;Morolo;63;4;13;1;2;;;;20;2;20;3;2;;;;27;47
60045;Morolo;64;3;17;3;1;;;;24;3;12;1;7;;;;23;47
60045;Morolo;65;1;22;0;1;;;;24;2;14;3;4;;;;23;47
60045;Morolo;66;3;17;1;2;;;;23;1;12;1;2;;;;16;39
60045;Morolo;67;1;19;1;1;;;;22;2;12;0;4;;;;18;40
60045;Morolo;68;0;16;0;0;;;;16;3;14;2;6;;;;25;41
60045;Morolo;69;1;22;1;1;;;;25;4;16;0;3;;;;23;48
60045;Morolo;70;0;21;1;0;;;;22;0;11;0;6;;;;17;39
60045;Morolo;71;7;13;0;0;;;;20;0;13;0;6;;;;19;39
60045;Morolo;72;0;15;1;0;;;;16;2;9;2;3;;;;16;32
60045;Morolo;73;2;18;0;1;;;;21;2;9;0;6;;;;17;38
60045;Morolo;74;1;7;1;1;;;;10;4;20;0;6;;;;30;40
60045;Morolo;75;2;17;0;1;;;;20;0;9;1;8;;;;18;38
60045;Morolo;76;0;13;0;1;;;;14;0;11;0;5;;;;16;30
60045;Morolo;77;2;19;0;1;;;;22;0;8;0;4;;;;12;34
60045;Morolo;78;1;13;0;0;;;;14;1;11;0;8;;;;20;34
60045;Morolo;79;2;12;1;3;;;;18;0;6;0;6;;;;12;30
60045;Morolo;80;0;14;0;0;;;;14;1;11;0;2;;;;14;28
60045;Morolo;81;1;10;0;1;;;;12;0;5;0;8;;;;13;25
60045;Morolo;82;0;5;0;2;;;;7;0;3;0;8;;;;11;18
60045;Morolo;83;0;7;0;0;;;;7;0;5;0;6;;;;11;18
60045;Morolo;84;0;10;0;1;;;;11;1;1;1;8;;;;11;22
60045;Morolo;85;0;9;1;5;;;;15;0;4;0;13;;;;17;32
60045;Morolo;86;0;6;0;3;;;;9;0;2;0;10;;;;12;21
60045;Morolo;87;1;4;0;2;;;;7;1;3;1;11;;;;16;23
60045;Morolo;88;1;5;0;2;;;;8;1;0;0;6;;;;7;15
60045;Morolo;89;0;2;0;0;;;;2;0;1;0;9;;;;10;12
60045;Morolo;90;1;4;0;2;;;;7;0;0;0;7;;;;7;14
60045;Morolo;91;0;2;0;0;;;;2;0;0;0;4;;;;4;6
60045;Morolo;92;0;0;0;2;;;;2;0;0;0;3;;;;3;5
60045;Morolo;93;0;0;0;2;;;;2;0;0;0;4;;;;4;6
60045;Morolo;94;0;0;0;0;;;;0;0;0;0;3;;;;3;3
60045;Morolo;95;0;1;0;0;;;;1;0;0;0;1;;;;1;2
60045;Morolo;96;0;0;0;0;;;;0;0;0;0;2;;;;2;2
60045;Morolo;97;0;0;0;0;;;;0;0;0;0;1;;;;1;1
60045;Morolo;98;0;0;0;0;;;;0;0;0;0;1;;;;1;1
60045;Morolo;99;0;0;0;0;;;;0;0;0;0;0;;;;0;0
60045;Morolo;100;0;0;0;0;;;;0;0;0;0;3;;;;3;3
60045;Morolo;999;739;751;42;45;;;;1577;618;685;42;226;;;;1571;3148
60046;Paliano;0;17;0;0;0;;;;17;20;0;0;0;;;;20;37
60046;Paliano;1;19;0;0;0;;;;19;31;0;0;0;;;;31;50
60046;Paliano;2;31;0;0;0;;;;31;28;0;0;0;;;;28;59
60046;Paliano;3;19;0;0;0;;;;19;21;0;0;0;;;;21;40
60046;Paliano;4;33;0;0;0;;;;33;20;0;0;0;;;;20;53
60046;Paliano;5;27;0;0;0;;;;27;21;0;0;0;;;;21;48
60046;Paliano;6;36;0;0;0;;;;36;26;0;0;0;;;;26;62
60046;Paliano;7;42;0;0;0;;;;42;31;0;0;0;;;;31;73
60046;Paliano;8;31;0;0;0;;;;31;32;0;0;0;;;;32;63
60046;Paliano;9;36;0;0;0;;;;36;20;0;0;0;;;;20;56
60046;Paliano;10;38;0;0;0;;;;38;36;0;0;0;;;;36;74
60046;Paliano;11;42;0;0;0;;;;42;32;0;0;0;;;;32;74
60046;Paliano;12;24;0;0;0;;;;24;44;0;0;0;;;;44;68
60046;Paliano;13;26;0;0;0;;;;26;35;0;0;0;;;;35;61
60046;Paliano;14;51;0;0;0;;;;51;38;0;0;0;;;;38;89
60046;Paliano;15;57;0;0;0;;;;57;40;0;0;0;;;;40;97
60046;Paliano;16;37;0;0;0;;;;37;38;0;0;0;;;;38;75
60046;Paliano;17;39;0;0;0;;;;39;43;0;0;0;;;;43;82
60046;Paliano;18;36;0;0;0;;;;36;38;0;0;0;;;;38;74
60046;Paliano;19;48;0;0;0;;;;48;30;0;0;0;;;;30;78
60046;Paliano;20;40;0;0;0;;;;40;37;0;0;0;;;;37;77
60046;Paliano;21;34;0;0;0;;;;34;39;0;0;0;;;;39;73
60046;Paliano;22;40;0;0;0;;;;40;34;1;0;0;;;;35;75
60046;Paliano;23;36;0;0;0;;;;36;27;2;0;0;;;;29;65
60046;Paliano;24;38;1;0;0;;;;39;29;3;0;0;;;;32;71
60046;Paliano;25;39;1;0;0;;;;40;38;0;0;0;;;;38;78
60046;Paliano;26;34;1;0;0;;;;35;43;1;0;0;;;;44;79
60046;Paliano;27;44;1;0;0;;;;45;28;6;0;0;;;;34;79
60046;Paliano;28;33;3;0;0;;;;36;33;5;0;0;;;;38;74
60046;Paliano;29;25;3;1;0;;;;29;26;3;0;0;;;;29;58
60046;Paliano;30;25;1;0;0;;;;26;27;8;0;0;;;;35;61
60046;Paliano;31;30;4;0;0;;;;34;26;14;0;0;;;;40;74
60046;Paliano;32;33;9;0;0;;;;42;25;15;0;0;;;;40;82
60046;Paliano;33;36;3;0;0;;;;39;24;14;1;0;;;;39;78
60046;Paliano;34;37;13;0;0;;;;50;27;13;0;0;;;;40;90
60046;Paliano;35;34;14;0;0;;;;48;23;15;3;0;;;;41;89
60046;Paliano;36;33;15;2;0;;;;50;18;25;2;0;;;;45;95
60046;Paliano;37;27;15;0;0;;;;42;22;22;2;0;;;;46;88
60046;Paliano;38;17;14;1;0;;;;32;22;21;0;0;;;;43;75
60046;Paliano;39;37;14;1;0;;;;52;26;17;1;0;;;;44;96
60046;Paliano;40;19;19;0;0;;;;38;25;33;1;0;;;;59;97
60046;Paliano;41;25;26;0;0;;;;51;9;34;0;0;;;;43;94
60046;Paliano;42;24;36;2;0;;;;62;21;34;2;0;;;;57;119
60046;Paliano;43;23;36;1;1;;;;61;14;33;2;0;;;;49;110
60046;Paliano;44;26;36;2;0;;;;64;12;48;2;0;;;;62;126
60046;Paliano;45;24;29;2;0;;;;55;17;44;3;2;;;;66;121
60046;Paliano;46;34;43;3;1;;;;81;14;46;2;2;;;;64;145
60046;Paliano;47;21;34;1;0;;;;56;13;36;5;2;;;;56;112
60046;Paliano;48;18;42;5;0;;;;65;18;38;3;1;;;;60;125
60046;Paliano;49;21;49;6;0;;;;76;12;45;3;1;;;;61;137
60046;Paliano;50;20;46;5;1;;;;72;11;36;7;1;;;;55;127
60046;Paliano;51;11;43;1;3;;;;58;9;61;3;1;;;;74;132
60046;Paliano;52;23;43;3;0;;;;69;13;47;4;2;;;;66;135
60046;Paliano;53;13;48;4;0;;;;65;6;52;10;5;;;;73;138
60046;Paliano;54;18;45;6;0;;;;69;4;37;6;1;;;;48;117
60046;Paliano;55;11;53;6;0;;;;70;10;61;3;0;;;;74;144
60046;Paliano;56;9;55;4;1;;;;69;7;44;2;4;;;;57;126
60046;Paliano;57;12;48;7;2;;;;69;10;49;9;3;;;;71;140
60046;Paliano;58;5;49;3;0;;;;57;10;54;3;1;;;;68;125
60046;Paliano;59;13;48;5;3;;;;69;3;47;3;4;;;;57;126
60046;Paliano;60;4;62;3;2;;;;71;8;47;4;8;;;;67;138
60046;Paliano;61;5;34;6;1;;;;46;2;45;1;1;;;;49;95
60046;Paliano;62;6;43;4;3;;;;56;5;45;1;8;;;;59;115
60046;Paliano;63;4;52;2;3;;;;61;9;46;6;2;;;;63;124
60046;Paliano;64;4;48;2;0;;;;54;2;45;7;9;;;;63;117
60046;Paliano;65;8;45;0;1;;;;54;3;47;2;7;;;;59;113
60046;Paliano;66;1;53;6;0;;;;60;2;41;1;9;;;;53;113
60046;Paliano;67;4;46;2;4;;;;56;2;47;2;7;;;;58;114
60046;Paliano;68;4;31;3;3;;;;41;2;28;2;13;;;;45;86
60046;Paliano;69;4;43;2;1;;;;50;3;47;3;8;;;;61;111
60046;Paliano;70;3;42;0;3;;;;48;0;43;4;16;;;;63;111
60046;Paliano;71;3;31;4;1;;;;39;4;30;2;15;;;;51;90
60046;Paliano;72;3;38;0;3;;;;44;2;27;0;7;;;;36;80
60046;Paliano;73;1;41;0;5;;;;47;0;28;1;17;;;;46;93
60046;Paliano;74;8;34;4;5;;;;51;0;22;0;17;;;;39;90
60046;Paliano;75;0;31;1;5;;;;37;3;27;2;18;;;;50;87
60046;Paliano;76;1;35;3;6;;;;45;3;24;2;18;;;;47;92
60046;Paliano;77;1;48;1;4;;;;54;3;21;1;17;;;;42;96
60046;Paliano;78;3;25;1;3;;;;32;1;13;1;18;;;;33;65
60046;Paliano;79;3;18;1;5;;;;27;1;22;1;11;;;;35;62
60046;Paliano;80;4;13;0;5;;;;22;0;13;0;24;;;;37;59
60046;Paliano;81;1;26;0;3;;;;30;2;11;1;23;;;;37;67
60046;Paliano;82;1;17;0;1;;;;19;0;11;1;15;;;;27;46
60046;Paliano;83;0;18;0;3;;;;21;0;7;0;18;;;;25;46
60046;Paliano;84;0;15;0;3;;;;18;0;7;0;24;;;;31;49
60046;Paliano;85;1;13;0;4;;;;18;0;7;0;18;;;;25;43
60046;Paliano;86;1;8;0;3;;;;12;0;2;1;17;;;;20;32
60046;Paliano;87;1;8;1;3;;;;13;0;1;0;10;;;;11;24
60046;Paliano;88;2;9;0;3;;;;14;0;2;0;7;;;;9;23
60046;Paliano;89;0;2;0;2;;;;4;1;1;0;15;;;;17;21
60046;Paliano;90;1;2;0;2;;;;5;0;1;0;10;;;;11;16
60046;Paliano;91;0;4;0;5;;;;9;0;0;0;7;;;;7;16
60046;Paliano;92;0;3;0;3;;;;6;0;2;0;10;;;;12;18
60046;Paliano;93;0;0;0;0;;;;0;0;0;0;4;;;;4;4
60046;Paliano;94;0;2;0;2;;;;4;0;0;0;11;;;;11;15
60046;Paliano;95;0;1;0;1;;;;2;0;0;0;8;;;;8;10
60046;Paliano;96;1;0;0;0;;;;1;0;0;0;3;;;;3;4
60046;Paliano;97;0;0;0;0;;;;0;1;0;0;1;;;;2;2
60046;Paliano;98;0;0;0;0;;;;0;0;0;0;2;;;;2;2
60046;Paliano;99;0;0;0;0;;;;0;0;0;0;0;;;;0;0
60046;Paliano;100;0;0;0;0;;;;0;0;0;0;4;;;;4;4
60046;Paliano;999;1814;1881;117;113;;;;3925;1495;1824;128;487;;;;3934;7859
60047;Pastena;0;1;0;0;0;;;;1;5;0;0;0;;;;5;6
60047;Pastena;1;3;0;0;0;;;;3;5;0;0;0;;;;5;8
60047;Pastena;2;5;0;0;0;;;;5;4;0;0;0;;;;4;9
60047;Pastena;3;1;0;0;0;;;;1;7;0;0;0;;;;7;8
60047;Pastena;4;3;0;0;0;;;;3;4;0;0;0;;;;4;7
60047;Pastena;5;3;0;0;0;;;;3;3;0;0;0;;;;3;6
60047;Pastena;6;3;0;0;0;;;;3;3;0;0;0;;;;3;6
60047;Pastena;7;5;0;0;0;;;;5;4;0;0;0;;;;4;9
60047;Pastena;8;7;0;0;0;;;;7;4;0;0;0;;;;4;11
60047;Pastena;9;2;0;0;0;;;;2;8;0;0;0;;;;8;10
60047;Pastena;10;4;0;0;0;;;;4;3;0;0;0;;;;3;7
60047;Pastena;11;7;0;0;0;;;;7;4;0;0;0;;;;4;11
60047;Pastena;12;5;0;0;0;;;;5;1;0;0;0;;;;1;6
60047;Pastena;13;5;0;0;0;;;;5;4;0;0;0;;;;4;9
60047;Pastena;14;4;0;0;0;;;;4;5;0;0;0;;;;5;9
60047;Pastena;15;1;0;0;0;;;;1;3;0;0;0;;;;3;4
60047;Pastena;16;3;0;0;0;;;;3;3;0;0;0;;;;3;6
60047;Pastena;17;2;0;0;0;;;;2;6;0;0;0;;;;6;8
60047;Pastena;18;8;0;0;0;;;;8;4;0;0;0;;;;4;12
60047;Pastena;19;5;0;0;0;;;;5;3;0;0;0;;;;3;8
60047;Pastena;20;7;0;0;0;;;;7;3;0;0;0;;;;3;10
60047;Pastena;21;4;0;0;0;;;;4;5;0;0;0;;;;5;9
60047;Pastena;22;9;0;0;0;;;;9;7;0;0;0;;;;7;16
60047;Pastena;23;7;0;0;0;;;;7;3;0;0;0;;;;3;10
60047;Pastena;24;3;0;0;0;;;;3;1;0;0;0;;;;1;4
60047;Pastena;25;6;0;0;0;;;;6;1;0;0;0;;;;1;7
60047;Pastena;26;4;0;0;0;;;;4;5;1;0;0;;;;6;10
60047;Pastena;27;4;0;0;0;;;;4;6;0;0;0;;;;6;10
60047;Pastena;28;11;1;0;0;;;;12;7;1;0;0;;;;8;20
60047;Pastena;29;5;0;0;0;;;;5;6;1;0;0;;;;7;12
60047;Pastena;30;11;0;0;0;;;;11;5;0;0;0;;;;5;16
60047;Pastena;31;4;0;0;0;;;;4;4;2;0;0;;;;6;10
60047;Pastena;32;3;0;0;0;;;;3;7;2;0;0;;;;9;12
60047;Pastena;33;6;1;0;0;;;;7;1;3;0;0;;;;4;11
60047;Pastena;34;6;2;0;0;;;;8;6;1;0;0;;;;7;15
60047;Pastena;35;6;1;0;0;;;;7;4;3;0;0;;;;7;14
60047;Pastena;36;2;4;0;0;;;;6;6;1;0;0;;;;7;13
60047;Pastena;37;5;0;0;0;;;;5;4;0;0;0;;;;4;9
60047;Pastena;38;9;5;0;0;;;;14;2;6;3;0;;;;11;25
60047;Pastena;39;3;2;0;0;;;;5;4;6;1;0;;;;11;16
60047;Pastena;40;4;3;0;0;;;;7;2;3;0;0;;;;5;12
60047;Pastena;41;2;5;0;0;;;;7;2;2;0;0;;;;4;11
60047;Pastena;42;3;9;0;0;;;;12;0;3;0;0;;;;3;15
60047;Pastena;43;1;1;0;0;;;;2;2;7;0;1;;;;10;12
60047;Pastena;44;1;3;0;0;;;;4;3;4;1;0;;;;8;12
60047;Pastena;45;2;4;0;0;;;;6;1;6;0;0;;;;7;13
60047;Pastena;46;1;10;0;0;;;;11;1;7;0;0;;;;8;19
60047;Pastena;47;2;3;0;0;;;;5;1;7;1;0;;;;9;14
60047;Pastena;48;5;6;2;0;;;;13;1;6;0;0;;;;7;20
60047;Pastena;49;4;4;0;1;;;;9;1;7;0;0;;;;8;17
60047;Pastena;50;2;5;0;0;;;;7;1;8;0;0;;;;9;16
60047;Pastena;51;2;5;1;0;;;;8;0;3;0;0;;;;3;11
60047;Pastena;52;0;8;0;0;;;;8;3;4;0;1;;;;8;16
60047;Pastena;53;1;5;0;0;;;;6;2;8;0;1;;;;11;17
60047;Pastena;54;5;7;1;0;;;;13;1;4;0;0;;;;5;18
60047;Pastena;55;0;5;1;0;;;;6;1;9;0;0;;;;10;16
60047;Pastena;56;4;8;2;0;;;;14;2;9;1;1;;;;13;27
60047;Pastena;57;2;5;0;0;;;;7;1;11;1;1;;;;14;21
60047;Pastena;58;1;5;0;0;;;;6;0;11;1;0;;;;12;18
60047;Pastena;59;1;8;0;0;;;;9;1;14;0;0;;;;15;24
60047;Pastena;60;2;10;0;0;;;;12;1;10;0;1;;;;12;24
60047;Pastena;61;0;11;0;1;;;;12;1;7;1;0;;;;9;21
60047;Pastena;62;1;17;0;0;;;;18;1;2;0;4;;;;7;25
60047;Pastena;63;1;7;0;0;;;;8;0;11;0;2;;;;13;21
60047;Pastena;64;0;10;1;1;;;;12;0;18;1;2;;;;21;33
60047;Pastena;65;0;6;1;0;;;;7;0;12;0;0;;;;12;19
60047;Pastena;66;1;8;0;0;;;;9;1;4;1;2;;;;8;17
60047;Pastena;67;2;11;0;0;;;;13;0;6;0;2;;;;8;21
60047;Pastena;68;0;8;1;1;;;;10;0;7;0;2;;;;9;19
60047;Pastena;69;1;16;0;1;;;;18;0;6;0;2;;;;8;26
60047;Pastena;70;2;5;0;1;;;;8;0;13;0;5;;;;18;26
60047;Pastena;71;1;11;0;1;;;;13;2;7;0;1;;;;10;23
60047;Pastena;72;1;8;1;0;;;;10;0;5;0;1;;;;6;16
60047;Pastena;73;0;6;0;1;;;;7;0;8;0;4;;;;12;19
60047;Pastena;74;0;9;0;1;;;;10;0;4;1;2;;;;7;17
60047;Pastena;75;0;8;0;1;;;;9;1;2;1;3;;;;7;16
60047;Pastena;76;0;15;0;1;;;;16;0;3;0;3;;;;6;22
60047;Pastena;77;1;9;0;2;;;;12;0;10;0;1;;;;11;23
60047;Pastena;78;0;6;2;1;;;;9;1;2;0;2;;;;5;14
60047;Pastena;79;0;5;0;2;;;;7;0;3;0;3;;;;6;13
60047;Pastena;80;0;3;1;1;;;;5;0;0;0;2;;;;2;7
60047;Pastena;81;0;2;0;0;;;;2;0;2;0;5;;;;7;9
60047;Pastena;82;0;0;0;0;;;;0;0;1;1;2;;;;4;4
60047;Pastena;83;0;3;0;0;;;;3;0;4;0;1;;;;5;8
60047;Pastena;84;0;1;0;0;;;;1;0;4;0;1;;;;5;6
60047;Pastena;85;0;3;0;1;;;;4;1;3;0;5;;;;9;13
60047;Pastena;86;0;3;0;0;;;;3;0;1;0;4;;;;5;8
60047;Pastena;87;0;5;0;4;;;;9;0;0;0;2;;;;2;11
60047;Pastena;88;0;2;0;0;;;;2;1;0;0;4;;;;5;7
60047;Pastena;89;0;0;0;2;;;;2;0;2;0;5;;;;7;9
60047;Pastena;90;0;1;0;1;;;;2;0;0;0;4;;;;4;6
60047;Pastena;91;0;2;0;1;;;;3;0;0;0;3;;;;3;6
60047;Pastena;92;0;1;0;0;;;;1;0;0;0;1;;;;1;2
60047;Pastena;93;0;1;0;0;;;;1;0;0;0;6;;;;6;7
60047;Pastena;94;0;1;0;0;;;;1;0;1;0;2;;;;3;4
60047;Pastena;95;0;0;0;1;;;;1;1;0;0;1;;;;2;3
60047;Pastena;96;0;0;0;0;;;;0;0;0;0;0;;;;0;0
60047;Pastena;97;0;1;0;0;;;;1;0;0;0;0;;;;0;1
60047;Pastena;98;0;0;0;0;;;;0;0;0;0;0;;;;0;0
60047;Pastena;99;0;0;0;0;;;;0;0;0;0;1;;;;1;1
60047;Pastena;100;0;0;0;0;;;;0;0;0;0;3;;;;3;3
60047;Pastena;999;248;340;14;27;;;;629;207;318;15;99;;;;639;1268
60048;Patrica;0;9;0;0;0;;;;9;7;0;0;0;;;;7;16
60048;Patrica;1;10;0;0;0;;;;10;9;0;0;0;;;;9;19
60048;Patrica;2;12;0;0;0;;;;12;9;0;0;0;;;;9;21
60048;Patrica;3;13;0;0;0;;;;13;13;0;0;0;;;;13;26
60048;Patrica;4;7;0;0;0;;;;7;15;0;0;0;;;;15;22
60048;Patrica;5;5;0;0;0;;;;5;10;0;0;0;;;;10;15
60048;Patrica;6;5;0;0;0;;;;5;12;0;0;0;;;;12;17
60048;Patrica;7;9;0;0;0;;;;9;15;0;0;0;;;;15;24
60048;Patrica;8;12;0;0;0;;;;12;13;0;0;0;;;;13;25
60048;Patrica;9;13;0;0;0;;;;13;15;0;0;0;;;;15;28
60048;Patrica;10;11;0;0;0;;;;11;7;0;0;0;;;;7;18
60048;Patrica;11;9;0;0;0;;;;9;20;0;0;0;;;;20;29
60048;Patrica;12;20;0;0;0;;;;20;22;0;0;0;;;;22;42
60048;Patrica;13;12;0;0;0;;;;12;14;0;0;0;;;;14;26
60048;Patrica;14;17;0;0;0;;;;17;12;0;0;0;;;;12;29
60048;Patrica;15;13;0;0;0;;;;13;16;0;0;0;;;;16;29
60048;Patrica;16;17;0;0;0;;;;17;10;0;0;0;;;;10;27
60048;Patrica;17;20;0;0;0;;;;20;14;0;0;0;;;;14;34
60048;Patrica;18;19;0;0;0;;;;19;7;0;0;0;;;;7;26
60048;Patrica;19;18;0;0;0;;;;18;14;0;0;0;;;;14;32
60048;Patrica;20;17;0;0;0;;;;17;19;0;0;0;;;;19;36
60048;Patrica;21;19;0;0;0;;;;19;11;0;0;0;;;;11;30
60048;Patrica;22;14;0;0;0;;;;14;6;0;0;0;;;;6;20
60048;Patrica;23;18;0;0;0;;;;18;16;1;0;0;;;;17;35
60048;Patrica;24;13;0;0;0;;;;13;6;1;0;0;;;;7;20
60048;Patrica;25;14;0;0;0;;;;14;15;1;0;0;;;;16;30
60048;Patrica;26;11;1;0;0;;;;12;12;0;0;0;;;;12;24
60048;Patrica;27;17;0;0;0;;;;17;11;0;0;0;;;;11;28
60048;Patrica;28;17;0;0;0;;;;17;13;2;0;0;;;;15;32
60048;Patrica;29;27;2;0;0;;;;29;4;3;0;0;;;;7;36
60048;Patrica;30;18;0;0;0;;;;18;5;3;0;0;;;;8;26
60048;Patrica;31;16;3;0;0;;;;19;13;2;0;0;;;;15;34
60048;Patrica;32;15;6;0;0;;;;21;12;10;0;0;;;;22;43
60048;Patrica;33;12;6;1;0;;;;19;10;8;0;0;;;;18;37
60048;Patrica;34;8;5;0;0;;;;13;5;7;0;0;;;;12;25
60048;Patrica;35;19;8;0;0;;;;27;8;12;1;1;;;;22;49
60048;Patrica;36;15;6;1;0;;;;22;7;11;1;0;;;;19;41
60048;Patrica;37;12;12;0;0;;;;24;6;13;0;1;;;;20;44
60048;Patrica;38;12;6;0;0;;;;18;7;7;1;0;;;;15;33
60048;Patrica;39;10;5;0;0;;;;15;8;10;0;0;;;;18;33
60048;Patrica;40;11;12;0;0;;;;23;4;11;0;0;;;;15;38
60048;Patrica;41;15;8;0;0;;;;23;4;11;0;0;;;;15;38
60048;Patrica;42;11;11;0;1;;;;23;9;11;2;0;;;;22;45
60048;Patrica;43;8;10;1;0;;;;19;7;12;0;0;;;;19;38
60048;Patrica;44;6;9;1;0;;;;16;2;13;1;0;;;;16;32
60048;Patrica;45;11;15;1;0;;;;27;7;8;0;0;;;;15;42
60048;Patrica;46;7;10;0;0;;;;17;6;13;0;0;;;;19;36
60048;Patrica;47;10;17;0;0;;;;27;7;20;1;0;;;;28;55
60048;Patrica;48;4;15;2;0;;;;21;5;13;1;0;;;;19;40
60048;Patrica;49;10;17;2;1;;;;30;3;13;1;0;;;;17;47
60048;Patrica;50;12;18;0;0;;;;30;2;16;4;1;;;;23;53
60048;Patrica;51;8;10;0;0;;;;18;7;14;3;0;;;;24;42
60048;Patrica;52;5;11;3;1;;;;20;6;16;2;0;;;;24;44
60048;Patrica;53;5;19;1;0;;;;25;3;21;3;1;;;;28;53
60048;Patrica;54;4;15;1;0;;;;20;5;21;2;2;;;;30;50
60048;Patrica;55;4;25;1;0;;;;30;3;18;1;1;;;;23;53
60048;Patrica;56;4;18;2;0;;;;24;3;27;0;1;;;;31;55
60048;Patrica;57;3;21;0;1;;;;25;5;18;1;0;;;;24;49
60048;Patrica;58;2;16;1;1;;;;20;3;24;4;2;;;;33;53
60048;Patrica;59;6;27;0;0;;;;33;1;21;4;0;;;;26;59
60048;Patrica;60;4;20;2;0;;;;26;1;22;0;0;;;;23;49
60048;Patrica;61;3;18;4;1;;;;26;3;21;1;1;;;;26;52
60048;Patrica;62;1;20;1;0;;;;22;2;16;1;3;;;;22;44
60048;Patrica;63;0;15;1;0;;;;16;1;19;2;1;;;;23;39
60048;Patrica;64;2;27;1;0;;;;30;0;17;1;4;;;;22;52
60048;Patrica;65;3;21;0;1;;;;25;4;18;0;4;;;;26;51
60048;Patrica;66;2;19;1;2;;;;24;1;14;0;5;;;;20;44
60048;Patrica;67;0;12;2;3;;;;17;2;15;1;3;;;;21;38
60048;Patrica;68;1;22;0;1;;;;24;3;15;0;6;;;;24;48
60048;Patrica;69;0;18;1;1;;;;20;1;17;0;8;;;;26;46
60048;Patrica;70;2;14;0;0;;;;16;2;10;0;2;;;;14;30
60048;Patrica;71;1;12;2;0;;;;15;0;15;2;4;;;;21;36
60048;Patrica;72;1;9;1;1;;;;12;0;15;0;7;;;;22;34
60048;Patrica;73;0;15;1;0;;;;16;2;8;1;3;;;;14;30
60048;Patrica;74;0;13;0;0;;;;13;3;11;1;1;;;;16;29
60048;Patrica;75;0;19;0;2;;;;21;2;11;0;3;;;;16;37
60048;Patrica;76;0;20;0;2;;;;22;0;8;0;9;;;;17;39
60048;Patrica;77;0;9;1;2;;;;12;0;6;0;9;;;;15;27
60048;Patrica;78;0;13;3;0;;;;16;0;6;1;4;;;;11;27
60048;Patrica;79;0;9;0;1;;;;10;0;7;1;5;;;;13;23
60048;Patrica;80;0;3;0;1;;;;4;0;4;0;5;;;;9;13
60048;Patrica;81;0;8;0;0;;;;8;0;3;1;5;;;;9;17
60048;Patrica;82;1;11;0;2;;;;14;0;5;1;7;;;;13;27
60048;Patrica;83;0;4;0;0;;;;4;0;4;0;11;;;;15;19
60048;Patrica;84;1;4;0;1;;;;6;0;3;0;4;;;;7;13
60048;Patrica;85;1;3;0;1;;;;5;0;2;1;10;;;;13;18
60048;Patrica;86;0;1;0;1;;;;2;0;2;0;7;;;;9;11
60048;Patrica;87;1;0;0;1;;;;2;0;2;0;6;;;;8;10
60048;Patrica;88;1;7;0;2;;;;10;0;4;0;6;;;;10;20
60048;Patrica;89;0;2;0;1;;;;3;0;0;0;4;;;;4;7
60048;Patrica;90;0;2;0;0;;;;2;0;0;0;1;;;;1;3
60048;Patrica;91;1;0;0;2;;;;3;1;0;0;6;;;;7;10
60048;Patrica;92;0;2;0;2;;;;4;0;1;0;2;;;;3;7
60048;Patrica;93;0;0;0;0;;;;0;1;0;0;2;;;;3;3
60048;Patrica;94;0;0;0;0;;;;0;0;0;0;3;;;;3;3
60048;Patrica;95;0;0;0;0;;;;0;0;0;0;0;;;;0;0
60048;Patrica;96;0;0;0;1;;;;1;0;0;0;0;;;;0;1
60048;Patrica;97;0;0;0;1;;;;1;0;0;0;1;;;;1;2
60048;Patrica;98;0;1;0;0;;;;1;0;0;0;0;;;;0;1
60048;Patrica;99;0;0;0;0;;;;0;0;0;0;0;;;;0;0
60048;Patrica;100;0;0;0;0;;;;0;0;0;0;0;;;;0;0
60048;Patrica;999;727;737;39;38;;;;1541;569;713;48;172;;;;1502;3043
60049;Pescosolido;0;4;0;0;0;;;;4;5;0;0;0;;;;5;9
60049;Pescosolido;1;3;0;0;0;;;;3;6;0;0;0;;;;6;9
60049;Pescosolido;2;6;0;0;0;;;;6;3;0;0;0;;;;3;9
60049;Pescosolido;3;7;0;0;0;;;;7;2;0;0;0;;;;2;9
60049;Pescosolido;4;6;0;0;0;;;;6;6;0;0;0;;;;6;12
60049;Pescosolido;5;4;0;0;0;;;;4;0;0;0;0;;;;0;4
60049;Pescosolido;6;4;0;0;0;;;;4;6;0;0;0;;;;6;10
60049;Pescosolido;7;4;0;0;0;;;;4;2;0;0;0;;;;2;6
60049;Pescosolido;8;7;0;0;0;;;;7;8;0;0;0;;;;8;15
60049;Pescosolido;9;6;0;0;0;;;;6;2;0;0;0;;;;2;8
60049;Pescosolido;10;5;0;0;0;;;;5;4;0;0;0;;;;4;9
60049;Pescosolido;11;9;0;0;0;;;;9;7;0;0;0;;;;7;16
60049;Pescosolido;12;2;0;0;0;;;;2;7;0;0;0;;;;7;9
60049;Pescosolido;13;4;0;0;0;;;;4;4;0;0;0;;;;4;8
60049;Pescosolido;14;6;0;0;0;;;;6;8;0;0;0;;;;8;14
60049;Pescosolido;15;5;0;0;0;;;;5;4;0;0;0;;;;4;9
60049;Pescosolido;16;4;0;0;0;;;;4;4;0;0;0;;;;4;8
60049;Pescosolido;17;6;0;0;0;;;;6;5;0;0;0;;;;5;11
60049;Pescosolido;18;8;0;0;0;;;;8;4;0;0;0;;;;4;12
60049;Pescosolido;19;9;0;0;0;;;;9;4;0;0;0;;;;4;13
60049;Pescosolido;20;11;0;0;0;;;;11;7;0;0;0;;;;7;18
60049;Pescosolido;21;6;0;0;0;;;;6;3;0;0;0;;;;3;9
60049;Pescosolido;22;4;0;0;0;;;;4;6;1;0;0;;;;7;11
60049;Pescosolido;23;4;0;0;0;;;;4;7;0;0;0;;;;7;11
60049;Pescosolido;24;9;0;0;0;;;;9;4;0;0;0;;;;4;13
60049;Pescosolido;25;7;0;0;0;;;;7;9;1;0;0;;;;10;17
60049;Pescosolido;26;7;0;0;0;;;;7;2;0;0;0;;;;2;9
60049;Pescosolido;27;7;0;0;0;;;;7;5;0;0;0;;;;5;12
60049;Pescosolido;28;6;0;0;0;;;;6;4;1;0;0;;;;5;11
60049;Pescosolido;29;5;0;0;0;;;;5;10;1;0;0;;;;11;16
60049;Pescosolido;30;6;2;0;0;;;;8;3;0;0;0;;;;3;11
60049;Pescosolido;31;10;1;0;0;;;;11;6;2;0;0;;;;8;19
60049;Pescosolido;32;9;0;0;0;;;;9;7;4;0;0;;;;11;20
60049;Pescosolido;33;6;4;0;0;;;;10;4;4;0;0;;;;8;18
60049;Pescosolido;34;6;2;0;0;;;;8;4;4;0;0;;;;8;16
60049;Pescosolido;35;4;1;0;0;;;;5;0;2;0;0;;;;2;7
60049;Pescosolido;36;3;2;0;0;;;;5;3;2;0;0;;;;5;10
60049;Pescosolido;37;4;6;0;0;;;;10;4;3;0;0;;;;7;17
60049;Pescosolido;38;7;2;0;0;;;;9;6;2;0;0;;;;8;17
60049;Pescosolido;39;5;2;0;0;;;;7;4;2;0;0;;;;6;13
60049;Pescosolido;40;1;3;2;0;;;;6;2;7;0;0;;;;9;15
60049;Pescosolido;41;6;8;0;0;;;;14;1;1;0;0;;;;2;16
60049;Pescosolido;42;2;2;0;0;;;;4;3;7;0;0;;;;10;14
60049;Pescosolido;43;6;2;1;0;;;;9;5;10;0;0;;;;15;24
60049;Pescosolido;44;6;5;0;0;;;;11;1;3;0;0;;;;4;15
60049;Pescosolido;45;3;8;0;0;;;;11;0;1;1;1;;;;3;14
60049;Pescosolido;46;4;6;1;0;;;;11;2;12;0;0;;;;14;25
60049;Pescosolido;47;4;3;0;0;;;;7;1;3;0;0;;;;4;11
60049;Pescosolido;48;3;5;1;0;;;;9;4;12;0;1;;;;17;26
60049;Pescosolido;49;3;3;0;0;;;;6;0;7;0;0;;;;7;13
60049;Pescosolido;50;4;16;0;0;;;;20;1;8;0;0;;;;9;29
60049;Pescosolido;51;5;9;0;0;;;;14;0;9;1;0;;;;10;24
60049;Pescosolido;52;3;8;1;0;;;;12;1;8;0;0;;;;9;21
60049;Pescosolido;53;3;4;1;0;;;;8;4;3;1;0;;;;8;16
60049;Pescosolido;54;4;9;1;0;;;;14;5;6;0;0;;;;11;25
60049;Pescosolido;55;0;13;0;0;;;;13;1;18;1;1;;;;21;34
60049;Pescosolido;56;1;13;0;0;;;;14;1;6;2;2;;;;11;25
60049;Pescosolido;57;3;8;0;0;;;;11;1;14;1;0;;;;16;27
60049;Pescosolido;58;1;8;3;0;;;;12;1;8;0;0;;;;9;21
60049;Pescosolido;59;1;8;0;1;;;;10;1;10;2;1;;;;14;24
60049;Pescosolido;60;1;9;2;1;;;;13;0;9;0;1;;;;10;23
60049;Pescosolido;61;0;12;0;0;;;;12;1;8;0;2;;;;11;23
60049;Pescosolido;62;0;11;3;0;;;;14;0;11;1;0;;;;12;26
60049;Pescosolido;63;0;8;1;1;;;;10;1;10;0;1;;;;12;22
60049;Pescosolido;64;0;6;1;1;;;;8;0;5;0;0;;;;5;13
60049;Pescosolido;65;1;9;0;0;;;;10;1;6;0;3;;;;10;20
60049;Pescosolido;66;0;12;0;0;;;;12;0;6;0;2;;;;8;20
60049;Pescosolido;67;0;5;1;0;;;;6;1;5;0;3;;;;9;15
60049;Pescosolido;68;0;9;0;0;;;;9;0;9;0;1;;;;10;19
60049;Pescosolido;69;0;3;1;2;;;;6;0;10;1;4;;;;15;21
60049;Pescosolido;70;0;10;0;0;;;;10;1;7;0;1;;;;9;19
60049;Pescosolido;71;2;5;0;1;;;;8;1;7;0;1;;;;9;17
60049;Pescosolido;72;0;7;0;1;;;;8;0;11;0;4;;;;15;23
60049;Pescosolido;73;1;7;0;0;;;;8;0;4;0;2;;;;6;14
60049;Pescosolido;74;0;10;1;0;;;;11;0;5;0;6;;;;11;22
60049;Pescosolido;75;1;9;0;1;;;;11;0;10;0;6;;;;16;27
60049;Pescosolido;76;0;4;0;3;;;;7;0;8;0;5;;;;13;20
60049;Pescosolido;77;0;5;0;2;;;;7;0;7;0;4;;;;11;18
60049;Pescosolido;78;0;8;0;0;;;;8;0;3;0;4;;;;7;15
60049;Pescosolido;79;0;6;0;0;;;;6;0;4;0;0;;;;4;10
60049;Pescosolido;80;0;8;0;0;;;;8;0;2;0;0;;;;2;10
60049;Pescosolido;81;0;4;0;0;;;;4;1;3;0;2;;;;6;10
60049;Pescosolido;82;0;2;0;0;;;;2;0;1;0;1;;;;2;4
60049;Pescosolido;83;0;4;0;0;;;;4;1;1;0;3;;;;5;9
60049;Pescosolido;84;0;7;0;1;;;;8;0;2;0;3;;;;5;13
60049;Pescosolido;85;0;1;0;0;;;;1;1;4;0;6;;;;11;12
60049;Pescosolido;86;0;3;0;3;;;;6;1;3;1;3;;;;8;14
60049;Pescosolido;87;1;0;0;0;;;;1;0;1;0;5;;;;6;7
60049;Pescosolido;88;0;3;0;0;;;;3;0;0;0;3;;;;3;6
60049;Pescosolido;89;0;1;0;0;;;;1;0;0;0;4;;;;4;5
60049;Pescosolido;90;0;0;0;2;;;;2;0;0;0;0;;;;0;2
60049;Pescosolido;91;0;0;0;0;;;;0;0;0;0;2;;;;2;2
60049;Pescosolido;92;0;1;0;0;;;;1;0;0;0;0;;;;0;1
60049;Pescosolido;93;0;1;0;0;;;;1;0;1;0;1;;;;2;3
60049;Pescosolido;94;0;0;0;0;;;;0;0;0;0;2;;;;2;2
60049;Pescosolido;95;0;0;0;0;;;;0;0;0;0;1;;;;1;1
60049;Pescosolido;96;0;0;0;0;;;;0;0;0;0;2;;;;2;2
60049;Pescosolido;97;0;0;0;0;;;;0;0;0;0;0;;;;0;0
60049;Pescosolido;98;0;0;0;0;;;;0;0;0;0;0;;;;0;0
60049;Pescosolido;99;0;0;0;0;;;;0;0;0;0;1;;;;1;1
60049;Pescosolido;100;1;0;0;1;;;;2;0;0;0;0;;;;0;2
60049;Pescosolido;999;306;353;21;21;;;;701;234;345;12;95;;;;686;1387
60050;Picinisco;0;1;0;0;0;;;;1;5;0;0;0;;;;5;6
60050;Picinisco;1;3;0;0;0;;;;3;7;0;0;0;;;;7;10
60050;Picinisco;2;4;0;0;0;;;;4;2;0;0;0;;;;2;6
60050;Picinisco;3;4;0;0;0;;;;4;3;0;0;0;;;;3;7
60050;Picinisco;4;5;0;0;0;;;;5;5;0;0;0;;;;5;10
60050;Picinisco;5;4;0;0;0;;;;4;1;0;0;0;;;;1;5
60050;Picinisco;6;5;0;0;0;;;;5;1;0;0;0;;;;1;6
60050;Picinisco;7;4;0;0;0;;;;4;4;0;0;0;;;;4;8
60050;Picinisco;8;3;0;0;0;;;;3;4;0;0;0;;;;4;7
60050;Picinisco;9;8;0;0;0;;;;8;5;0;0;0;;;;5;13
60050;Picinisco;10;5;0;0;0;;;;5;6;0;0;0;;;;6;11
60050;Picinisco;11;4;0;0;0;;;;4;2;0;0;0;;;;2;6
60050;Picinisco;12;1;0;0;0;;;;1;4;0;0;0;;;;4;5
60050;Picinisco;13;2;0;0;0;;;;2;6;0;0;0;;;;6;8
60050;Picinisco;14;7;0;0;0;;;;7;4;0;0;0;;;;4;11
60050;Picinisco;15;2;0;0;0;;;;2;4;0;0;0;;;;4;6
60050;Picinisco;16;4;0;0;0;;;;4;4;0;0;0;;;;4;8
60050;Picinisco;17;1;0;0;0;;;;1;9;0;0;0;;;;9;10
60050;Picinisco;18;2;0;0;0;;;;2;6;0;0;0;;;;6;8
60050;Picinisco;19;7;0;0;0;;;;7;6;0;0;0;;;;6;13
60050;Picinisco;20;7;0;0;0;;;;7;4;0;0;0;;;;4;11
60050;Picinisco;21;2;0;0;0;;;;2;5;0;0;0;;;;5;7
60050;Picinisco;22;5;0;0;0;;;;5;7;0;0;0;;;;7;12
60050;Picinisco;23;6;0;0;0;;;;6;4;0;0;0;;;;4;10
60050;Picinisco;24;7;0;0;0;;;;7;1;0;0;0;;;;1;8
60050;Picinisco;25;8;0;0;0;;;;8;12;0;0;0;;;;12;20
60050;Picinisco;26;4;0;0;0;;;;4;3;0;0;0;;;;3;7
60050;Picinisco;27;5;0;0;0;;;;5;3;1;0;0;;;;4;9
60050;Picinisco;28;4;0;0;0;;;;4;3;2;0;0;;;;5;9
60050;Picinisco;29;4;1;0;0;;;;5;7;2;0;0;;;;9;14
60050;Picinisco;30;6;1;0;0;;;;7;6;1;0;0;;;;7;14
60050;Picinisco;31;2;2;0;0;;;;4;2;4;0;0;;;;6;10
60050;Picinisco;32;6;1;0;0;;;;7;8;2;0;0;;;;10;17
60050;Picinisco;33;7;1;0;0;;;;8;4;2;0;0;;;;6;14
60050;Picinisco;34;1;4;0;0;;;;5;3;1;0;0;;;;4;9
60050;Picinisco;35;5;0;1;0;;;;6;2;3;0;0;;;;5;11
60050;Picinisco;36;4;1;0;0;;;;5;1;1;0;1;;;;3;8
60050;Picinisco;37;6;3;1;0;;;;10;3;3;0;0;;;;6;16
60050;Picinisco;38;6;8;0;0;;;;14;1;6;0;0;;;;7;21
60050;Picinisco;39;1;0;0;0;;;;1;3;3;1;1;;;;8;9
60050;Picinisco;40;1;6;0;0;;;;7;5;5;1;0;;;;11;18
60050;Picinisco;41;4;5;1;0;;;;10;1;5;0;0;;;;6;16
60050;Picinisco;42;5;6;0;0;;;;11;1;1;0;0;;;;2;13
60050;Picinisco;43;3;4;0;0;;;;7;2;3;1;0;;;;6;13
60050;Picinisco;44;5;3;0;0;;;;8;2;5;0;0;;;;7;15
60050;Picinisco;45;1;0;0;0;;;;1;0;4;0;0;;;;4;5
60050;Picinisco;46;2;5;0;0;;;;7;3;4;0;0;;;;7;14
60050;Picinisco;47;2;4;0;0;;;;6;2;5;1;0;;;;8;14
60050;Picinisco;48;3;6;1;0;;;;10;1;4;0;0;;;;5;15
60050;Picinisco;49;1;8;0;0;;;;9;0;8;0;0;;;;8;17
60050;Picinisco;50;4;3;0;0;;;;7;2;4;1;0;;;;7;14
60050;Picinisco;51;1;6;1;0;;;;8;3;5;1;0;;;;9;17
60050;Picinisco;52;0;6;1;0;;;;7;2;4;0;0;;;;6;13
60050;Picinisco;53;3;4;0;0;;;;7;3;8;0;0;;;;11;18
60050;Picinisco;54;1;8;0;1;;;;10;0;9;0;1;;;;10;20
60050;Picinisco;55;2;7;1;0;;;;10;0;4;0;0;;;;4;14
60050;Picinisco;56;0;9;0;0;;;;9;2;5;1;0;;;;8;17
60050;Picinisco;57;0;6;0;0;;;;6;0;7;1;0;;;;8;14
60050;Picinisco;58;4;8;0;0;;;;12;2;3;0;0;;;;5;17
60050;Picinisco;59;2;7;3;0;;;;12;0;6;0;0;;;;6;18
60050;Picinisco;60;3;9;0;0;;;;12;1;9;0;1;;;;11;23
60050;Picinisco;61;3;4;0;0;;;;7;2;6;0;2;;;;10;17
60050;Picinisco;62;2;8;0;0;;;;10;0;11;0;0;;;;11;21
60050;Picinisco;63;2;7;0;0;;;;9;1;7;0;1;;;;9;18
60050;Picinisco;64;1;8;0;0;;;;9;2;8;0;1;;;;11;20
60050;Picinisco;65;0;5;0;1;;;;6;0;7;0;2;;;;9;15
60050;Picinisco;66;0;8;0;1;;;;9;1;10;2;1;;;;14;23
60050;Picinisco;67;1;6;0;2;;;;9;1;1;1;1;;;;4;13
60050;Picinisco;68;0;5;1;0;;;;6;0;5;1;2;;;;8;14
60050;Picinisco;69;1;11;0;1;;;;13;3;4;1;0;;;;8;21
60050;Picinisco;70;0;4;1;0;;;;5;0;8;0;0;;;;8;13
60050;Picinisco;71;1;10;0;0;;;;11;3;6;0;0;;;;9;20
60050;Picinisco;72;0;7;0;0;;;;7;0;3;0;2;;;;5;12
60050;Picinisco;73;0;12;1;1;;;;14;1;4;0;2;;;;7;21
60050;Picinisco;74;0;3;0;0;;;;3;0;6;0;2;;;;8;11
60050;Picinisco;75;0;4;0;0;;;;4;1;3;0;2;;;;6;10
60050;Picinisco;76;1;4;0;1;;;;6;0;5;0;0;;;;5;11
60050;Picinisco;77;0;8;0;0;;;;8;0;0;0;3;;;;3;11
60050;Picinisco;78;0;3;0;0;;;;3;0;4;0;3;;;;7;10
60050;Picinisco;79;1;3;0;0;;;;4;0;2;0;0;;;;2;6
60050;Picinisco;80;0;2;0;1;;;;3;0;5;0;4;;;;9;12
60050;Picinisco;81;0;3;1;0;;;;4;1;2;1;3;;;;7;11
60050;Picinisco;82;0;2;0;0;;;;2;0;2;0;4;;;;6;8
60050;Picinisco;83;1;0;1;2;;;;4;1;2;0;2;;;;5;9
60050;Picinisco;84;1;2;0;0;;;;3;0;1;0;2;;;;3;6
60050;Picinisco;85;1;5;0;0;;;;6;0;1;0;1;;;;2;8
60050;Picinisco;86;0;1;0;0;;;;1;0;2;0;4;;;;6;7
60050;Picinisco;87;0;1;0;0;;;;1;0;0;0;6;;;;6;7
60050;Picinisco;88;0;1;0;0;;;;1;0;0;0;3;;;;3;4
60050;Picinisco;89;0;0;0;0;;;;0;0;1;0;4;;;;5;5
60050;Picinisco;90;0;1;0;1;;;;2;1;2;0;1;;;;4;6
60050;Picinisco;91;0;2;0;1;;;;3;0;0;0;1;;;;1;4
60050;Picinisco;92;0;0;0;1;;;;1;0;0;0;0;;;;0;1
60050;Picinisco;93;0;0;0;0;;;;0;1;1;0;0;;;;2;2
60050;Picinisco;94;0;0;0;0;;;;0;0;0;0;1;;;;1;1
60050;Picinisco;95;0;0;0;0;;;;0;0;0;0;1;;;;1;1
60050;Picinisco;96;0;0;0;1;;;;1;0;0;0;1;;;;1;2
60050;Picinisco;97;0;0;0;0;;;;0;0;0;0;0;;;;0;0
60050;Picinisco;98;0;0;0;0;;;;0;0;0;0;0;;;;0;0
60050;Picinisco;99;0;0;0;0;;;;0;0;0;0;0;;;;0;0
60050;Picinisco;100;0;0;0;0;;;;0;0;0;0;0;;;;0;0
60050;Picinisco;999;235;282;15;15;;;;547;221;258;14;66;;;;559;1106
60051;Pico;0;7;0;0;0;;;;7;4;0;0;0;;;;4;11
60051;Pico;1;8;0;0;0;;;;8;8;0;0;0;;;;8;16
60051;Pico;2;6;0;0;0;;;;6;6;0;0;0;;;;6;12
60051;Pico;3;7;0;0;0;;;;7;7;0;0;0;;;;7;14
60051;Pico;4;9;0;0;0;;;;9;7;0;0;0;;;;7;16
60051;Pico;5;12;0;0;0;;;;12;5;0;0;0;;;;5;17
60051;Pico;6;10;0;0;0;;;;10;13;0;0;0;;;;13;23
60051;Pico;7;16;0;0;0;;;;16;4;0;0;0;;;;4;20
60051;Pico;8;8;0;0;0;;;;8;10;0;0;0;;;;10;18
60051;Pico;9;12;0;0;0;;;;12;8;0;0;0;;;;8;20
60051;Pico;10;15;0;0;0;;;;15;12;0;0;0;;;;12;27
60051;Pico;11;6;0;0;0;;;;6;12;0;0;0;;;;12;18
60051;Pico;12;12;0;0;0;;;;12;9;0;0;0;;;;9;21
60051;Pico;13;17;0;0;0;;;;17;11;0;0;0;;;;11;28
60051;Pico;14;6;0;0;0;;;;6;12;0;0;0;;;;12;18
60051;Pico;15;10;0;0;0;;;;10;10;0;0;0;;;;10;20
60051;Pico;16;9;0;0;0;;;;9;10;0;0;0;;;;10;19
60051;Pico;17;8;0;0;0;;;;8;9;0;0;0;;;;9;17
60051;Pico;18;9;0;0;0;;;;9;14;0;0;0;;;;14;23
60051;Pico;19;5;0;0;0;;;;5;15;0;0;0;;;;15;20
60051;Pico;20;16;0;0;0;;;;16;13;0;0;0;;;;13;29
60051;Pico;21;9;0;0;0;;;;9;12;0;0;0;;;;12;21
60051;Pico;22;6;0;0;0;;;;6;15;0;0;0;;;;15;21
60051;Pico;23;15;0;0;0;;;;15;11;0;0;0;;;;11;26
60051;Pico;24;9;0;0;0;;;;9;21;0;0;0;;;;21;30
60051;Pico;25;9;1;0;0;;;;10;15;1;0;0;;;;16;26
60051;Pico;26;8;0;0;0;;;;8;12;0;0;0;;;;12;20
60051;Pico;27;8;0;0;0;;;;8;10;1;0;0;;;;11;19
60051;Pico;28;11;0;0;0;;;;11;7;1;0;0;;;;8;19
60051;Pico;29;12;0;0;0;;;;12;13;3;0;0;;;;16;28
60051;Pico;30;10;1;0;0;;;;11;8;6;0;0;;;;14;25
60051;Pico;31;18;0;0;0;;;;18;4;5;0;0;;;;9;27
60051;Pico;32;9;1;0;0;;;;10;13;3;1;0;;;;17;27
60051;Pico;33;11;6;0;0;;;;17;10;4;0;1;;;;15;32
60051;Pico;34;6;3;0;0;;;;9;6;8;0;0;;;;14;23
60051;Pico;35;6;4;0;0;;;;10;1;5;0;0;;;;6;16
60051;Pico;36;13;4;0;0;;;;17;5;3;0;0;;;;8;25
60051;Pico;37;8;10;0;0;;;;18;3;8;1;0;;;;12;30
60051;Pico;38;7;7;0;0;;;;14;2;11;0;0;;;;13;27
60051;Pico;39;5;8;0;0;;;;13;3;8;0;0;;;;11;24
60051;Pico;40;5;2;1;0;;;;8;5;7;0;0;;;;12;20
60051;Pico;41;6;9;1;0;;;;16;3;15;0;0;;;;18;34
60051;Pico;42;4;7;0;0;;;;11;1;7;1;0;;;;9;20
60051;Pico;43;5;8;0;0;;;;13;5;18;0;0;;;;23;36
60051;Pico;44;12;9;0;0;;;;21;1;8;1;0;;;;10;31
60051;Pico;45;3;15;1;0;;;;19;3;6;0;0;;;;9;28
60051;Pico;46;7;10;0;0;;;;17;5;15;1;0;;;;21;38
60051;Pico;47;15;8;0;0;;;;23;4;19;0;0;;;;23;46
60051;Pico;48;8;10;0;0;;;;18;2;8;1;2;;;;13;31
60051;Pico;49;4;20;0;0;;;;24;1;18;0;1;;;;20;44
60051;Pico;50;9;17;0;0;;;;26;2;16;0;1;;;;19;45
60051;Pico;51;4;6;1;0;;;;11;0;14;2;1;;;;17;28
60051;Pico;52;8;9;0;0;;;;17;2;17;0;1;;;;20;37
60051;Pico;53;7;19;0;0;;;;26;6;13;1;0;;;;20;46
60051;Pico;54;6;21;0;0;;;;27;3;21;0;0;;;;24;51
60051;Pico;55;4;18;2;1;;;;25;3;16;0;1;;;;20;45
60051;Pico;56;5;9;2;0;;;;16;2;17;2;1;;;;22;38
60051;Pico;57;3;9;0;0;;;;12;1;14;0;2;;;;17;29
60051;Pico;58;4;16;0;0;;;;20;2;15;0;1;;;;18;38
60051;Pico;59;3;19;0;0;;;;22;3;18;0;2;;;;23;45
60051;Pico;60;3;20;0;0;;;;23;6;20;0;2;;;;28;51
60051;Pico;61;4;11;1;1;;;;17;2;19;1;4;;;;26;43
60051;Pico;62;2;14;1;0;;;;17;0;18;0;2;;;;20;37
60051;Pico;63;4;15;0;0;;;;19;1;11;0;4;;;;16;35
60051;Pico;64;3;19;1;1;;;;24;2;19;1;3;;;;25;49
60051;Pico;65;5;20;0;2;;;;27;2;12;1;0;;;;15;42
60051;Pico;66;3;17;0;2;;;;22;0;12;0;3;;;;15;37
60051;Pico;67;2;12;1;0;;;;15;4;10;1;4;;;;19;34
60051;Pico;68;3;15;0;1;;;;19;2;16;0;7;;;;25;44
60051;Pico;69;2;15;2;0;;;;19;1;15;0;4;;;;20;39
60051;Pico;70;5;18;0;1;;;;24;0;10;1;7;;;;18;42
60051;Pico;71;2;12;1;2;;;;17;0;8;0;7;;;;15;32
60051;Pico;72;0;12;0;1;;;;13;0;12;0;2;;;;14;27
60051;Pico;73;0;14;0;2;;;;16;0;17;0;7;;;;24;40
60051;Pico;74;0;13;0;0;;;;13;0;12;0;10;;;;22;35
60051;Pico;75;0;21;1;1;;;;23;0;15;0;5;;;;20;43
60051;Pico;76;2;17;0;1;;;;20;0;16;0;9;;;;25;45
60051;Pico;77;0;14;0;3;;;;17;1;7;0;4;;;;12;29
60051;Pico;78;0;16;1;1;;;;18;0;9;0;7;;;;16;34
60051;Pico;79;0;4;0;0;;;;4;0;5;0;3;;;;8;12
60051;Pico;80;0;8;0;1;;;;9;0;8;0;9;;;;17;26
60051;Pico;81;0;12;0;3;;;;15;2;3;0;6;;;;11;26
60051;Pico;82;0;11;0;2;;;;13;1;3;0;5;;;;9;22
60051;Pico;83;1;3;0;0;;;;4;0;3;0;4;;;;7;11
60051;Pico;84;0;5;0;0;;;;5;0;5;0;3;;;;8;13
60051;Pico;85;0;9;0;4;;;;13;0;1;0;6;;;;7;20
60051;Pico;86;1;3;0;0;;;;4;0;1;0;13;;;;14;18
60051;Pico;87;0;4;0;2;;;;6;1;3;0;4;;;;8;14
60051;Pico;88;1;4;0;2;;;;7;0;2;0;7;;;;9;16
60051;Pico;89;0;4;0;1;;;;5;0;2;0;9;;;;11;16
60051;Pico;90;0;2;0;3;;;;5;0;3;0;9;;;;12;17
60051;Pico;91;0;4;0;0;;;;4;0;0;0;2;;;;2;6
60051;Pico;92;0;1;0;2;;;;3;0;1;0;4;;;;5;8
60051;Pico;93;0;1;0;1;;;;2;0;1;0;2;;;;3;5
60051;Pico;94;0;2;0;1;;;;3;0;0;0;1;;;;1;4
60051;Pico;95;0;1;0;1;;;;2;1;0;0;3;;;;4;6
60051;Pico;96;0;1;0;1;;;;2;0;0;0;2;;;;2;4
60051;Pico;97;0;0;0;0;;;;0;0;1;0;0;;;;1;1
60051;Pico;98;0;0;0;2;;;;2;0;0;0;0;;;;0;2
60051;Pico;99;0;0;0;0;;;;0;0;0;0;0;;;;0;0
60051;Pico;100;0;0;0;0;;;;0;0;0;0;0;;;;0;0
60051;Pico;999;553;660;17;46;;;;1276;450;649;16;197;;;;1312;2588
60052;Piedimonte San Germano;0;27;0;0;0;;;;27;21;0;0;0;;;;21;48
60052;Piedimonte San Germano;1;20;0;0;0;;;;20;18;0;0;0;;;;18;38
60052;Piedimonte San Germano;2;24;0;0;0;;;;24;22;0;0;0;;;;22;46
60052;Piedimonte San Germano;3;30;0;0;0;;;;30;26;0;0;0;;;;26;56
60052;Piedimonte San Germano;4;31;0;0;0;;;;31;31;0;0;0;;;;31;62
60052;Piedimonte San Germano;5;33;0;0;0;;;;33;28;0;0;0;;;;28;61
60052;Piedimonte San Germano;6;33;0;0;0;;;;33;34;0;0;0;;;;34;67
60052;Piedimonte San Germano;7;31;0;0;0;;;;31;33;0;0;0;;;;33;64
60052;Piedimonte San Germano;8;38;0;0;0;;;;38;34;0;0;0;;;;34;72
60052;Piedimonte San Germano;9;33;0;0;0;;;;33;28;0;0;0;;;;28;61
60052;Piedimonte San Germano;10;31;0;0;0;;;;31;35;0;0;0;;;;35;66
60052;Piedimonte San Germano;11;43;0;0;0;;;;43;32;0;0;0;;;;32;75
60052;Piedimonte San Germano;12;31;0;0;0;;;;31;29;0;0;0;;;;29;60
60052;Piedimonte San Germano;13;33;0;0;0;;;;33;33;0;0;0;;;;33;66
60052;Piedimonte San Germano;14;35;0;0;0;;;;35;44;0;0;0;;;;44;79
60052;Piedimonte San Germano;15;35;0;0;0;;;;35;33;0;0;0;;;;33;68
60052;Piedimonte San Germano;16;32;0;0;0;;;;32;35;0;0;0;;;;35;67
60052;Piedimonte San Germano;17;36;0;0;0;;;;36;23;0;0;0;;;;23;59
60052;Piedimonte San Germano;18;36;0;0;0;;;;36;36;0;0;0;;;;36;72
60052;Piedimonte San Germano;19;26;0;0;0;;;;26;31;0;0;0;;;;31;57
60052;Piedimonte San Germano;20;47;0;0;0;;;;47;25;0;0;0;;;;25;72
60052;Piedimonte San Germano;21;36;0;0;0;;;;36;27;1;0;0;;;;28;64
60052;Piedimonte San Germano;22;34;0;0;0;;;;34;31;0;0;0;;;;31;65
60052;Piedimonte San Germano;23;39;0;0;0;;;;39;18;3;0;0;;;;21;60
60052;Piedimonte San Germano;24;26;0;0;0;;;;26;28;2;0;0;;;;30;56
60052;Piedimonte San Germano;25;26;0;0;0;;;;26;25;2;0;0;;;;27;53
60052;Piedimonte San Germano;26;31;0;0;0;;;;31;25;4;0;0;;;;29;60
60052;Piedimonte San Germano;27;36;5;0;0;;;;41;18;3;0;0;;;;21;62
60052;Piedimonte San Germano;28;35;1;0;0;;;;36;26;6;0;0;;;;32;68
60052;Piedimonte San Germano;29;28;5;0;0;;;;33;20;6;0;0;;;;26;59
60052;Piedimonte San Germano;30;36;3;0;0;;;;39;25;9;0;0;;;;34;73
60052;Piedimonte San Germano;31;25;5;0;0;;;;30;19;12;0;0;;;;31;61
60052;Piedimonte San Germano;32;29;7;0;0;;;;36;25;16;0;0;;;;41;77
60052;Piedimonte San Germano;33;22;9;1;0;;;;32;30;13;0;0;;;;43;75
60052;Piedimonte San Germano;34;24;10;0;1;;;;35;11;22;3;0;;;;36;71
60052;Piedimonte San Germano;35;19;8;1;0;;;;28;13;22;1;0;;;;36;64
60052;Piedimonte San Germano;36;21;19;1;0;;;;41;17;19;4;1;;;;41;82
60052;Piedimonte San Germano;37;17;17;1;0;;;;35;14;18;0;0;;;;32;67
60052;Piedimonte San Germano;38;19;20;2;0;;;;41;13;26;4;0;;;;43;84
60052;Piedimonte San Germano;39;22;16;1;0;;;;39;7;31;6;0;;;;44;83
60052;Piedimonte San Germano;40;24;27;1;0;;;;52;12;33;2;0;;;;47;99
60052;Piedimonte San Germano;41;16;28;2;0;;;;46;12;41;1;1;;;;55;101
60052;Piedimonte San Germano;42;11;29;0;0;;;;40;10;52;3;1;;;;66;106
60052;Piedimonte San Germano;43;20;34;1;0;;;;55;11;36;2;0;;;;49;104
60052;Piedimonte San Germano;44;21;33;2;0;;;;56;13;33;3;0;;;;49;105
60052;Piedimonte San Germano;45;16;39;1;0;;;;56;12;54;2;0;;;;68;124
60052;Piedimonte San Germano;46;16;39;1;1;;;;57;8;38;4;3;;;;53;110
60052;Piedimonte San Germano;47;9;34;2;0;;;;45;5;44;4;1;;;;54;99
60052;Piedimonte San Germano;48;15;39;0;0;;;;54;9;56;4;0;;;;69;123
60052;Piedimonte San Germano;49;14;38;1;0;;;;53;7;36;2;1;;;;46;99
60052;Piedimonte San Germano;50;6;35;3;0;;;;44;11;38;3;3;;;;55;99
60052;Piedimonte San Germano;51;16;51;6;0;;;;73;8;35;3;1;;;;47;120
60052;Piedimonte San Germano;52;9;28;6;0;;;;43;10;42;2;2;;;;56;99
60052;Piedimonte San Germano;53;3;29;3;0;;;;35;5;36;4;3;;;;48;83
60052;Piedimonte San Germano;54;9;43;2;0;;;;54;6;34;3;1;;;;44;98
60052;Piedimonte San Germano;55;13;36;5;0;;;;54;3;32;5;2;;;;42;96
60052;Piedimonte San Germano;56;5;30;5;0;;;;40;3;27;3;3;;;;36;76
60052;Piedimonte San Germano;57;6;49;2;0;;;;57;2;46;4;3;;;;55;112
60052;Piedimonte San Germano;58;3;34;7;0;;;;44;4;34;3;5;;;;46;90
60052;Piedimonte San Germano;59;3;35;2;2;;;;42;4;34;5;3;;;;46;88
60052;Piedimonte San Germano;60;6;16;2;0;;;;24;4;31;1;4;;;;40;64
60052;Piedimonte San Germano;61;3;34;2;0;;;;39;2;31;3;2;;;;38;77
60052;Piedimonte San Germano;62;3;22;3;0;;;;28;1;27;5;5;;;;38;66
60052;Piedimonte San Germano;63;5;31;4;1;;;;41;2;26;2;4;;;;34;75
60052;Piedimonte San Germano;64;6;36;5;1;;;;48;2;25;2;7;;;;36;84
60052;Piedimonte San Germano;65;3;35;4;0;;;;42;0;24;2;5;;;;31;73
60052;Piedimonte San Germano;66;3;22;4;1;;;;30;0;29;2;10;;;;41;71
60052;Piedimonte San Germano;67;1;33;4;1;;;;39;2;20;2;6;;;;30;69
60052;Piedimonte San Germano;68;2;30;1;0;;;;33;1;24;3;7;;;;35;68
60052;Piedimonte San Germano;69;3;30;3;1;;;;37;1;29;2;7;;;;39;76
60052;Piedimonte San Germano;70;1;29;1;3;;;;34;0;35;2;7;;;;44;78
60052;Piedimonte San Germano;71;0;24;3;0;;;;27;1;24;0;6;;;;31;58
60052;Piedimonte San Germano;72;2;34;1;2;;;;39;2;23;1;7;;;;33;72
60052;Piedimonte San Germano;73;1;24;1;2;;;;28;1;27;3;14;;;;45;73
60052;Piedimonte San Germano;74;0;36;1;3;;;;40;1;17;0;11;;;;29;69
60052;Piedimonte San Germano;75;1;25;0;3;;;;29;1;22;0;14;;;;37;66
60052;Piedimonte San Germano;76;0;23;1;5;;;;29;1;13;0;14;;;;28;57
60052;Piedimonte San Germano;77;0;21;1;3;;;;25;1;19;2;17;;;;39;64
60052;Piedimonte San Germano;78;1;28;0;0;;;;29;2;7;0;17;;;;26;55
60052;Piedimonte San Germano;79;0;11;0;3;;;;14;2;6;0;7;;;;15;29
60052;Piedimonte San Germano;80;3;4;1;0;;;;8;2;6;0;7;;;;15;23
60052;Piedimonte San Germano;81;1;10;1;2;;;;14;5;8;0;8;;;;21;35
60052;Piedimonte San Germano;82;0;10;0;4;;;;14;1;8;0;10;;;;19;33
60052;Piedimonte San Germano;83;1;10;0;3;;;;14;0;5;2;8;;;;15;29
60052;Piedimonte San Germano;84;2;9;0;2;;;;13;0;4;0;6;;;;10;23
60052;Piedimonte San Germano;85;0;13;0;4;;;;17;0;6;0;12;;;;18;35
60052;Piedimonte San Germano;86;0;8;1;2;;;;11;2;4;0;10;;;;16;27
60052;Piedimonte San Germano;87;0;4;0;2;;;;6;0;5;1;6;;;;12;18
60052;Piedimonte San Germano;88;0;6;0;0;;;;6;0;3;0;11;;;;14;20
60052;Piedimonte San Germano;89;0;4;1;3;;;;8;0;1;0;4;;;;5;13
60052;Piedimonte San Germano;90;0;4;0;2;;;;6;1;5;0;7;;;;13;19
60052;Piedimonte San Germano;91;1;1;0;0;;;;2;0;2;0;6;;;;8;10
60052;Piedimonte San Germano;92;0;2;0;0;;;;2;0;0;0;0;;;;0;2
60052;Piedimonte San Germano;93;0;3;0;1;;;;4;0;3;0;8;;;;11;15
60052;Piedimonte San Germano;94;0;1;0;2;;;;3;0;1;0;2;;;;3;6
60052;Piedimonte San Germano;95;1;0;0;1;;;;2;1;0;0;2;;;;3;5
60052;Piedimonte San Germano;96;0;1;0;0;;;;1;0;1;0;2;;;;3;4
60052;Piedimonte San Germano;97;0;0;0;1;;;;1;0;0;0;2;;;;2;3
60052;Piedimonte San Germano;98;0;1;0;1;;;;2;0;0;0;1;;;;1;3
60052;Piedimonte San Germano;99;0;0;0;0;;;;0;0;0;0;1;;;;1;1
60052;Piedimonte San Germano;100;0;0;0;1;;;;1;0;0;0;1;;;;1;2
60052;Piedimonte San Germano;999;1495;1470;104;64;;;;3133;1217;1517;115;319;;;;3168;6301
60053;Piglio;0;10;0;0;0;;;;10;16;0;0;0;;;;16;26
60053;Piglio;1;5;0;0;0;;;;5;7;0;0;0;;;;7;12
60053;Piglio;2;16;0;0;0;;;;16;20;0;0;0;;;;20;36
60053;Piglio;3;15;0;0;0;;;;15;18;0;0;0;;;;18;33
60053;Piglio;4;14;0;0;0;;;;14;14;0;0;0;;;;14;28
60053;Piglio;5;14;0;0;0;;;;14;11;0;0;0;;;;11;25
60053;Piglio;6;9;0;0;0;;;;9;8;0;0;0;;;;8;17
60053;Piglio;7;17;0;0;0;;;;17;15;0;0;0;;;;15;32
60053;Piglio;8;22;0;0;0;;;;22;15;0;0;0;;;;15;37
60053;Piglio;9;16;0;0;0;;;;16;17;0;0;0;;;;17;33
60053;Piglio;10;18;0;0;0;;;;18;24;0;0;0;;;;24;42
60053;Piglio;11;12;0;0;0;;;;12;13;0;0;0;;;;13;25
60053;Piglio;12;13;0;0;0;;;;13;10;0;0;0;;;;10;23
60053;Piglio;13;22;0;0;0;;;;22;10;0;0;0;;;;10;32
60053;Piglio;14;16;0;0;0;;;;16;15;0;0;0;;;;15;31
60053;Piglio;15;17;0;0;0;;;;17;23;0;0;0;;;;23;40
60053;Piglio;16;19;0;0;0;;;;19;26;0;0;0;;;;26;45
60053;Piglio;17;19;0;0;0;;;;19;17;0;0;0;;;;17;36
60053;Piglio;18;12;0;0;0;;;;12;25;0;0;0;;;;25;37
60053;Piglio;19;20;0;0;0;;;;20;13;0;0;0;;;;13;33
60053;Piglio;20;17;0;0;0;;;;17;12;1;0;0;;;;13;30
60053;Piglio;21;19;0;0;0;;;;19;12;0;0;0;;;;12;31
60053;Piglio;22;19;0;0;0;;;;19;22;0;0;0;;;;22;41
60053;Piglio;23;19;0;0;0;;;;19;10;0;0;0;;;;10;29
60053;Piglio;24;20;0;0;0;;;;20;15;0;0;0;;;;15;35
60053;Piglio;25;11;0;0;0;;;;11;10;0;0;0;;;;10;21
60053;Piglio;26;21;0;0;0;;;;21;23;0;0;0;;;;23;44
60053;Piglio;27;28;0;0;0;;;;28;20;0;0;0;;;;20;48
60053;Piglio;28;24;0;0;0;;;;24;19;1;0;0;;;;20;44
60053;Piglio;29;19;0;0;0;;;;19;16;2;0;0;;;;18;37
60053;Piglio;30;24;2;0;0;;;;26;23;3;0;0;;;;26;52
60053;Piglio;31;13;0;0;0;;;;13;16;7;0;0;;;;23;36
60053;Piglio;32;17;1;0;0;;;;18;17;2;0;0;;;;19;37
60053;Piglio;33;21;5;0;0;;;;26;21;7;0;0;;;;28;54
60053;Piglio;34;18;7;0;0;;;;25;19;9;0;0;;;;28;53
60053;Piglio;35;18;11;0;0;;;;29;16;16;0;0;;;;32;61
60053;Piglio;36;20;8;0;0;;;;28;10;8;0;0;;;;18;46
60053;Piglio;37;14;14;0;0;;;;28;12;13;0;0;;;;25;53
60053;Piglio;38;12;8;0;0;;;;20;13;10;0;0;;;;23;43
60053;Piglio;39;16;7;0;0;;;;23;12;13;1;0;;;;26;49
60053;Piglio;40;18;13;5;0;;;;36;6;14;1;0;;;;21;57
60053;Piglio;41;10;12;1;0;;;;23;8;22;0;0;;;;30;53
60053;Piglio;42;12;15;0;0;;;;27;10;15;0;0;;;;25;52
60053;Piglio;43;15;9;0;0;;;;24;7;18;3;0;;;;28;52
60053;Piglio;44;13;20;3;0;;;;36;3;18;1;0;;;;22;58
60053;Piglio;45;13;14;0;1;;;;28;7;30;2;0;;;;39;67
60053;Piglio;46;13;15;1;0;;;;29;7;24;2;0;;;;33;62
60053;Piglio;47;10;19;2;0;;;;31;8;16;1;1;;;;26;57
60053;Piglio;48;13;25;0;0;;;;38;12;21;1;1;;;;35;73
60053;Piglio;49;10;17;1;0;;;;28;4;28;1;1;;;;34;62
60053;Piglio;50;12;18;2;0;;;;32;4;16;0;1;;;;21;53
60053;Piglio;51;9;29;0;0;;;;38;5;28;0;0;;;;33;71
60053;Piglio;52;3;20;2;0;;;;25;4;23;6;2;;;;35;60
60053;Piglio;53;11;22;1;0;;;;34;3;32;1;1;;;;37;71
60053;Piglio;54;9;24;2;0;;;;35;3;30;0;0;;;;33;68
60053;Piglio;55;4;20;0;0;;;;24;3;24;5;1;;;;33;57
60053;Piglio;56;6;22;2;1;;;;31;2;21;1;2;;;;26;57
60053;Piglio;57;5;35;2;0;;;;42;3;32;5;2;;;;42;84
60053;Piglio;58;8;29;1;1;;;;39;4;28;4;3;;;;39;78
60053;Piglio;59;4;33;2;0;;;;39;1;28;1;2;;;;32;71
60053;Piglio;60;12;31;1;2;;;;46;5;38;1;3;;;;47;93
60053;Piglio;61;3;34;1;0;;;;38;3;32;0;1;;;;36;74
60053;Piglio;62;5;37;1;0;;;;43;3;24;0;0;;;;27;70
60053;Piglio;63;4;27;1;0;;;;32;5;39;0;4;;;;48;80
60053;Piglio;64;3;30;2;0;;;;35;3;34;0;5;;;;42;77
60053;Piglio;65;6;27;1;0;;;;34;1;23;0;5;;;;29;63
60053;Piglio;66;2;35;2;0;;;;39;3;22;1;6;;;;32;71
60053;Piglio;67;3;34;1;1;;;;39;3;26;1;5;;;;35;74
60053;Piglio;68;2;14;0;4;;;;20;1;26;0;2;;;;29;49
60053;Piglio;69;4;34;2;3;;;;43;0;17;1;7;;;;25;68
60053;Piglio;70;1;30;1;2;;;;34;1;29;4;5;;;;39;73
60053;Piglio;71;0;25;0;1;;;;26;2;17;1;9;;;;29;55
60053;Piglio;72;2;25;0;1;;;;28;2;17;0;9;;;;28;56
60053;Piglio;73;1;19;1;0;;;;21;2;17;1;8;;;;28;49
60053;Piglio;74;1;23;0;1;;;;25;1;19;0;11;;;;31;56
60053;Piglio;75;0;24;1;1;;;;26;0;17;0;10;;;;27;53
60053;Piglio;76;1;34;0;1;;;;36;0;16;0;9;;;;25;61
60053;Piglio;77;0;18;1;1;;;;20;1;7;0;11;;;;19;39
60053;Piglio;78;0;19;1;1;;;;21;0;14;0;8;;;;22;43
60053;Piglio;79;2;9;0;0;;;;11;1;7;0;8;;;;16;27
60053;Piglio;80;0;7;0;0;;;;7;1;9;0;10;;;;20;27
60053;Piglio;81;1;16;0;0;;;;17;0;7;1;7;;;;15;32
60053;Piglio;82;1;13;0;2;;;;16;0;10;0;10;;;;20;36
60053;Piglio;83;0;8;0;2;;;;10;2;6;0;8;;;;16;26
60053;Piglio;84;0;8;1;2;;;;11;0;7;0;9;;;;16;27
60053;Piglio;85;1;8;0;4;;;;13;0;8;0;13;;;;21;34
60053;Piglio;86;0;12;0;1;;;;13;1;2;0;15;;;;18;31
60053;Piglio;87;0;4;0;3;;;;7;0;3;0;18;;;;21;28
60053;Piglio;88;0;2;0;0;;;;2;0;1;0;11;;;;12;14
60053;Piglio;89;1;4;0;4;;;;9;0;1;0;7;;;;8;17
60053;Piglio;90;0;5;0;2;;;;7;0;0;0;12;;;;12;19
60053;Piglio;91;0;2;0;4;;;;6;0;0;1;5;;;;6;12
60053;Piglio;92;0;2;0;3;;;;5;0;1;0;2;;;;3;8
60053;Piglio;93;0;1;0;1;;;;2;0;0;0;8;;;;8;10
60053;Piglio;94;0;1;0;0;;;;1;0;0;0;4;;;;4;5
60053;Piglio;95;0;0;0;0;;;;0;1;0;0;3;;;;4;4
60053;Piglio;96;0;0;0;1;;;;1;0;0;0;2;;;;2;3
60053;Piglio;97;0;0;0;2;;;;2;0;0;0;2;;;;2;4
60053;Piglio;98;0;0;0;0;;;;0;0;0;0;1;;;;1;1
60053;Piglio;99;0;0;0;0;;;;0;0;0;0;0;;;;0;0
60053;Piglio;100;0;0;0;1;;;;1;0;0;0;0;;;;0;1
60053;Piglio;999;930;1096;45;54;;;;2125;781;1056;48;290;;;;2175;4300
60054;Pignataro Interamna;0;8;0;0;0;;;;8;6;0;0;0;;;;6;14
60054;Pignataro Interamna;1;13;0;0;0;;;;13;5;0;0;0;;;;5;18
60054;Pignataro Interamna;2;11;0;0;0;;;;11;9;0;0;0;;;;9;20
60054;Pignataro Interamna;3;8;0;0;0;;;;8;9;0;0;0;;;;9;17
60054;Pignataro Interamna;4;14;0;0;0;;;;14;7;0;0;0;;;;7;21
60054;Pignataro Interamna;5;17;0;0;0;;;;17;8;0;0;0;;;;8;25
60054;Pignataro Interamna;6;9;0;0;0;;;;9;11;0;0;0;;;;11;20
60054;Pignataro Interamna;7;17;0;0;0;;;;17;13;0;0;0;;;;13;30
60054;Pignataro Interamna;8;10;0;0;0;;;;10;12;0;0;0;;;;12;22
60054;Pignataro Interamna;9;6;0;0;0;;;;6;11;0;0;0;;;;11;17
60054;Pignataro Interamna;10;12;0;0;0;;;;12;13;0;0;0;;;;13;25
60054;Pignataro Interamna;11;12;0;0;0;;;;12;15;0;0;0;;;;15;27
60054;Pignataro Interamna;12;13;0;0;0;;;;13;11;0;0;0;;;;11;24
60054;Pignataro Interamna;13;12;0;0;0;;;;12;9;0;0;0;;;;9;21
60054;Pignataro Interamna;14;16;0;0;0;;;;16;13;0;0;0;;;;13;29
60054;Pignataro Interamna;15;7;0;0;0;;;;7;11;0;0;0;;;;11;18
60054;Pignataro Interamna;16;9;0;0;0;;;;9;13;0;0;0;;;;13;22
60054;Pignataro Interamna;17;12;0;0;0;;;;12;11;0;0;0;;;;11;23
60054;Pignataro Interamna;18;9;0;0;0;;;;9;6;0;0;0;;;;6;15
60054;Pignataro Interamna;19;11;0;0;0;;;;11;10;0;0;0;;;;10;21
60054;Pignataro Interamna;20;13;0;0;0;;;;13;15;0;0;0;;;;15;28
60054;Pignataro Interamna;21;7;0;0;0;;;;7;16;0;0;0;;;;16;23
60054;Pignataro Interamna;22;11;0;0;0;;;;11;12;0;0;0;;;;12;23
60054;Pignataro Interamna;23;11;0;0;0;;;;11;8;0;0;0;;;;8;19
60054;Pignataro Interamna;24;6;0;0;0;;;;6;8;0;0;0;;;;8;14
60054;Pignataro Interamna;25;14;0;0;0;;;;14;11;1;0;0;;;;12;26
60054;Pignataro Interamna;26;13;1;0;0;;;;14;8;0;0;0;;;;8;22
60054;Pignataro Interamna;27;9;0;0;0;;;;9;10;2;0;0;;;;12;21
60054;Pignataro Interamna;28;10;1;0;0;;;;11;4;0;0;0;;;;4;15
60054;Pignataro Interamna;29;10;1;0;0;;;;11;8;0;0;0;;;;8;19
60054;Pignataro Interamna;30;8;1;0;0;;;;9;7;5;0;0;;;;12;21
60054;Pignataro Interamna;31;17;2;0;0;;;;19;2;11;0;0;;;;13;32
60054;Pignataro Interamna;32;9;6;0;0;;;;15;13;3;0;0;;;;16;31
60054;Pignataro Interamna;33;9;6;0;0;;;;15;9;6;0;0;;;;15;30
60054;Pignataro Interamna;34;5;0;0;0;;;;5;5;5;0;0;;;;10;15
60054;Pignataro Interamna;35;10;4;0;0;;;;14;11;5;0;0;;;;16;30
60054;Pignataro Interamna;36;8;7;0;0;;;;15;5;11;0;0;;;;16;31
60054;Pignataro Interamna;37;8;5;0;0;;;;13;3;10;1;0;;;;14;27
60054;Pignataro Interamna;38;10;6;1;0;;;;17;4;6;0;0;;;;10;27
60054;Pignataro Interamna;39;9;8;0;0;;;;17;2;19;1;0;;;;22;39
60054;Pignataro Interamna;40;6;12;0;0;;;;18;6;8;0;0;;;;14;32
60054;Pignataro Interamna;41;7;10;1;0;;;;18;1;11;0;0;;;;12;30
60054;Pignataro Interamna;42;5;15;0;0;;;;20;5;9;1;0;;;;15;35
60054;Pignataro Interamna;43;6;9;0;0;;;;15;5;9;0;0;;;;14;29
60054;Pignataro Interamna;44;6;12;0;0;;;;18;4;15;1;0;;;;20;38
60054;Pignataro Interamna;45;6;10;1;0;;;;17;0;9;1;1;;;;11;28
60054;Pignataro Interamna;46;8;14;0;0;;;;22;4;18;1;0;;;;23;45
60054;Pignataro Interamna;47;4;14;0;0;;;;18;2;10;2;0;;;;14;32
60054;Pignataro Interamna;48;5;12;1;0;;;;18;3;16;1;0;;;;20;38
60054;Pignataro Interamna;49;8;9;1;0;;;;18;2;16;1;0;;;;19;37
60054;Pignataro Interamna;50;4;16;0;0;;;;20;2;17;1;1;;;;21;41
60054;Pignataro Interamna;51;3;11;0;0;;;;14;3;10;0;1;;;;14;28
60054;Pignataro Interamna;52;5;9;0;0;;;;14;2;10;1;1;;;;14;28
60054;Pignataro Interamna;53;6;12;1;1;;;;20;0;12;3;2;;;;17;37
60054;Pignataro Interamna;54;6;11;0;0;;;;17;2;7;2;0;;;;11;28
60054;Pignataro Interamna;55;4;9;1;1;;;;15;3;17;0;1;;;;21;36
60054;Pignataro Interamna;56;3;12;1;0;;;;16;0;10;1;1;;;;12;28
60054;Pignataro Interamna;57;0;14;0;0;;;;14;2;9;2;0;;;;13;27
60054;Pignataro Interamna;58;3;16;1;0;;;;20;1;16;0;2;;;;19;39
60054;Pignataro Interamna;59;0;11;2;0;;;;13;2;18;1;2;;;;23;36
60054;Pignataro Interamna;60;2;14;2;0;;;;18;3;11;0;1;;;;15;33
60054;Pignataro Interamna;61;1;9;1;0;;;;11;3;14;2;4;;;;23;34
60054;Pignataro Interamna;62;1;13;2;0;;;;16;1;17;0;1;;;;19;35
60054;Pignataro Interamna;63;0;5;2;0;;;;7;1;16;2;3;;;;22;29
60054;Pignataro Interamna;64;2;15;2;0;;;;19;2;14;0;5;;;;21;40
60054;Pignataro Interamna;65;2;12;1;0;;;;15;0;17;0;0;;;;17;32
60054;Pignataro Interamna;66;4;18;0;1;;;;23;2;12;0;2;;;;16;39
60054;Pignataro Interamna;67;0;17;1;0;;;;18;1;15;1;1;;;;18;36
60054;Pignataro Interamna;68;2;15;0;0;;;;17;0;20;0;4;;;;24;41
60054;Pignataro Interamna;69;3;10;0;2;;;;15;2;8;1;3;;;;14;29
60054;Pignataro Interamna;70;0;15;0;1;;;;16;1;11;1;4;;;;17;33
60054;Pignataro Interamna;71;0;15;1;0;;;;16;1;15;3;2;;;;21;37
60054;Pignataro Interamna;72;1;14;1;2;;;;18;0;9;1;9;;;;19;37
60054;Pignataro Interamna;73;1;16;1;1;;;;19;0;4;2;6;;;;12;31
60054;Pignataro Interamna;74;0;7;0;1;;;;8;1;16;1;7;;;;25;33
60054;Pignataro Interamna;75;3;15;0;2;;;;20;0;13;1;3;;;;17;37
60054;Pignataro Interamna;76;1;18;1;0;;;;20;1;6;0;5;;;;12;32
60054;Pignataro Interamna;77;3;15;0;0;;;;18;0;3;0;5;;;;8;26
60054;Pignataro Interamna;78;1;18;0;1;;;;20;0;6;0;4;;;;10;30
60054;Pignataro Interamna;79;1;2;0;0;;;;3;0;4;0;2;;;;6;9
60054;Pignataro Interamna;80;0;3;1;0;;;;4;0;0;1;4;;;;5;9
60054;Pignataro Interamna;81;0;1;0;0;;;;1;0;3;0;6;;;;9;10
60054;Pignataro Interamna;82;0;4;1;0;;;;5;1;3;0;5;;;;9;14
60054;Pignataro Interamna;83;0;3;0;2;;;;5;0;3;0;4;;;;7;12
60054;Pignataro Interamna;84;1;5;0;2;;;;8;0;0;0;6;;;;6;14
60054;Pignataro Interamna;85;1;4;0;2;;;;7;0;2;0;3;;;;5;12
60054;Pignataro Interamna;86;0;3;1;0;;;;4;1;1;0;9;;;;11;15
60054;Pignataro Interamna;87;0;0;0;0;;;;0;0;0;0;5;;;;5;5
60054;Pignataro Interamna;88;0;2;0;0;;;;2;1;1;0;8;;;;10;12
60054;Pignataro Interamna;89;0;2;0;2;;;;4;0;2;0;1;;;;3;7
60054;Pignataro Interamna;90;0;1;0;0;;;;1;0;1;0;2;;;;3;4
60054;Pignataro Interamna;91;0;3;0;0;;;;3;0;0;0;6;;;;6;9
60054;Pignataro Interamna;92;0;0;0;0;;;;0;0;0;0;3;;;;3;3
60054;Pignataro Interamna;93;0;0;0;1;;;;1;1;1;0;2;;;;4;5
60054;Pignataro Interamna;94;0;0;0;1;;;;1;0;0;0;2;;;;2;3
60054;Pignataro Interamna;95;0;0;0;0;;;;0;0;0;0;1;;;;1;1
60054;Pignataro Interamna;96;0;0;0;1;;;;1;0;0;0;4;;;;4;5
60054;Pignataro Interamna;97;0;0;0;0;;;;0;0;0;0;0;;;;0;0
60054;Pignataro Interamna;98;0;0;0;0;;;;0;0;0;0;0;;;;0;0
60054;Pignataro Interamna;99;0;0;0;0;;;;0;0;0;0;0;;;;0;0
60054;Pignataro Interamna;100;0;0;0;0;;;;0;0;0;0;0;;;;0;0
60054;Pignataro Interamna;999;548;580;29;24;;;;1181;436;579;37;154;;;;1206;2387
60055;Pofi;0;18;0;0;0;;;;18;6;0;0;0;;;;6;24
60055;Pofi;1;13;0;0;0;;;;13;8;0;0;0;;;;8;21
60055;Pofi;2;9;0;0;0;;;;9;13;0;0;0;;;;13;22
60055;Pofi;3;15;0;0;0;;;;15;18;0;0;0;;;;18;33
60055;Pofi;4;11;0;0;0;;;;11;17;0;0;0;;;;17;28
60055;Pofi;5;9;0;0;0;;;;9;18;0;0;0;;;;18;27
60055;Pofi;6;19;0;0;0;;;;19;8;0;0;0;;;;8;27
60055;Pofi;7;20;0;0;0;;;;20;12;0;0;0;;;;12;32
60055;Pofi;8;16;0;0;0;;;;16;10;0;0;0;;;;10;26
60055;Pofi;9;18;0;0;0;;;;18;7;0;0;0;;;;7;25
60055;Pofi;10;13;0;0;0;;;;13;16;0;0;0;;;;16;29
60055;Pofi;11;16;0;0;0;;;;16;15;0;0;0;;;;15;31
60055;Pofi;12;13;0;0;0;;;;13;20;0;0;0;;;;20;33
60055;Pofi;13;10;0;0;0;;;;10;14;0;0;0;;;;14;24
60055;Pofi;14;26;0;0;0;;;;26;14;0;0;0;;;;14;40
60055;Pofi;15;19;0;0;0;;;;19;10;0;0;0;;;;10;29
60055;Pofi;16;14;0;0;0;;;;14;19;0;0;0;;;;19;33
60055;Pofi;17;13;0;0;0;;;;13;10;0;0;0;;;;10;23
60055;Pofi;18;14;0;0;0;;;;14;13;0;0;0;;;;13;27
60055;Pofi;19;16;0;0;0;;;;16;15;0;0;0;;;;15;31
60055;Pofi;20;21;0;0;0;;;;21;9;0;0;0;;;;9;30
60055;Pofi;21;17;0;0;0;;;;17;16;0;0;0;;;;16;33
60055;Pofi;22;19;0;0;0;;;;19;16;1;0;0;;;;17;36
60055;Pofi;23;15;0;0;0;;;;15;23;0;0;0;;;;23;38
60055;Pofi;24;24;1;0;0;;;;25;13;0;0;0;;;;13;38
60055;Pofi;25;17;0;0;0;;;;17;18;0;0;0;;;;18;35
60055;Pofi;26;18;0;0;0;;;;18;17;2;0;0;;;;19;37
60055;Pofi;27;17;0;1;0;;;;18;16;1;0;0;;;;17;35
60055;Pofi;28;11;1;0;0;;;;12;17;0;0;0;;;;17;29
60055;Pofi;29;19;0;0;0;;;;19;13;5;0;0;;;;18;37
60055;Pofi;30;18;1;0;0;;;;19;9;4;0;0;;;;13;32
60055;Pofi;31;22;1;0;0;;;;23;16;4;0;0;;;;20;43
60055;Pofi;32;14;5;0;0;;;;19;15;9;1;0;;;;25;44
60055;Pofi;33;14;4;0;0;;;;18;12;7;1;0;;;;20;38
60055;Pofi;34;9;10;0;0;;;;19;5;12;0;0;;;;17;36
60055;Pofi;35;18;6;0;0;;;;24;13;8;0;0;;;;21;45
60055;Pofi;36;15;9;1;0;;;;25;8;16;0;0;;;;24;49
60055;Pofi;37;9;11;1;0;;;;21;5;12;2;0;;;;19;40
60055;Pofi;38;9;7;0;0;;;;16;6;5;0;0;;;;11;27
60055;Pofi;39;13;13;0;0;;;;26;7;8;0;0;;;;15;41
60055;Pofi;40;10;7;0;0;;;;17;12;12;2;0;;;;26;43
60055;Pofi;41;10;10;0;0;;;;20;8;12;2;1;;;;23;43
60055;Pofi;42;13;15;0;0;;;;28;6;14;1;0;;;;21;49
60055;Pofi;43;14;12;1;0;;;;27;4;17;0;0;;;;21;48
60055;Pofi;44;8;13;0;0;;;;21;10;14;0;0;;;;24;45
60055;Pofi;45;8;16;1;0;;;;25;5;14;2;2;;;;23;48
60055;Pofi;46;6;16;0;1;;;;23;4;31;1;0;;;;36;59
60055;Pofi;47;7;20;0;0;;;;27;9;15;2;0;;;;26;53
60055;Pofi;48;9;13;1;0;;;;23;5;26;0;1;;;;32;55
60055;Pofi;49;13;17;0;0;;;;30;2;25;1;0;;;;28;58
60055;Pofi;50;5;22;2;0;;;;29;7;20;1;0;;;;28;57
60055;Pofi;51;2;28;1;0;;;;31;5;21;5;1;;;;32;63
60055;Pofi;52;7;19;1;1;;;;28;3;25;2;1;;;;31;59
60055;Pofi;53;10;11;2;1;;;;24;1;23;0;1;;;;25;49
60055;Pofi;54;5;24;1;0;;;;30;1;25;2;0;;;;28;58
60055;Pofi;55;5;18;2;0;;;;25;1;29;0;2;;;;32;57
60055;Pofi;56;4;23;1;0;;;;28;2;17;0;1;;;;20;48
60055;Pofi;57;7;17;4;2;;;;30;1;17;1;0;;;;19;49
60055;Pofi;58;6;27;2;0;;;;35;2;24;4;1;;;;31;66
60055;Pofi;59;2;27;1;0;;;;30;2;30;2;3;;;;37;67
60055;Pofi;60;5;25;1;1;;;;32;1;34;2;4;;;;41;73
60055;Pofi;61;1;29;1;0;;;;31;1;24;2;3;;;;30;61
60055;Pofi;62;1;20;0;1;;;;22;5;28;3;5;;;;41;63
60055;Pofi;63;3;23;1;0;;;;27;2;25;1;2;;;;30;57
60055;Pofi;64;3;24;1;0;;;;28;2;22;0;7;;;;31;59
60055;Pofi;65;0;26;2;1;;;;29;2;35;2;6;;;;45;74
60055;Pofi;66;4;24;1;2;;;;31;2;21;0;3;;;;26;57
60055;Pofi;67;3;29;1;1;;;;34;3;17;0;10;;;;30;64
60055;Pofi;68;1;31;2;0;;;;34;2;22;0;5;;;;29;63
60055;Pofi;69;1;30;2;0;;;;33;0;22;1;3;;;;26;59
60055;Pofi;70;3;26;2;1;;;;32;3;26;1;10;;;;40;72
60055;Pofi;71;1;22;2;1;;;;26;0;12;0;6;;;;18;44
60055;Pofi;72;6;19;0;1;;;;26;0;21;1;7;;;;29;55
60055;Pofi;73;1;28;1;0;;;;30;0;16;0;14;;;;30;60
60055;Pofi;74;2;16;1;1;;;;20;1;10;0;5;;;;16;36
60055;Pofi;75;1;20;0;2;;;;23;2;17;0;17;;;;36;59
60055;Pofi;76;2;27;0;2;;;;31;0;15;0;12;;;;27;58
60055;Pofi;77;0;19;0;4;;;;23;0;13;0;16;;;;29;52
60055;Pofi;78;0;19;0;2;;;;21;0;15;0;10;;;;25;46
60055;Pofi;79;0;9;0;2;;;;11;1;4;0;7;;;;12;23
60055;Pofi;80;0;9;1;1;;;;11;0;10;0;15;;;;25;36
60055;Pofi;81;2;11;0;1;;;;14;1;12;0;9;;;;22;36
60055;Pofi;82;0;14;0;1;;;;15;0;7;0;10;;;;17;32
60055;Pofi;83;0;9;0;2;;;;11;0;9;0;6;;;;15;26
60055;Pofi;84;0;12;1;3;;;;16;2;4;0;15;;;;21;37
60055;Pofi;85;2;6;0;3;;;;11;0;1;0;6;;;;7;18
60055;Pofi;86;0;9;0;5;;;;14;0;2;0;11;;;;13;27
60055;Pofi;87;1;6;0;4;;;;11;0;4;1;13;;;;18;29
60055;Pofi;88;0;6;0;0;;;;6;0;1;0;5;;;;6;12
60055;Pofi;89;0;6;0;2;;;;8;0;1;0;8;;;;9;17
60055;Pofi;90;0;6;0;1;;;;7;1;2;0;7;;;;10;17
60055;Pofi;91;0;3;0;1;;;;4;0;1;0;8;;;;9;13
60055;Pofi;92;0;3;0;3;;;;6;0;1;0;2;;;;3;9
60055;Pofi;93;0;1;0;4;;;;5;0;0;0;5;;;;5;10
60055;Pofi;94;0;3;0;3;;;;6;0;0;0;5;;;;5;11
60055;Pofi;95;0;1;0;1;;;;2;0;0;0;2;;;;2;4
60055;Pofi;96;0;0;0;1;;;;1;0;0;0;3;;;;3;4
60055;Pofi;97;0;0;0;0;;;;0;0;0;0;1;;;;1;1
60055;Pofi;98;0;0;0;0;;;;0;0;0;1;0;;;;1;1
60055;Pofi;99;0;0;0;0;;;;0;0;0;0;1;;;;1;1
60055;Pofi;100;0;0;0;1;;;;1;0;0;0;1;;;;1;2
60055;Pofi;999;815;995;43;64;;;;1917;638;959;47;299;;;;1943;3860
60056;Pontecorvo;0;33;0;0;0;;;;33;24;0;0;0;;;;24;57
60056;Pontecorvo;1;32;0;0;0;;;;32;48;0;0;0;;;;48;80
60056;Pontecorvo;2;39;0;0;0;;;;39;41;0;0;0;;;;41;80
60056;Pontecorvo;3;42;0;0;0;;;;42;40;0;0;0;;;;40;82
60056;Pontecorvo;4;46;0;0;0;;;;46;41;0;0;0;;;;41;87
60056;Pontecorvo;5;47;0;0;0;;;;47;41;0;0;0;;;;41;88
60056;Pontecorvo;6;43;0;0;0;;;;43;47;0;0;0;;;;47;90
60056;Pontecorvo;7;57;0;0;0;;;;57;57;0;0;0;;;;57;114
60056;Pontecorvo;8;52;0;0;0;;;;52;46;0;0;0;;;;46;98
60056;Pontecorvo;9;56;0;0;0;;;;56;44;0;0;0;;;;44;100
60056;Pontecorvo;10;63;0;0;0;;;;63;57;0;0;0;;;;57;120
60056;Pontecorvo;11;56;0;0;0;;;;56;58;0;0;0;;;;58;114
60056;Pontecorvo;12;55;0;0;0;;;;55;53;0;0;0;;;;53;108
60056;Pontecorvo;13;62;0;0;0;;;;62;64;0;0;0;;;;64;126
60056;Pontecorvo;14;62;0;0;0;;;;62;58;0;0;0;;;;58;120
60056;Pontecorvo;15;59;0;0;0;;;;59;56;0;0;0;;;;56;115
60056;Pontecorvo;16;44;0;0;0;;;;44;63;0;0;0;;;;63;107
60056;Pontecorvo;17;68;0;0;0;;;;68;64;0;0;0;;;;64;132
60056;Pontecorvo;18;59;0;0;0;;;;59;49;0;0;0;;;;49;108
60056;Pontecorvo;19;64;0;0;0;;;;64;55;2;0;0;;;;57;121
60056;Pontecorvo;20;49;0;0;0;;;;49;61;0;0;0;;;;61;110
60056;Pontecorvo;21;58;0;0;0;;;;58;61;1;0;0;;;;62;120
60056;Pontecorvo;22;56;0;0;0;;;;56;57;1;0;0;;;;58;114
60056;Pontecorvo;23;78;0;0;0;;;;78;53;2;0;0;;;;55;133
60056;Pontecorvo;24;77;2;0;0;;;;79;71;4;0;0;;;;75;154
60056;Pontecorvo;25;57;2;0;0;;;;59;48;2;0;0;;;;50;109
60056;Pontecorvo;26;75;2;0;0;;;;77;63;6;0;0;;;;69;146
60056;Pontecorvo;27;66;1;0;0;;;;67;47;9;0;0;;;;56;123
60056;Pontecorvo;28;61;7;0;0;;;;68;51;6;0;0;;;;57;125
60056;Pontecorvo;29;57;8;0;0;;;;65;46;14;0;0;;;;60;125
60056;Pontecorvo;30;56;4;0;0;;;;60;45;15;0;0;;;;60;120
60056;Pontecorvo;31;53;8;0;0;;;;61;40;14;0;0;;;;54;115
60056;Pontecorvo;32;64;20;0;0;;;;84;40;28;0;0;;;;68;152
60056;Pontecorvo;33;53;25;0;0;;;;78;46;41;1;0;;;;88;166
60056;Pontecorvo;34;39;25;1;0;;;;65;28;34;2;0;;;;64;129
60056;Pontecorvo;35;35;29;2;0;;;;66;32;36;0;1;;;;69;135
60056;Pontecorvo;36;30;29;2;0;;;;61;29;44;0;0;;;;73;134
60056;Pontecorvo;37;42;42;5;0;;;;89;23;41;3;0;;;;67;156
60056;Pontecorvo;38;32;25;0;0;;;;57;28;42;1;0;;;;71;128
60056;Pontecorvo;39;44;42;3;0;;;;89;20;47;2;1;;;;70;159
60056;Pontecorvo;40;35;27;1;0;;;;63;25;55;1;0;;;;81;144
60056;Pontecorvo;41;32;46;4;0;;;;82;19;52;4;2;;;;77;159
60056;Pontecorvo;42;34;44;1;0;;;;79;12;56;3;0;;;;71;150
60056;Pontecorvo;43;22;58;4;0;;;;84;16;60;3;1;;;;80;164
60056;Pontecorvo;44;30;52;7;0;;;;89;20;63;3;4;;;;90;179
60056;Pontecorvo;45;26;53;4;0;;;;83;16;76;10;1;;;;103;186
60056;Pontecorvo;46;23;55;3;0;;;;81;8;59;5;4;;;;76;157
60056;Pontecorvo;47;36;63;6;0;;;;105;14;72;10;1;;;;97;202
60056;Pontecorvo;48;20;62;3;1;;;;86;8;71;5;3;;;;87;173
60056;Pontecorvo;49;25;54;4;0;;;;83;8;69;4;2;;;;83;166
60056;Pontecorvo;50;20;67;2;0;;;;89;8;79;8;2;;;;97;186
60056;Pontecorvo;51;21;86;3;0;;;;110;13;50;4;0;;;;67;177
60056;Pontecorvo;52;15;51;2;0;;;;68;8;78;4;3;;;;93;161
60056;Pontecorvo;53;21;55;5;0;;;;81;11;48;4;5;;;;68;149
60056;Pontecorvo;54;17;58;6;1;;;;82;11;81;3;5;;;;100;182
60056;Pontecorvo;55;8;70;4;3;;;;85;8;78;10;10;;;;106;191
60056;Pontecorvo;56;16;72;6;0;;;;94;6;82;6;10;;;;104;198
60056;Pontecorvo;57;11;67;4;3;;;;85;11;72;5;8;;;;96;181
60056;Pontecorvo;58;1;71;2;2;;;;76;5;85;6;10;;;;106;182
60056;Pontecorvo;59;6;85;6;1;;;;98;3;69;4;12;;;;88;186
60056;Pontecorvo;60;9;53;5;2;;;;69;3;87;3;6;;;;99;168
60056;Pontecorvo;61;8;72;3;4;;;;87;2;71;5;3;;;;81;168
60056;Pontecorvo;62;8;72;5;2;;;;87;9;91;3;13;;;;116;203
60056;Pontecorvo;63;4;75;4;1;;;;84;4;65;3;16;;;;88;172
60056;Pontecorvo;64;4;69;3;3;;;;79;6;80;5;15;;;;106;185
60056;Pontecorvo;65;4;74;2;4;;;;84;2;84;3;20;;;;109;193
60056;Pontecorvo;66;3;66;2;4;;;;75;6;66;8;9;;;;89;164
60056;Pontecorvo;67;4;60;4;3;;;;71;6;63;1;23;;;;93;164
60056;Pontecorvo;68;9;67;0;5;;;;81;3;67;0;17;;;;87;168
60056;Pontecorvo;69;6;83;3;8;;;;100;6;70;3;21;;;;100;200
60056;Pontecorvo;70;5;83;3;3;;;;94;0;60;3;36;;;;99;193
60056;Pontecorvo;71;3;70;1;3;;;;77;6;49;1;20;;;;76;153
60056;Pontecorvo;72;3;66;3;6;;;;78;7;50;0;18;;;;75;153
60056;Pontecorvo;73;6;72;1;6;;;;85;3;51;2;24;;;;80;165
60056;Pontecorvo;74;3;63;3;7;;;;76;6;44;0;32;;;;82;158
60056;Pontecorvo;75;6;66;3;8;;;;83;2;39;2;33;;;;76;159
60056;Pontecorvo;76;6;63;1;7;;;;77;5;52;2;35;;;;94;171
60056;Pontecorvo;77;3;50;0;5;;;;58;1;25;1;36;;;;63;121
60056;Pontecorvo;78;1;50;1;9;;;;61;2;23;2;31;;;;58;119
60056;Pontecorvo;79;1;21;0;2;;;;24;3;9;1;12;;;;25;49
60056;Pontecorvo;80;2;19;0;7;;;;28;1;14;1;25;;;;41;69
60056;Pontecorvo;81;1;16;1;4;;;;22;0;10;0;19;;;;29;51
60056;Pontecorvo;82;3;22;0;6;;;;31;2;6;0;24;;;;32;63
60056;Pontecorvo;83;0;13;0;4;;;;17;2;5;0;22;;;;29;46
60056;Pontecorvo;84;0;17;1;7;;;;25;0;15;1;25;;;;41;66
60056;Pontecorvo;85;0;19;0;8;;;;27;5;7;1;26;;;;39;66
60056;Pontecorvo;86;1;13;0;6;;;;20;1;5;0;30;;;;36;56
60056;Pontecorvo;87;0;17;1;7;;;;25;5;10;0;17;;;;32;57
60056;Pontecorvo;88;1;10;0;5;;;;16;0;5;0;21;;;;26;42
60056;Pontecorvo;89;0;10;0;5;;;;15;1;7;0;27;;;;35;50
60056;Pontecorvo;90;1;10;0;6;;;;17;1;1;0;23;;;;25;42
60056;Pontecorvo;91;0;6;0;6;;;;12;0;0;0;20;;;;20;32
60056;Pontecorvo;92;0;3;1;5;;;;9;0;1;0;11;;;;12;21
60056;Pontecorvo;93;0;2;0;1;;;;3;1;0;0;11;;;;12;15
60056;Pontecorvo;94;0;0;0;3;;;;3;0;1;0;9;;;;10;13
60056;Pontecorvo;95;0;0;0;3;;;;3;1;1;0;5;;;;7;10
60056;Pontecorvo;96;0;0;0;1;;;;1;0;0;0;6;;;;6;7
60056;Pontecorvo;97;0;0;0;0;;;;0;0;0;0;2;;;;2;2
60056;Pontecorvo;98;0;0;0;1;;;;1;1;0;0;3;;;;4;5
60056;Pontecorvo;99;0;0;0;0;;;;0;0;0;0;2;;;;2;2
60056;Pontecorvo;100;1;0;0;0;;;;1;1;0;0;3;;;;4;5
60056;Pontecorvo;999;2646;2939;141;188;;;;5914;2229;2978;162;836;;;;6205;12119
60057;Posta Fibreno;0;7;0;0;0;;;;7;2;0;0;0;;;;2;9
60057;Posta Fibreno;1;4;0;0;0;;;;4;4;0;0;0;;;;4;8
60057;Posta Fibreno;2;1;0;0;0;;;;1;1;0;0;0;;;;1;2
60057;Posta Fibreno;3;8;0;0;0;;;;8;2;0;0;0;;;;2;10
60057;Posta Fibreno;4;6;0;0;0;;;;6;2;0;0;0;;;;2;8
60057;Posta Fibreno;5;4;0;0;0;;;;4;3;0;0;0;;;;3;7
60057;Posta Fibreno;6;5;0;0;0;;;;5;2;0;0;0;;;;2;7
60057;Posta Fibreno;7;5;0;0;0;;;;5;6;0;0;0;;;;6;11
60057;Posta Fibreno;8;4;0;0;0;;;;4;2;0;0;0;;;;2;6
60057;Posta Fibreno;9;3;0;0;0;;;;3;1;0;0;0;;;;1;4
60057;Posta Fibreno;10;1;0;0;0;;;;1;2;0;0;0;;;;2;3
60057;Posta Fibreno;11;4;0;0;0;;;;4;3;0;0;0;;;;3;7
60057;Posta Fibreno;12;1;0;0;0;;;;1;5;0;0;0;;;;5;6
60057;Posta Fibreno;13;1;0;0;0;;;;1;2;0;0;0;;;;2;3
60057;Posta Fibreno;14;2;0;0;0;;;;2;5;0;0;0;;;;5;7
60057;Posta Fibreno;15;3;0;0;0;;;;3;4;0;0;0;;;;4;7
60057;Posta Fibreno;16;4;0;0;0;;;;4;4;0;0;0;;;;4;8
60057;Posta Fibreno;17;3;0;0;0;;;;3;0;0;0;0;;;;0;3
60057;Posta Fibreno;18;6;0;0;0;;;;6;3;0;0;0;;;;3;9
60057;Posta Fibreno;19;4;0;0;0;;;;4;5;0;0;0;;;;5;9
60057;Posta Fibreno;20;3;0;0;0;;;;3;1;0;0;0;;;;1;4
60057;Posta Fibreno;21;4;0;0;0;;;;4;4;0;0;0;;;;4;8
60057;Posta Fibreno;22;6;0;0;0;;;;6;2;0;0;0;;;;2;8
60057;Posta Fibreno;23;4;0;0;0;;;;4;2;0;0;0;;;;2;6
60057;Posta Fibreno;24;8;0;0;0;;;;8;3;0;0;0;;;;3;11
60057;Posta Fibreno;25;7;0;0;0;;;;7;4;0;0;0;;;;4;11
60057;Posta Fibreno;26;6;1;0;0;;;;7;2;0;0;0;;;;2;9
60057;Posta Fibreno;27;4;0;0;0;;;;4;6;0;0;0;;;;6;10
60057;Posta Fibreno;28;2;1;0;0;;;;3;3;1;0;0;;;;4;7
60057;Posta Fibreno;29;3;0;0;0;;;;3;3;0;0;0;;;;3;6
60057;Posta Fibreno;30;7;0;0;0;;;;7;4;0;0;0;;;;4;11
60057;Posta Fibreno;31;2;0;0;1;;;;3;1;1;0;0;;;;2;5
60057;Posta Fibreno;32;6;0;0;0;;;;6;3;2;0;0;;;;5;11
60057;Posta Fibreno;33;2;2;0;0;;;;4;3;1;0;0;;;;4;8
60057;Posta Fibreno;34;6;2;0;0;;;;8;1;4;0;0;;;;5;13
60057;Posta Fibreno;35;6;1;0;0;;;;7;0;2;0;0;;;;2;9
60057;Posta Fibreno;36;2;2;0;0;;;;4;6;4;0;0;;;;10;14
60057;Posta Fibreno;37;2;2;0;0;;;;4;0;1;0;0;;;;1;5
60057;Posta Fibreno;38;2;3;0;0;;;;5;0;4;0;0;;;;4;9
60057;Posta Fibreno;39;7;1;0;0;;;;8;4;5;0;0;;;;9;17
60057;Posta Fibreno;40;2;7;0;0;;;;9;2;4;0;0;;;;6;15
60057;Posta Fibreno;41;0;2;0;0;;;;2;3;6;0;0;;;;9;11
60057;Posta Fibreno;42;1;5;0;1;;;;7;1;5;0;0;;;;6;13
60057;Posta Fibreno;43;8;4;0;0;;;;12;3;3;1;0;;;;7;19
60057;Posta Fibreno;44;0;3;0;0;;;;3;1;5;0;0;;;;6;9
60057;Posta Fibreno;45;5;0;1;0;;;;6;2;3;0;0;;;;5;11
60057;Posta Fibreno;46;3;1;0;0;;;;4;1;2;0;0;;;;3;7
60057;Posta Fibreno;47;5;4;1;0;;;;10;3;5;0;0;;;;8;18
60057;Posta Fibreno;48;3;3;0;0;;;;6;3;4;0;0;;;;7;13
60057;Posta Fibreno;49;2;8;0;0;;;;10;1;5;0;0;;;;6;16
60057;Posta Fibreno;50;1;4;0;0;;;;5;2;6;0;0;;;;8;13
60057;Posta Fibreno;51;1;3;1;0;;;;5;1;7;0;0;;;;8;13
60057;Posta Fibreno;52;3;3;1;0;;;;7;1;5;2;0;;;;8;15
60057;Posta Fibreno;53;2;3;0;0;;;;5;1;2;1;1;;;;5;10
60057;Posta Fibreno;54;4;4;1;0;;;;9;0;4;0;1;;;;5;14
60057;Posta Fibreno;55;3;8;1;0;;;;12;0;7;0;0;;;;7;19
60057;Posta Fibreno;56;0;6;0;0;;;;6;2;9;3;0;;;;14;20
60057;Posta Fibreno;57;3;5;1;0;;;;9;0;7;0;0;;;;7;16
60057;Posta Fibreno;58;2;4;1;0;;;;7;0;6;1;0;;;;7;14
60057;Posta Fibreno;59;3;4;0;0;;;;7;0;8;0;1;;;;9;16
60057;Posta Fibreno;60;0;7;2;0;;;;9;0;10;0;0;;;;10;19
60057;Posta Fibreno;61;1;7;1;0;;;;9;0;6;1;1;;;;8;17
60057;Posta Fibreno;62;0;7;2;0;;;;9;1;8;0;0;;;;9;18
60057;Posta Fibreno;63;2;9;0;0;;;;11;0;4;0;0;;;;4;15
60057;Posta Fibreno;64;0;2;1;0;;;;3;1;7;0;2;;;;10;13
60057;Posta Fibreno;65;0;5;0;1;;;;6;1;8;1;1;;;;11;17
60057;Posta Fibreno;66;0;4;0;0;;;;4;0;8;0;1;;;;9;13
60057;Posta Fibreno;67;1;3;0;0;;;;4;1;4;0;0;;;;5;9
60057;Posta Fibreno;68;0;7;0;1;;;;8;0;5;0;1;;;;6;14
60057;Posta Fibreno;69;0;6;2;0;;;;8;0;7;0;0;;;;7;15
60057;Posta Fibreno;70;0;8;0;0;;;;8;0;10;1;1;;;;12;20
60057;Posta Fibreno;71;0;4;0;0;;;;4;0;5;1;2;;;;8;12
60057;Posta Fibreno;72;0;7;0;0;;;;7;0;5;1;3;;;;9;16
60057;Posta Fibreno;73;0;7;0;1;;;;8;0;1;0;3;;;;4;12
60057;Posta Fibreno;74;0;7;1;0;;;;8;0;3;1;3;;;;7;15
60057;Posta Fibreno;75;0;3;0;0;;;;3;1;8;0;2;;;;11;14
60057;Posta Fibreno;76;0;5;1;2;;;;8;0;5;1;5;;;;11;19
60057;Posta Fibreno;77;1;8;0;1;;;;10;0;7;1;7;;;;15;25
60057;Posta Fibreno;78;0;9;0;0;;;;9;0;3;0;9;;;;12;21
60057;Posta Fibreno;79;0;3;0;2;;;;5;0;2;0;4;;;;6;11
60057;Posta Fibreno;80;1;3;0;0;;;;4;0;3;0;2;;;;5;9
60057;Posta Fibreno;81;0;7;0;0;;;;7;0;3;0;6;;;;9;16
60057;Posta Fibreno;82;0;3;0;1;;;;4;0;2;0;1;;;;3;7
60057;Posta Fibreno;83;0;3;0;0;;;;3;1;1;0;6;;;;8;11
60057;Posta Fibreno;84;0;6;0;1;;;;7;1;1;0;4;;;;6;13
60057;Posta Fibreno;85;1;3;0;1;;;;5;1;0;0;7;;;;8;13
60057;Posta Fibreno;86;0;0;0;1;;;;1;1;0;0;5;;;;6;7
60057;Posta Fibreno;87;1;2;0;0;;;;3;0;0;0;6;;;;6;9
60057;Posta Fibreno;88;0;1;0;2;;;;3;0;1;0;2;;;;3;6
60057;Posta Fibreno;89;0;2;0;0;;;;2;0;0;0;2;;;;2;4
60057;Posta Fibreno;90;0;0;0;0;;;;0;0;0;0;1;;;;1;1
60057;Posta Fibreno;91;0;1;0;0;;;;1;0;1;0;2;;;;3;4
60057;Posta Fibreno;92;0;2;0;1;;;;3;0;1;0;3;;;;4;7
60057;Posta Fibreno;93;0;0;0;0;;;;0;0;0;0;1;;;;1;1
60057;Posta Fibreno;94;0;1;0;1;;;;2;2;0;0;3;;;;5;7
60057;Posta Fibreno;95;0;0;0;0;;;;0;0;0;0;0;;;;0;0
60057;Posta Fibreno;96;0;0;0;0;;;;0;0;0;0;0;;;;0;0
60057;Posta Fibreno;97;0;0;0;0;;;;0;0;0;0;0;;;;0;0
60057;Posta Fibreno;98;0;0;0;0;;;;0;0;0;0;1;;;;1;1
60057;Posta Fibreno;99;0;0;0;0;;;;0;0;0;0;0;;;;0;0
60057;Posta Fibreno;100;0;0;0;0;;;;0;0;0;0;0;;;;0;0
60057;Posta Fibreno;999;224;248;18;18;;;;508;148;257;16;100;;;;521;1029
60058;Ripi;0;13;0;0;0;;;;13;16;0;0;0;;;;16;29
60058;Ripi;1;16;0;0;0;;;;16;17;0;0;0;;;;17;33
60058;Ripi;2;15;0;0;0;;;;15;6;0;0;0;;;;6;21
60058;Ripi;3;16;0;0;0;;;;16;13;0;0;0;;;;13;29
60058;Ripi;4;21;0;0;0;;;;21;16;0;0;0;;;;16;37
60058;Ripi;5;20;0;0;0;;;;20;17;0;0;0;;;;17;37
60058;Ripi;6;20;0;0;0;;;;20;17;0;0;0;;;;17;37
60058;Ripi;7;12;0;0;0;;;;12;32;0;0;0;;;;32;44
60058;Ripi;8;26;0;0;0;;;;26;12;0;0;0;;;;12;38
60058;Ripi;9;22;0;0;0;;;;22;22;0;0;0;;;;22;44
60058;Ripi;10;24;0;0;0;;;;24;21;0;0;0;;;;21;45
60058;Ripi;11;14;0;0;0;;;;14;25;0;0;0;;;;25;39
60058;Ripi;12;33;0;0;0;;;;33;18;0;0;0;;;;18;51
60058;Ripi;13;13;0;0;0;;;;13;23;0;0;0;;;;23;36
60058;Ripi;14;29;0;0;0;;;;29;25;0;0;0;;;;25;54
60058;Ripi;15;13;0;0;0;;;;13;25;0;0;0;;;;25;38
60058;Ripi;16;28;0;0;0;;;;28;27;0;0;0;;;;27;55
60058;Ripi;17;27;0;0;0;;;;27;24;0;0;0;;;;24;51
60058;Ripi;18;34;0;0;0;;;;34;25;0;0;0;;;;25;59
60058;Ripi;19;22;0;0;0;;;;22;23;0;0;0;;;;23;45
60058;Ripi;20;34;0;0;0;;;;34;21;0;0;0;;;;21;55
60058;Ripi;21;27;0;0;0;;;;27;23;0;0;0;;;;23;50
60058;Ripi;22;23;0;0;0;;;;23;31;0;0;0;;;;31;54
60058;Ripi;23;25;0;0;0;;;;25;19;2;0;0;;;;21;46
60058;Ripi;24;29;0;0;0;;;;29;22;0;0;0;;;;22;51
60058;Ripi;25;29;0;0;0;;;;29;26;1;0;0;;;;27;56
60058;Ripi;26;20;0;0;0;;;;20;18;1;0;0;;;;19;39
60058;Ripi;27;34;2;0;0;;;;36;14;2;0;0;;;;16;52
60058;Ripi;28;21;1;0;0;;;;22;19;7;0;0;;;;26;48
60058;Ripi;29;25;2;0;0;;;;27;31;11;0;0;;;;42;69
60058;Ripi;30;25;0;0;0;;;;25;20;11;0;0;;;;31;56
60058;Ripi;31;35;3;0;0;;;;38;12;5;0;0;;;;17;55
60058;Ripi;32;21;8;0;0;;;;29;18;9;0;0;;;;27;56
60058;Ripi;33;27;9;0;0;;;;36;24;11;0;0;;;;35;71
60058;Ripi;34;17;7;0;0;;;;24;15;7;0;0;;;;22;46
60058;Ripi;35;21;8;0;0;;;;29;15;12;1;0;;;;28;57
60058;Ripi;36;8;15;0;0;;;;23;5;12;0;0;;;;17;40
60058;Ripi;37;23;10;0;0;;;;33;13;12;1;0;;;;26;59
60058;Ripi;38;19;14;0;0;;;;33;13;12;1;0;;;;26;59
60058;Ripi;39;11;9;0;0;;;;20;12;24;1;1;;;;38;58
60058;Ripi;40;15;13;0;0;;;;28;8;24;1;2;;;;35;63
60058;Ripi;41;8;20;2;1;;;;31;4;18;1;0;;;;23;54
60058;Ripi;42;12;20;1;0;;;;33;6;23;3;0;;;;32;65
60058;Ripi;43;12;20;1;0;;;;33;5;23;0;0;;;;28;61
60058;Ripi;44;11;19;2;0;;;;32;5;25;3;0;;;;33;65
60058;Ripi;45;14;15;0;0;;;;29;7;21;0;0;;;;28;57
60058;Ripi;46;11;18;1;0;;;;30;10;15;3;0;;;;28;58
60058;Ripi;47;8;22;3;0;;;;33;3;21;1;1;;;;26;59
60058;Ripi;48;5;30;1;0;;;;36;3;35;1;0;;;;39;75
60058;Ripi;49;5;32;0;0;;;;37;4;31;2;1;;;;38;75
60058;Ripi;50;22;14;2;0;;;;38;3;35;2;0;;;;40;78
60058;Ripi;51;17;24;1;0;;;;42;3;30;1;1;;;;35;77
60058;Ripi;52;10;31;1;0;;;;42;2;32;1;1;;;;36;78
60058;Ripi;53;7;34;1;0;;;;42;3;31;1;1;;;;36;78
60058;Ripi;54;9;35;0;0;;;;44;3;29;2;1;;;;35;79
60058;Ripi;55;2;20;0;0;;;;22;3;34;2;0;;;;39;61
60058;Ripi;56;6;44;1;0;;;;51;2;31;3;0;;;;36;87
60058;Ripi;57;5;31;2;3;;;;41;1;28;2;5;;;;36;77
60058;Ripi;58;6;30;0;0;;;;36;2;33;0;0;;;;35;71
60058;Ripi;59;3;30;1;0;;;;34;3;35;2;4;;;;44;78
60058;Ripi;60;4;33;1;0;;;;38;2;38;2;2;;;;44;82
60058;Ripi;61;6;28;2;1;;;;37;2;30;1;3;;;;36;73
60058;Ripi;62;5;32;4;1;;;;42;3;33;2;1;;;;39;81
60058;Ripi;63;1;22;2;0;;;;25;1;25;0;2;;;;28;53
60058;Ripi;64;2;31;0;1;;;;34;1;28;0;7;;;;36;70
60058;Ripi;65;1;36;0;2;;;;39;1;33;2;7;;;;43;82
60058;Ripi;66;8;23;0;0;;;;31;2;22;0;2;;;;26;57
60058;Ripi;67;4;23;1;0;;;;28;1;26;0;6;;;;33;61
60058;Ripi;68;4;32;2;1;;;;39;2;37;1;8;;;;48;87
60058;Ripi;69;1;34;0;1;;;;36;1;32;0;3;;;;36;72
60058;Ripi;70;3;26;0;2;;;;31;2;23;1;5;;;;31;62
60058;Ripi;71;2;28;0;2;;;;32;0;16;1;14;;;;31;63
60058;Ripi;72;1;23;0;2;;;;26;0;19;2;11;;;;32;58
60058;Ripi;73;3;30;1;1;;;;35;2;18;0;11;;;;31;66
60058;Ripi;74;2;22;1;1;;;;26;2;19;1;4;;;;26;52
60058;Ripi;75;0;18;0;4;;;;22;0;22;0;11;;;;33;55
60058;Ripi;76;3;24;1;2;;;;30;2;25;0;12;;;;39;69
60058;Ripi;77;1;23;0;2;;;;26;0;18;1;16;;;;35;61
60058;Ripi;78;2;21;0;2;;;;25;1;12;2;14;;;;29;54
60058;Ripi;79;0;26;1;2;;;;29;0;10;0;14;;;;24;53
60058;Ripi;80;1;6;0;2;;;;9;1;10;0;14;;;;25;34
60058;Ripi;81;0;20;1;1;;;;22;0;7;0;8;;;;15;37
60058;Ripi;82;1;15;0;1;;;;17;1;9;0;9;;;;19;36
60058;Ripi;83;0;15;0;1;;;;16;1;3;0;13;;;;17;33
60058;Ripi;84;2;18;0;5;;;;25;1;6;0;16;;;;23;48
60058;Ripi;85;0;14;1;2;;;;17;1;8;0;17;;;;26;43
60058;Ripi;86;1;5;0;4;;;;10;1;6;0;12;;;;19;29
60058;Ripi;87;1;13;0;2;;;;16;0;3;0;8;;;;11;27
60058;Ripi;88;0;4;1;7;;;;12;1;4;0;18;;;;23;35
60058;Ripi;89;0;5;0;0;;;;5;1;3;0;13;;;;17;22
60058;Ripi;90;0;6;0;2;;;;8;0;4;0;8;;;;12;20
60058;Ripi;91;0;0;0;2;;;;2;1;1;0;7;;;;9;11
60058;Ripi;92;1;2;0;2;;;;5;0;1;0;7;;;;8;13
60058;Ripi;93;0;2;0;3;;;;5;1;0;1;3;;;;5;10
60058;Ripi;94;0;2;0;4;;;;6;0;0;0;3;;;;3;9
60058;Ripi;95;0;1;0;1;;;;2;0;0;0;2;;;;2;4
60058;Ripi;96;0;0;0;1;;;;1;0;0;0;4;;;;4;5
60058;Ripi;97;0;0;0;0;;;;0;0;1;0;2;;;;3;3
60058;Ripi;98;0;0;0;0;;;;0;1;0;0;1;;;;2;2
60058;Ripi;99;0;0;0;0;;;;0;0;0;0;0;;;;0;0
60058;Ripi;100;0;0;0;0;;;;0;0;0;0;0;;;;0;0
60058;Ripi;999;1140;1253;39;71;;;;2503;891;1245;52;336;;;;2524;5027
60059;Rocca d'Arce;0;3;0;0;0;;;;3;1;0;0;0;;;;1;4
60059;Rocca d'Arce;1;3;0;0;0;;;;3;1;0;0;0;;;;1;4
60059;Rocca d'Arce;2;1;0;0;0;;;;1;1;0;0;0;;;;1;2
60059;Rocca d'Arce;3;7;0;0;0;;;;7;3;0;0;0;;;;3;10
60059;Rocca d'Arce;4;2;0;0;0;;;;2;3;0;0;0;;;;3;5
60059;Rocca d'Arce;5;1;0;0;0;;;;1;2;0;0;0;;;;2;3
60059;Rocca d'Arce;6;3;0;0;0;;;;3;2;0;0;0;;;;2;5
60059;Rocca d'Arce;7;2;0;0;0;;;;2;1;0;0;0;;;;1;3
60059;Rocca d'Arce;8;2;0;0;0;;;;2;2;0;0;0;;;;2;4
60059;Rocca d'Arce;9;3;0;0;0;;;;3;4;0;0;0;;;;4;7
60059;Rocca d'Arce;10;3;0;0;0;;;;3;2;0;0;0;;;;2;5
60059;Rocca d'Arce;11;4;0;0;0;;;;4;1;0;0;0;;;;1;5
60059;Rocca d'Arce;12;3;0;0;0;;;;3;2;0;0;0;;;;2;5
60059;Rocca d'Arce;13;3;0;0;0;;;;3;4;0;0;0;;;;4;7
60059;Rocca d'Arce;14;4;0;0;0;;;;4;4;0;0;0;;;;4;8
60059;Rocca d'Arce;15;4;0;0;0;;;;4;2;0;0;0;;;;2;6
60059;Rocca d'Arce;16;5;0;0;0;;;;5;4;0;0;0;;;;4;9
60059;Rocca d'Arce;17;3;0;0;0;;;;3;6;0;0;0;;;;6;9
60059;Rocca d'Arce;18;5;0;0;0;;;;5;2;0;0;0;;;;2;7
60059;Rocca d'Arce;19;2;0;0;0;;;;2;2;0;0;0;;;;2;4
60059;Rocca d'Arce;20;1;0;0;0;;;;1;2;0;0;0;;;;2;3
60059;Rocca d'Arce;21;2;0;0;0;;;;2;0;0;0;0;;;;0;2
60059;Rocca d'Arce;22;5;0;0;0;;;;5;2;0;0;0;;;;2;7
60059;Rocca d'Arce;23;5;0;0;0;;;;5;1;0;0;0;;;;1;6
60059;Rocca d'Arce;24;1;0;0;0;;;;1;3;0;0;0;;;;3;4
60059;Rocca d'Arce;25;2;0;0;0;;;;2;1;0;0;0;;;;1;3
60059;Rocca d'Arce;26;3;0;0;0;;;;3;3;0;0;0;;;;3;6
60059;Rocca d'Arce;27;2;0;0;0;;;;2;2;1;0;0;;;;3;5
60059;Rocca d'Arce;28;4;0;0;0;;;;4;0;0;0;0;;;;0;4
60059;Rocca d'Arce;29;2;0;0;0;;;;2;2;0;0;0;;;;2;4
60059;Rocca d'Arce;30;3;0;0;0;;;;3;3;0;0;0;;;;3;6
60059;Rocca d'Arce;31;2;1;0;0;;;;3;5;0;0;0;;;;5;8
60059;Rocca d'Arce;32;2;1;0;0;;;;3;2;0;0;0;;;;2;5
60059;Rocca d'Arce;33;5;1;0;0;;;;6;3;2;0;0;;;;5;11
60059;Rocca d'Arce;34;7;1;0;0;;;;8;3;2;0;0;;;;5;13
60059;Rocca d'Arce;35;2;0;0;0;;;;2;2;3;0;0;;;;5;7
60059;Rocca d'Arce;36;6;0;0;0;;;;6;4;5;1;0;;;;10;16
60059;Rocca d'Arce;37;4;4;0;0;;;;8;2;3;0;0;;;;5;13
60059;Rocca d'Arce;38;4;2;0;0;;;;6;0;2;0;0;;;;2;8
60059;Rocca d'Arce;39;5;0;1;0;;;;6;1;0;0;0;;;;1;7
60059;Rocca d'Arce;40;8;0;0;0;;;;8;0;4;0;0;;;;4;12
60059;Rocca d'Arce;41;1;3;0;0;;;;4;0;3;0;0;;;;3;7
60059;Rocca d'Arce;42;2;4;0;0;;;;6;1;5;0;0;;;;6;12
60059;Rocca d'Arce;43;1;0;2;0;;;;3;3;7;0;0;;;;10;13
60059;Rocca d'Arce;44;4;4;0;0;;;;8;2;3;0;0;;;;5;13
60059;Rocca d'Arce;45;3;2;0;0;;;;5;1;3;0;0;;;;4;9
60059;Rocca d'Arce;46;5;5;0;0;;;;10;1;3;0;0;;;;4;14
60059;Rocca d'Arce;47;0;0;0;0;;;;0;0;6;0;0;;;;6;6
60059;Rocca d'Arce;48;4;4;0;0;;;;8;2;1;0;0;;;;3;11
60059;Rocca d'Arce;49;1;7;0;0;;;;8;1;4;0;0;;;;5;13
60059;Rocca d'Arce;50;2;4;0;0;;;;6;1;3;0;0;;;;4;10
60059;Rocca d'Arce;51;2;3;0;0;;;;5;2;2;0;0;;;;4;9
60059;Rocca d'Arce;52;2;1;0;0;;;;3;1;5;0;0;;;;6;9
60059;Rocca d'Arce;53;4;4;0;0;;;;8;3;3;0;0;;;;6;14
60059;Rocca d'Arce;54;0;6;0;0;;;;6;2;1;0;1;;;;4;10
60059;Rocca d'Arce;55;2;4;0;0;;;;6;0;3;1;0;;;;4;10
60059;Rocca d'Arce;56;0;7;1;0;;;;8;2;8;0;1;;;;11;19
60059;Rocca d'Arce;57;3;3;0;0;;;;6;2;5;0;0;;;;7;13
60059;Rocca d'Arce;58;0;4;1;0;;;;5;1;9;0;0;;;;10;15
60059;Rocca d'Arce;59;2;7;0;0;;;;9;0;4;1;0;;;;5;14
60059;Rocca d'Arce;60;0;7;0;0;;;;7;1;6;1;0;;;;8;15
60059;Rocca d'Arce;61;1;2;1;1;;;;5;0;7;0;1;;;;8;13
60059;Rocca d'Arce;62;0;6;0;0;;;;6;2;10;0;1;;;;13;19
60059;Rocca d'Arce;63;0;9;0;0;;;;9;0;8;0;0;;;;8;17
60059;Rocca d'Arce;64;1;1;0;0;;;;2;0;10;1;1;;;;12;14
60059;Rocca d'Arce;65;0;6;0;0;;;;6;0;3;1;1;;;;5;11
60059;Rocca d'Arce;66;0;5;1;0;;;;6;0;7;0;2;;;;9;15
60059;Rocca d'Arce;67;0;7;0;0;;;;7;0;4;0;1;;;;5;12
60059;Rocca d'Arce;68;0;6;1;1;;;;8;0;6;0;2;;;;8;16
60059;Rocca d'Arce;69;1;13;0;1;;;;15;0;6;0;1;;;;7;22
60059;Rocca d'Arce;70;1;6;1;1;;;;9;0;3;0;2;;;;5;14
60059;Rocca d'Arce;71;0;4;0;0;;;;4;0;2;0;0;;;;2;6
60059;Rocca d'Arce;72;1;5;0;0;;;;6;0;5;0;2;;;;7;13
60059;Rocca d'Arce;73;1;7;0;0;;;;8;0;4;0;1;;;;5;13
60059;Rocca d'Arce;74;0;7;0;0;;;;7;0;2;0;0;;;;2;9
60059;Rocca d'Arce;75;1;5;0;1;;;;7;0;2;1;2;;;;5;12
60059;Rocca d'Arce;76;0;4;0;1;;;;5;0;4;0;3;;;;7;12
60059;Rocca d'Arce;77;2;3;0;2;;;;7;1;4;0;6;;;;11;18
60059;Rocca d'Arce;78;0;3;0;0;;;;3;0;4;0;0;;;;4;7
60059;Rocca d'Arce;79;0;3;0;0;;;;3;0;2;0;1;;;;3;6
60059;Rocca d'Arce;80;1;2;0;0;;;;3;1;4;0;2;;;;7;10
60059;Rocca d'Arce;81;0;2;0;0;;;;2;1;0;0;6;;;;7;9
60059;Rocca d'Arce;82;0;4;0;0;;;;4;0;1;0;3;;;;4;8
60059;Rocca d'Arce;83;0;2;0;0;;;;2;0;1;0;2;;;;3;5
60059;Rocca d'Arce;84;0;2;0;1;;;;3;1;2;0;1;;;;4;7
60059;Rocca d'Arce;85;0;1;0;0;;;;1;0;0;0;3;;;;3;4
60059;Rocca d'Arce;86;0;0;0;2;;;;2;1;2;0;2;;;;5;7
60059;Rocca d'Arce;87;0;3;0;2;;;;5;0;3;0;3;;;;6;11
60059;Rocca d'Arce;88;0;1;0;0;;;;1;0;1;0;3;;;;4;5
60059;Rocca d'Arce;89;1;1;0;0;;;;2;0;0;0;3;;;;3;5
60059;Rocca d'Arce;90;0;2;0;0;;;;2;0;0;0;4;;;;4;6
60059;Rocca d'Arce;91;0;2;0;0;;;;2;0;1;0;3;;;;4;6
60059;Rocca d'Arce;92;0;0;0;0;;;;0;0;0;0;3;;;;3;3
60059;Rocca d'Arce;93;0;1;0;1;;;;2;0;0;0;2;;;;2;4
60059;Rocca d'Arce;94;0;0;0;0;;;;0;0;1;0;1;;;;2;2
60059;Rocca d'Arce;95;0;0;0;0;;;;0;1;0;0;1;;;;2;2
60059;Rocca d'Arce;96;0;0;0;0;;;;0;0;0;0;0;;;;0;0
60059;Rocca d'Arce;97;0;0;0;0;;;;0;0;0;0;0;;;;0;0
60059;Rocca d'Arce;98;0;0;0;0;;;;0;0;0;0;1;;;;1;1
60059;Rocca d'Arce;99;0;0;0;0;;;;0;0;0;0;0;;;;0;0
60059;Rocca d'Arce;100;0;0;0;0;;;;0;0;0;0;0;;;;0;0
60059;Rocca d'Arce;999;187;214;9;14;;;;424;124;215;7;72;;;;418;842
60060;Roccasecca;0;16;0;0;0;;;;16;22;0;0;0;;;;22;38
60060;Roccasecca;1;16;0;0;0;;;;16;14;0;0;0;;;;14;30
60060;Roccasecca;2;22;0;0;0;;;;22;20;0;0;0;;;;20;42
60060;Roccasecca;3;18;0;0;0;;;;18;27;0;0;0;;;;27;45
60060;Roccasecca;4;21;0;0;0;;;;21;21;0;0;0;;;;21;42
60060;Roccasecca;5;26;0;0;0;;;;26;14;0;0;0;;;;14;40
60060;Roccasecca;6;30;0;0;0;;;;30;22;0;0;0;;;;22;52
60060;Roccasecca;7;25;0;0;0;;;;25;29;0;0;0;;;;29;54
60060;Roccasecca;8;25;0;0;0;;;;25;30;0;0;0;;;;30;55
60060;Roccasecca;9;26;0;0;0;;;;26;22;0;0;0;;;;22;48
60060;Roccasecca;10;24;0;0;0;;;;24;25;0;0;0;;;;25;49
60060;Roccasecca;11;42;0;0;0;;;;42;24;0;0;0;;;;24;66
60060;Roccasecca;12;28;0;0;0;;;;28;26;0;0;0;;;;26;54
60060;Roccasecca;13;18;0;0;0;;;;18;20;0;0;0;;;;20;38
60060;Roccasecca;14;42;0;0;0;;;;42;24;0;0;0;;;;24;66
60060;Roccasecca;15;42;0;0;0;;;;42;27;0;0;0;;;;27;69
60060;Roccasecca;16;36;0;0;0;;;;36;20;0;0;0;;;;20;56
60060;Roccasecca;17;33;0;0;0;;;;33;31;0;0;0;;;;31;64
60060;Roccasecca;18;32;0;0;0;;;;32;32;0;0;0;;;;32;64
60060;Roccasecca;19;26;0;0;0;;;;26;29;0;0;0;;;;29;55
60060;Roccasecca;20;32;0;0;0;;;;32;34;0;0;0;;;;34;66
60060;Roccasecca;21;21;0;0;0;;;;21;31;1;0;0;;;;32;53
60060;Roccasecca;22;28;0;0;0;;;;28;25;0;0;0;;;;25;53
60060;Roccasecca;23;32;0;0;0;;;;32;25;1;0;0;;;;26;58
60060;Roccasecca;24;31;0;0;0;;;;31;25;1;0;0;;;;26;57
60060;Roccasecca;25;38;1;0;0;;;;39;27;1;0;0;;;;28;67
60060;Roccasecca;26;34;0;0;0;;;;34;19;2;0;0;;;;21;55
60060;Roccasecca;27;21;2;0;0;;;;23;21;2;0;0;;;;23;46
60060;Roccasecca;28;32;2;0;0;;;;34;20;6;0;0;;;;26;60
60060;Roccasecca;29;32;3;0;0;;;;35;26;6;0;0;;;;32;67
60060;Roccasecca;30;39;2;0;0;;;;41;19;13;0;0;;;;32;73
60060;Roccasecca;31;35;8;0;0;;;;43;23;10;0;0;;;;33;76
60060;Roccasecca;32;33;9;1;0;;;;43;25;16;1;0;;;;42;85
60060;Roccasecca;33;37;8;0;0;;;;45;13;21;0;0;;;;34;79
60060;Roccasecca;34;29;11;0;0;;;;40;25;15;0;0;;;;40;80
60060;Roccasecca;35;25;12;1;0;;;;38;15;19;0;0;;;;34;72
60060;Roccasecca;36;30;12;0;0;;;;42;8;19;0;0;;;;27;69
60060;Roccasecca;37;29;13;0;0;;;;42;15;23;4;0;;;;42;84
60060;Roccasecca;38;19;15;2;0;;;;36;18;22;1;0;;;;41;77
60060;Roccasecca;39;21;15;0;0;;;;36;11;25;1;0;;;;37;73
60060;Roccasecca;40;20;17;1;0;;;;38;11;27;1;0;;;;39;77
60060;Roccasecca;41;16;34;1;0;;;;51;7;18;1;0;;;;26;77
60060;Roccasecca;42;23;31;1;0;;;;55;5;33;3;0;;;;41;96
60060;Roccasecca;43;16;36;0;0;;;;52;6;37;3;1;;;;47;99
60060;Roccasecca;44;19;20;1;0;;;;40;15;27;4;1;;;;47;87
60060;Roccasecca;45;15;31;1;0;;;;47;12;27;2;1;;;;42;89
60060;Roccasecca;46;14;20;1;0;;;;35;12;29;1;0;;;;42;77
60060;Roccasecca;47;16;34;2;0;;;;52;11;33;2;3;;;;49;101
60060;Roccasecca;48;17;35;3;1;;;;56;6;30;1;0;;;;37;93
60060;Roccasecca;49;8;31;1;0;;;;40;11;40;3;0;;;;54;94
60060;Roccasecca;50;12;29;3;0;;;;44;9;29;4;2;;;;44;88
60060;Roccasecca;51;14;31;1;0;;;;46;8;44;0;0;;;;52;98
60060;Roccasecca;52;11;35;1;1;;;;48;13;35;3;1;;;;52;100
60060;Roccasecca;53;3;45;1;0;;;;49;14;43;4;1;;;;62;111
60060;Roccasecca;54;14;35;3;0;;;;52;4;37;2;1;;;;44;96
60060;Roccasecca;55;12;41;2;3;;;;58;7;42;6;3;;;;58;116
60060;Roccasecca;56;8;34;0;0;;;;42;4;51;0;2;;;;57;99
60060;Roccasecca;57;16;36;2;2;;;;56;5;52;4;2;;;;63;119
60060;Roccasecca;58;8;37;4;0;;;;49;6;36;1;3;;;;46;95
60060;Roccasecca;59;7;56;1;0;;;;64;6;52;3;2;;;;63;127
60060;Roccasecca;60;3;42;3;1;;;;49;9;52;2;3;;;;66;115
60060;Roccasecca;61;10;51;3;1;;;;65;2;41;3;6;;;;52;117
60060;Roccasecca;62;11;40;1;2;;;;54;7;40;2;10;;;;59;113
60060;Roccasecca;63;5;34;0;3;;;;42;4;51;0;4;;;;59;101
60060;Roccasecca;64;5;48;2;0;;;;55;0;46;1;6;;;;53;108
60060;Roccasecca;65;4;46;2;3;;;;55;4;42;0;2;;;;48;103
60060;Roccasecca;66;3;39;3;2;;;;47;4;39;1;11;;;;55;102
60060;Roccasecca;67;3;46;1;4;;;;54;8;41;1;7;;;;57;111
60060;Roccasecca;68;0;27;0;4;;;;31;4;32;2;7;;;;45;76
60060;Roccasecca;69;3;42;0;5;;;;50;3;36;1;14;;;;54;104
60060;Roccasecca;70;4;40;1;0;;;;45;4;31;1;9;;;;45;90
60060;Roccasecca;71;3;40;0;4;;;;47;4;36;1;8;;;;49;96
60060;Roccasecca;72;4;32;0;2;;;;38;5;27;0;10;;;;42;80
60060;Roccasecca;73;2;40;2;6;;;;50;3;42;1;9;;;;55;105
60060;Roccasecca;74;3;33;0;3;;;;39;1;33;1;19;;;;54;93
60060;Roccasecca;75;5;33;0;4;;;;42;3;30;1;13;;;;47;89
60060;Roccasecca;76;4;37;0;2;;;;43;1;22;0;13;;;;36;79
60060;Roccasecca;77;1;39;0;3;;;;43;1;13;2;17;;;;33;76
60060;Roccasecca;78;2;21;1;6;;;;30;2;23;1;13;;;;39;69
60060;Roccasecca;79;0;13;0;2;;;;15;1;16;1;13;;;;31;46
60060;Roccasecca;80;4;16;0;5;;;;25;1;18;0;10;;;;29;54
60060;Roccasecca;81;2;16;1;1;;;;20;1;10;2;14;;;;27;47
60060;Roccasecca;82;1;12;0;2;;;;15;4;9;0;16;;;;29;44
60060;Roccasecca;83;0;17;0;2;;;;19;0;9;0;9;;;;18;37
60060;Roccasecca;84;0;24;0;4;;;;28;2;10;0;7;;;;19;47
60060;Roccasecca;85;1;20;0;5;;;;26;0;9;0;22;;;;31;57
60060;Roccasecca;86;0;15;0;2;;;;17;1;7;0;22;;;;30;47
60060;Roccasecca;87;0;9;0;8;;;;17;1;11;0;17;;;;29;46
60060;Roccasecca;88;0;6;0;5;;;;11;0;5;0;7;;;;12;23
60060;Roccasecca;89;0;9;0;7;;;;16;1;4;0;16;;;;21;37
60060;Roccasecca;90;0;7;0;3;;;;10;2;4;0;9;;;;15;25
60060;Roccasecca;91;1;5;0;3;;;;9;1;0;0;8;;;;9;18
60060;Roccasecca;92;0;4;0;1;;;;5;2;2;0;6;;;;10;15
60060;Roccasecca;93;0;4;0;1;;;;5;0;3;0;3;;;;6;11
60060;Roccasecca;94;0;2;0;2;;;;4;0;1;0;2;;;;3;7
60060;Roccasecca;95;0;3;0;1;;;;4;0;0;0;4;;;;4;8
60060;Roccasecca;96;0;0;0;0;;;;0;0;1;0;2;;;;3;3
60060;Roccasecca;97;0;0;0;0;;;;0;1;0;0;3;;;;4;4
60060;Roccasecca;98;0;1;0;1;;;;2;0;1;0;3;;;;4;6
60060;Roccasecca;99;0;0;0;0;;;;0;0;1;0;0;;;;1;1
60060;Roccasecca;100;0;1;0;0;;;;1;0;1;0;1;;;;2;3
60060;Roccasecca;999;1499;1695;54;117;;;;3365;1163;1724;79;398;;;;3364;6729
60061;San Biagio Saracinisco;0;0;0;0;0;;;;0;3;0;0;0;;;;3;3
60061;San Biagio Saracinisco;1;1;0;0;0;;;;1;0;0;0;0;;;;0;1
60061;San Biagio Saracinisco;2;1;0;0;0;;;;1;2;0;0;0;;;;2;3
60061;San Biagio Saracinisco;3;0;0;0;0;;;;0;2;0;0;0;;;;2;2
60061;San Biagio Saracinisco;4;0;0;0;0;;;;0;1;0;0;0;;;;1;1
60061;San Biagio Saracinisco;5;2;0;0;0;;;;2;0;0;0;0;;;;0;2
60061;San Biagio Saracinisco;6;1;0;0;0;;;;1;0;0;0;0;;;;0;1
60061;San Biagio Saracinisco;7;0;0;0;0;;;;0;1;0;0;0;;;;1;1
60061;San Biagio Saracinisco;8;1;0;0;0;;;;1;0;0;0;0;;;;0;1
60061;San Biagio Saracinisco;9;0;0;0;0;;;;0;0;0;0;0;;;;0;0
60061;San Biagio Saracinisco;10;2;0;0;0;;;;2;1;0;0;0;;;;1;3
60061;San Biagio Saracinisco;11;1;0;0;0;;;;1;1;0;0;0;;;;1;2
60061;San Biagio Saracinisco;12;0;0;0;0;;;;0;2;0;0;0;;;;2;2
60061;San Biagio Saracinisco;13;1;0;0;0;;;;1;2;0;0;0;;;;2;3
60061;San Biagio Saracinisco;14;0;0;0;0;;;;0;0;0;0;0;;;;0;0
60061;San Biagio Saracinisco;15;1;0;0;0;;;;1;0;0;0;0;;;;0;1
60061;San Biagio Saracinisco;16;0;0;0;0;;;;0;0;0;0;0;;;;0;0
60061;San Biagio Saracinisco;17;1;0;0;0;;;;1;1;0;0;0;;;;1;2
60061;San Biagio Saracinisco;18;1;0;0;0;;;;1;1;0;0;0;;;;1;2
60061;San Biagio Saracinisco;19;0;0;0;0;;;;0;0;0;0;0;;;;0;0
60061;San Biagio Saracinisco;20;1;0;0;0;;;;1;2;0;0;0;;;;2;3
60061;San Biagio Saracinisco;21;0;0;0;0;;;;0;0;0;0;0;;;;0;0
60061;San Biagio Saracinisco;22;0;0;0;0;;;;0;1;0;0;0;;;;1;1
60061;San Biagio Saracinisco;23;2;0;0;0;;;;2;0;1;0;0;;;;1;3
60061;San Biagio Saracinisco;24;0;0;0;0;;;;0;1;0;0;0;;;;1;1
60061;San Biagio Saracinisco;25;3;0;0;0;;;;3;1;0;0;0;;;;1;4
60061;San Biagio Saracinisco;26;0;0;0;0;;;;0;3;0;0;0;;;;3;3
60061;San Biagio Saracinisco;27;0;0;0;0;;;;0;2;0;0;0;;;;2;2
60061;San Biagio Saracinisco;28;0;0;0;0;;;;0;2;0;0;0;;;;2;2
60061;San Biagio Saracinisco;29;0;0;0;0;;;;0;1;2;0;0;;;;3;3
60061;San Biagio Saracinisco;30;1;0;0;0;;;;1;0;0;0;0;;;;0;1
60061;San Biagio Saracinisco;31;3;0;0;0;;;;3;0;0;0;0;;;;0;3
60061;San Biagio Saracinisco;32;4;0;0;0;;;;4;2;1;0;0;;;;3;7
60061;San Biagio Saracinisco;33;3;0;0;0;;;;3;1;1;0;0;;;;2;5
60061;San Biagio Saracinisco;34;2;1;0;0;;;;3;1;2;0;0;;;;3;6
60061;San Biagio Saracinisco;35;0;2;0;0;;;;2;0;3;0;0;;;;3;5
60061;San Biagio Saracinisco;36;1;0;0;0;;;;1;1;1;0;0;;;;2;3
60061;San Biagio Saracinisco;37;2;0;0;0;;;;2;0;1;0;0;;;;1;3
60061;San Biagio Saracinisco;38;1;1;0;0;;;;2;0;1;0;0;;;;1;3
60061;San Biagio Saracinisco;39;1;0;0;0;;;;1;1;0;0;0;;;;1;2
60061;San Biagio Saracinisco;40;1;2;0;0;;;;3;0;0;0;0;;;;0;3
60061;San Biagio Saracinisco;41;3;0;0;0;;;;3;0;0;0;0;;;;0;3
60061;San Biagio Saracinisco;42;2;0;0;0;;;;2;0;0;0;0;;;;0;2
60061;San Biagio Saracinisco;43;1;3;0;0;;;;4;2;3;0;0;;;;5;9
60061;San Biagio Saracinisco;44;1;1;0;0;;;;2;2;1;0;0;;;;3;5
60061;San Biagio Saracinisco;45;2;1;0;0;;;;3;1;0;0;0;;;;1;4
60061;San Biagio Saracinisco;46;1;0;0;0;;;;1;1;2;0;0;;;;3;4
60061;San Biagio Saracinisco;47;0;2;0;0;;;;2;0;1;0;0;;;;1;3
60061;San Biagio Saracinisco;48;1;2;0;0;;;;3;0;0;0;0;;;;0;3
60061;San Biagio Saracinisco;49;0;1;0;0;;;;1;1;0;0;0;;;;1;2
60061;San Biagio Saracinisco;50;0;2;0;0;;;;2;0;0;1;0;;;;1;3
60061;San Biagio Saracinisco;51;0;2;0;0;;;;2;1;0;0;0;;;;1;3
60061;San Biagio Saracinisco;52;0;0;0;0;;;;0;1;1;0;0;;;;2;2
60061;San Biagio Saracinisco;53;2;1;0;0;;;;3;0;1;1;1;;;;3;6
60061;San Biagio Saracinisco;54;1;2;0;0;;;;3;0;2;0;0;;;;2;5
60061;San Biagio Saracinisco;55;2;2;0;0;;;;4;2;1;0;0;;;;3;7
60061;San Biagio Saracinisco;56;0;0;0;0;;;;0;0;1;0;0;;;;1;1
60061;San Biagio Saracinisco;57;1;3;1;0;;;;5;0;2;0;0;;;;2;7
60061;San Biagio Saracinisco;58;2;0;0;0;;;;2;0;0;0;0;;;;0;2
60061;San Biagio Saracinisco;59;0;2;1;0;;;;3;0;1;0;0;;;;1;4
60061;San Biagio Saracinisco;60;2;2;0;0;;;;4;0;4;1;1;;;;6;10
60061;San Biagio Saracinisco;61;1;3;0;0;;;;4;0;1;0;0;;;;1;5
60061;San Biagio Saracinisco;62;0;1;0;0;;;;1;0;3;0;0;;;;3;4
60061;San Biagio Saracinisco;63;1;1;0;0;;;;2;0;2;1;0;;;;3;5
60061;San Biagio Saracinisco;64;0;1;1;0;;;;2;1;2;0;0;;;;3;5
60061;San Biagio Saracinisco;65;1;1;0;0;;;;2;2;0;0;0;;;;2;4
60061;San Biagio Saracinisco;66;0;2;0;0;;;;2;0;0;0;0;;;;0;2
60061;San Biagio Saracinisco;67;0;3;0;1;;;;4;0;0;0;1;;;;1;5
60061;San Biagio Saracinisco;68;2;5;1;0;;;;8;0;1;1;0;;;;2;10
60061;San Biagio Saracinisco;69;2;1;0;0;;;;3;1;4;0;0;;;;5;8
60061;San Biagio Saracinisco;70;0;1;0;0;;;;1;0;2;0;1;;;;3;4
60061;San Biagio Saracinisco;71;0;1;0;0;;;;1;1;2;0;0;;;;3;4
60061;San Biagio Saracinisco;72;2;2;1;0;;;;5;0;0;0;0;;;;0;5
60061;San Biagio Saracinisco;73;0;0;0;0;;;;0;0;1;0;2;;;;3;3
60061;San Biagio Saracinisco;74;0;2;0;1;;;;3;0;2;0;0;;;;2;5
60061;San Biagio Saracinisco;75;1;2;0;0;;;;3;0;2;0;3;;;;5;8
60061;San Biagio Saracinisco;76;0;1;0;0;;;;1;1;0;0;0;;;;1;2
60061;San Biagio Saracinisco;77;0;4;0;0;;;;4;0;1;0;1;;;;2;6
60061;San Biagio Saracinisco;78;1;1;0;0;;;;2;0;1;0;2;;;;3;5
60061;San Biagio Saracinisco;79;0;0;0;0;;;;0;0;0;0;0;;;;0;0
60061;San Biagio Saracinisco;80;0;2;0;0;;;;2;0;1;0;2;;;;3;5
60061;San Biagio Saracinisco;81;0;1;0;0;;;;1;0;0;0;1;;;;1;2
60061;San Biagio Saracinisco;82;0;1;0;1;;;;2;0;1;0;1;;;;2;4
60061;San Biagio Saracinisco;83;0;0;0;0;;;;0;0;0;0;0;;;;0;0
60061;San Biagio Saracinisco;84;0;0;0;0;;;;0;0;0;0;3;;;;3;3
60061;San Biagio Saracinisco;85;0;1;0;1;;;;2;0;0;0;2;;;;2;4
60061;San Biagio Saracinisco;86;0;0;0;0;;;;0;0;1;0;0;;;;1;1
60061;San Biagio Saracinisco;87;0;0;0;0;;;;0;0;1;1;0;;;;2;2
60061;San Biagio Saracinisco;88;0;0;0;0;;;;0;0;0;0;1;;;;1;1
60061;San Biagio Saracinisco;89;0;1;0;0;;;;1;0;0;0;2;;;;2;3
60061;San Biagio Saracinisco;90;0;1;0;0;;;;1;0;0;0;0;;;;0;1
60061;San Biagio Saracinisco;91;0;0;0;0;;;;0;1;0;0;2;;;;3;3
60061;San Biagio Saracinisco;92;0;0;0;0;;;;0;0;0;0;0;;;;0;0
60061;San Biagio Saracinisco;93;0;0;0;0;;;;0;0;0;0;0;;;;0;0
60061;San Biagio Saracinisco;94;0;0;0;0;;;;0;0;0;0;0;;;;0;0
60061;San Biagio Saracinisco;95;0;0;0;0;;;;0;0;0;0;0;;;;0;0
60061;San Biagio Saracinisco;96;0;0;0;0;;;;0;0;0;0;0;;;;0;0
60061;San Biagio Saracinisco;97;0;0;0;0;;;;0;0;0;0;0;;;;0;0
60061;San Biagio Saracinisco;98;0;0;0;0;;;;0;0;0;0;1;;;;1;1
60061;San Biagio Saracinisco;99;0;0;0;0;;;;0;0;0;0;0;;;;0;0
60061;San Biagio Saracinisco;100;0;0;0;0;;;;0;0;0;0;0;;;;0;0
60061;San Biagio Saracinisco;999;70;71;5;4;;;;150;54;61;6;27;;;;148;298
60062;San Donato Val di Comino;0;8;0;0;0;;;;8;5;0;0;0;;;;5;13
60062;San Donato Val di Comino;1;7;0;0;0;;;;7;6;0;0;0;;;;6;13
60062;San Donato Val di Comino;2;7;0;0;0;;;;7;5;0;0;0;;;;5;12
60062;San Donato Val di Comino;3;1;0;0;0;;;;1;6;0;0;0;;;;6;7
60062;San Donato Val di Comino;4;4;0;0;0;;;;4;6;0;0;0;;;;6;10
60062;San Donato Val di Comino;5;8;0;0;0;;;;8;12;0;0;0;;;;12;20
60062;San Donato Val di Comino;6;5;0;0;0;;;;5;2;0;0;0;;;;2;7
60062;San Donato Val di Comino;7;9;0;0;0;;;;9;4;0;0;0;;;;4;13
60062;San Donato Val di Comino;8;9;0;0;0;;;;9;4;0;0;0;;;;4;13
60062;San Donato Val di Comino;9;3;0;0;0;;;;3;8;0;0;0;;;;8;11
60062;San Donato Val di Comino;10;5;0;0;0;;;;5;8;0;0;0;;;;8;13
60062;San Donato Val di Comino;11;4;0;0;0;;;;4;5;0;0;0;;;;5;9
60062;San Donato Val di Comino;12;2;0;0;0;;;;2;9;0;0;0;;;;9;11
60062;San Donato Val di Comino;13;12;0;0;0;;;;12;9;0;0;0;;;;9;21
60062;San Donato Val di Comino;14;9;0;0;0;;;;9;9;0;0;0;;;;9;18
60062;San Donato Val di Comino;15;8;0;0;0;;;;8;7;0;0;0;;;;7;15
60062;San Donato Val di Comino;16;7;0;0;0;;;;7;8;0;0;0;;;;8;15
60062;San Donato Val di Comino;17;7;0;0;0;;;;7;7;0;0;0;;;;7;14
60062;San Donato Val di Comino;18;7;0;0;0;;;;7;8;0;0;0;;;;8;15
60062;San Donato Val di Comino;19;8;0;0;0;;;;8;8;0;0;0;;;;8;16
60062;San Donato Val di Comino;20;7;0;0;0;;;;7;7;0;0;0;;;;7;14
60062;San Donato Val di Comino;21;11;0;0;0;;;;11;5;0;0;0;;;;5;16
60062;San Donato Val di Comino;22;8;0;0;0;;;;8;9;1;0;0;;;;10;18
60062;San Donato Val di Comino;23;11;0;0;0;;;;11;4;0;0;0;;;;4;15
60062;San Donato Val di Comino;24;7;0;0;0;;;;7;8;0;0;0;;;;8;15
60062;San Donato Val di Comino;25;3;0;0;0;;;;3;4;0;0;0;;;;4;7
60062;San Donato Val di Comino;26;10;0;0;0;;;;10;6;1;0;0;;;;7;17
60062;San Donato Val di Comino;27;4;1;0;0;;;;5;5;1;0;0;;;;6;11
60062;San Donato Val di Comino;28;5;0;0;0;;;;5;5;0;0;0;;;;5;10
60062;San Donato Val di Comino;29;6;1;0;0;;;;7;3;3;0;0;;;;6;13
60062;San Donato Val di Comino;30;11;0;0;0;;;;11;2;4;0;0;;;;6;17
60062;San Donato Val di Comino;31;7;1;0;0;;;;8;10;1;0;0;;;;11;19
60062;San Donato Val di Comino;32;7;2;0;0;;;;9;2;6;0;0;;;;8;17
60062;San Donato Val di Comino;33;4;2;0;0;;;;6;3;3;0;0;;;;6;12
60062;San Donato Val di Comino;34;10;3;0;0;;;;13;2;8;0;0;;;;10;23
60062;San Donato Val di Comino;35;9;2;0;0;;;;11;9;3;0;0;;;;12;23
60062;San Donato Val di Comino;36;4;3;1;0;;;;8;9;10;0;0;;;;19;27
60062;San Donato Val di Comino;37;3;4;1;0;;;;8;9;3;1;0;;;;13;21
60062;San Donato Val di Comino;38;8;6;0;0;;;;14;3;5;0;0;;;;8;22
60062;San Donato Val di Comino;39;4;3;0;0;;;;7;5;8;0;0;;;;13;20
60062;San Donato Val di Comino;40;3;7;0;0;;;;10;3;8;0;0;;;;11;21
60062;San Donato Val di Comino;41;8;8;0;0;;;;16;6;4;2;0;;;;12;28
60062;San Donato Val di Comino;42;9;4;1;0;;;;14;3;9;1;0;;;;13;27
60062;San Donato Val di Comino;43;5;3;2;0;;;;10;3;6;0;0;;;;9;19
60062;San Donato Val di Comino;44;2;4;0;0;;;;6;2;8;0;0;;;;10;16
60062;San Donato Val di Comino;45;2;4;0;0;;;;6;5;7;0;0;;;;12;18
60062;San Donato Val di Comino;46;9;8;0;0;;;;17;2;9;1;1;;;;13;30
60062;San Donato Val di Comino;47;2;6;0;0;;;;8;5;7;0;0;;;;12;20
60062;San Donato Val di Comino;48;1;7;0;0;;;;8;3;12;0;0;;;;15;23
60062;San Donato Val di Comino;49;5;8;0;0;;;;13;7;10;1;0;;;;18;31
60062;San Donato Val di Comino;50;7;10;1;0;;;;18;3;11;0;0;;;;14;32
60062;San Donato Val di Comino;51;1;11;0;0;;;;12;2;9;1;0;;;;12;24
60062;San Donato Val di Comino;52;5;10;1;0;;;;16;6;9;1;0;;;;16;32
60062;San Donato Val di Comino;53;1;3;1;0;;;;5;4;11;2;3;;;;20;25
60062;San Donato Val di Comino;54;2;6;1;0;;;;9;4;8;1;1;;;;14;23
60062;San Donato Val di Comino;55;6;8;0;0;;;;14;4;11;0;1;;;;16;30
60062;San Donato Val di Comino;56;6;16;0;0;;;;22;4;8;1;0;;;;13;35
60062;San Donato Val di Comino;57;5;7;1;0;;;;13;1;12;1;2;;;;16;29
60062;San Donato Val di Comino;58;6;11;2;0;;;;19;0;18;0;1;;;;19;38
60062;San Donato Val di Comino;59;5;13;2;0;;;;20;3;8;1;2;;;;14;34
60062;San Donato Val di Comino;60;2;13;0;0;;;;15;4;13;0;3;;;;20;35
60062;San Donato Val di Comino;61;2;12;2;0;;;;16;4;10;1;1;;;;16;32
60062;San Donato Val di Comino;62;1;8;2;0;;;;11;1;7;0;4;;;;12;23
60062;San Donato Val di Comino;63;3;11;0;0;;;;14;2;17;0;3;;;;22;36
60062;San Donato Val di Comino;64;3;15;2;0;;;;20;2;14;0;4;;;;20;40
60062;San Donato Val di Comino;65;2;12;1;2;;;;17;0;8;3;0;;;;11;28
60062;San Donato Val di Comino;66;3;13;0;1;;;;17;4;8;0;0;;;;12;29
60062;San Donato Val di Comino;67;3;11;0;1;;;;15;3;12;1;5;;;;21;36
60062;San Donato Val di Comino;68;2;14;0;2;;;;18;1;10;0;3;;;;14;32
60062;San Donato Val di Comino;69;2;15;1;2;;;;20;1;16;0;4;;;;21;41
60062;San Donato Val di Comino;70;1;14;0;1;;;;16;2;5;0;2;;;;9;25
60062;San Donato Val di Comino;71;0;6;0;1;;;;7;0;12;0;1;;;;13;20
60062;San Donato Val di Comino;72;0;15;0;0;;;;15;0;11;2;1;;;;14;29
60062;San Donato Val di Comino;73;0;10;0;3;;;;13;2;11;1;5;;;;19;32
60062;San Donato Val di Comino;74;1;4;2;0;;;;7;1;4;0;3;;;;8;15
60062;San Donato Val di Comino;75;0;11;1;0;;;;12;1;3;0;2;;;;6;18
60062;San Donato Val di Comino;76;2;13;0;0;;;;15;2;7;0;4;;;;13;28
60062;San Donato Val di Comino;77;2;16;1;0;;;;19;2;9;0;4;;;;15;34
60062;San Donato Val di Comino;78;0;4;1;1;;;;6;3;8;1;4;;;;16;22
60062;San Donato Val di Comino;79;1;2;0;1;;;;4;0;1;0;2;;;;3;7
60062;San Donato Val di Comino;80;0;7;0;0;;;;7;1;5;1;6;;;;13;20
60062;San Donato Val di Comino;81;0;3;0;0;;;;3;1;2;0;4;;;;7;10
60062;San Donato Val di Comino;82;0;5;0;0;;;;5;0;1;0;7;;;;8;13
60062;San Donato Val di Comino;83;0;5;0;1;;;;6;0;3;0;8;;;;11;17
60062;San Donato Val di Comino;84;0;3;0;0;;;;3;1;1;0;6;;;;8;11
60062;San Donato Val di Comino;85;1;6;0;0;;;;7;1;3;0;4;;;;8;15
60062;San Donato Val di Comino;86;1;4;0;1;;;;6;1;3;0;2;;;;6;12
60062;San Donato Val di Comino;87;0;1;0;1;;;;2;0;0;0;1;;;;1;3
60062;San Donato Val di Comino;88;0;5;0;0;;;;5;1;1;0;4;;;;6;11
60062;San Donato Val di Comino;89;0;2;0;2;;;;4;0;2;0;6;;;;8;12
60062;San Donato Val di Comino;90;0;1;0;1;;;;2;0;0;1;4;;;;5;7
60062;San Donato Val di Comino;91;0;0;0;1;;;;1;1;0;0;3;;;;4;5
60062;San Donato Val di Comino;92;0;1;0;1;;;;2;1;1;0;2;;;;4;6
60062;San Donato Val di Comino;93;0;0;0;1;;;;1;0;0;0;2;;;;2;3
60062;San Donato Val di Comino;94;0;1;0;0;;;;1;1;0;0;1;;;;2;3
60062;San Donato Val di Comino;95;0;0;0;1;;;;1;0;0;0;2;;;;2;3
60062;San Donato Val di Comino;96;0;0;0;0;;;;0;2;1;0;1;;;;4;4
60062;San Donato Val di Comino;97;0;0;0;1;;;;1;0;0;0;1;;;;1;2
60062;San Donato Val di Comino;98;0;0;0;0;;;;0;0;0;0;1;;;;1;1
60062;San Donato Val di Comino;99;0;0;0;1;;;;1;0;0;0;0;;;;0;1
60062;San Donato Val di Comino;100;0;0;0;0;;;;0;0;0;0;0;;;;0;0
60062;San Donato Val di Comino;999;391;445;27;27;;;;890;362;451;25;131;;;;969;1859
60063;San Giorgio a Liri;0;9;0;0;0;;;;9;9;0;0;0;;;;9;18
60063;San Giorgio a Liri;1;7;0;0;0;;;;7;8;0;0;0;;;;8;15
60063;San Giorgio a Liri;2;5;0;0;0;;;;5;12;0;0;0;;;;12;17
60063;San Giorgio a Liri;3;13;0;0;0;;;;13;7;0;0;0;;;;7;20
60063;San Giorgio a Liri;4;11;0;0;0;;;;11;14;0;0;0;;;;14;25
60063;San Giorgio a Liri;5;12;0;0;0;;;;12;11;0;0;0;;;;11;23
60063;San Giorgio a Liri;6;16;0;0;0;;;;16;12;0;0;0;;;;12;28
60063;San Giorgio a Liri;7;16;0;0;0;;;;16;18;0;0;0;;;;18;34
60063;San Giorgio a Liri;8;11;0;0;0;;;;11;11;0;0;0;;;;11;22
60063;San Giorgio a Liri;9;14;0;0;0;;;;14;15;0;0;0;;;;15;29
60063;San Giorgio a Liri;10;19;0;0;0;;;;19;15;0;0;0;;;;15;34
60063;San Giorgio a Liri;11;15;0;0;0;;;;15;13;0;0;0;;;;13;28
60063;San Giorgio a Liri;12;13;0;0;0;;;;13;18;0;0;0;;;;18;31
60063;San Giorgio a Liri;13;10;0;0;0;;;;10;10;0;0;0;;;;10;20
60063;San Giorgio a Liri;14;15;0;0;0;;;;15;18;0;0;0;;;;18;33
60063;San Giorgio a Liri;15;9;0;0;0;;;;9;15;0;0;0;;;;15;24
60063;San Giorgio a Liri;16;14;0;0;0;;;;14;18;0;0;0;;;;18;32
60063;San Giorgio a Liri;17;15;0;0;0;;;;15;18;0;0;0;;;;18;33
60063;San Giorgio a Liri;18;14;0;0;0;;;;14;8;0;0;0;;;;8;22
60063;San Giorgio a Liri;19;15;0;0;0;;;;15;15;0;0;0;;;;15;30
60063;San Giorgio a Liri;20;21;0;0;0;;;;21;10;0;0;0;;;;10;31
60063;San Giorgio a Liri;21;9;0;0;0;;;;9;16;0;0;0;;;;16;25
60063;San Giorgio a Liri;22;20;0;0;0;;;;20;17;0;0;0;;;;17;37
60063;San Giorgio a Liri;23;9;0;0;0;;;;9;8;0;0;0;;;;8;17
60063;San Giorgio a Liri;24;14;0;0;0;;;;14;13;0;0;0;;;;13;27
60063;San Giorgio a Liri;25;11;0;0;0;;;;11;15;1;0;0;;;;16;27
60063;San Giorgio a Liri;26;18;0;0;0;;;;18;9;3;0;0;;;;12;30
60063;San Giorgio a Liri;27;21;1;0;0;;;;22;13;1;0;0;;;;14;36
60063;San Giorgio a Liri;28;16;3;0;0;;;;19;8;5;1;0;;;;14;33
60063;San Giorgio a Liri;29;17;2;0;0;;;;19;5;3;0;0;;;;8;27
60063;San Giorgio a Liri;30;8;1;0;0;;;;9;11;1;0;0;;;;12;21
60063;San Giorgio a Liri;31;11;2;0;0;;;;13;10;4;0;0;;;;14;27
60063;San Giorgio a Liri;32;13;3;0;0;;;;16;12;4;0;0;;;;16;32
60063;San Giorgio a Liri;33;11;3;0;0;;;;14;8;6;0;0;;;;14;28
60063;San Giorgio a Liri;34;14;7;0;0;;;;21;10;4;0;0;;;;14;35
60063;San Giorgio a Liri;35;10;6;0;0;;;;16;9;5;0;0;;;;14;30
60063;San Giorgio a Liri;36;4;8;0;0;;;;12;4;10;0;0;;;;14;26
60063;San Giorgio a Liri;37;8;7;0;0;;;;15;10;7;0;0;;;;17;32
60063;San Giorgio a Liri;38;11;4;1;0;;;;16;3;9;1;0;;;;13;29
60063;San Giorgio a Liri;39;14;10;2;0;;;;26;5;10;2;0;;;;17;43
60063;San Giorgio a Liri;40;9;10;1;0;;;;20;5;19;0;0;;;;24;44
60063;San Giorgio a Liri;41;11;10;0;0;;;;21;4;17;0;0;;;;21;42
60063;San Giorgio a Liri;42;9;10;2;0;;;;21;5;5;1;0;;;;11;32
60063;San Giorgio a Liri;43;6;7;0;0;;;;13;7;17;0;0;;;;24;37
60063;San Giorgio a Liri;44;6;13;0;0;;;;19;3;17;1;3;;;;24;43
60063;San Giorgio a Liri;45;4;10;0;0;;;;14;3;17;1;1;;;;22;36
60063;San Giorgio a Liri;46;5;19;3;0;;;;27;9;13;2;1;;;;25;52
60063;San Giorgio a Liri;47;3;9;0;0;;;;12;3;16;3;0;;;;22;34
60063;San Giorgio a Liri;48;5;18;5;0;;;;28;6;11;2;0;;;;19;47
60063;San Giorgio a Liri;49;7;20;3;0;;;;30;3;23;0;0;;;;26;56
60063;San Giorgio a Liri;50;10;12;1;0;;;;23;1;15;4;1;;;;21;44
60063;San Giorgio a Liri;51;6;18;0;0;;;;24;3;20;3;0;;;;26;50
60063;San Giorgio a Liri;52;7;16;2;0;;;;25;1;17;0;1;;;;19;44
60063;San Giorgio a Liri;53;8;21;0;0;;;;29;3;24;1;1;;;;29;58
60063;San Giorgio a Liri;54;5;20;0;2;;;;27;1;18;2;0;;;;21;48
60063;San Giorgio a Liri;55;0;11;2;1;;;;14;1;13;4;0;;;;18;32
60063;San Giorgio a Liri;56;2;16;2;0;;;;20;3;15;0;1;;;;19;39
60063;San Giorgio a Liri;57;1;14;1;0;;;;16;2;15;0;2;;;;19;35
60063;San Giorgio a Liri;58;3;14;3;0;;;;20;1;16;5;2;;;;24;44
60063;San Giorgio a Liri;59;3;15;6;0;;;;24;3;21;2;3;;;;29;53
60063;San Giorgio a Liri;60;4;22;2;0;;;;28;1;20;0;3;;;;24;52
60063;San Giorgio a Liri;61;0;17;0;0;;;;17;1;16;2;2;;;;21;38
60063;San Giorgio a Liri;62;3;14;3;0;;;;20;2;20;3;1;;;;26;46
60063;San Giorgio a Liri;63;2;23;2;2;;;;29;0;17;1;1;;;;19;48
60063;San Giorgio a Liri;64;2;22;1;0;;;;25;1;16;1;1;;;;19;44
60063;San Giorgio a Liri;65;3;15;1;0;;;;19;0;13;0;1;;;;14;33
60063;San Giorgio a Liri;66;0;14;1;0;;;;15;1;21;3;1;;;;26;41
60063;San Giorgio a Liri;67;2;16;0;0;;;;18;1;14;0;4;;;;19;37
60063;San Giorgio a Liri;68;2;12;0;0;;;;14;1;14;1;4;;;;20;34
60063;San Giorgio a Liri;69;4;17;1;1;;;;23;1;14;0;5;;;;20;43
60063;San Giorgio a Liri;70;0;13;0;3;;;;16;2;12;1;3;;;;18;34
60063;San Giorgio a Liri;71;2;7;1;2;;;;12;1;11;0;9;;;;21;33
60063;San Giorgio a Liri;72;4;25;1;1;;;;31;0;6;0;6;;;;12;43
60063;San Giorgio a Liri;73;0;18;2;1;;;;21;0;12;1;7;;;;20;41
60063;San Giorgio a Liri;74;1;14;0;1;;;;16;3;7;2;6;;;;18;34
60063;San Giorgio a Liri;75;2;13;0;2;;;;17;0;13;0;8;;;;21;38
60063;San Giorgio a Liri;76;0;16;2;0;;;;18;0;7;1;9;;;;17;35
60063;San Giorgio a Liri;77;0;13;0;1;;;;14;0;9;1;6;;;;16;30
60063;San Giorgio a Liri;78;0;11;0;2;;;;13;1;10;0;7;;;;18;31
60063;San Giorgio a Liri;79;0;4;0;2;;;;6;0;4;0;4;;;;8;14
60063;San Giorgio a Liri;80;0;8;1;0;;;;9;0;5;0;9;;;;14;23
60063;San Giorgio a Liri;81;0;7;0;0;;;;7;0;2;0;5;;;;7;14
60063;San Giorgio a Liri;82;1;8;0;3;;;;12;0;3;0;4;;;;7;19
60063;San Giorgio a Liri;83;0;2;0;2;;;;4;1;6;0;7;;;;14;18
60063;San Giorgio a Liri;84;0;6;0;2;;;;8;0;5;0;3;;;;8;16
60063;San Giorgio a Liri;85;0;8;1;0;;;;9;0;0;0;10;;;;10;19
60063;San Giorgio a Liri;86;0;6;0;1;;;;7;0;3;0;6;;;;9;16
60063;San Giorgio a Liri;87;0;4;0;0;;;;4;0;1;0;6;;;;7;11
60063;San Giorgio a Liri;88;1;3;0;1;;;;5;0;2;0;7;;;;9;14
60063;San Giorgio a Liri;89;0;4;0;0;;;;4;0;1;0;7;;;;8;12
60063;San Giorgio a Liri;90;1;3;0;0;;;;4;0;1;0;6;;;;7;11
60063;San Giorgio a Liri;91;0;2;0;1;;;;3;0;1;0;4;;;;5;8
60063;San Giorgio a Liri;92;0;0;0;2;;;;2;0;1;0;2;;;;3;5
60063;San Giorgio a Liri;93;0;0;0;1;;;;1;0;1;0;6;;;;7;8
60063;San Giorgio a Liri;94;0;0;0;1;;;;1;2;0;0;2;;;;4;5
60063;San Giorgio a Liri;95;0;1;0;0;;;;1;0;0;0;3;;;;3;4
60063;San Giorgio a Liri;96;0;1;0;1;;;;2;0;0;0;5;;;;5;7
60063;San Giorgio a Liri;97;1;0;0;0;;;;1;0;0;0;1;;;;1;2
60063;San Giorgio a Liri;98;0;0;0;0;;;;0;1;0;0;0;;;;1;1
60063;San Giorgio a Liri;99;0;0;0;0;;;;0;0;0;0;1;;;;1;1
60063;San Giorgio a Liri;100;0;0;0;0;;;;0;0;0;0;0;;;;0;0
60063;San Giorgio a Liri;999;658;709;53;36;;;;1456;548;690;52;198;;;;1488;2944
60064;San Giovanni Incarico;0;11;0;0;0;;;;11;8;0;0;0;;;;8;19
60064;San Giovanni Incarico;1;10;0;0;0;;;;10;5;0;0;0;;;;5;15
60064;San Giovanni Incarico;2;9;0;0;0;;;;9;8;0;0;0;;;;8;17
60064;San Giovanni Incarico;3;5;0;0;0;;;;5;7;0;0;0;;;;7;12
60064;San Giovanni Incarico;4;11;0;0;0;;;;11;16;0;0;0;;;;16;27
60064;San Giovanni Incarico;5;3;0;0;0;;;;3;9;0;0;0;;;;9;12
60064;San Giovanni Incarico;6;17;0;0;0;;;;17;6;0;0;0;;;;6;23
60064;San Giovanni Incarico;7;11;0;0;0;;;;11;12;0;0;0;;;;12;23
60064;San Giovanni Incarico;8;8;0;0;0;;;;8;11;0;0;0;;;;11;19
60064;San Giovanni Incarico;9;14;0;0;0;;;;14;7;0;0;0;;;;7;21
60064;San Giovanni Incarico;10;14;0;0;0;;;;14;11;0;0;0;;;;11;25
60064;San Giovanni Incarico;11;17;0;0;0;;;;17;10;0;0;0;;;;10;27
60064;San Giovanni Incarico;12;11;0;0;0;;;;11;6;0;0;0;;;;6;17
60064;San Giovanni Incarico;13;10;0;0;0;;;;10;8;0;0;0;;;;8;18
60064;San Giovanni Incarico;14;11;0;0;0;;;;11;12;0;0;0;;;;12;23
60064;San Giovanni Incarico;15;5;0;0;0;;;;5;9;0;0;0;;;;9;14
60064;San Giovanni Incarico;16;10;0;0;0;;;;10;14;0;0;0;;;;14;24
60064;San Giovanni Incarico;17;10;0;0;0;;;;10;12;0;0;0;;;;12;22
60064;San Giovanni Incarico;18;13;0;0;0;;;;13;14;0;0;0;;;;14;27
60064;San Giovanni Incarico;19;17;0;0;0;;;;17;9;0;0;0;;;;9;26
60064;San Giovanni Incarico;20;14;0;0;1;;;;15;8;0;0;0;;;;8;23
60064;San Giovanni Incarico;21;14;0;0;0;;;;14;15;0;0;0;;;;15;29
60064;San Giovanni Incarico;22;9;0;0;0;;;;9;10;0;0;0;;;;10;19
60064;San Giovanni Incarico;23;14;0;0;0;;;;14;4;1;0;0;;;;5;19
60064;San Giovanni Incarico;24;14;0;0;0;;;;14;12;0;0;0;;;;12;26
60064;San Giovanni Incarico;25;14;0;0;0;;;;14;18;0;0;0;;;;18;32
60064;San Giovanni Incarico;26;17;1;0;0;;;;18;13;0;0;0;;;;13;31
60064;San Giovanni Incarico;27;7;0;0;0;;;;7;12;2;0;0;;;;14;21
60064;San Giovanni Incarico;28;18;1;0;0;;;;19;15;5;0;0;;;;20;39
60064;San Giovanni Incarico;29;22;2;0;0;;;;24;14;2;0;0;;;;16;40
60064;San Giovanni Incarico;30;16;1;0;0;;;;17;10;6;0;0;;;;16;33
60064;San Giovanni Incarico;31;17;2;0;0;;;;19;10;5;0;0;;;;15;34
60064;San Giovanni Incarico;32;12;3;0;0;;;;15;8;6;0;0;;;;14;29
60064;San Giovanni Incarico;33;13;5;0;0;;;;18;11;4;0;0;;;;15;33
60064;San Giovanni Incarico;34;5;4;0;0;;;;9;8;5;0;0;;;;13;22
60064;San Giovanni Incarico;35;6;7;0;1;;;;14;2;4;0;0;;;;6;20
60064;San Giovanni Incarico;36;19;5;0;0;;;;24;7;5;0;0;;;;12;36
60064;San Giovanni Incarico;37;10;2;0;0;;;;12;10;7;0;0;;;;17;29
60064;San Giovanni Incarico;38;9;6;0;0;;;;15;7;6;2;0;;;;15;30
60064;San Giovanni Incarico;39;8;3;1;0;;;;12;8;7;0;1;;;;16;28
60064;San Giovanni Incarico;40;13;6;0;0;;;;19;7;5;1;0;;;;13;32
60064;San Giovanni Incarico;41;10;13;0;0;;;;23;3;18;1;0;;;;22;45
60064;San Giovanni Incarico;42;13;10;0;0;;;;23;9;9;0;0;;;;18;41
60064;San Giovanni Incarico;43;7;5;0;0;;;;12;5;6;0;0;;;;11;23
60064;San Giovanni Incarico;44;11;11;0;1;;;;23;2;15;0;0;;;;17;40
60064;San Giovanni Incarico;45;9;17;0;0;;;;26;2;6;0;0;;;;8;34
60064;San Giovanni Incarico;46;8;10;0;0;;;;18;1;13;1;0;;;;15;33
60064;San Giovanni Incarico;47;10;14;0;0;;;;24;5;12;3;1;;;;21;45
60064;San Giovanni Incarico;48;13;13;0;0;;;;26;8;15;1;0;;;;24;50
60064;San Giovanni Incarico;49;11;8;0;0;;;;19;2;13;2;0;;;;17;36
60064;San Giovanni Incarico;50;5;15;1;0;;;;21;2;16;3;0;;;;21;42
60064;San Giovanni Incarico;51;5;16;1;0;;;;22;2;18;1;2;;;;23;45
60064;San Giovanni Incarico;52;10;14;0;0;;;;24;0;15;0;0;;;;15;39
60064;San Giovanni Incarico;53;2;7;1;0;;;;10;3;17;0;0;;;;20;30
60064;San Giovanni Incarico;54;7;19;0;0;;;;26;2;21;1;0;;;;24;50
60064;San Giovanni Incarico;55;4;16;1;0;;;;21;5;28;1;1;;;;35;56
60064;San Giovanni Incarico;56;8;13;0;0;;;;21;7;17;0;2;;;;26;47
60064;San Giovanni Incarico;57;8;22;2;0;;;;32;6;21;1;3;;;;31;63
60064;San Giovanni Incarico;58;4;19;1;1;;;;25;3;19;0;0;;;;22;47
60064;San Giovanni Incarico;59;1;23;0;0;;;;24;3;27;0;1;;;;31;55
60064;San Giovanni Incarico;60;2;21;0;1;;;;24;1;13;0;0;;;;14;38
60064;San Giovanni Incarico;61;4;15;0;1;;;;20;3;25;0;3;;;;31;51
60064;San Giovanni Incarico;62;2;19;1;0;;;;22;3;16;1;5;;;;25;47
60064;San Giovanni Incarico;63;0;22;0;0;;;;22;3;22;2;2;;;;29;51
60064;San Giovanni Incarico;64;5;24;1;0;;;;30;0;20;0;3;;;;23;53
60064;San Giovanni Incarico;65;3;18;1;1;;;;23;1;22;2;7;;;;32;55
60064;San Giovanni Incarico;66;2;25;1;0;;;;28;2;19;0;9;;;;30;58
60064;San Giovanni Incarico;67;0;18;2;0;;;;20;1;14;0;2;;;;17;37
60064;San Giovanni Incarico;68;3;13;0;0;;;;16;0;15;1;11;;;;27;43
60064;San Giovanni Incarico;69;1;19;0;0;;;;20;2;25;0;2;;;;29;49
60064;San Giovanni Incarico;70;2;18;1;0;;;;21;4;23;1;5;;;;33;54
60064;San Giovanni Incarico;71;0;18;2;1;;;;21;1;12;1;7;;;;21;42
60064;San Giovanni Incarico;72;3;21;0;2;;;;26;1;13;0;4;;;;18;44
60064;San Giovanni Incarico;73;0;19;1;1;;;;21;0;19;0;3;;;;22;43
60064;San Giovanni Incarico;74;1;19;2;1;;;;23;0;15;0;9;;;;24;47
60064;San Giovanni Incarico;75;1;17;2;1;;;;21;2;12;2;8;;;;24;45
60064;San Giovanni Incarico;76;1;17;0;4;;;;22;0;13;0;5;;;;18;40
60064;San Giovanni Incarico;77;1;17;0;0;;;;18;2;13;1;7;;;;23;41
60064;San Giovanni Incarico;78;1;10;0;1;;;;12;1;12;0;7;;;;20;32
60064;San Giovanni Incarico;79;0;11;0;0;;;;11;0;4;0;1;;;;5;16
60064;San Giovanni Incarico;80;0;12;0;1;;;;13;1;4;0;8;;;;13;26
60064;San Giovanni Incarico;81;0;11;0;0;;;;11;0;5;0;11;;;;16;27
60064;San Giovanni Incarico;82;0;14;0;2;;;;16;1;7;0;7;;;;15;31
60064;San Giovanni Incarico;83;1;5;0;1;;;;7;0;3;0;8;;;;11;18
60064;San Giovanni Incarico;84;0;7;0;2;;;;9;1;5;0;11;;;;17;26
60064;San Giovanni Incarico;85;0;4;0;2;;;;6;0;4;0;8;;;;12;18
60064;San Giovanni Incarico;86;0;5;1;2;;;;8;1;2;0;11;;;;14;22
60064;San Giovanni Incarico;87;1;5;0;2;;;;8;1;5;0;6;;;;12;20
60064;San Giovanni Incarico;88;1;8;0;2;;;;11;1;2;0;11;;;;14;25
60064;San Giovanni Incarico;89;0;2;0;2;;;;4;0;1;1;8;;;;10;14
60064;San Giovanni Incarico;90;0;3;0;1;;;;4;1;0;0;7;;;;8;12
60064;San Giovanni Incarico;91;0;4;0;1;;;;5;0;2;0;6;;;;8;13
60064;San Giovanni Incarico;92;0;4;0;0;;;;4;0;0;0;3;;;;3;7
60064;San Giovanni Incarico;93;0;0;0;2;;;;2;0;1;0;7;;;;8;10
60064;San Giovanni Incarico;94;0;0;0;0;;;;0;2;1;0;3;;;;6;6
60064;San Giovanni Incarico;95;0;0;0;0;;;;0;0;0;0;3;;;;3;3
60064;San Giovanni Incarico;96;0;1;0;0;;;;1;0;0;0;2;;;;2;3
60064;San Giovanni Incarico;97;1;1;0;1;;;;3;0;0;0;2;;;;2;5
60064;San Giovanni Incarico;98;0;0;0;0;;;;0;0;0;0;5;;;;5;5
60064;San Giovanni Incarico;99;0;0;0;0;;;;0;0;0;0;3;;;;3;3
60064;San Giovanni Incarico;100;0;0;0;0;;;;0;2;0;0;1;;;;3;3
60064;San Giovanni Incarico;999;670;760;23;39;;;;1492;511;745;30;242;;;;1528;3020
60065;Sant'Ambrogio sul Garigliano;0;3;0;0;0;;;;3;1;0;0;0;;;;1;4
60065;Sant'Ambrogio sul Garigliano;1;2;0;0;0;;;;2;3;0;0;0;;;;3;5
60065;Sant'Ambrogio sul Garigliano;2;4;0;0;0;;;;4;3;0;0;0;;;;3;7
60065;Sant'Ambrogio sul Garigliano;3;1;0;0;0;;;;1;4;0;0;0;;;;4;5
60065;Sant'Ambrogio sul Garigliano;4;1;0;0;0;;;;1;2;0;0;0;;;;2;3
60065;Sant'Ambrogio sul Garigliano;5;0;0;0;0;;;;0;3;0;0;0;;;;3;3
60065;Sant'Ambrogio sul Garigliano;6;4;0;0;0;;;;4;2;0;0;0;;;;2;6
60065;Sant'Ambrogio sul Garigliano;7;6;0;0;0;;;;6;3;0;0;0;;;;3;9
60065;Sant'Ambrogio sul Garigliano;8;0;0;0;0;;;;0;2;0;0;0;;;;2;2
60065;Sant'Ambrogio sul Garigliano;9;4;0;0;0;;;;4;3;0;0;0;;;;3;7
60065;Sant'Ambrogio sul Garigliano;10;2;0;0;0;;;;2;5;0;0;0;;;;5;7
60065;Sant'Ambrogio sul Garigliano;11;2;0;0;0;;;;2;2;0;0;0;;;;2;4
60065;Sant'Ambrogio sul Garigliano;12;7;0;0;0;;;;7;4;0;0;0;;;;4;11
60065;Sant'Ambrogio sul Garigliano;13;2;0;0;0;;;;2;2;0;0;0;;;;2;4
60065;Sant'Ambrogio sul Garigliano;14;4;0;0;0;;;;4;5;0;0;0;;;;5;9
60065;Sant'Ambrogio sul Garigliano;15;1;0;0;0;;;;1;4;0;0;0;;;;4;5
60065;Sant'Ambrogio sul Garigliano;16;4;0;0;0;;;;4;2;0;0;0;;;;2;6
60065;Sant'Ambrogio sul Garigliano;17;5;0;0;0;;;;5;3;0;0;0;;;;3;8
60065;Sant'Ambrogio sul Garigliano;18;1;0;0;0;;;;1;1;0;0;0;;;;1;2
60065;Sant'Ambrogio sul Garigliano;19;3;0;0;0;;;;3;2;0;0;0;;;;2;5
60065;Sant'Ambrogio sul Garigliano;20;5;0;0;0;;;;5;1;0;0;0;;;;1;6
60065;Sant'Ambrogio sul Garigliano;21;3;0;0;0;;;;3;4;0;0;0;;;;4;7
60065;Sant'Ambrogio sul Garigliano;22;2;0;0;0;;;;2;4;0;0;0;;;;4;6
60065;Sant'Ambrogio sul Garigliano;23;4;0;0;0;;;;4;0;0;0;0;;;;0;4
60065;Sant'Ambrogio sul Garigliano;24;2;0;0;0;;;;2;3;0;0;0;;;;3;5
60065;Sant'Ambrogio sul Garigliano;25;5;0;0;0;;;;5;7;0;0;0;;;;7;12
60065;Sant'Ambrogio sul Garigliano;26;3;0;0;0;;;;3;5;0;0;0;;;;5;8
60065;Sant'Ambrogio sul Garigliano;27;2;0;0;0;;;;2;3;0;0;0;;;;3;5
60065;Sant'Ambrogio sul Garigliano;28;1;0;0;0;;;;1;3;0;0;0;;;;3;4
60065;Sant'Ambrogio sul Garigliano;29;6;1;0;0;;;;7;3;2;0;0;;;;5;12
60065;Sant'Ambrogio sul Garigliano;30;7;0;0;0;;;;7;1;2;0;0;;;;3;10
60065;Sant'Ambrogio sul Garigliano;31;3;2;0;0;;;;5;4;0;0;0;;;;4;9
60065;Sant'Ambrogio sul Garigliano;32;3;3;0;0;;;;6;3;1;0;0;;;;4;10
60065;Sant'Ambrogio sul Garigliano;33;7;0;0;0;;;;7;3;2;0;0;;;;5;12
60065;Sant'Ambrogio sul Garigliano;34;3;0;0;0;;;;3;3;2;0;0;;;;5;8
60065;Sant'Ambrogio sul Garigliano;35;6;2;0;0;;;;8;2;3;0;0;;;;5;13
60065;Sant'Ambrogio sul Garigliano;36;2;2;0;0;;;;4;0;4;0;0;;;;4;8
60065;Sant'Ambrogio sul Garigliano;37;4;2;0;0;;;;6;1;5;0;0;;;;6;12
60065;Sant'Ambrogio sul Garigliano;38;5;0;0;0;;;;5;1;0;0;1;;;;2;7
60065;Sant'Ambrogio sul Garigliano;39;5;1;0;0;;;;6;1;4;0;0;;;;5;11
60065;Sant'Ambrogio sul Garigliano;40;2;3;0;0;;;;5;3;2;0;0;;;;5;10
60065;Sant'Ambrogio sul Garigliano;41;5;4;0;0;;;;9;2;3;0;0;;;;5;14
60065;Sant'Ambrogio sul Garigliano;42;2;4;0;0;;;;6;2;3;0;0;;;;5;11
60065;Sant'Ambrogio sul Garigliano;43;3;1;0;0;;;;4;1;3;1;0;;;;5;9
60065;Sant'Ambrogio sul Garigliano;44;1;4;0;0;;;;5;2;2;1;0;;;;5;10
60065;Sant'Ambrogio sul Garigliano;45;3;7;0;0;;;;10;5;2;0;0;;;;7;17
60065;Sant'Ambrogio sul Garigliano;46;2;6;1;0;;;;9;0;7;0;0;;;;7;16
60065;Sant'Ambrogio sul Garigliano;47;2;1;1;0;;;;4;2;8;0;0;;;;10;14
60065;Sant'Ambrogio sul Garigliano;48;1;8;0;0;;;;9;1;4;2;0;;;;7;16
60065;Sant'Ambrogio sul Garigliano;49;3;1;0;0;;;;4;3;5;1;0;;;;9;13
60065;Sant'Ambrogio sul Garigliano;50;1;5;0;0;;;;6;0;5;0;0;;;;5;11
60065;Sant'Ambrogio sul Garigliano;51;0;6;2;0;;;;8;1;3;0;1;;;;5;13
60065;Sant'Ambrogio sul Garigliano;52;2;3;0;0;;;;5;1;1;0;1;;;;3;8
60065;Sant'Ambrogio sul Garigliano;53;2;5;1;0;;;;8;1;3;1;0;;;;5;13
60065;Sant'Ambrogio sul Garigliano;54;5;7;0;0;;;;12;0;5;0;0;;;;5;17
60065;Sant'Ambrogio sul Garigliano;55;1;4;0;0;;;;5;0;7;1;0;;;;8;13
60065;Sant'Ambrogio sul Garigliano;56;1;7;1;0;;;;9;0;4;0;0;;;;4;13
60065;Sant'Ambrogio sul Garigliano;57;1;4;0;1;;;;6;0;10;0;0;;;;10;16
60065;Sant'Ambrogio sul Garigliano;58;1;5;0;0;;;;6;2;4;0;0;;;;6;12
60065;Sant'Ambrogio sul Garigliano;59;0;3;0;0;;;;3;1;7;1;0;;;;9;12
60065;Sant'Ambrogio sul Garigliano;60;1;4;0;0;;;;5;0;2;0;2;;;;4;9
60065;Sant'Ambrogio sul Garigliano;61;0;7;0;0;;;;7;1;8;0;0;;;;9;16
60065;Sant'Ambrogio sul Garigliano;62;1;7;0;0;;;;8;0;4;0;0;;;;4;12
60065;Sant'Ambrogio sul Garigliano;63;0;4;0;0;;;;4;1;8;0;1;;;;10;14
60065;Sant'Ambrogio sul Garigliano;64;1;6;0;0;;;;7;0;7;0;0;;;;7;14
60065;Sant'Ambrogio sul Garigliano;65;0;9;0;2;;;;11;0;3;0;0;;;;3;14
60065;Sant'Ambrogio sul Garigliano;66;0;5;0;0;;;;5;0;4;0;3;;;;7;12
60065;Sant'Ambrogio sul Garigliano;67;0;6;1;0;;;;7;0;7;0;1;;;;8;15
60065;Sant'Ambrogio sul Garigliano;68;0;10;0;0;;;;10;0;3;2;0;;;;5;15
60065;Sant'Ambrogio sul Garigliano;69;0;7;1;0;;;;8;2;4;0;1;;;;7;15
60065;Sant'Ambrogio sul Garigliano;70;0;7;2;1;;;;10;0;5;1;0;;;;6;16
60065;Sant'Ambrogio sul Garigliano;71;0;3;0;1;;;;4;0;1;0;2;;;;3;7
60065;Sant'Ambrogio sul Garigliano;72;1;0;0;1;;;;2;1;2;1;1;;;;5;7
60065;Sant'Ambrogio sul Garigliano;73;0;8;1;0;;;;9;0;6;0;3;;;;9;18
60065;Sant'Ambrogio sul Garigliano;74;0;6;0;0;;;;6;1;2;0;1;;;;4;10
60065;Sant'Ambrogio sul Garigliano;75;0;6;0;2;;;;8;0;6;1;3;;;;10;18
60065;Sant'Ambrogio sul Garigliano;76;1;7;0;0;;;;8;0;2;0;2;;;;4;12
60065;Sant'Ambrogio sul Garigliano;77;0;4;0;1;;;;5;0;4;0;3;;;;7;12
60065;Sant'Ambrogio sul Garigliano;78;0;6;0;3;;;;9;0;1;1;3;;;;5;14
60065;Sant'Ambrogio sul Garigliano;79;0;0;0;0;;;;0;0;1;0;4;;;;5;5
60065;Sant'Ambrogio sul Garigliano;80;0;4;1;0;;;;5;0;2;0;1;;;;3;8
60065;Sant'Ambrogio sul Garigliano;81;0;3;0;0;;;;3;0;0;0;3;;;;3;6
60065;Sant'Ambrogio sul Garigliano;82;0;1;0;0;;;;1;0;1;0;0;;;;1;2
60065;Sant'Ambrogio sul Garigliano;83;0;2;0;3;;;;5;0;1;0;1;;;;2;7
60065;Sant'Ambrogio sul Garigliano;84;0;1;0;0;;;;1;0;1;0;2;;;;3;4
60065;Sant'Ambrogio sul Garigliano;85;0;1;0;0;;;;1;0;2;0;1;;;;3;4
60065;Sant'Ambrogio sul Garigliano;86;0;0;0;1;;;;1;0;0;0;2;;;;2;3
60065;Sant'Ambrogio sul Garigliano;87;0;2;0;0;;;;2;0;0;0;1;;;;1;3
60065;Sant'Ambrogio sul Garigliano;88;0;3;0;0;;;;3;0;0;0;2;;;;2;5
60065;Sant'Ambrogio sul Garigliano;89;0;1;0;0;;;;1;0;2;0;1;;;;3;4
60065;Sant'Ambrogio sul Garigliano;90;0;0;0;0;;;;0;0;2;0;2;;;;4;4
60065;Sant'Ambrogio sul Garigliano;91;0;1;0;0;;;;1;0;1;0;1;;;;2;3
60065;Sant'Ambrogio sul Garigliano;92;0;1;0;0;;;;1;0;0;0;1;;;;1;2
60065;Sant'Ambrogio sul Garigliano;93;0;1;0;0;;;;1;0;0;0;1;;;;1;2
60065;Sant'Ambrogio sul Garigliano;94;0;0;0;0;;;;0;0;1;0;2;;;;3;3
60065;Sant'Ambrogio sul Garigliano;95;0;0;0;1;;;;1;0;1;0;1;;;;2;3
60065;Sant'Ambrogio sul Garigliano;96;0;0;0;0;;;;0;0;0;0;1;;;;1;1
60065;Sant'Ambrogio sul Garigliano;97;0;1;0;0;;;;1;0;0;0;1;;;;1;2
60065;Sant'Ambrogio sul Garigliano;98;0;1;0;0;;;;1;0;0;0;0;;;;0;1
60065;Sant'Ambrogio sul Garigliano;99;0;0;0;0;;;;0;0;0;0;0;;;;0;0
60065;Sant'Ambrogio sul Garigliano;100;0;0;0;0;;;;0;0;0;0;4;;;;4;4
60065;Sant'Ambrogio sul Garigliano;999;177;236;12;17;;;;442;141;207;14;61;;;;423;865
60066;Sant'Andrea del Garigliano;0;3;0;0;0;;;;3;3;0;0;0;;;;3;6
60066;Sant'Andrea del Garigliano;1;5;0;0;0;;;;5;3;0;0;0;;;;3;8
60066;Sant'Andrea del Garigliano;2;1;0;0;0;;;;1;4;0;0;0;;;;4;5
60066;Sant'Andrea del Garigliano;3;2;0;0;0;;;;2;6;0;0;0;;;;6;8
60066;Sant'Andrea del Garigliano;4;2;0;0;0;;;;2;3;0;0;0;;;;3;5
60066;Sant'Andrea del Garigliano;5;2;0;0;0;;;;2;1;0;0;0;;;;1;3
60066;Sant'Andrea del Garigliano;6;2;0;0;0;;;;2;6;0;0;0;;;;6;8
60066;Sant'Andrea del Garigliano;7;4;0;0;0;;;;4;9;0;0;0;;;;9;13
60066;Sant'Andrea del Garigliano;8;10;0;0;0;;;;10;2;0;0;0;;;;2;12
60066;Sant'Andrea del Garigliano;9;5;0;0;0;;;;5;4;0;0;0;;;;4;9
60066;Sant'Andrea del Garigliano;10;5;0;0;0;;;;5;9;0;0;0;;;;9;14
60066;Sant'Andrea del Garigliano;11;6;0;0;0;;;;6;5;0;0;0;;;;5;11
60066;Sant'Andrea del Garigliano;12;4;0;0;0;;;;4;7;0;0;0;;;;7;11
60066;Sant'Andrea del Garigliano;13;3;0;0;0;;;;3;6;0;0;0;;;;6;9
60066;Sant'Andrea del Garigliano;14;6;0;0;0;;;;6;6;0;0;0;;;;6;12
60066;Sant'Andrea del Garigliano;15;5;0;0;0;;;;5;2;0;0;0;;;;2;7
60066;Sant'Andrea del Garigliano;16;8;0;0;0;;;;8;1;0;0;0;;;;1;9
60066;Sant'Andrea del Garigliano;17;8;0;0;0;;;;8;10;0;0;0;;;;10;18
60066;Sant'Andrea del Garigliano;18;5;0;0;0;;;;5;4;0;0;0;;;;4;9
60066;Sant'Andrea del Garigliano;19;6;0;0;0;;;;6;8;0;0;0;;;;8;14
60066;Sant'Andrea del Garigliano;20;8;0;0;0;;;;8;7;0;0;0;;;;7;15
60066;Sant'Andrea del Garigliano;21;4;0;0;0;;;;4;1;0;0;0;;;;1;5
60066;Sant'Andrea del Garigliano;22;4;0;0;0;;;;4;3;0;0;0;;;;3;7
60066;Sant'Andrea del Garigliano;23;9;1;0;0;;;;10;3;1;0;0;;;;4;14
60066;Sant'Andrea del Garigliano;24;2;0;0;0;;;;2;4;2;0;0;;;;6;8
60066;Sant'Andrea del Garigliano;25;5;0;0;0;;;;5;3;0;0;0;;;;3;8
60066;Sant'Andrea del Garigliano;26;2;0;0;0;;;;2;5;0;0;0;;;;5;7
60066;Sant'Andrea del Garigliano;27;7;0;0;0;;;;7;7;0;0;0;;;;7;14
60066;Sant'Andrea del Garigliano;28;5;0;0;0;;;;5;3;2;0;0;;;;5;10
60066;Sant'Andrea del Garigliano;29;4;2;0;0;;;;6;6;1;0;0;;;;7;13
60066;Sant'Andrea del Garigliano;30;4;0;0;0;;;;4;4;1;0;0;;;;5;9
60066;Sant'Andrea del Garigliano;31;6;0;0;0;;;;6;0;0;1;0;;;;1;7
60066;Sant'Andrea del Garigliano;32;5;4;0;0;;;;9;8;2;0;0;;;;10;19
60066;Sant'Andrea del Garigliano;33;7;1;0;0;;;;8;7;0;0;0;;;;7;15
60066;Sant'Andrea del Garigliano;34;5;2;0;0;;;;7;2;4;0;0;;;;6;13
60066;Sant'Andrea del Garigliano;35;4;3;0;0;;;;7;3;4;0;0;;;;7;14
60066;Sant'Andrea del Garigliano;36;7;3;0;0;;;;10;5;8;0;0;;;;13;23
60066;Sant'Andrea del Garigliano;37;7;2;0;0;;;;9;1;7;0;0;;;;8;17
60066;Sant'Andrea del Garigliano;38;4;2;0;0;;;;6;1;4;0;1;;;;6;12
60066;Sant'Andrea del Garigliano;39;8;4;0;0;;;;12;0;5;1;0;;;;6;18
60066;Sant'Andrea del Garigliano;40;6;3;0;0;;;;9;3;4;0;0;;;;7;16
60066;Sant'Andrea del Garigliano;41;3;5;1;0;;;;9;3;3;0;0;;;;6;15
60066;Sant'Andrea del Garigliano;42;5;5;0;0;;;;10;0;7;0;0;;;;7;17
60066;Sant'Andrea del Garigliano;43;2;6;1;0;;;;9;2;4;1;0;;;;7;16
60066;Sant'Andrea del Garigliano;44;3;6;0;0;;;;9;3;6;1;0;;;;10;19
60066;Sant'Andrea del Garigliano;45;2;5;0;0;;;;7;0;3;0;0;;;;3;10
60066;Sant'Andrea del Garigliano;46;3;6;1;0;;;;10;1;3;1;0;;;;5;15
60066;Sant'Andrea del Garigliano;47;0;5;0;0;;;;5;1;7;0;0;;;;8;13
60066;Sant'Andrea del Garigliano;48;4;5;1;0;;;;10;3;7;0;0;;;;10;20
60066;Sant'Andrea del Garigliano;49;1;4;0;0;;;;5;0;6;0;0;;;;6;11
60066;Sant'Andrea del Garigliano;50;4;6;2;0;;;;12;0;5;0;0;;;;5;17
60066;Sant'Andrea del Garigliano;51;1;10;0;0;;;;11;1;5;1;1;;;;8;19
60066;Sant'Andrea del Garigliano;52;1;7;1;0;;;;9;2;13;2;0;;;;17;26
60066;Sant'Andrea del Garigliano;53;2;5;1;0;;;;8;1;8;2;0;;;;11;19
60066;Sant'Andrea del Garigliano;54;0;8;1;0;;;;9;2;6;0;0;;;;8;17
60066;Sant'Andrea del Garigliano;55;2;7;3;0;;;;12;1;6;0;0;;;;7;19
60066;Sant'Andrea del Garigliano;56;1;5;1;0;;;;7;1;5;1;2;;;;9;16
60066;Sant'Andrea del Garigliano;57;0;9;0;0;;;;9;1;7;1;0;;;;9;18
60066;Sant'Andrea del Garigliano;58;1;3;1;0;;;;5;1;11;0;0;;;;12;17
60066;Sant'Andrea del Garigliano;59;1;8;0;0;;;;9;1;14;0;0;;;;15;24
60066;Sant'Andrea del Garigliano;60;1;8;0;1;;;;10;1;7;0;0;;;;8;18
60066;Sant'Andrea del Garigliano;61;4;13;0;0;;;;17;0;4;0;0;;;;4;21
60066;Sant'Andrea del Garigliano;62;2;10;1;2;;;;15;0;5;0;1;;;;6;21
60066;Sant'Andrea del Garigliano;63;0;8;0;0;;;;8;0;2;1;2;;;;5;13
60066;Sant'Andrea del Garigliano;64;0;4;0;0;;;;4;1;9;1;0;;;;11;15
60066;Sant'Andrea del Garigliano;65;0;4;1;1;;;;6;0;8;0;1;;;;9;15
60066;Sant'Andrea del Garigliano;66;0;7;0;0;;;;7;1;7;1;0;;;;9;16
60066;Sant'Andrea del Garigliano;67;1;6;1;0;;;;8;1;7;2;0;;;;10;18
60066;Sant'Andrea del Garigliano;68;0;5;1;1;;;;7;0;7;0;1;;;;8;15
60066;Sant'Andrea del Garigliano;69;0;9;0;0;;;;9;1;11;0;2;;;;14;23
60066;Sant'Andrea del Garigliano;70;0;13;0;1;;;;14;2;9;1;1;;;;13;27
60066;Sant'Andrea del Garigliano;71;1;13;0;0;;;;14;1;9;0;4;;;;14;28
60066;Sant'Andrea del Garigliano;72;0;7;0;0;;;;7;0;12;0;2;;;;14;21
60066;Sant'Andrea del Garigliano;73;0;10;0;1;;;;11;1;6;1;1;;;;9;20
60066;Sant'Andrea del Garigliano;74;0;11;0;1;;;;12;0;4;0;5;;;;9;21
60066;Sant'Andrea del Garigliano;75;0;9;0;1;;;;10;2;5;1;2;;;;10;20
60066;Sant'Andrea del Garigliano;76;0;4;1;2;;;;7;1;1;1;4;;;;7;14
60066;Sant'Andrea del Garigliano;77;0;10;0;1;;;;11;0;5;0;1;;;;6;17
60066;Sant'Andrea del Garigliano;78;0;2;0;1;;;;3;0;4;0;4;;;;8;11
60066;Sant'Andrea del Garigliano;79;0;2;0;1;;;;3;0;0;0;3;;;;3;6
60066;Sant'Andrea del Garigliano;80;0;2;0;1;;;;3;0;3;0;2;;;;5;8
60066;Sant'Andrea del Garigliano;81;0;2;0;2;;;;4;0;4;0;2;;;;6;10
60066;Sant'Andrea del Garigliano;82;1;1;0;1;;;;3;0;2;0;1;;;;3;6
60066;Sant'Andrea del Garigliano;83;0;3;0;0;;;;3;0;1;0;3;;;;4;7
60066;Sant'Andrea del Garigliano;84;0;5;0;2;;;;7;2;1;0;8;;;;11;18
60066;Sant'Andrea del Garigliano;85;0;6;0;1;;;;7;0;0;1;5;;;;6;13
60066;Sant'Andrea del Garigliano;86;0;2;0;1;;;;3;0;0;0;2;;;;2;5
60066;Sant'Andrea del Garigliano;87;0;2;0;0;;;;2;0;1;0;2;;;;3;5
60066;Sant'Andrea del Garigliano;88;0;0;0;0;;;;0;1;1;0;3;;;;5;5
60066;Sant'Andrea del Garigliano;89;0;0;1;1;;;;2;0;1;0;9;;;;10;12
60066;Sant'Andrea del Garigliano;90;0;1;0;0;;;;1;0;1;0;0;;;;1;2
60066;Sant'Andrea del Garigliano;91;0;2;0;0;;;;2;0;0;0;3;;;;3;5
60066;Sant'Andrea del Garigliano;92;0;0;0;0;;;;0;2;0;0;3;;;;5;5
60066;Sant'Andrea del Garigliano;93;0;2;0;2;;;;4;0;0;0;2;;;;2;6
60066;Sant'Andrea del Garigliano;94;0;0;0;1;;;;1;0;0;0;2;;;;2;3
60066;Sant'Andrea del Garigliano;95;0;0;0;0;;;;0;0;0;0;1;;;;1;1
60066;Sant'Andrea del Garigliano;96;0;0;0;0;;;;0;0;0;0;1;;;;1;1
60066;Sant'Andrea del Garigliano;97;0;0;0;0;;;;0;0;0;0;0;;;;0;0
60066;Sant'Andrea del Garigliano;98;0;0;0;0;;;;0;0;0;0;1;;;;1;1
60066;Sant'Andrea del Garigliano;99;0;0;0;0;;;;0;0;0;0;1;;;;1;1
60066;Sant'Andrea del Garigliano;100;0;0;0;1;;;;1;0;0;0;0;;;;0;1
60066;Sant'Andrea del Garigliano;999;251;325;20;27;;;;623;216;308;22;89;;;;635;1258
60067;Sant'Apollinare;0;5;0;0;0;;;;5;6;0;0;0;;;;6;11
60067;Sant'Apollinare;1;5;0;0;0;;;;5;5;0;0;0;;;;5;10
60067;Sant'Apollinare;2;4;0;0;0;;;;4;5;0;0;0;;;;5;9
60067;Sant'Apollinare;3;3;0;0;0;;;;3;5;0;0;0;;;;5;8
60067;Sant'Apollinare;4;8;0;0;0;;;;8;4;0;0;0;;;;4;12
60067;Sant'Apollinare;5;3;0;0;0;;;;3;4;0;0;0;;;;4;7
60067;Sant'Apollinare;6;8;0;0;0;;;;8;7;0;0;0;;;;7;15
60067;Sant'Apollinare;7;6;0;0;0;;;;6;8;0;0;0;;;;8;14
60067;Sant'Apollinare;8;6;0;0;0;;;;6;8;0;0;0;;;;8;14
60067;Sant'Apollinare;9;9;0;0;0;;;;9;9;0;0;0;;;;9;18
60067;Sant'Apollinare;10;9;0;0;0;;;;9;9;0;0;0;;;;9;18
60067;Sant'Apollinare;11;13;0;0;0;;;;13;11;0;0;0;;;;11;24
60067;Sant'Apollinare;12;10;0;0;0;;;;10;10;0;0;0;;;;10;20
60067;Sant'Apollinare;13;6;0;0;0;;;;6;12;0;0;0;;;;12;18
60067;Sant'Apollinare;14;8;0;0;0;;;;8;10;0;0;0;;;;10;18
60067;Sant'Apollinare;15;4;0;0;0;;;;4;12;0;0;0;;;;12;16
60067;Sant'Apollinare;16;7;0;0;0;;;;7;13;0;0;0;;;;13;20
60067;Sant'Apollinare;17;5;0;0;0;;;;5;2;0;0;0;;;;2;7
60067;Sant'Apollinare;18;6;0;0;0;;;;6;9;0;0;0;;;;9;15
60067;Sant'Apollinare;19;12;0;0;0;;;;12;6;0;0;0;;;;6;18
60067;Sant'Apollinare;20;10;0;0;0;;;;10;6;0;0;0;;;;6;16
60067;Sant'Apollinare;21;10;0;0;0;;;;10;11;0;0;0;;;;11;21
60067;Sant'Apollinare;22;8;0;0;0;;;;8;4;0;0;0;;;;4;12
60067;Sant'Apollinare;23;8;0;0;0;;;;8;8;0;0;0;;;;8;16
60067;Sant'Apollinare;24;5;0;0;0;;;;5;16;0;0;0;;;;16;21
60067;Sant'Apollinare;25;10;1;0;0;;;;11;10;0;0;0;;;;10;21
60067;Sant'Apollinare;26;8;0;0;0;;;;8;5;2;0;0;;;;7;15
60067;Sant'Apollinare;27;9;0;0;0;;;;9;5;1;0;0;;;;6;15
60067;Sant'Apollinare;28;8;0;0;0;;;;8;8;5;0;0;;;;13;21
60067;Sant'Apollinare;29;7;1;0;0;;;;8;8;4;0;0;;;;12;20
60067;Sant'Apollinare;30;8;2;0;0;;;;10;5;6;0;0;;;;11;21
60067;Sant'Apollinare;31;7;1;0;0;;;;8;6;2;0;0;;;;8;16
60067;Sant'Apollinare;32;6;5;0;0;;;;11;2;4;0;0;;;;6;17
60067;Sant'Apollinare;33;7;5;0;0;;;;12;4;7;0;0;;;;11;23
60067;Sant'Apollinare;34;6;3;0;0;;;;9;5;8;0;0;;;;13;22
60067;Sant'Apollinare;35;11;4;0;0;;;;15;5;6;0;0;;;;11;26
60067;Sant'Apollinare;36;5;2;0;0;;;;7;3;4;0;0;;;;7;14
60067;Sant'Apollinare;37;8;7;0;0;;;;15;0;3;3;0;;;;6;21
60067;Sant'Apollinare;38;7;7;0;0;;;;14;5;8;1;0;;;;14;28
60067;Sant'Apollinare;39;5;4;0;0;;;;9;4;7;0;0;;;;11;20
60067;Sant'Apollinare;40;9;5;0;0;;;;14;5;3;1;0;;;;9;23
60067;Sant'Apollinare;41;10;3;0;0;;;;13;3;12;0;0;;;;15;28
60067;Sant'Apollinare;42;4;3;1;0;;;;8;5;7;0;0;;;;12;20
60067;Sant'Apollinare;43;5;7;0;0;;;;12;4;7;2;0;;;;13;25
60067;Sant'Apollinare;44;4;15;0;0;;;;19;4;7;0;0;;;;11;30
60067;Sant'Apollinare;45;7;11;0;0;;;;18;2;10;1;0;;;;13;31
60067;Sant'Apollinare;46;4;2;0;0;;;;6;2;9;0;0;;;;11;17
60067;Sant'Apollinare;47;8;3;1;0;;;;12;4;12;1;0;;;;17;29
60067;Sant'Apollinare;48;4;3;1;0;;;;8;1;10;0;1;;;;12;20
60067;Sant'Apollinare;49;1;11;1;0;;;;13;0;7;2;1;;;;10;23
60067;Sant'Apollinare;50;2;13;0;0;;;;15;2;11;0;0;;;;13;28
60067;Sant'Apollinare;51;8;9;2;0;;;;19;1;8;3;0;;;;12;31
60067;Sant'Apollinare;52;2;8;0;1;;;;11;2;9;1;0;;;;12;23
60067;Sant'Apollinare;53;4;9;1;0;;;;14;3;7;0;1;;;;11;25
60067;Sant'Apollinare;54;1;4;0;1;;;;6;2;8;2;2;;;;14;20
60067;Sant'Apollinare;55;0;11;0;0;;;;11;1;17;0;1;;;;19;30
60067;Sant'Apollinare;56;1;13;0;0;;;;14;2;15;2;2;;;;21;35
60067;Sant'Apollinare;57;1;14;0;0;;;;15;1;11;0;2;;;;14;29
60067;Sant'Apollinare;58;2;7;0;0;;;;9;1;9;1;0;;;;11;20
60067;Sant'Apollinare;59;1;10;0;0;;;;11;1;12;1;1;;;;15;26
60067;Sant'Apollinare;60;1;9;1;0;;;;11;2;12;1;1;;;;16;27
60067;Sant'Apollinare;61;2;9;1;0;;;;12;1;13;0;3;;;;17;29
60067;Sant'Apollinare;62;6;11;0;2;;;;19;0;8;1;2;;;;11;30
60067;Sant'Apollinare;63;3;7;0;0;;;;10;0;13;1;3;;;;17;27
60067;Sant'Apollinare;64;1;8;2;0;;;;11;1;11;1;0;;;;13;24
60067;Sant'Apollinare;65;2;12;2;0;;;;16;1;20;2;4;;;;27;43
60067;Sant'Apollinare;66;0;14;0;0;;;;14;0;12;0;1;;;;13;27
60067;Sant'Apollinare;67;0;14;1;1;;;;16;2;6;1;1;;;;10;26
60067;Sant'Apollinare;68;0;14;1;0;;;;15;0;8;0;1;;;;9;24
60067;Sant'Apollinare;69;1;7;1;0;;;;9;0;8;0;2;;;;10;19
60067;Sant'Apollinare;70;0;13;1;2;;;;16;0;5;1;4;;;;10;26
60067;Sant'Apollinare;71;2;10;1;0;;;;13;0;7;1;1;;;;9;22
60067;Sant'Apollinare;72;1;7;0;0;;;;8;1;7;0;1;;;;9;17
60067;Sant'Apollinare;73;1;8;0;0;;;;9;0;8;0;4;;;;12;21
60067;Sant'Apollinare;74;0;14;0;3;;;;17;0;12;0;5;;;;17;34
60067;Sant'Apollinare;75;0;14;1;0;;;;15;2;5;0;4;;;;11;26
60067;Sant'Apollinare;76;1;5;1;1;;;;8;0;10;1;2;;;;13;21
60067;Sant'Apollinare;77;0;17;0;0;;;;17;0;6;0;6;;;;12;29
60067;Sant'Apollinare;78;1;6;0;1;;;;8;1;3;0;2;;;;6;14
60067;Sant'Apollinare;79;0;4;0;1;;;;5;1;4;1;1;;;;7;12
60067;Sant'Apollinare;80;0;10;0;1;;;;11;0;0;0;0;;;;0;11
60067;Sant'Apollinare;81;0;3;0;1;;;;4;0;2;0;5;;;;7;11
60067;Sant'Apollinare;82;0;2;0;0;;;;2;0;2;0;4;;;;6;8
60067;Sant'Apollinare;83;0;3;0;0;;;;3;1;2;0;2;;;;5;8
60067;Sant'Apollinare;84;0;1;0;1;;;;2;0;2;0;1;;;;3;5
60067;Sant'Apollinare;85;0;6;0;1;;;;7;0;3;0;6;;;;9;16
60067;Sant'Apollinare;86;0;2;0;0;;;;2;0;3;0;4;;;;7;9
60067;Sant'Apollinare;87;0;5;0;0;;;;5;0;1;0;2;;;;3;8
60067;Sant'Apollinare;88;1;3;0;0;;;;4;0;1;0;5;;;;6;10
60067;Sant'Apollinare;89;1;1;0;1;;;;3;0;1;0;1;;;;2;5
60067;Sant'Apollinare;90;0;1;0;0;;;;1;0;0;0;3;;;;3;4
60067;Sant'Apollinare;91;0;2;0;0;;;;2;0;0;0;2;;;;2;4
60067;Sant'Apollinare;92;0;0;0;0;;;;0;0;1;0;1;;;;2;2
60067;Sant'Apollinare;93;0;1;0;0;;;;1;0;1;0;2;;;;3;4
60067;Sant'Apollinare;94;0;0;0;1;;;;1;0;0;0;3;;;;3;4
60067;Sant'Apollinare;95;0;0;0;1;;;;1;0;0;0;3;;;;3;4
60067;Sant'Apollinare;96;0;0;0;0;;;;0;0;0;0;1;;;;1;1
60067;Sant'Apollinare;97;0;0;0;0;;;;0;0;0;0;0;;;;0;0
60067;Sant'Apollinare;98;0;0;0;1;;;;1;0;0;0;1;;;;1;2
60067;Sant'Apollinare;99;0;0;0;0;;;;0;0;0;0;0;;;;0;0
60067;Sant'Apollinare;100;0;0;0;0;;;;0;0;0;0;1;;;;1;1
60067;Sant'Apollinare;999;392;446;20;21;;;;879;334;455;32;106;;;;927;1806
60068;Sant'Elia Fiumerapido;0;18;0;0;0;;;;18;9;0;0;0;;;;9;27
60068;Sant'Elia Fiumerapido;1;17;0;0;0;;;;17;10;0;0;0;;;;10;27
60068;Sant'Elia Fiumerapido;2;21;0;0;0;;;;21;13;0;0;0;;;;13;34
60068;Sant'Elia Fiumerapido;3;26;0;0;0;;;;26;20;0;0;0;;;;20;46
60068;Sant'Elia Fiumerapido;4;15;0;0;0;;;;15;16;0;0;0;;;;16;31
60068;Sant'Elia Fiumerapido;5;16;0;0;0;;;;16;17;0;0;0;;;;17;33
60068;Sant'Elia Fiumerapido;6;24;0;0;0;;;;24;18;0;0;0;;;;18;42
60068;Sant'Elia Fiumerapido;7;24;0;0;0;;;;24;16;0;0;0;;;;16;40
60068;Sant'Elia Fiumerapido;8;26;0;0;0;;;;26;22;0;0;0;;;;22;48
60068;Sant'Elia Fiumerapido;9;35;0;0;0;;;;35;21;0;0;0;;;;21;56
60068;Sant'Elia Fiumerapido;10;18;0;0;0;;;;18;30;0;0;0;;;;30;48
60068;Sant'Elia Fiumerapido;11;23;0;0;0;;;;23;25;0;0;0;;;;25;48
60068;Sant'Elia Fiumerapido;12;32;0;0;0;;;;32;26;0;0;0;;;;26;58
60068;Sant'Elia Fiumerapido;13;25;0;0;0;;;;25;27;0;0;0;;;;27;52
60068;Sant'Elia Fiumerapido;14;36;0;0;0;;;;36;22;0;0;0;;;;22;58
60068;Sant'Elia Fiumerapido;15;30;0;0;0;;;;30;30;0;0;0;;;;30;60
60068;Sant'Elia Fiumerapido;16;30;0;0;0;;;;30;25;0;0;0;;;;25;55
60068;Sant'Elia Fiumerapido;17;21;0;0;0;;;;21;26;0;0;0;;;;26;47
60068;Sant'Elia Fiumerapido;18;27;0;0;0;;;;27;21;0;0;0;;;;21;48
60068;Sant'Elia Fiumerapido;19;23;0;0;0;;;;23;26;0;0;0;;;;26;49
60068;Sant'Elia Fiumerapido;20;28;0;0;0;;;;28;19;0;0;0;;;;19;47
60068;Sant'Elia Fiumerapido;21;39;0;0;0;;;;39;23;1;0;0;;;;24;63
60068;Sant'Elia Fiumerapido;22;21;0;0;0;;;;21;23;0;0;0;;;;23;44
60068;Sant'Elia Fiumerapido;23;29;0;0;0;;;;29;26;0;0;0;;;;26;55
60068;Sant'Elia Fiumerapido;24;20;1;0;0;;;;21;21;0;0;0;;;;21;42
60068;Sant'Elia Fiumerapido;25;25;0;0;0;;;;25;14;1;0;0;;;;15;40
60068;Sant'Elia Fiumerapido;26;28;1;0;0;;;;29;24;2;0;0;;;;26;55
60068;Sant'Elia Fiumerapido;27;34;0;0;0;;;;34;25;1;0;0;;;;26;60
60068;Sant'Elia Fiumerapido;28;25;0;0;0;;;;25;29;2;0;0;;;;31;56
60068;Sant'Elia Fiumerapido;29;26;2;0;0;;;;28;22;2;0;0;;;;24;52
60068;Sant'Elia Fiumerapido;30;11;4;0;0;;;;15;21;10;0;0;;;;31;46
60068;Sant'Elia Fiumerapido;31;30;2;0;0;;;;32;19;7;0;0;;;;26;58
60068;Sant'Elia Fiumerapido;32;32;4;0;0;;;;36;13;7;0;0;;;;20;56
60068;Sant'Elia Fiumerapido;33;26;2;0;0;;;;28;19;9;1;0;;;;29;57
60068;Sant'Elia Fiumerapido;34;22;4;0;0;;;;26;7;9;0;0;;;;16;42
60068;Sant'Elia Fiumerapido;35;24;5;0;0;;;;29;16;10;0;0;;;;26;55
60068;Sant'Elia Fiumerapido;36;19;9;0;0;;;;28;17;15;1;0;;;;33;61
60068;Sant'Elia Fiumerapido;37;17;9;0;0;;;;26;12;16;3;1;;;;32;58
60068;Sant'Elia Fiumerapido;38;24;19;1;0;;;;44;17;24;0;0;;;;41;85
60068;Sant'Elia Fiumerapido;39;17;12;1;0;;;;30;10;29;1;0;;;;40;70
60068;Sant'Elia Fiumerapido;40;16;15;0;0;;;;31;10;18;1;1;;;;30;61
60068;Sant'Elia Fiumerapido;41;17;17;1;0;;;;35;9;30;0;0;;;;39;74
60068;Sant'Elia Fiumerapido;42;18;23;0;0;;;;41;7;22;3;2;;;;34;75
60068;Sant'Elia Fiumerapido;43;20;28;0;0;;;;48;16;28;1;0;;;;45;93
60068;Sant'Elia Fiumerapido;44;17;13;0;0;;;;30;6;29;5;0;;;;40;70
60068;Sant'Elia Fiumerapido;45;15;24;1;0;;;;40;5;18;6;1;;;;30;70
60068;Sant'Elia Fiumerapido;46;16;24;1;0;;;;41;10;29;2;0;;;;41;82
60068;Sant'Elia Fiumerapido;47;12;23;3;1;;;;39;5;30;3;0;;;;38;77
60068;Sant'Elia Fiumerapido;48;14;27;3;0;;;;44;8;16;0;1;;;;25;69
60068;Sant'Elia Fiumerapido;49;12;25;3;0;;;;40;8;24;3;0;;;;35;75
60068;Sant'Elia Fiumerapido;50;12;34;4;0;;;;50;10;27;7;2;;;;46;96
60068;Sant'Elia Fiumerapido;51;13;28;3;0;;;;44;8;28;4;4;;;;44;88
60068;Sant'Elia Fiumerapido;52;10;24;2;0;;;;36;6;44;4;2;;;;56;92
60068;Sant'Elia Fiumerapido;53;15;33;6;1;;;;55;4;33;1;1;;;;39;94
60068;Sant'Elia Fiumerapido;54;9;21;4;0;;;;34;1;27;6;2;;;;36;70
60068;Sant'Elia Fiumerapido;55;5;35;2;0;;;;42;3;36;4;5;;;;48;90
60068;Sant'Elia Fiumerapido;56;8;27;4;0;;;;39;5;30;3;1;;;;39;78
60068;Sant'Elia Fiumerapido;57;11;21;3;3;;;;38;4;30;3;2;;;;39;77
60068;Sant'Elia Fiumerapido;58;7;27;3;0;;;;37;3;37;4;3;;;;47;84
60068;Sant'Elia Fiumerapido;59;4;36;2;1;;;;43;2;31;3;1;;;;37;80
60068;Sant'Elia Fiumerapido;60;2;29;3;0;;;;34;5;34;1;5;;;;45;79
60068;Sant'Elia Fiumerapido;61;5;29;1;1;;;;36;3;38;1;3;;;;45;81
60068;Sant'Elia Fiumerapido;62;5;41;1;2;;;;49;8;31;3;9;;;;51;100
60068;Sant'Elia Fiumerapido;63;5;31;0;2;;;;38;5;30;0;6;;;;41;79
60068;Sant'Elia Fiumerapido;64;4;35;4;0;;;;43;3;32;1;5;;;;41;84
60068;Sant'Elia Fiumerapido;65;7;34;1;1;;;;43;2;31;3;4;;;;40;83
60068;Sant'Elia Fiumerapido;66;4;31;1;1;;;;37;5;29;0;1;;;;35;72
60068;Sant'Elia Fiumerapido;67;6;33;3;0;;;;42;5;35;5;13;;;;58;100
60068;Sant'Elia Fiumerapido;68;4;37;0;3;;;;44;1;22;2;7;;;;32;76
60068;Sant'Elia Fiumerapido;69;3;36;3;3;;;;45;1;28;1;8;;;;38;83
60068;Sant'Elia Fiumerapido;70;3;37;2;1;;;;43;1;28;1;14;;;;44;87
60068;Sant'Elia Fiumerapido;71;2;28;2;1;;;;33;2;32;0;11;;;;45;78
60068;Sant'Elia Fiumerapido;72;2;38;1;1;;;;42;1;33;0;14;;;;48;90
60068;Sant'Elia Fiumerapido;73;3;29;2;3;;;;37;5;24;1;8;;;;38;75
60068;Sant'Elia Fiumerapido;74;3;15;2;3;;;;23;1;25;0;10;;;;36;59
60068;Sant'Elia Fiumerapido;75;1;47;1;3;;;;52;3;22;2;17;;;;44;96
60068;Sant'Elia Fiumerapido;76;2;29;0;3;;;;34;3;21;1;15;;;;40;74
60068;Sant'Elia Fiumerapido;77;3;29;1;5;;;;38;2;21;0;12;;;;35;73
60068;Sant'Elia Fiumerapido;78;1;26;1;2;;;;30;0;16;2;16;;;;34;64
60068;Sant'Elia Fiumerapido;79;2;12;0;0;;;;14;2;13;0;9;;;;24;38
60068;Sant'Elia Fiumerapido;80;1;15;0;3;;;;19;0;6;1;11;;;;18;37
60068;Sant'Elia Fiumerapido;81;0;16;0;3;;;;19;0;6;0;11;;;;17;36
60068;Sant'Elia Fiumerapido;82;1;14;1;3;;;;19;2;4;0;13;;;;19;38
60068;Sant'Elia Fiumerapido;83;0;18;1;2;;;;21;1;11;1;14;;;;27;48
60068;Sant'Elia Fiumerapido;84;1;16;1;4;;;;22;1;3;0;12;;;;16;38
60068;Sant'Elia Fiumerapido;85;0;15;0;3;;;;18;2;6;0;16;;;;24;42
60068;Sant'Elia Fiumerapido;86;1;4;0;2;;;;7;1;5;0;21;;;;27;34
60068;Sant'Elia Fiumerapido;87;2;8;0;2;;;;12;0;4;0;11;;;;15;27
60068;Sant'Elia Fiumerapido;88;0;2;0;3;;;;5;1;3;0;4;;;;8;13
60068;Sant'Elia Fiumerapido;89;0;8;0;4;;;;12;0;3;0;12;;;;15;27
60068;Sant'Elia Fiumerapido;90;0;6;0;0;;;;6;0;1;0;9;;;;10;16
60068;Sant'Elia Fiumerapido;91;1;2;0;1;;;;4;2;1;0;8;;;;11;15
60068;Sant'Elia Fiumerapido;92;0;2;0;0;;;;2;0;0;0;4;;;;4;6
60068;Sant'Elia Fiumerapido;93;0;3;0;2;;;;5;4;0;0;8;;;;12;17
60068;Sant'Elia Fiumerapido;94;0;2;0;0;;;;2;0;0;0;8;;;;8;10
60068;Sant'Elia Fiumerapido;95;0;1;0;1;;;;2;0;0;0;5;;;;5;7
60068;Sant'Elia Fiumerapido;96;0;0;0;1;;;;1;0;0;0;5;;;;5;6
60068;Sant'Elia Fiumerapido;97;1;0;0;0;;;;1;1;0;0;1;;;;2;3
60068;Sant'Elia Fiumerapido;98;0;0;0;1;;;;1;0;0;0;1;;;;1;2
60068;Sant'Elia Fiumerapido;99;0;0;0;0;;;;0;0;0;0;0;;;;0;0
60068;Sant'Elia Fiumerapido;100;0;0;0;0;;;;0;0;0;0;2;;;;2;2
60068;Sant'Elia Fiumerapido;999;1310;1337;79;76;;;;2802;1000;1310;95;392;;;;2797;5599
60069;Santopadre;0;1;0;0;0;;;;1;4;0;0;0;;;;4;5
60069;Santopadre;1;2;0;0;0;;;;2;3;0;0;0;;;;3;5
60069;Santopadre;2;2;0;0;0;;;;2;3;0;0;0;;;;3;5
60069;Santopadre;3;1;0;0;0;;;;1;3;0;0;0;;;;3;4
60069;Santopadre;4;5;0;0;0;;;;5;2;0;0;0;;;;2;7
60069;Santopadre;5;7;0;0;0;;;;7;2;0;0;0;;;;2;9
60069;Santopadre;6;1;0;0;0;;;;1;3;0;0;0;;;;3;4
60069;Santopadre;7;4;0;0;0;;;;4;3;0;0;0;;;;3;7
60069;Santopadre;8;6;0;0;0;;;;6;4;0;0;0;;;;4;10
60069;Santopadre;9;2;0;0;0;;;;2;7;0;0;0;;;;7;9
60069;Santopadre;10;8;0;0;0;;;;8;2;0;0;0;;;;2;10
60069;Santopadre;11;5;0;0;0;;;;5;2;0;0;0;;;;2;7
60069;Santopadre;12;3;0;0;0;;;;3;4;0;0;0;;;;4;7
60069;Santopadre;13;5;0;0;0;;;;5;2;0;0;0;;;;2;7
60069;Santopadre;14;2;0;0;0;;;;2;3;0;0;0;;;;3;5
60069;Santopadre;15;2;0;0;0;;;;2;4;0;0;0;;;;4;6
60069;Santopadre;16;5;0;0;0;;;;5;7;0;0;0;;;;7;12
60069;Santopadre;17;5;0;0;0;;;;5;5;0;0;0;;;;5;10
60069;Santopadre;18;5;0;0;0;;;;5;5;0;0;0;;;;5;10
60069;Santopadre;19;3;0;0;0;;;;3;5;0;0;0;;;;5;8
60069;Santopadre;20;6;0;0;0;;;;6;5;0;0;0;;;;5;11
60069;Santopadre;21;8;0;0;0;;;;8;7;0;0;0;;;;7;15
60069;Santopadre;22;2;0;0;0;;;;2;8;0;0;0;;;;8;10
60069;Santopadre;23;5;0;0;0;;;;5;2;0;0;0;;;;2;7
60069;Santopadre;24;5;0;0;0;;;;5;7;0;0;0;;;;7;12
60069;Santopadre;25;10;0;0;0;;;;10;6;0;0;0;;;;6;16
60069;Santopadre;26;6;0;0;0;;;;6;4;0;0;0;;;;4;10
60069;Santopadre;27;5;1;0;0;;;;6;3;1;0;0;;;;4;10
60069;Santopadre;28;4;0;0;0;;;;4;2;0;0;0;;;;2;6
60069;Santopadre;29;8;0;0;0;;;;8;4;0;0;0;;;;4;12
60069;Santopadre;30;5;0;0;0;;;;5;4;1;0;0;;;;5;10
60069;Santopadre;31;5;2;0;0;;;;7;3;3;0;0;;;;6;13
60069;Santopadre;32;5;1;0;0;;;;6;3;2;0;0;;;;5;11
60069;Santopadre;33;4;2;0;0;;;;6;8;2;0;0;;;;10;16
60069;Santopadre;34;9;2;0;0;;;;11;2;2;0;0;;;;4;15
60069;Santopadre;35;3;3;0;0;;;;6;6;4;0;0;;;;10;16
60069;Santopadre;36;9;1;0;0;;;;10;1;0;0;0;;;;1;11
60069;Santopadre;37;1;3;0;0;;;;4;4;5;0;0;;;;9;13
60069;Santopadre;38;7;0;0;0;;;;7;7;1;1;0;;;;9;16
60069;Santopadre;39;6;3;0;0;;;;9;3;3;0;0;;;;6;15
60069;Santopadre;40;2;1;0;0;;;;3;1;3;1;0;;;;5;8
60069;Santopadre;41;4;6;0;0;;;;10;1;4;0;0;;;;5;15
60069;Santopadre;42;6;1;0;0;;;;7;1;6;0;0;;;;7;14
60069;Santopadre;43;8;3;0;0;;;;11;1;8;0;0;;;;9;20
60069;Santopadre;44;3;3;0;0;;;;6;0;5;0;0;;;;5;11
60069;Santopadre;45;1;3;0;0;;;;4;2;1;0;1;;;;4;8
60069;Santopadre;46;2;7;0;0;;;;9;1;7;0;0;;;;8;17
60069;Santopadre;47;6;5;1;0;;;;12;3;3;1;1;;;;8;20
60069;Santopadre;48;3;4;0;0;;;;7;1;6;1;0;;;;8;15
60069;Santopadre;49;3;6;0;0;;;;9;2;3;1;0;;;;6;15
60069;Santopadre;50;5;5;0;0;;;;10;1;7;1;0;;;;9;19
60069;Santopadre;51;1;8;0;0;;;;9;0;7;0;0;;;;7;16
60069;Santopadre;52;2;6;0;0;;;;8;0;7;0;0;;;;7;15
60069;Santopadre;53;3;3;0;1;;;;7;1;4;0;1;;;;6;13
60069;Santopadre;54;3;4;1;0;;;;8;1;8;2;0;;;;11;19
60069;Santopadre;55;4;4;0;0;;;;8;1;6;0;0;;;;7;15
60069;Santopadre;56;1;9;1;0;;;;11;3;7;1;0;;;;11;22
60069;Santopadre;57;0;7;2;0;;;;9;1;4;1;0;;;;6;15
60069;Santopadre;58;0;10;0;0;;;;10;1;8;0;1;;;;10;20
60069;Santopadre;59;2;7;2;0;;;;11;2;13;0;1;;;;16;27
60069;Santopadre;60;3;5;0;0;;;;8;1;9;0;0;;;;10;18
60069;Santopadre;61;1;6;1;1;;;;9;1;8;0;2;;;;11;20
60069;Santopadre;62;4;7;1;1;;;;13;1;11;1;3;;;;16;29
60069;Santopadre;63;1;7;0;0;;;;8;0;7;1;1;;;;9;17
60069;Santopadre;64;2;14;1;1;;;;18;1;10;0;4;;;;15;33
60069;Santopadre;65;0;6;1;0;;;;7;0;8;0;1;;;;9;16
60069;Santopadre;66;1;10;0;0;;;;11;1;8;1;0;;;;10;21
60069;Santopadre;67;0;7;0;0;;;;7;2;6;0;2;;;;10;17
60069;Santopadre;68;2;10;0;0;;;;12;0;4;0;0;;;;4;16
60069;Santopadre;69;2;9;0;0;;;;11;0;7;1;1;;;;9;20
60069;Santopadre;70;0;8;0;0;;;;8;0;5;0;1;;;;6;14
60069;Santopadre;71;1;8;0;0;;;;9;0;5;0;4;;;;9;18
60069;Santopadre;72;0;5;0;0;;;;5;0;5;1;1;;;;7;12
60069;Santopadre;73;1;7;0;1;;;;9;1;4;0;2;;;;7;16
60069;Santopadre;74;0;5;0;0;;;;5;0;3;0;4;;;;7;12
60069;Santopadre;75;1;3;0;0;;;;4;0;3;0;1;;;;4;8
60069;Santopadre;76;0;9;0;1;;;;10;0;8;0;6;;;;14;24
60069;Santopadre;77;0;7;0;0;;;;7;1;1;0;4;;;;6;13
60069;Santopadre;78;2;6;0;0;;;;8;0;5;0;3;;;;8;16
60069;Santopadre;79;0;5;0;1;;;;6;0;2;0;0;;;;2;8
60069;Santopadre;80;0;2;1;1;;;;4;0;4;0;4;;;;8;12
60069;Santopadre;81;0;6;0;1;;;;7;0;0;0;4;;;;4;11
60069;Santopadre;82;0;2;0;1;;;;3;0;1;0;2;;;;3;6
60069;Santopadre;83;1;2;0;1;;;;4;0;0;0;4;;;;4;8
60069;Santopadre;84;0;1;0;2;;;;3;0;3;0;5;;;;8;11
60069;Santopadre;85;0;3;0;1;;;;4;0;3;0;3;;;;6;10
60069;Santopadre;86;0;5;0;1;;;;6;0;1;0;5;;;;6;12
60069;Santopadre;87;0;1;0;1;;;;2;0;1;0;2;;;;3;5
60069;Santopadre;88;0;2;0;1;;;;3;1;0;0;4;;;;5;8
60069;Santopadre;89;0;0;0;1;;;;1;0;2;1;3;;;;6;7
60069;Santopadre;90;0;1;0;1;;;;2;0;0;0;3;;;;3;5
60069;Santopadre;91;0;0;0;0;;;;0;0;1;0;2;;;;3;3
60069;Santopadre;92;1;1;0;1;;;;3;1;1;0;3;;;;5;8
60069;Santopadre;93;1;1;0;0;;;;2;0;0;0;2;;;;2;4
60069;Santopadre;94;0;2;0;0;;;;2;1;0;0;4;;;;5;7
60069;Santopadre;95;0;0;0;0;;;;0;0;0;0;1;;;;1;1
60069;Santopadre;96;0;0;0;0;;;;0;0;0;0;1;;;;1;1
60069;Santopadre;97;0;0;0;0;;;;0;0;0;0;0;;;;0;0
60069;Santopadre;98;0;0;0;0;;;;0;0;0;0;0;;;;0;0
60069;Santopadre;99;0;0;0;0;;;;0;0;0;0;0;;;;0;0
60069;Santopadre;100;0;0;0;0;;;;0;0;0;0;1;;;;1;1
60069;Santopadre;999;270;293;12;20;;;;595;198;277;16;98;;;;589;1184
60070;San Vittore del Lazio;0;10;0;0;0;;;;10;5;0;0;0;;;;5;15
60070;San Vittore del Lazio;1;8;0;0;0;;;;8;8;0;0;0;;;;8;16
60070;San Vittore del Lazio;2;3;0;0;0;;;;3;9;0;0;0;;;;9;12
60070;San Vittore del Lazio;3;4;0;0;0;;;;4;3;0;0;0;;;;3;7
60070;San Vittore del Lazio;4;5;0;0;0;;;;5;10;0;0;0;;;;10;15
60070;San Vittore del Lazio;5;10;0;0;0;;;;10;7;0;0;0;;;;7;17
60070;San Vittore del Lazio;6;7;0;0;0;;;;7;8;0;0;0;;;;8;15
60070;San Vittore del Lazio;7;4;0;0;0;;;;4;10;0;0;0;;;;10;14
60070;San Vittore del Lazio;8;8;0;0;0;;;;8;8;0;0;0;;;;8;16
60070;San Vittore del Lazio;9;9;0;0;0;;;;9;8;0;0;0;;;;8;17
60070;San Vittore del Lazio;10;7;0;0;0;;;;7;7;0;0;0;;;;7;14
60070;San Vittore del Lazio;11;9;0;0;0;;;;9;11;0;0;0;;;;11;20
60070;San Vittore del Lazio;12;8;0;0;0;;;;8;13;0;0;0;;;;13;21
60070;San Vittore del Lazio;13;10;0;0;0;;;;10;9;0;0;0;;;;9;19
60070;San Vittore del Lazio;14;13;0;0;0;;;;13;10;0;0;0;;;;10;23
60070;San Vittore del Lazio;15;12;0;0;0;;;;12;15;0;0;0;;;;15;27
60070;San Vittore del Lazio;16;18;0;0;0;;;;18;8;0;0;0;;;;8;26
60070;San Vittore del Lazio;17;11;0;0;0;;;;11;7;0;0;0;;;;7;18
60070;San Vittore del Lazio;18;10;0;0;0;;;;10;9;0;0;0;;;;9;19
60070;San Vittore del Lazio;19;11;0;0;0;;;;11;9;0;0;0;;;;9;20
60070;San Vittore del Lazio;20;15;0;0;0;;;;15;12;0;0;0;;;;12;27
60070;San Vittore del Lazio;21;13;0;0;0;;;;13;10;0;0;0;;;;10;23
60070;San Vittore del Lazio;22;13;0;0;0;;;;13;16;1;0;0;;;;17;30
60070;San Vittore del Lazio;23;14;0;0;0;;;;14;11;0;0;0;;;;11;25
60070;San Vittore del Lazio;24;15;0;0;0;;;;15;12;0;0;0;;;;12;27
60070;San Vittore del Lazio;25;12;0;0;0;;;;12;7;1;0;0;;;;8;20
60070;San Vittore del Lazio;26;20;1;0;0;;;;21;7;2;0;0;;;;9;30
60070;San Vittore del Lazio;27;11;2;0;0;;;;13;8;3;0;0;;;;11;24
60070;San Vittore del Lazio;28;5;2;0;0;;;;7;4;2;0;0;;;;6;13
60070;San Vittore del Lazio;29;11;0;0;0;;;;11;10;2;0;0;;;;12;23
60070;San Vittore del Lazio;30;12;2;0;0;;;;14;8;4;0;0;;;;12;26
60070;San Vittore del Lazio;31;10;2;0;0;;;;12;13;4;0;0;;;;17;29
60070;San Vittore del Lazio;32;12;4;0;0;;;;16;9;2;0;0;;;;11;27
60070;San Vittore del Lazio;33;15;1;0;0;;;;16;5;8;0;0;;;;13;29
60070;San Vittore del Lazio;34;8;3;0;0;;;;11;10;10;0;0;;;;20;31
60070;San Vittore del Lazio;35;11;4;0;0;;;;15;9;2;0;0;;;;11;26
60070;San Vittore del Lazio;36;11;5;0;0;;;;16;3;6;0;0;;;;9;25
60070;San Vittore del Lazio;37;7;4;0;0;;;;11;4;2;3;0;;;;9;20
60070;San Vittore del Lazio;38;6;13;0;0;;;;19;7;5;1;0;;;;13;32
60070;San Vittore del Lazio;39;7;7;0;0;;;;14;3;7;0;0;;;;10;24
60070;San Vittore del Lazio;40;7;7;1;0;;;;15;8;6;0;0;;;;14;29
60070;San Vittore del Lazio;41;7;10;1;0;;;;18;8;7;0;0;;;;15;33
60070;San Vittore del Lazio;42;6;5;0;0;;;;11;0;9;0;0;;;;9;20
60070;San Vittore del Lazio;43;4;11;0;0;;;;15;2;20;2;1;;;;25;40
60070;San Vittore del Lazio;44;8;7;0;0;;;;15;4;12;1;0;;;;17;32
60070;San Vittore del Lazio;45;3;14;1;0;;;;18;4;11;1;0;;;;16;34
60070;San Vittore del Lazio;46;3;11;0;0;;;;14;5;3;0;0;;;;8;22
60070;San Vittore del Lazio;47;1;11;2;0;;;;14;3;5;1;1;;;;10;24
60070;San Vittore del Lazio;48;5;11;4;0;;;;20;2;16;3;0;;;;21;41
60070;San Vittore del Lazio;49;2;9;2;0;;;;13;3;11;0;1;;;;15;28
60070;San Vittore del Lazio;50;5;14;3;0;;;;22;3;7;0;0;;;;10;32
60070;San Vittore del Lazio;51;2;8;2;0;;;;12;1;20;1;0;;;;22;34
60070;San Vittore del Lazio;52;4;15;3;1;;;;23;0;10;1;0;;;;11;34
60070;San Vittore del Lazio;53;4;14;0;0;;;;18;1;12;0;0;;;;13;31
60070;San Vittore del Lazio;54;1;12;4;1;;;;18;0;20;4;0;;;;24;42
60070;San Vittore del Lazio;55;3;22;2;0;;;;27;2;19;0;0;;;;21;48
60070;San Vittore del Lazio;56;1;14;3;0;;;;18;2;24;3;0;;;;29;47
60070;San Vittore del Lazio;57;7;17;1;1;;;;26;0;17;0;2;;;;19;45
60070;San Vittore del Lazio;58;6;12;0;0;;;;18;1;15;1;1;;;;18;36
60070;San Vittore del Lazio;59;2;20;1;2;;;;25;3;17;1;2;;;;23;48
60070;San Vittore del Lazio;60;0;17;2;0;;;;19;1;16;1;2;;;;20;39
60070;San Vittore del Lazio;61;3;12;3;0;;;;18;1;12;1;2;;;;16;34
60070;San Vittore del Lazio;62;2;20;0;1;;;;23;4;14;1;3;;;;22;45
60070;San Vittore del Lazio;63;5;18;0;0;;;;23;3;14;0;5;;;;22;45
60070;San Vittore del Lazio;64;4;10;0;1;;;;15;3;8;0;2;;;;13;28
60070;San Vittore del Lazio;65;2;24;2;2;;;;30;1;9;0;2;;;;12;42
60070;San Vittore del Lazio;66;3;10;0;0;;;;13;0;13;2;3;;;;18;31
60070;San Vittore del Lazio;67;2;13;1;0;;;;16;1;17;1;5;;;;24;40
60070;San Vittore del Lazio;68;0;8;1;0;;;;9;1;10;0;6;;;;17;26
60070;San Vittore del Lazio;69;0;10;2;2;;;;14;0;9;0;4;;;;13;27
60070;San Vittore del Lazio;70;1;10;0;2;;;;13;1;12;2;2;;;;17;30
60070;San Vittore del Lazio;71;1;13;0;1;;;;15;1;7;1;4;;;;13;28
60070;San Vittore del Lazio;72;1;11;1;3;;;;16;1;7;1;3;;;;12;28
60070;San Vittore del Lazio;73;1;19;0;1;;;;21;0;12;1;3;;;;16;37
60070;San Vittore del Lazio;74;1;11;0;1;;;;13;0;8;0;4;;;;12;25
60070;San Vittore del Lazio;75;0;4;2;1;;;;7;0;4;1;4;;;;9;16
60070;San Vittore del Lazio;76;0;13;1;1;;;;15;0;9;0;5;;;;14;29
60070;San Vittore del Lazio;77;0;11;0;0;;;;11;1;8;0;6;;;;15;26
60070;San Vittore del Lazio;78;0;7;0;0;;;;7;0;5;0;6;;;;11;18
60070;San Vittore del Lazio;79;0;3;0;1;;;;4;0;3;0;4;;;;7;11
60070;San Vittore del Lazio;80;0;3;0;1;;;;4;0;3;0;9;;;;12;16
60070;San Vittore del Lazio;81;0;1;0;3;;;;4;0;1;0;2;;;;3;7
60070;San Vittore del Lazio;82;0;2;0;1;;;;3;0;2;0;6;;;;8;11
60070;San Vittore del Lazio;83;1;3;0;1;;;;5;0;1;0;2;;;;3;8
60070;San Vittore del Lazio;84;0;6;0;2;;;;8;0;4;0;8;;;;12;20
60070;San Vittore del Lazio;85;0;2;0;2;;;;4;1;1;0;4;;;;6;10
60070;San Vittore del Lazio;86;0;4;0;0;;;;4;0;0;0;5;;;;5;9
60070;San Vittore del Lazio;87;0;4;0;3;;;;7;0;2;0;9;;;;11;18
60070;San Vittore del Lazio;88;0;0;0;1;;;;1;0;2;0;6;;;;8;9
60070;San Vittore del Lazio;89;0;0;0;1;;;;1;0;1;0;4;;;;5;6
60070;San Vittore del Lazio;90;0;4;0;0;;;;4;0;2;0;8;;;;10;14
60070;San Vittore del Lazio;91;0;1;0;1;;;;2;0;3;0;1;;;;4;6
60070;San Vittore del Lazio;92;0;0;0;0;;;;0;0;1;0;4;;;;5;5
60070;San Vittore del Lazio;93;0;0;0;1;;;;1;0;0;0;1;;;;1;2
60070;San Vittore del Lazio;94;0;0;0;0;;;;0;0;0;0;0;;;;0;0
60070;San Vittore del Lazio;95;0;2;0;0;;;;2;0;0;0;1;;;;1;3
60070;San Vittore del Lazio;96;0;0;0;0;;;;0;0;0;0;0;;;;0;0
60070;San Vittore del Lazio;97;0;1;0;0;;;;1;0;0;0;1;;;;1;2
60070;San Vittore del Lazio;98;0;1;0;0;;;;1;0;0;0;1;;;;1;2
60070;San Vittore del Lazio;99;0;0;0;0;;;;0;0;0;0;0;;;;0;0
60070;San Vittore del Lazio;100;0;0;0;0;;;;0;0;0;0;1;;;;1;1
60070;San Vittore del Lazio;999;513;572;45;39;;;;1169;414;542;35;156;;;;1147;2316
60071;Serrone;0;5;0;0;0;;;;5;9;0;0;0;;;;9;14
60071;Serrone;1;11;0;0;0;;;;11;3;0;0;0;;;;3;14
60071;Serrone;2;6;0;0;0;;;;6;5;0;0;0;;;;5;11
60071;Serrone;3;12;0;0;0;;;;12;5;0;0;0;;;;5;17
60071;Serrone;4;18;0;0;0;;;;18;7;0;0;0;;;;7;25
60071;Serrone;5;9;0;0;0;;;;9;7;0;0;0;;;;7;16
60071;Serrone;6;8;0;0;0;;;;8;16;0;0;0;;;;16;24
60071;Serrone;7;12;0;0;0;;;;12;6;0;0;0;;;;6;18
60071;Serrone;8;15;0;0;0;;;;15;10;0;0;0;;;;10;25
60071;Serrone;9;7;0;0;0;;;;7;13;0;0;0;;;;13;20
60071;Serrone;10;13;0;0;0;;;;13;15;0;0;0;;;;15;28
60071;Serrone;11;13;0;0;0;;;;13;12;0;0;0;;;;12;25
60071;Serrone;12;12;0;0;0;;;;12;15;0;0;0;;;;15;27
60071;Serrone;13;13;0;0;0;;;;13;15;0;0;0;;;;15;28
60071;Serrone;14;13;0;0;0;;;;13;16;0;0;0;;;;16;29
60071;Serrone;15;11;0;0;0;;;;11;20;0;0;0;;;;20;31
60071;Serrone;16;22;0;0;0;;;;22;16;0;0;0;;;;16;38
60071;Serrone;17;15;0;0;0;;;;15;12;0;0;0;;;;12;27
60071;Serrone;18;8;0;0;0;;;;8;20;0;0;0;;;;20;28
60071;Serrone;19;14;0;0;0;;;;14;18;0;0;0;;;;18;32
60071;Serrone;20;10;0;0;0;;;;10;12;0;0;0;;;;12;22
60071;Serrone;21;12;0;0;0;;;;12;11;1;0;0;;;;12;24
60071;Serrone;22;20;0;0;0;;;;20;12;0;0;0;;;;12;32
60071;Serrone;23;17;0;0;0;;;;17;7;0;0;0;;;;7;24
60071;Serrone;24;15;0;0;0;;;;15;7;0;0;0;;;;7;22
60071;Serrone;25;11;0;0;0;;;;11;11;0;0;0;;;;11;22
60071;Serrone;26;12;0;0;0;;;;12;16;0;0;0;;;;16;28
60071;Serrone;27;14;0;0;0;;;;14;5;1;0;0;;;;6;20
60071;Serrone;28;11;1;0;0;;;;12;11;1;0;0;;;;12;24
60071;Serrone;29;11;0;0;0;;;;11;5;2;0;0;;;;7;18
60071;Serrone;30;7;1;0;0;;;;8;9;5;1;0;;;;15;23
60071;Serrone;31;12;2;0;0;;;;14;8;4;0;0;;;;12;26
60071;Serrone;32;13;2;0;0;;;;15;12;1;0;0;;;;13;28
60071;Serrone;33;7;3;0;0;;;;10;9;3;0;0;;;;12;22
60071;Serrone;34;10;0;0;0;;;;10;7;5;0;0;;;;12;22
60071;Serrone;35;10;3;0;0;;;;13;9;5;0;0;;;;14;27
60071;Serrone;36;10;4;0;0;;;;14;11;3;0;0;;;;14;28
60071;Serrone;37;15;6;0;0;;;;21;12;5;0;0;;;;17;38
60071;Serrone;38;12;3;1;0;;;;16;9;7;1;0;;;;17;33
60071;Serrone;39;10;4;1;0;;;;15;6;9;0;0;;;;15;30
60071;Serrone;40;11;9;0;0;;;;20;6;14;0;0;;;;20;40
60071;Serrone;41;6;4;0;0;;;;10;7;8;1;0;;;;16;26
60071;Serrone;42;14;7;0;0;;;;21;3;9;0;0;;;;12;33
60071;Serrone;43;7;6;1;0;;;;14;11;18;0;1;;;;30;44
60071;Serrone;44;7;18;1;0;;;;26;8;18;2;0;;;;28;54
60071;Serrone;45;9;14;1;0;;;;24;9;6;1;0;;;;16;40
60071;Serrone;46;11;15;0;0;;;;26;4;15;2;0;;;;21;47
60071;Serrone;47;11;13;1;0;;;;25;6;14;2;1;;;;23;48
60071;Serrone;48;9;15;0;0;;;;24;3;11;1;1;;;;16;40
60071;Serrone;49;15;17;3;0;;;;35;5;19;2;1;;;;27;62
60071;Serrone;50;9;13;0;0;;;;22;6;19;3;0;;;;28;50
60071;Serrone;51;10;16;1;0;;;;27;5;16;0;2;;;;23;50
60071;Serrone;52;12;16;2;0;;;;30;4;24;1;2;;;;31;61
60071;Serrone;53;13;17;3;0;;;;33;4;22;2;0;;;;28;61
60071;Serrone;54;7;17;1;0;;;;25;5;12;2;1;;;;20;45
60071;Serrone;55;5;19;1;0;;;;25;1;19;1;1;;;;22;47
60071;Serrone;56;7;17;0;0;;;;24;4;19;1;0;;;;24;48
60071;Serrone;57;5;23;1;0;;;;29;2;14;3;0;;;;19;48
60071;Serrone;58;2;25;2;0;;;;29;4;15;0;2;;;;21;50
60071;Serrone;59;4;28;0;0;;;;32;7;16;2;0;;;;25;57
60071;Serrone;60;5;21;1;1;;;;28;3;19;0;1;;;;23;51
60071;Serrone;61;2;9;2;0;;;;13;1;17;1;2;;;;21;34
60071;Serrone;62;3;12;2;0;;;;17;2;20;0;1;;;;23;40
60071;Serrone;63;0;8;1;0;;;;9;2;19;1;3;;;;25;34
60071;Serrone;64;2;17;2;2;;;;23;0;14;2;4;;;;20;43
60071;Serrone;65;1;15;2;0;;;;18;1;15;0;3;;;;19;37
60071;Serrone;66;2;17;1;2;;;;22;3;23;2;8;;;;36;58
60071;Serrone;67;2;24;2;0;;;;28;0;13;0;3;;;;16;44
60071;Serrone;68;2;19;1;1;;;;23;2;17;1;5;;;;25;48
60071;Serrone;69;2;13;3;0;;;;18;1;10;1;6;;;;18;36
60071;Serrone;70;0;11;0;0;;;;11;1;8;0;3;;;;12;23
60071;Serrone;71;2;16;1;3;;;;22;1;12;0;8;;;;21;43
60071;Serrone;72;0;14;0;1;;;;15;2;17;0;1;;;;20;35
60071;Serrone;73;1;17;2;2;;;;22;0;13;0;9;;;;22;44
60071;Serrone;74;1;17;0;1;;;;19;1;9;1;6;;;;17;36
60071;Serrone;75;2;12;0;0;;;;14;0;10;0;11;;;;21;35
60071;Serrone;76;2;15;0;0;;;;17;2;17;2;4;;;;25;42
60071;Serrone;77;1;16;0;1;;;;18;1;15;0;3;;;;19;37
60071;Serrone;78;3;10;0;1;;;;14;0;7;0;7;;;;14;28
60071;Serrone;79;0;14;0;2;;;;16;0;6;0;9;;;;15;31
60071;Serrone;80;1;13;0;3;;;;17;0;5;0;6;;;;11;28
60071;Serrone;81;1;7;1;0;;;;9;1;4;0;6;;;;11;20
60071;Serrone;82;2;6;0;1;;;;9;0;2;0;9;;;;11;20
60071;Serrone;83;0;4;0;5;;;;9;0;3;0;3;;;;6;15
60071;Serrone;84;1;9;1;1;;;;12;0;3;0;6;;;;9;21
60071;Serrone;85;0;2;1;3;;;;6;0;0;0;4;;;;4;10
60071;Serrone;86;0;5;0;2;;;;7;0;2;0;8;;;;10;17
60071;Serrone;87;0;1;0;0;;;;1;3;0;0;8;;;;11;12
60071;Serrone;88;0;4;0;0;;;;4;0;1;0;5;;;;6;10
60071;Serrone;89;1;5;0;1;;;;7;0;4;0;6;;;;10;17
60071;Serrone;90;0;4;0;1;;;;5;1;1;0;4;;;;6;11
60071;Serrone;91;0;0;0;0;;;;0;0;0;0;4;;;;4;4
60071;Serrone;92;0;0;0;1;;;;1;0;1;0;4;;;;5;6
60071;Serrone;93;0;1;0;0;;;;1;0;0;0;2;;;;2;3
60071;Serrone;94;0;1;0;1;;;;2;0;0;0;4;;;;4;6
60071;Serrone;95;0;0;0;1;;;;1;0;0;0;2;;;;2;3
60071;Serrone;96;0;1;0;0;;;;1;0;0;0;0;;;;0;1
60071;Serrone;97;0;1;0;0;;;;1;0;0;0;0;;;;0;1
60071;Serrone;98;0;0;0;0;;;;0;0;0;0;0;;;;0;0
60071;Serrone;99;0;0;0;0;;;;0;0;0;0;0;;;;0;0
60071;Serrone;100;0;0;0;0;;;;0;0;0;0;0;;;;0;0
60071;Serrone;999;689;699;43;37;;;;1468;561;667;39;190;;;;1457;2925
60072;Settefrati;0;4;0;0;0;;;;4;3;0;0;0;;;;3;7
60072;Settefrati;1;4;0;0;0;;;;4;1;0;0;0;;;;1;5
60072;Settefrati;2;4;0;0;0;;;;4;5;0;0;0;;;;5;9
60072;Settefrati;3;3;0;0;0;;;;3;2;0;0;0;;;;2;5
60072;Settefrati;4;3;0;0;0;;;;3;1;0;0;0;;;;1;4
60072;Settefrati;5;0;0;0;0;;;;0;5;0;0;0;;;;5;5
60072;Settefrati;6;3;0;0;0;;;;3;2;0;0;0;;;;2;5
60072;Settefrati;7;2;0;0;0;;;;2;1;0;0;0;;;;1;3
60072;Settefrati;8;3;0;0;0;;;;3;3;0;0;0;;;;3;6
60072;Settefrati;9;2;0;0;0;;;;2;5;0;0;0;;;;5;7
60072;Settefrati;10;1;0;0;0;;;;1;3;0;0;0;;;;3;4
60072;Settefrati;11;2;0;0;0;;;;2;2;0;0;0;;;;2;4
60072;Settefrati;12;0;0;0;0;;;;0;3;0;0;0;;;;3;3
60072;Settefrati;13;4;0;0;0;;;;4;1;0;0;0;;;;1;5
60072;Settefrati;14;1;0;0;0;;;;1;1;0;0;0;;;;1;2
60072;Settefrati;15;5;0;0;0;;;;5;2;0;0;0;;;;2;7
60072;Settefrati;16;1;0;0;0;;;;1;1;0;0;0;;;;1;2
60072;Settefrati;17;3;0;0;0;;;;3;3;0;0;0;;;;3;6
60072;Settefrati;18;2;0;0;0;;;;2;3;0;0;0;;;;3;5
60072;Settefrati;19;5;0;0;0;;;;5;1;0;0;0;;;;1;6
60072;Settefrati;20;4;0;0;0;;;;4;2;0;0;0;;;;2;6
60072;Settefrati;21;1;0;0;0;;;;1;2;0;0;0;;;;2;3
60072;Settefrati;22;6;0;0;0;;;;6;5;0;0;0;;;;5;11
60072;Settefrati;23;1;0;0;0;;;;1;3;0;0;0;;;;3;4
60072;Settefrati;24;4;0;0;0;;;;4;4;0;0;0;;;;4;8
60072;Settefrati;25;1;0;0;0;;;;1;2;0;0;0;;;;2;3
60072;Settefrati;26;5;0;0;0;;;;5;2;0;0;0;;;;2;7
60072;Settefrati;27;3;0;0;0;;;;3;4;0;0;0;;;;4;7
60072;Settefrati;28;3;0;0;0;;;;3;3;1;0;0;;;;4;7
60072;Settefrati;29;6;0;0;0;;;;6;2;0;0;0;;;;2;8
60072;Settefrati;30;3;0;0;0;;;;3;4;0;0;0;;;;4;7
60072;Settefrati;31;4;0;0;0;;;;4;7;1;0;0;;;;8;12
60072;Settefrati;32;7;1;0;0;;;;8;1;3;0;0;;;;4;12
60072;Settefrati;33;6;4;0;0;;;;10;2;6;0;0;;;;8;18
60072;Settefrati;34;3;2;0;0;;;;5;6;2;0;0;;;;8;13
60072;Settefrati;35;1;0;0;0;;;;1;1;3;0;0;;;;4;5
60072;Settefrati;36;4;0;0;0;;;;4;2;2;0;0;;;;4;8
60072;Settefrati;37;3;1;0;0;;;;4;4;2;0;0;;;;6;10
60072;Settefrati;38;3;1;0;0;;;;4;1;1;0;0;;;;2;6
60072;Settefrati;39;2;2;0;0;;;;4;1;3;0;0;;;;4;8
60072;Settefrati;40;5;5;0;0;;;;10;2;1;0;0;;;;3;13
60072;Settefrati;41;4;1;1;0;;;;6;2;2;0;0;;;;4;10
60072;Settefrati;42;2;3;0;0;;;;5;1;3;0;0;;;;4;9
60072;Settefrati;43;2;2;0;0;;;;4;3;1;0;0;;;;4;8
60072;Settefrati;44;5;2;0;0;;;;7;2;2;0;0;;;;4;11
60072;Settefrati;45;2;2;0;0;;;;4;0;2;0;0;;;;2;6
60072;Settefrati;46;0;5;0;0;;;;5;1;2;1;0;;;;4;9
60072;Settefrati;47;1;0;1;0;;;;2;2;3;0;0;;;;5;7
60072;Settefrati;48;2;3;1;0;;;;6;0;3;0;0;;;;3;9
60072;Settefrati;49;1;2;0;0;;;;3;2;3;1;0;;;;6;9
60072;Settefrati;50;1;1;0;0;;;;2;1;1;0;0;;;;2;4
60072;Settefrati;51;2;1;1;0;;;;4;2;4;1;0;;;;7;11
60072;Settefrati;52;2;1;0;0;;;;3;0;7;0;0;;;;7;10
60072;Settefrati;53;1;4;0;0;;;;5;1;1;1;0;;;;3;8
60072;Settefrati;54;0;5;0;0;;;;5;1;3;1;0;;;;5;10
60072;Settefrati;55;1;3;0;0;;;;4;0;7;1;0;;;;8;12
60072;Settefrati;56;0;7;1;1;;;;9;1;3;0;0;;;;4;13
60072;Settefrati;57;2;3;0;0;;;;5;0;1;2;0;;;;3;8
60072;Settefrati;58;0;3;0;0;;;;3;2;9;0;2;;;;13;16
60072;Settefrati;59;0;5;1;0;;;;6;1;5;0;1;;;;7;13
60072;Settefrati;60;0;2;0;1;;;;3;1;1;0;0;;;;2;5
60072;Settefrati;61;1;7;0;0;;;;8;0;6;0;0;;;;6;14
60072;Settefrati;62;1;6;0;0;;;;7;3;2;1;1;;;;7;14
60072;Settefrati;63;0;2;0;0;;;;2;0;5;0;0;;;;5;7
60072;Settefrati;64;2;6;0;1;;;;9;0;5;1;0;;;;6;15
60072;Settefrati;65;0;6;1;1;;;;8;2;5;0;1;;;;8;16
60072;Settefrati;66;0;6;0;0;;;;6;0;5;1;0;;;;6;12
60072;Settefrati;67;0;6;0;0;;;;6;0;6;0;1;;;;7;13
60072;Settefrati;68;1;5;0;0;;;;6;0;3;0;2;;;;5;11
60072;Settefrati;69;0;4;1;0;;;;5;0;4;0;1;;;;5;10
60072;Settefrati;70;0;5;0;0;;;;5;0;5;1;1;;;;7;12
60072;Settefrati;71;0;3;0;0;;;;3;1;4;0;0;;;;5;8
60072;Settefrati;72;0;5;0;0;;;;5;0;5;0;2;;;;7;12
60072;Settefrati;73;1;2;0;0;;;;3;0;3;0;1;;;;4;7
60072;Settefrati;74;0;6;0;0;;;;6;0;1;1;1;;;;3;9
60072;Settefrati;75;0;3;0;0;;;;3;0;2;0;0;;;;2;5
60072;Settefrati;76;0;7;0;1;;;;8;0;2;0;1;;;;3;11
60072;Settefrati;77;1;3;0;0;;;;4;0;1;1;1;;;;3;7
60072;Settefrati;78;0;6;0;0;;;;6;0;0;0;0;;;;0;6
60072;Settefrati;79;0;0;0;0;;;;0;0;1;1;1;;;;3;3
60072;Settefrati;80;0;3;0;0;;;;3;0;3;0;1;;;;4;7
60072;Settefrati;81;0;0;0;0;;;;0;0;1;0;0;;;;1;1
60072;Settefrati;82;0;1;0;1;;;;2;0;0;0;1;;;;1;3
60072;Settefrati;83;0;0;0;0;;;;0;1;1;0;2;;;;4;4
60072;Settefrati;84;0;1;0;1;;;;2;0;0;0;1;;;;1;3
60072;Settefrati;85;0;0;0;0;;;;0;0;1;0;3;;;;4;4
60072;Settefrati;86;0;1;0;0;;;;1;0;1;0;2;;;;3;4
60072;Settefrati;87;0;1;0;1;;;;2;0;0;0;1;;;;1;3
60072;Settefrati;88;0;0;0;0;;;;0;1;1;0;3;;;;5;5
60072;Settefrati;89;0;0;0;0;;;;0;0;0;0;2;;;;2;2
60072;Settefrati;90;0;0;0;0;;;;0;0;1;0;1;;;;2;2
60072;Settefrati;91;0;0;0;1;;;;1;0;0;0;1;;;;1;2
60072;Settefrati;92;0;1;0;1;;;;2;0;0;0;2;;;;2;4
60072;Settefrati;93;0;0;0;0;;;;0;0;1;0;0;;;;1;1
60072;Settefrati;94;0;0;0;0;;;;0;0;0;0;1;;;;1;1
60072;Settefrati;95;0;0;0;0;;;;0;0;0;0;0;;;;0;0
60072;Settefrati;96;0;0;0;0;;;;0;0;0;0;0;;;;0;0
60072;Settefrati;97;0;0;0;1;;;;1;0;0;0;1;;;;1;2
60072;Settefrati;98;0;0;0;0;;;;0;0;0;0;0;;;;0;0
60072;Settefrati;99;0;1;0;0;;;;1;0;0;0;0;;;;0;1
60072;Settefrati;100;0;0;0;0;;;;0;0;0;0;0;;;;0;0
60072;Settefrati;999;162;168;8;11;;;;349;139;163;15;39;;;;356;705
60073;Sgurgola;0;7;0;0;0;;;;7;4;0;0;0;;;;4;11
60073;Sgurgola;1;6;0;0;0;;;;6;5;0;0;0;;;;5;11
60073;Sgurgola;2;3;0;0;0;;;;3;5;0;0;0;;;;5;8
60073;Sgurgola;3;7;0;0;0;;;;7;7;0;0;0;;;;7;14
60073;Sgurgola;4;7;0;0;0;;;;7;9;0;0;0;;;;9;16
60073;Sgurgola;5;8;0;0;0;;;;8;9;0;0;0;;;;9;17
60073;Sgurgola;6;5;0;0;0;;;;5;13;0;0;0;;;;13;18
60073;Sgurgola;7;14;0;0;0;;;;14;10;0;0;0;;;;10;24
60073;Sgurgola;8;11;0;0;0;;;;11;9;0;0;0;;;;9;20
60073;Sgurgola;9;9;0;0;0;;;;9;8;0;0;0;;;;8;17
60073;Sgurgola;10;7;0;0;0;;;;7;11;0;0;0;;;;11;18
60073;Sgurgola;11;5;0;0;0;;;;5;5;0;0;0;;;;5;10
60073;Sgurgola;12;9;0;0;0;;;;9;14;0;0;0;;;;14;23
60073;Sgurgola;13;13;0;0;0;;;;13;14;0;0;0;;;;14;27
60073;Sgurgola;14;8;0;0;0;;;;8;12;0;0;0;;;;12;20
60073;Sgurgola;15;14;0;0;0;;;;14;12;0;0;0;;;;12;26
60073;Sgurgola;16;9;0;0;0;;;;9;12;0;0;0;;;;12;21
60073;Sgurgola;17;9;0;0;0;;;;9;10;0;0;0;;;;10;19
60073;Sgurgola;18;14;0;0;0;;;;14;7;0;0;0;;;;7;21
60073;Sgurgola;19;17;0;0;0;;;;17;13;0;0;0;;;;13;30
60073;Sgurgola;20;11;0;0;0;;;;11;20;0;0;0;;;;20;31
60073;Sgurgola;21;7;0;0;0;;;;7;12;0;0;0;;;;12;19
60073;Sgurgola;22;13;0;0;0;;;;13;11;0;0;0;;;;11;24
60073;Sgurgola;23;12;0;0;0;;;;12;11;0;0;0;;;;11;23
60073;Sgurgola;24;11;0;0;0;;;;11;9;0;0;0;;;;9;20
60073;Sgurgola;25;18;0;0;0;;;;18;8;0;0;0;;;;8;26
60073;Sgurgola;26;9;0;0;0;;;;9;16;0;0;0;;;;16;25
60073;Sgurgola;27;13;0;0;0;;;;13;16;0;0;0;;;;16;29
60073;Sgurgola;28;9;0;0;0;;;;9;11;2;0;0;;;;13;22
60073;Sgurgola;29;10;0;1;0;;;;11;6;2;0;0;;;;8;19
60073;Sgurgola;30;12;0;0;0;;;;12;5;0;0;0;;;;5;17
60073;Sgurgola;31;8;1;0;0;;;;9;5;3;0;0;;;;8;17
60073;Sgurgola;32;9;1;0;0;;;;10;9;6;1;0;;;;16;26
60073;Sgurgola;33;8;0;0;0;;;;8;8;6;0;0;;;;14;22
60073;Sgurgola;34;11;9;0;0;;;;20;2;8;0;0;;;;10;30
60073;Sgurgola;35;12;6;0;0;;;;18;3;6;0;0;;;;9;27
60073;Sgurgola;36;5;6;0;0;;;;11;7;4;0;0;;;;11;22
60073;Sgurgola;37;5;6;0;0;;;;11;6;7;1;0;;;;14;25
60073;Sgurgola;38;10;7;0;0;;;;17;7;2;0;0;;;;9;26
60073;Sgurgola;39;7;6;1;0;;;;14;3;8;1;0;;;;12;26
60073;Sgurgola;40;4;8;1;0;;;;13;8;9;1;0;;;;18;31
60073;Sgurgola;41;11;3;1;0;;;;15;2;3;2;1;;;;8;23
60073;Sgurgola;42;9;10;0;0;;;;19;2;15;2;0;;;;19;38
60073;Sgurgola;43;6;7;0;0;;;;13;2;11;0;0;;;;13;26
60073;Sgurgola;44;2;12;0;0;;;;14;3;7;0;0;;;;10;24
60073;Sgurgola;45;5;9;0;0;;;;14;2;10;0;0;;;;12;26
60073;Sgurgola;46;8;10;1;0;;;;19;3;14;0;0;;;;17;36
60073;Sgurgola;47;7;5;3;0;;;;15;6;12;3;0;;;;21;36
60073;Sgurgola;48;5;11;0;0;;;;16;6;15;1;0;;;;22;38
60073;Sgurgola;49;3;16;3;0;;;;22;2;19;0;0;;;;21;43
60073;Sgurgola;50;6;14;1;0;;;;21;2;20;0;2;;;;24;45
60073;Sgurgola;51;5;5;1;0;;;;11;1;10;1;0;;;;12;23
60073;Sgurgola;52;9;15;2;0;;;;26;4;17;1;1;;;;23;49
60073;Sgurgola;53;5;18;2;0;;;;25;3;15;1;1;;;;20;45
60073;Sgurgola;54;4;10;2;0;;;;16;3;12;1;0;;;;16;32
60073;Sgurgola;55;7;21;0;1;;;;29;1;18;1;1;;;;21;50
60073;Sgurgola;56;4;13;0;1;;;;18;3;23;0;0;;;;26;44
60073;Sgurgola;57;3;10;0;0;;;;13;2;19;0;0;;;;21;34
60073;Sgurgola;58;5;18;3;0;;;;26;3;10;1;0;;;;14;40
60073;Sgurgola;59;3;14;0;2;;;;19;1;15;0;2;;;;18;37
60073;Sgurgola;60;1;18;3;1;;;;23;5;13;2;1;;;;21;44
60073;Sgurgola;61;3;21;1;0;;;;25;2;10;3;2;;;;17;42
60073;Sgurgola;62;2;15;1;0;;;;18;3;17;3;1;;;;24;42
60073;Sgurgola;63;4;8;2;0;;;;14;8;15;0;3;;;;26;40
60073;Sgurgola;64;7;14;2;0;;;;23;1;18;1;1;;;;21;44
60073;Sgurgola;65;4;7;0;1;;;;12;0;9;0;1;;;;10;22
60073;Sgurgola;66;3;15;0;0;;;;18;1;9;1;4;;;;15;33
60073;Sgurgola;67;1;13;0;0;;;;14;0;7;2;4;;;;13;27
60073;Sgurgola;68;4;17;0;0;;;;21;0;11;1;1;;;;13;34
60073;Sgurgola;69;1;11;1;2;;;;15;1;8;0;6;;;;15;30
60073;Sgurgola;70;0;12;1;0;;;;13;0;7;0;3;;;;10;23
60073;Sgurgola;71;1;8;0;1;;;;10;1;13;1;2;;;;17;27
60073;Sgurgola;72;0;7;0;0;;;;7;1;7;1;1;;;;10;17
60073;Sgurgola;73;2;14;0;0;;;;16;0;6;1;6;;;;13;29
60073;Sgurgola;74;1;11;1;0;;;;13;1;4;0;1;;;;6;19
60073;Sgurgola;75;2;5;2;3;;;;12;1;4;0;8;;;;13;25
60073;Sgurgola;76;0;10;0;1;;;;11;0;7;1;5;;;;13;24
60073;Sgurgola;77;1;13;1;1;;;;16;2;9;0;13;;;;24;40
60073;Sgurgola;78;1;9;0;0;;;;10;1;4;0;3;;;;8;18
60073;Sgurgola;79;0;4;0;1;;;;5;0;7;1;3;;;;11;16
60073;Sgurgola;80;1;8;0;3;;;;12;1;2;0;5;;;;8;20
60073;Sgurgola;81;0;5;0;0;;;;5;0;7;0;5;;;;12;17
60073;Sgurgola;82;2;6;0;1;;;;9;1;5;0;6;;;;12;21
60073;Sgurgola;83;1;5;0;1;;;;7;1;0;0;6;;;;7;14
60073;Sgurgola;84;1;3;0;2;;;;6;0;0;1;16;;;;17;23
60073;Sgurgola;85;0;5;0;1;;;;6;0;2;0;6;;;;8;14
60073;Sgurgola;86;0;2;0;0;;;;2;0;2;0;11;;;;13;15
60073;Sgurgola;87;2;3;0;1;;;;6;0;0;0;7;;;;7;13
60073;Sgurgola;88;0;1;0;2;;;;3;0;0;0;5;;;;5;8
60073;Sgurgola;89;0;2;0;0;;;;2;0;1;0;5;;;;6;8
60073;Sgurgola;90;0;0;0;0;;;;0;0;2;0;8;;;;10;10
60073;Sgurgola;91;0;2;0;1;;;;3;0;0;0;6;;;;6;9
60073;Sgurgola;92;0;0;0;0;;;;0;0;0;0;4;;;;4;4
60073;Sgurgola;93;0;1;0;0;;;;1;0;0;0;4;;;;4;5
60073;Sgurgola;94;0;1;0;0;;;;1;0;1;0;1;;;;2;3
60073;Sgurgola;95;0;0;0;1;;;;1;0;0;0;0;;;;0;1
60073;Sgurgola;96;0;1;0;1;;;;2;0;0;0;1;;;;1;3
60073;Sgurgola;97;0;0;0;0;;;;0;0;0;0;1;;;;1;1
60073;Sgurgola;98;0;0;0;0;;;;0;0;0;0;1;;;;1;1
60073;Sgurgola;99;0;0;0;0;;;;0;0;0;0;1;;;;1;1
60073;Sgurgola;100;0;0;0;0;;;;0;0;0;0;0;;;;0;0
60073;Sgurgola;999;538;548;37;29;;;;1152;454;535;37;176;;;;1202;2354
60074;Sora;0;77;0;0;0;0;0;0;77;67;0;0;0;0;0;0;67;144
60074;Sora;1;75;0;0;0;0;0;0;75;77;0;0;0;0;0;0;77;152
60074;Sora;2;83;0;0;0;0;0;0;83;76;0;0;0;0;0;0;76;159
60074;Sora;3;96;0;0;0;0;0;0;96;61;0;0;0;0;0;0;61;157
60074;Sora;4;71;0;0;0;0;0;0;71;69;0;0;0;0;0;0;69;140
60074;Sora;5;85;0;0;0;0;0;0;85;70;0;0;0;0;0;0;70;155
60074;Sora;6;106;0;0;0;0;0;0;106;71;0;0;0;0;0;0;71;177
60074;Sora;7;96;0;0;0;0;0;0;96;101;0;0;0;0;0;0;101;197
60074;Sora;8;116;0;0;0;0;0;0;116;109;0;0;0;0;0;0;109;225
60074;Sora;9;90;0;0;0;0;0;0;90;104;0;0;0;0;0;0;104;194
60074;Sora;10;122;0;0;0;0;0;0;122;102;0;0;0;0;0;0;102;224
60074;Sora;11;108;0;0;0;0;0;0;108;103;0;0;0;0;0;0;103;211
60074;Sora;12;122;0;0;0;0;0;0;122;117;0;0;0;0;0;0;117;239
60074;Sora;13;113;0;0;0;0;0;0;113;94;0;0;0;0;0;0;94;207
60074;Sora;14;120;0;0;0;0;0;0;120;110;0;0;0;0;0;0;110;230
60074;Sora;15;114;0;0;0;0;0;0;114;104;0;0;0;0;0;0;104;218
60074;Sora;16;121;0;0;0;0;0;0;121;111;0;0;0;0;0;0;111;232
60074;Sora;17;123;0;0;0;0;0;0;123;111;0;0;0;0;0;0;111;234
60074;Sora;18;124;0;0;0;0;0;0;124;104;0;0;0;0;0;0;104;228
60074;Sora;19;127;0;0;0;0;0;0;127;113;0;0;0;0;0;0;113;240
60074;Sora;20;112;0;0;0;0;0;0;112;105;1;0;0;0;0;0;106;218
60074;Sora;21;133;0;0;0;0;0;0;133;122;0;0;0;0;0;0;122;255
60074;Sora;22;126;1;0;0;0;0;0;127;112;0;0;0;0;0;0;112;239
60074;Sora;23;131;0;0;0;0;0;0;131;127;1;0;0;0;0;0;128;259
60074;Sora;24;137;0;0;0;0;0;0;137;119;1;0;0;0;0;0;120;257
60074;Sora;25;142;1;0;0;0;0;0;143;99;5;0;0;0;0;0;104;247
60074;Sora;26;135;3;0;0;1;0;0;139;103;8;0;0;0;0;0;111;250
60074;Sora;27;137;2;0;0;0;0;0;139;93;6;0;0;0;0;0;99;238
60074;Sora;28;143;6;0;0;0;0;0;149;104;12;0;0;0;0;0;116;265
60074;Sora;29;137;9;0;0;0;0;0;146;93;20;0;0;0;0;0;113;259
60074;Sora;30;133;14;0;0;0;0;0;147;90;21;0;0;0;0;0;111;258
60074;Sora;31;128;12;0;0;0;0;0;140;83;32;0;0;0;0;0;115;255
60074;Sora;32;140;22;1;0;0;0;0;163;67;39;1;0;0;0;0;107;270
60074;Sora;33;119;33;1;0;0;0;0;153;92;42;1;0;0;0;0;135;288
60074;Sora;34;122;33;1;0;0;0;0;156;89;62;1;0;0;0;0;152;308
60074;Sora;35;99;38;0;0;0;0;0;137;67;68;3;0;0;0;0;138;275
60074;Sora;36;111;50;1;0;1;0;0;163;76;53;1;0;0;0;0;130;293
60074;Sora;37;108;55;2;0;0;0;0;165;67;78;2;0;0;0;0;147;312
60074;Sora;38;77;59;2;1;0;0;0;139;57;64;6;0;0;0;0;127;266
60074;Sora;39;95;52;3;0;0;0;0;150;66;72;7;0;0;0;0;145;295
60074;Sora;40;80;65;0;1;0;0;0;146;57;95;7;0;0;0;0;159;305
60074;Sora;41;79;80;0;0;1;0;0;160;51;96;7;1;0;0;0;155;315
60074;Sora;42;81;74;2;1;0;0;0;158;59;85;6;2;0;0;0;152;310
60074;Sora;43;64;94;6;0;0;0;0;164;53;81;13;2;0;0;0;149;313
60074;Sora;44;67;90;6;0;0;0;0;163;47;119;9;1;0;0;0;176;339
60074;Sora;45;74;86;8;0;0;0;0;168;39;93;3;4;0;0;0;139;307
60074;Sora;46;56;108;5;0;1;0;0;170;54;123;11;4;0;0;0;192;362
60074;Sora;47;62;97;4;0;1;0;0;164;42;111;10;5;0;0;0;168;332
60074;Sora;48;64;97;10;0;0;0;0;171;36;145;13;5;0;0;0;199;370
60074;Sora;49;57;121;9;1;1;0;0;189;34;109;12;2;0;0;0;157;346
60074;Sora;50;69;134;8;1;0;0;0;212;31;140;8;5;0;0;0;184;396
60074;Sora;51;40;107;10;2;0;0;0;159;28;146;14;5;0;0;0;193;352
60074;Sora;52;53;111;10;1;0;0;0;175;25;142;18;5;0;0;0;190;365
60074;Sora;53;50;138;16;2;0;0;0;206;27;152;16;8;0;0;0;203;409
60074;Sora;54;38;125;11;1;0;0;0;175;28;138;23;6;0;0;0;195;370
60074;Sora;55;33;144;9;3;0;0;0;189;25;144;13;6;0;0;0;188;377
60074;Sora;56;29;146;10;1;0;0;0;186;20;164;18;11;0;0;0;213;399
60074;Sora;57;26;158;8;3;0;0;0;195;22;180;19;10;0;0;0;231;426
60074;Sora;58;34;157;6;3;0;0;0;200;28;158;11;9;0;0;0;206;406
60074;Sora;59;28;159;9;4;0;0;0;200;18;158;12;4;0;0;0;192;392
60074;Sora;60;28;145;14;2;0;0;0;189;18;178;16;15;0;0;0;227;416
60074;Sora;61;26;151;8;8;0;0;0;193;20;173;19;11;0;0;0;223;416
60074;Sora;62;27;156;8;2;0;0;0;193;23;150;14;25;0;0;0;212;405
60074;Sora;63;14;163;11;4;0;0;0;192;21;145;8;16;0;0;0;190;382
60074;Sora;64;14;152;6;9;0;0;0;181;10;145;9;15;0;0;0;179;360
60074;Sora;65;15;140;8;5;0;0;0;168;14;155;4;34;0;0;0;207;375
60074;Sora;66;18;134;9;4;0;0;0;165;12;126;14;36;0;0;0;188;353
60074;Sora;67;15;141;6;9;0;0;0;171;15;144;6;22;0;0;0;187;358
60074;Sora;68;10;104;5;5;0;0;0;124;7;104;7;33;0;0;0;151;275
60074;Sora;69;10;143;8;4;0;0;0;165;7;131;9;39;0;0;0;186;351
60074;Sora;70;6;131;6;8;0;0;0;151;10;113;8;39;0;0;0;170;321
60074;Sora;71;10;121;4;7;0;0;0;142;9;103;6;36;0;0;0;154;296
60074;Sora;72;10;131;1;7;0;0;0;149;14;86;8;37;0;0;0;145;294
60074;Sora;73;7;118;3;2;0;0;0;130;8;98;4;39;0;0;0;149;279
60074;Sora;74;5;124;0;12;0;0;0;141;8;106;2;43;0;0;0;159;300
60074;Sora;75;5;97;7;10;0;0;0;119;14;74;5;39;0;0;0;132;251
60074;Sora;76;7;113;1;15;0;0;0;136;10;81;5;64;0;0;0;160;296
60074;Sora;77;4;114;4;9;0;0;0;131;9;76;2;64;0;0;0;151;282
60074;Sora;78;1;97;2;13;0;0;0;113;8;70;3;67;0;0;0;148;261
60074;Sora;79;5;63;2;5;0;0;0;75;5;40;2;48;0;0;0;95;170
60074;Sora;80;2;59;0;14;0;0;0;75;7;52;2;50;0;0;0;111;186
60074;Sora;81;3;56;2;8;0;0;0;69;4;45;5;49;0;0;0;103;172
60074;Sora;82;1;47;0;9;0;0;0;57;2;38;1;46;0;0;0;87;144
60074;Sora;83;1;58;0;14;0;0;0;73;5;33;1;64;0;0;0;103;176
60074;Sora;84;3;65;2;19;0;0;0;89;5;27;3;71;0;0;0;106;195
60074;Sora;85;2;47;0;17;0;0;0;66;1;18;1;64;0;0;0;84;150
60074;Sora;86;1;47;0;12;0;0;0;60;1;24;0;73;0;0;0;98;158
60074;Sora;87;1;22;0;12;0;0;0;35;4;13;0;63;0;0;0;80;115
60074;Sora;88;0;33;1;9;0;0;0;43;4;13;0;60;0;0;0;77;120
60074;Sora;89;0;15;1;9;0;0;0;25;0;5;1;49;0;0;0;55;80
60074;Sora;90;1;22;0;7;0;0;0;30;2;4;0;43;0;0;0;49;79
60074;Sora;91;0;11;0;11;0;0;0;22;3;4;0;33;0;0;0;40;62
60074;Sora;92;0;11;0;5;0;0;0;16;3;1;0;29;0;0;0;33;49
60074;Sora;93;1;7;0;4;0;0;0;12;0;0;0;23;0;0;0;23;35
60074;Sora;94;0;4;0;5;0;0;0;9;0;1;0;19;0;0;0;20;29
60074;Sora;95;0;2;0;5;0;0;0;7;0;2;1;16;0;0;0;19;26
60074;Sora;96;0;2;0;1;0;0;0;3;4;0;0;15;0;0;0;19;22
60074;Sora;97;0;1;0;3;0;0;0;4;2;2;0;4;0;0;0;8;12
60074;Sora;98;0;0;0;2;0;0;0;2;0;0;1;6;0;0;0;7;9
60074;Sora;99;0;0;0;1;0;0;0;1;0;0;0;5;0;0;0;5;6
60074;Sora;100;0;0;0;1;0;0;0;1;0;0;0;7;0;0;0;7;8
60074;Sora;999;5891;5728;277;333;6;0;0;12235;4718;5744;432;1606;0;0;0;12500;24735
60075;Strangolagalli;0;11;0;0;0;;;;11;6;0;0;0;;;;6;17
60075;Strangolagalli;1;10;0;0;0;;;;10;9;0;0;0;;;;9;19
60075;Strangolagalli;2;10;0;0;0;;;;10;11;0;0;0;;;;11;21
60075;Strangolagalli;3;4;0;0;0;;;;4;8;0;0;0;;;;8;12
60075;Strangolagalli;4;11;0;0;0;;;;11;6;0;0;0;;;;6;17
60075;Strangolagalli;5;8;0;0;0;;;;8;9;0;0;0;;;;9;17
60075;Strangolagalli;6;9;0;0;0;;;;9;13;0;0;0;;;;13;22
60075;Strangolagalli;7;4;0;0;0;;;;4;6;0;0;0;;;;6;10
60075;Strangolagalli;8;12;0;0;0;;;;12;6;0;0;0;;;;6;18
60075;Strangolagalli;9;8;0;0;0;;;;8;17;0;0;0;;;;17;25
60075;Strangolagalli;10;11;0;0;0;;;;11;8;0;0;0;;;;8;19
60075;Strangolagalli;11;15;0;0;0;;;;15;7;0;0;0;;;;7;22
60075;Strangolagalli;12;5;0;0;0;;;;5;6;0;0;0;;;;6;11
60075;Strangolagalli;13;11;0;0;0;;;;11;12;0;0;0;;;;12;23
60075;Strangolagalli;14;7;0;0;0;;;;7;13;0;0;0;;;;13;20
60075;Strangolagalli;15;12;0;0;0;;;;12;9;0;0;0;;;;9;21
60075;Strangolagalli;16;6;0;0;0;;;;6;9;0;0;0;;;;9;15
60075;Strangolagalli;17;12;0;0;0;;;;12;4;0;0;0;;;;4;16
60075;Strangolagalli;18;11;0;0;0;;;;11;11;0;0;0;;;;11;22
60075;Strangolagalli;19;13;0;0;0;;;;13;10;0;0;0;;;;10;23
60075;Strangolagalli;20;7;0;0;0;;;;7;11;0;0;0;;;;11;18
60075;Strangolagalli;21;10;0;0;0;;;;10;15;0;0;0;;;;15;25
60075;Strangolagalli;22;13;0;0;0;;;;13;6;0;0;0;;;;6;19
60075;Strangolagalli;23;10;0;0;0;;;;10;8;0;0;0;;;;8;18
60075;Strangolagalli;24;11;1;0;0;;;;12;11;1;0;0;;;;12;24
60075;Strangolagalli;25;15;0;0;0;;;;15;16;1;0;0;;;;17;32
60075;Strangolagalli;26;20;1;0;0;;;;21;8;2;0;0;;;;10;31
60075;Strangolagalli;27;12;1;0;0;;;;13;10;0;0;0;;;;10;23
60075;Strangolagalli;28;13;0;0;0;;;;13;8;1;0;0;;;;9;22
60075;Strangolagalli;29;17;0;0;0;;;;17;12;2;0;0;;;;14;31
60075;Strangolagalli;30;9;1;0;0;;;;10;11;4;0;0;;;;15;25
60075;Strangolagalli;31;11;3;0;0;;;;14;11;5;0;0;;;;16;30
60075;Strangolagalli;32;9;2;0;0;;;;11;5;5;0;0;;;;10;21
60075;Strangolagalli;33;4;4;0;0;;;;8;10;5;0;0;;;;15;23
60075;Strangolagalli;34;10;4;0;0;;;;14;3;9;1;0;;;;13;27
60075;Strangolagalli;35;10;6;0;0;;;;16;5;6;0;0;;;;11;27
60075;Strangolagalli;36;7;7;0;0;;;;14;5;10;0;0;;;;15;29
60075;Strangolagalli;37;11;6;0;0;;;;17;6;6;0;0;;;;12;29
60075;Strangolagalli;38;4;10;0;0;;;;14;9;11;0;0;;;;20;34
60075;Strangolagalli;39;10;6;0;0;;;;16;2;9;0;0;;;;11;27
60075;Strangolagalli;40;2;12;0;0;;;;14;3;8;1;1;;;;13;27
60075;Strangolagalli;41;4;16;0;1;;;;21;4;7;0;0;;;;11;32
60075;Strangolagalli;42;4;5;0;0;;;;9;5;14;0;0;;;;19;28
60075;Strangolagalli;43;9;7;0;0;;;;16;2;3;1;0;;;;6;22
60075;Strangolagalli;44;8;11;0;0;;;;19;3;10;0;1;;;;14;33
60075;Strangolagalli;45;5;6;0;0;;;;11;2;9;0;0;;;;11;22
60075;Strangolagalli;46;2;11;0;0;;;;13;6;7;1;0;;;;14;27
60075;Strangolagalli;47;2;9;0;0;;;;11;2;13;0;0;;;;15;26
60075;Strangolagalli;48;4;10;0;0;;;;14;1;18;1;0;;;;20;34
60075;Strangolagalli;49;1;6;0;0;;;;7;2;16;0;0;;;;18;25
60075;Strangolagalli;50;3;7;2;0;;;;12;2;11;0;1;;;;14;26
60075;Strangolagalli;51;5;16;1;0;;;;22;2;11;0;0;;;;13;35
60075;Strangolagalli;52;0;17;0;0;;;;17;1;19;0;0;;;;20;37
60075;Strangolagalli;53;5;11;1;0;;;;17;0;19;2;0;;;;21;38
60075;Strangolagalli;54;3;15;0;0;;;;18;2;14;0;1;;;;17;35
60075;Strangolagalli;55;5;13;1;0;;;;19;0;14;2;1;;;;17;36
60075;Strangolagalli;56;1;16;1;0;;;;18;1;18;3;0;;;;22;40
60075;Strangolagalli;57;1;22;1;0;;;;24;2;21;0;1;;;;24;48
60075;Strangolagalli;58;2;20;1;0;;;;23;1;22;1;2;;;;26;49
60075;Strangolagalli;59;2;10;0;0;;;;12;0;15;1;1;;;;17;29
60075;Strangolagalli;60;2;18;1;0;;;;21;0;14;1;1;;;;16;37
60075;Strangolagalli;61;1;19;0;0;;;;20;0;17;0;0;;;;17;37
60075;Strangolagalli;62;0;14;0;0;;;;14;0;15;0;0;;;;15;29
60075;Strangolagalli;63;0;17;0;0;;;;17;1;15;0;1;;;;17;34
60075;Strangolagalli;64;0;15;1;0;;;;16;1;14;0;4;;;;19;35
60075;Strangolagalli;65;2;11;1;0;;;;14;0;19;0;2;;;;21;35
60075;Strangolagalli;66;1;14;0;0;;;;15;2;14;1;6;;;;23;38
60075;Strangolagalli;67;1;19;0;1;;;;21;0;6;0;5;;;;11;32
60075;Strangolagalli;68;2;12;1;0;;;;15;1;7;0;1;;;;9;24
60075;Strangolagalli;69;0;10;0;0;;;;10;1;7;0;5;;;;13;23
60075;Strangolagalli;70;1;15;1;0;;;;17;1;4;0;4;;;;9;26
60075;Strangolagalli;71;0;16;0;0;;;;16;0;3;0;8;;;;11;27
60075;Strangolagalli;72;1;13;0;0;;;;14;1;7;0;2;;;;10;24
60075;Strangolagalli;73;0;10;0;1;;;;11;0;12;0;5;;;;17;28
60075;Strangolagalli;74;0;7;0;2;;;;9;0;7;0;6;;;;13;22
60075;Strangolagalli;75;0;10;0;1;;;;11;1;11;0;7;;;;19;30
60075;Strangolagalli;76;1;11;0;3;;;;15;0;6;0;7;;;;13;28
60075;Strangolagalli;77;0;13;0;3;;;;16;0;8;0;8;;;;16;32
60075;Strangolagalli;78;0;7;1;4;;;;12;0;3;0;11;;;;14;26
60075;Strangolagalli;79;0;3;0;0;;;;3;0;4;0;6;;;;10;13
60075;Strangolagalli;80;0;2;0;0;;;;2;0;3;0;4;;;;7;9
60075;Strangolagalli;81;1;6;0;1;;;;8;1;6;0;12;;;;19;27
60075;Strangolagalli;82;0;2;0;2;;;;4;0;1;0;7;;;;8;12
60075;Strangolagalli;83;0;6;0;0;;;;6;0;1;0;9;;;;10;16
60075;Strangolagalli;84;1;6;0;2;;;;9;0;0;0;5;;;;5;14
60075;Strangolagalli;85;0;4;0;2;;;;6;0;2;0;5;;;;7;13
60075;Strangolagalli;86;0;3;0;4;;;;7;0;1;0;7;;;;8;15
60075;Strangolagalli;87;0;6;0;2;;;;8;0;3;0;6;;;;9;17
60075;Strangolagalli;88;0;1;0;1;;;;2;0;0;0;2;;;;2;4
60075;Strangolagalli;89;0;3;0;0;;;;3;0;0;0;1;;;;1;4
60075;Strangolagalli;90;0;1;0;1;;;;2;0;0;0;5;;;;5;7
60075;Strangolagalli;91;0;1;0;0;;;;1;0;0;0;4;;;;4;5
60075;Strangolagalli;92;0;1;0;0;;;;1;0;0;0;0;;;;0;1
60075;Strangolagalli;93;0;0;0;0;;;;0;0;0;0;1;;;;1;1
60075;Strangolagalli;94;0;1;0;0;;;;1;0;0;0;1;;;;1;2
60075;Strangolagalli;95;0;0;0;0;;;;0;0;1;0;0;;;;1;1
60075;Strangolagalli;96;0;0;0;0;;;;0;0;0;0;0;;;;0;0
60075;Strangolagalli;97;0;0;0;0;;;;0;0;0;0;0;;;;0;0
60075;Strangolagalli;98;0;0;0;0;;;;0;0;0;0;0;;;;0;0
60075;Strangolagalli;99;0;0;0;0;;;;0;0;0;0;0;;;;0;0
60075;Strangolagalli;100;0;0;0;0;;;;0;0;0;0;3;;;;3;3
60075;Strangolagalli;999;485;589;14;31;;;;1119;403;557;16;170;;;;1146;2265
60076;Supino;0;10;0;0;0;;;;10;17;0;0;0;;;;17;27
60076;Supino;1;13;0;0;0;;;;13;18;0;0;0;;;;18;31
60076;Supino;2;24;0;0;0;;;;24;15;0;0;0;;;;15;39
60076;Supino;3;15;0;0;0;;;;15;15;0;0;0;;;;15;30
60076;Supino;4;18;0;0;0;;;;18;17;0;0;0;;;;17;35
60076;Supino;5;22;0;0;0;;;;22;17;0;0;0;;;;17;39
60076;Supino;6;20;0;0;0;;;;20;9;0;0;0;;;;9;29
60076;Supino;7;14;0;0;0;;;;14;13;0;0;0;;;;13;27
60076;Supino;8;13;0;0;0;;;;13;16;0;0;0;;;;16;29
60076;Supino;9;26;0;0;0;;;;26;16;0;0;0;;;;16;42
60076;Supino;10;20;0;0;0;;;;20;20;0;0;0;;;;20;40
60076;Supino;11;17;0;0;0;;;;17;24;0;0;0;;;;24;41
60076;Supino;12;21;0;0;0;;;;21;26;0;0;0;;;;26;47
60076;Supino;13;21;0;0;0;;;;21;16;0;0;0;;;;16;37
60076;Supino;14;20;0;0;0;;;;20;21;0;0;0;;;;21;41
60076;Supino;15;24;0;0;0;;;;24;24;0;0;0;;;;24;48
60076;Supino;16;22;0;0;0;;;;22;19;0;0;0;;;;19;41
60076;Supino;17;32;0;0;0;;;;32;21;0;0;0;;;;21;53
60076;Supino;18;12;0;0;0;;;;12;24;0;0;0;;;;24;36
60076;Supino;19;30;0;0;0;;;;30;19;0;0;0;;;;19;49
60076;Supino;20;28;0;0;0;;;;28;27;0;0;0;;;;27;55
60076;Supino;21;25;0;0;0;;;;25;19;0;0;0;;;;19;44
60076;Supino;22;18;0;0;0;;;;18;11;0;0;0;;;;11;29
60076;Supino;23;19;0;0;0;;;;19;24;2;0;0;;;;26;45
60076;Supino;24;26;1;0;0;;;;27;17;1;0;0;;;;18;45
60076;Supino;25;24;1;0;0;;;;25;14;2;0;0;;;;16;41
60076;Supino;26;26;0;0;0;;;;26;33;1;0;0;;;;34;60
60076;Supino;27;21;1;0;0;;;;22;18;0;0;0;;;;18;40
60076;Supino;28;19;1;0;0;;;;20;13;3;0;0;;;;16;36
60076;Supino;29;17;0;0;0;;;;17;24;3;0;0;;;;27;44
60076;Supino;30;25;0;0;0;;;;25;22;5;1;0;;;;28;53
60076;Supino;31;19;6;0;0;;;;25;17;2;0;0;;;;19;44
60076;Supino;32;15;3;0;0;;;;18;13;11;2;0;;;;26;44
60076;Supino;33;24;7;0;0;;;;31;18;9;0;0;;;;27;58
60076;Supino;34;23;4;0;0;;;;27;15;3;0;0;;;;18;45
60076;Supino;35;19;6;0;0;;;;25;9;14;0;1;;;;24;49
60076;Supino;36;30;5;0;0;;;;35;18;10;0;0;;;;28;63
60076;Supino;37;17;12;0;0;;;;29;13;11;0;0;;;;24;53
60076;Supino;38;16;8;0;0;;;;24;11;16;1;0;;;;28;52
60076;Supino;39;19;13;1;0;;;;33;6;18;0;0;;;;24;57
60076;Supino;40;19;13;1;0;;;;33;11;11;1;0;;;;23;56
60076;Supino;41;24;16;1;0;;;;41;13;22;0;0;;;;35;76
60076;Supino;42;16;16;1;0;;;;33;5;15;1;0;;;;21;54
60076;Supino;43;21;15;4;0;;;;40;14;19;0;2;;;;35;75
60076;Supino;44;16;15;0;0;;;;31;8;24;1;0;;;;33;64
60076;Supino;45;8;15;0;0;;;;23;6;19;6;0;;;;31;54
60076;Supino;46;12;13;1;0;;;;26;12;21;2;1;;;;36;62
60076;Supino;47;15;19;1;0;;;;35;8;21;1;0;;;;30;65
60076;Supino;48;9;21;3;0;;;;33;10;19;0;1;;;;30;63
60076;Supino;49;13;8;0;0;;;;21;8;25;3;0;;;;36;57
60076;Supino;50;13;24;1;0;;;;38;7;22;1;0;;;;30;68
60076;Supino;51;12;22;0;0;;;;34;7;25;2;1;;;;35;69
60076;Supino;52;8;26;3;0;;;;37;10;21;1;1;;;;33;70
60076;Supino;53;13;22;1;0;;;;36;7;32;3;0;;;;42;78
60076;Supino;54;5;25;2;1;;;;33;5;36;1;1;;;;43;76
60076;Supino;55;11;22;2;0;;;;35;8;24;1;1;;;;34;69
60076;Supino;56;9;28;3;0;;;;40;1;31;5;3;;;;40;80
60076;Supino;57;3;15;1;0;;;;19;3;36;6;4;;;;49;68
60076;Supino;58;7;34;1;0;;;;42;4;23;8;1;;;;36;78
60076;Supino;59;5;26;7;1;;;;39;3;39;3;1;;;;46;85
60076;Supino;60;7;24;4;0;;;;35;5;32;3;2;;;;42;77
60076;Supino;61;4;28;4;0;;;;36;1;24;1;3;;;;29;65
60076;Supino;62;5;21;1;1;;;;28;0;27;0;3;;;;30;58
60076;Supino;63;6;33;4;2;;;;45;3;28;2;6;;;;39;84
60076;Supino;64;6;24;2;0;;;;32;2;22;2;5;;;;31;63
60076;Supino;65;4;39;1;2;;;;46;3;31;0;4;;;;38;84
60076;Supino;66;3;21;1;0;;;;25;1;27;0;6;;;;34;59
60076;Supino;67;3;27;0;1;;;;31;2;20;0;4;;;;26;57
60076;Supino;68;1;25;1;1;;;;28;0;23;0;0;;;;23;51
60076;Supino;69;1;14;1;0;;;;16;3;23;0;11;;;;37;53
60076;Supino;70;3;20;0;1;;;;24;2;21;0;4;;;;27;51
60076;Supino;71;1;23;0;2;;;;26;2;23;1;3;;;;29;55
60076;Supino;72;0;25;0;2;;;;27;3;15;0;11;;;;29;56
60076;Supino;73;1;28;1;2;;;;32;2;20;0;8;;;;30;62
60076;Supino;74;2;23;1;4;;;;30;1;16;1;8;;;;26;56
60076;Supino;75;2;23;0;3;;;;28;0;14;1;9;;;;24;52
60076;Supino;76;1;24;2;0;;;;27;1;18;0;16;;;;35;62
60076;Supino;77;0;18;2;1;;;;21;0;16;1;17;;;;34;55
60076;Supino;78;0;15;0;0;;;;15;1;14;0;11;;;;26;41
60076;Supino;79;0;18;0;2;;;;20;1;5;1;7;;;;14;34
60076;Supino;80;2;21;1;5;;;;29;1;10;0;12;;;;23;52
60076;Supino;81;1;21;0;2;;;;24;2;7;0;8;;;;17;41
60076;Supino;82;0;9;1;0;;;;10;0;6;1;8;;;;15;25
60076;Supino;83;0;9;0;1;;;;10;1;10;0;12;;;;23;33
60076;Supino;84;0;8;0;3;;;;11;0;7;0;6;;;;13;24
60076;Supino;85;1;6;0;0;;;;7;0;4;0;16;;;;20;27
60076;Supino;86;0;7;0;1;;;;8;1;5;0;5;;;;11;19
60076;Supino;87;0;5;0;1;;;;6;0;5;0;9;;;;14;20
60076;Supino;88;0;7;0;3;;;;10;0;2;0;13;;;;15;25
60076;Supino;89;0;7;0;0;;;;7;0;2;0;9;;;;11;18
60076;Supino;90;1;3;0;2;;;;6;0;4;0;6;;;;10;16
60076;Supino;91;0;0;0;1;;;;1;0;0;0;3;;;;3;4
60076;Supino;92;0;1;0;3;;;;4;1;0;0;3;;;;4;8
60076;Supino;93;0;1;0;1;;;;2;0;0;0;3;;;;3;5
60076;Supino;94;0;2;0;2;;;;4;0;0;0;2;;;;2;6
60076;Supino;95;0;0;0;0;;;;0;0;0;0;3;;;;3;3
60076;Supino;96;0;0;0;0;;;;0;0;0;0;3;;;;3;3
60076;Supino;97;0;0;0;0;;;;0;0;0;0;1;;;;1;1
60076;Supino;98;0;0;0;0;;;;0;0;0;0;2;;;;2;2
60076;Supino;99;0;0;0;0;;;;0;0;0;0;0;;;;0;0
60076;Supino;100;0;0;0;0;;;;0;0;0;0;0;;;;0;0
60076;Supino;999;1118;1043;61;51;;;;2273;898;1077;64;280;;;;2319;4592
60077;Terelle;0;0;0;0;0;;;;0;0;0;0;0;;;;0;0
60077;Terelle;1;1;0;0;0;;;;1;1;0;0;0;;;;1;2
60077;Terelle;2;0;0;0;0;;;;0;1;0;0;0;;;;1;1
60077;Terelle;3;1;0;0;0;;;;1;1;0;0;0;;;;1;2
60077;Terelle;4;0;0;0;0;;;;0;0;0;0;0;;;;0;0
60077;Terelle;5;0;0;0;0;;;;0;0;0;0;0;;;;0;0
60077;Terelle;6;1;0;0;0;;;;1;0;0;0;0;;;;0;1
60077;Terelle;7;0;0;0;0;;;;0;0;0;0;0;;;;0;0
60077;Terelle;8;0;0;0;0;;;;0;1;0;0;0;;;;1;1
60077;Terelle;9;0;0;0;0;;;;0;0;0;0;0;;;;0;0
60077;Terelle;10;1;0;0;0;;;;1;0;0;0;0;;;;0;1
60077;Terelle;11;0;0;0;0;;;;0;0;0;0;0;;;;0;0
60077;Terelle;12;1;0;0;0;;;;1;2;0;0;0;;;;2;3
60077;Terelle;13;0;0;0;0;;;;0;0;0;0;0;;;;0;0
60077;Terelle;14;0;0;0;0;;;;0;0;0;0;0;;;;0;0
60077;Terelle;15;1;0;0;0;;;;1;0;0;0;0;;;;0;1
60077;Terelle;16;0;0;0;0;;;;0;1;0;0;0;;;;1;1
60077;Terelle;17;0;0;0;0;;;;0;0;0;0;0;;;;0;0
60077;Terelle;18;0;0;0;0;;;;0;1;0;0;0;;;;1;1
60077;Terelle;19;0;0;0;0;;;;0;0;0;0;0;;;;0;0
60077;Terelle;20;3;0;0;0;;;;3;1;0;0;0;;;;1;4
60077;Terelle;21;0;0;0;0;;;;0;0;0;0;0;;;;0;0
60077;Terelle;22;2;0;0;0;;;;2;4;0;0;0;;;;4;6
60077;Terelle;23;1;0;0;0;;;;1;2;0;0;0;;;;2;3
60077;Terelle;24;3;0;0;0;;;;3;0;0;0;0;;;;0;3
60077;Terelle;25;5;0;0;0;;;;5;1;0;0;0;;;;1;6
60077;Terelle;26;1;0;0;0;;;;1;1;0;0;0;;;;1;2
60077;Terelle;27;1;0;0;0;;;;1;1;0;0;0;;;;1;2
60077;Terelle;28;2;0;0;0;;;;2;1;0;0;0;;;;1;3
60077;Terelle;29;0;0;0;0;;;;0;0;0;0;0;;;;0;0
60077;Terelle;30;1;0;0;0;;;;1;3;0;0;0;;;;3;4
60077;Terelle;31;2;0;0;0;;;;2;1;0;0;0;;;;1;3
60077;Terelle;32;0;0;0;0;;;;0;1;2;0;0;;;;3;3
60077;Terelle;33;0;1;0;0;;;;1;0;0;0;0;;;;0;1
60077;Terelle;34;2;1;0;0;;;;3;1;0;0;0;;;;1;4
60077;Terelle;35;2;0;0;0;;;;2;0;1;0;0;;;;1;3
60077;Terelle;36;0;0;0;0;;;;0;0;1;0;0;;;;1;1
60077;Terelle;37;0;1;0;0;;;;1;1;1;0;0;;;;2;3
60077;Terelle;38;2;0;0;0;;;;2;0;0;0;0;;;;0;2
60077;Terelle;39;2;1;0;0;;;;3;0;0;0;0;;;;0;3
60077;Terelle;40;1;0;0;0;;;;1;0;2;0;0;;;;2;3
60077;Terelle;41;3;0;0;0;;;;3;1;0;0;0;;;;1;4
60077;Terelle;42;2;1;0;0;;;;3;1;0;0;0;;;;1;4
60077;Terelle;43;3;0;0;0;;;;3;1;0;0;0;;;;1;4
60077;Terelle;44;1;0;0;0;;;;1;0;0;0;0;;;;0;1
60077;Terelle;45;0;1;0;0;;;;1;0;0;1;0;;;;1;2
60077;Terelle;46;1;0;0;0;;;;1;2;0;0;0;;;;2;3
60077;Terelle;47;0;0;0;0;;;;0;0;1;0;1;;;;2;2
60077;Terelle;48;0;2;0;0;;;;2;0;1;0;0;;;;1;3
60077;Terelle;49;2;1;0;0;;;;3;0;2;0;0;;;;2;5
60077;Terelle;50;0;2;0;0;;;;2;0;2;0;0;;;;2;4
60077;Terelle;51;1;1;0;0;;;;2;0;0;0;0;;;;0;2
60077;Terelle;52;0;2;0;0;;;;2;2;1;0;0;;;;3;5
60077;Terelle;53;0;2;0;0;;;;2;0;3;0;0;;;;3;5
60077;Terelle;54;1;2;0;0;;;;3;0;1;0;0;;;;1;4
60077;Terelle;55;1;1;0;0;;;;2;2;1;0;0;;;;3;5
60077;Terelle;56;0;1;0;0;;;;1;0;1;0;0;;;;1;2
60077;Terelle;57;1;0;0;1;;;;2;0;0;0;0;;;;0;2
60077;Terelle;58;0;3;0;0;;;;3;0;1;1;0;;;;2;5
60077;Terelle;59;4;0;0;0;;;;4;0;4;0;0;;;;4;8
60077;Terelle;60;0;2;0;0;;;;2;0;0;0;0;;;;0;2
60077;Terelle;61;0;2;2;0;;;;4;0;2;0;0;;;;2;6
60077;Terelle;62;0;2;0;0;;;;2;1;1;0;0;;;;2;4
60077;Terelle;63;1;1;0;0;;;;2;0;0;0;0;;;;0;2
60077;Terelle;64;1;2;0;0;;;;3;1;3;0;0;;;;4;7
60077;Terelle;65;1;0;0;0;;;;1;0;1;0;0;;;;1;2
60077;Terelle;66;2;2;0;0;;;;4;0;1;1;0;;;;2;6
60077;Terelle;67;1;1;0;0;;;;2;0;3;0;1;;;;4;6
60077;Terelle;68;0;2;0;0;;;;2;0;1;0;0;;;;1;3
60077;Terelle;69;0;1;0;0;;;;1;0;1;0;0;;;;1;2
60077;Terelle;70;0;1;0;0;;;;1;1;0;0;2;;;;3;4
60077;Terelle;71;0;2;0;0;;;;2;0;0;0;1;;;;1;3
60077;Terelle;72;0;4;0;0;;;;4;0;2;0;0;;;;2;6
60077;Terelle;73;0;2;0;0;;;;2;0;1;0;1;;;;2;4
60077;Terelle;74;0;2;0;0;;;;2;0;2;0;0;;;;2;4
60077;Terelle;75;1;2;0;0;;;;3;0;1;0;2;;;;3;6
60077;Terelle;76;0;4;0;0;;;;4;0;1;0;0;;;;1;5
60077;Terelle;77;0;0;0;1;;;;1;0;1;0;0;;;;1;2
60077;Terelle;78;0;4;0;0;;;;4;0;0;1;3;;;;4;8
60077;Terelle;79;0;1;0;0;;;;1;1;0;0;1;;;;2;3
60077;Terelle;80;0;0;0;0;;;;0;0;3;0;2;;;;5;5
60077;Terelle;81;0;0;0;2;;;;2;0;2;0;2;;;;4;6
60077;Terelle;82;0;1;0;0;;;;1;0;2;0;1;;;;3;4
60077;Terelle;83;0;2;0;0;;;;2;0;1;0;1;;;;2;4
60077;Terelle;84;0;0;0;0;;;;0;0;1;0;2;;;;3;3
60077;Terelle;85;0;1;0;0;;;;1;0;0;0;0;;;;0;1
60077;Terelle;86;0;0;0;0;;;;0;0;0;0;0;;;;0;0
60077;Terelle;87;0;0;0;1;;;;1;1;0;0;1;;;;2;3
60077;Terelle;88;0;0;0;0;;;;0;0;1;0;3;;;;4;4
60077;Terelle;89;0;2;0;0;;;;2;0;0;1;2;;;;3;5
60077;Terelle;90;0;3;0;0;;;;3;0;0;0;3;;;;3;6
60077;Terelle;91;1;0;0;0;;;;1;0;0;0;2;;;;2;3
60077;Terelle;92;0;0;0;0;;;;0;0;1;0;1;;;;2;2
60077;Terelle;93;0;0;0;0;;;;0;0;0;0;1;;;;1;1
60077;Terelle;94;0;0;0;0;;;;0;0;0;0;1;;;;1;1
60077;Terelle;95;0;0;0;0;;;;0;0;0;0;0;;;;0;0
60077;Terelle;96;0;0;0;0;;;;0;0;0;0;0;;;;0;0
60077;Terelle;97;0;0;0;0;;;;0;0;0;0;0;;;;0;0
60077;Terelle;98;0;0;0;0;;;;0;0;0;0;1;;;;1;1
60077;Terelle;99;0;0;0;0;;;;0;0;0;0;0;;;;0;0
60077;Terelle;100;0;1;0;0;;;;1;0;0;0;0;;;;0;1
60077;Terelle;999;64;70;2;5;;;;141;40;57;5;35;;;;137;278
60078;Torre Cajetani;0;5;0;0;0;;;;5;2;0;0;0;;;;2;7
60078;Torre Cajetani;1;4;0;0;0;;;;4;6;0;0;0;;;;6;10
60078;Torre Cajetani;2;1;0;0;0;;;;1;2;0;0;0;;;;2;3
60078;Torre Cajetani;3;6;0;0;0;;;;6;6;0;0;0;;;;6;12
60078;Torre Cajetani;4;2;0;0;0;;;;2;2;0;0;0;;;;2;4
60078;Torre Cajetani;5;7;0;0;0;;;;7;6;0;0;0;;;;6;13
60078;Torre Cajetani;6;2;0;0;0;;;;2;4;0;0;0;;;;4;6
60078;Torre Cajetani;7;7;0;0;0;;;;7;8;0;0;0;;;;8;15
60078;Torre Cajetani;8;7;0;0;0;;;;7;5;0;0;0;;;;5;12
60078;Torre Cajetani;9;7;0;0;0;;;;7;4;0;0;0;;;;4;11
60078;Torre Cajetani;10;5;0;0;0;;;;5;1;0;0;0;;;;1;6
60078;Torre Cajetani;11;5;0;0;0;;;;5;5;0;0;0;;;;5;10
60078;Torre Cajetani;12;8;0;0;0;;;;8;5;0;0;0;;;;5;13
60078;Torre Cajetani;13;5;0;0;0;;;;5;7;0;0;0;;;;7;12
60078;Torre Cajetani;14;2;0;0;0;;;;2;5;0;0;0;;;;5;7
60078;Torre Cajetani;15;6;0;0;0;;;;6;6;0;0;0;;;;6;12
60078;Torre Cajetani;16;8;0;0;0;;;;8;9;0;0;0;;;;9;17
60078;Torre Cajetani;17;4;0;0;0;;;;4;6;0;0;0;;;;6;10
60078;Torre Cajetani;18;5;0;0;0;;;;5;4;0;0;0;;;;4;9
60078;Torre Cajetani;19;6;0;0;0;;;;6;5;0;0;0;;;;5;11
60078;Torre Cajetani;20;7;0;0;0;;;;7;8;0;0;0;;;;8;15
60078;Torre Cajetani;21;10;0;0;0;;;;10;5;0;0;0;;;;5;15
60078;Torre Cajetani;22;5;0;0;0;;;;5;3;0;0;0;;;;3;8
60078;Torre Cajetani;23;6;0;0;0;;;;6;4;0;0;0;;;;4;10
60078;Torre Cajetani;24;7;0;0;0;;;;7;5;0;0;0;;;;5;12
60078;Torre Cajetani;25;11;1;0;0;;;;12;4;1;0;0;;;;5;17
60078;Torre Cajetani;26;4;0;0;0;;;;4;3;0;0;0;;;;3;7
60078;Torre Cajetani;27;5;0;0;0;;;;5;4;0;0;0;;;;4;9
60078;Torre Cajetani;28;6;1;0;0;;;;7;5;1;0;0;;;;6;13
60078;Torre Cajetani;29;5;1;0;0;;;;6;8;1;0;0;;;;9;15
60078;Torre Cajetani;30;6;0;0;0;;;;6;5;3;0;0;;;;8;14
60078;Torre Cajetani;31;8;0;0;0;;;;8;3;1;0;0;;;;4;12
60078;Torre Cajetani;32;7;1;0;0;;;;8;7;1;1;0;;;;9;17
60078;Torre Cajetani;33;5;2;0;0;;;;7;4;2;0;0;;;;6;13
60078;Torre Cajetani;34;6;2;0;0;;;;8;3;0;0;0;;;;3;11
60078;Torre Cajetani;35;8;4;0;0;;;;12;1;4;0;0;;;;5;17
60078;Torre Cajetani;36;2;1;0;0;;;;3;3;6;0;0;;;;9;12
60078;Torre Cajetani;37;4;3;0;0;;;;7;5;4;0;0;;;;9;16
60078;Torre Cajetani;38;8;4;0;0;;;;12;5;3;0;0;;;;8;20
60078;Torre Cajetani;39;7;6;0;0;;;;13;7;3;0;0;;;;10;23
60078;Torre Cajetani;40;6;4;0;0;;;;10;3;4;1;0;;;;8;18
60078;Torre Cajetani;41;5;3;0;0;;;;8;3;6;0;0;;;;9;17
60078;Torre Cajetani;42;1;7;0;0;;;;8;4;4;0;0;;;;8;16
60078;Torre Cajetani;43;4;11;0;0;;;;15;3;2;0;0;;;;5;20
60078;Torre Cajetani;44;3;6;1;0;;;;10;4;4;0;0;;;;8;18
60078;Torre Cajetani;45;4;3;0;0;;;;7;1;5;1;0;;;;7;14
60078;Torre Cajetani;46;7;6;0;0;;;;13;5;7;0;0;;;;12;25
60078;Torre Cajetani;47;8;5;1;0;;;;14;1;7;0;0;;;;8;22
60078;Torre Cajetani;48;2;6;0;0;;;;8;2;5;1;0;;;;8;16
60078;Torre Cajetani;49;3;3;1;0;;;;7;3;6;0;0;;;;9;16
60078;Torre Cajetani;50;5;6;2;0;;;;13;1;8;0;0;;;;9;22
60078;Torre Cajetani;51;2;9;0;0;;;;11;1;4;1;0;;;;6;17
60078;Torre Cajetani;52;3;7;0;0;;;;10;0;11;2;0;;;;13;23
60078;Torre Cajetani;53;1;2;0;0;;;;3;3;3;0;0;;;;6;9
60078;Torre Cajetani;54;1;6;0;0;;;;7;0;6;0;0;;;;6;13
60078;Torre Cajetani;55;3;7;1;0;;;;11;0;2;2;1;;;;5;16
60078;Torre Cajetani;56;1;5;0;0;;;;6;1;10;0;2;;;;13;19
60078;Torre Cajetani;57;4;3;1;0;;;;8;5;11;1;1;;;;18;26
60078;Torre Cajetani;58;3;12;1;1;;;;17;1;5;1;0;;;;7;24
60078;Torre Cajetani;59;1;10;3;0;;;;14;4;7;1;2;;;;14;28
60078;Torre Cajetani;60;2;9;2;0;;;;13;1;4;1;1;;;;7;20
60078;Torre Cajetani;61;6;6;0;0;;;;12;1;8;1;0;;;;10;22
60078;Torre Cajetani;62;0;10;1;1;;;;12;1;5;1;0;;;;7;19
60078;Torre Cajetani;63;0;6;0;0;;;;6;2;12;0;2;;;;16;22
60078;Torre Cajetani;64;3;10;0;0;;;;13;0;7;0;3;;;;10;23
60078;Torre Cajetani;65;2;6;2;0;;;;10;1;8;0;0;;;;9;19
60078;Torre Cajetani;66;1;4;1;2;;;;8;0;9;0;4;;;;13;21
60078;Torre Cajetani;67;1;6;1;0;;;;8;1;12;1;4;;;;18;26
60078;Torre Cajetani;68;0;11;1;1;;;;13;0;6;0;1;;;;7;20
60078;Torre Cajetani;69;1;13;0;1;;;;15;1;7;2;2;;;;12;27
60078;Torre Cajetani;70;1;8;1;2;;;;12;0;8;0;2;;;;10;22
60078;Torre Cajetani;71;1;7;2;0;;;;10;0;4;0;6;;;;10;20
60078;Torre Cajetani;72;0;5;1;0;;;;6;1;4;0;1;;;;6;12
60078;Torre Cajetani;73;1;7;1;1;;;;10;0;9;1;3;;;;13;23
60078;Torre Cajetani;74;0;3;0;1;;;;4;1;3;0;3;;;;7;11
60078;Torre Cajetani;75;1;9;2;0;;;;12;1;6;0;4;;;;11;23
60078;Torre Cajetani;76;1;6;0;0;;;;7;0;6;0;4;;;;10;17
60078;Torre Cajetani;77;1;6;1;0;;;;8;1;2;0;4;;;;7;15
60078;Torre Cajetani;78;0;2;0;3;;;;5;0;2;0;3;;;;5;10
60078;Torre Cajetani;79;0;6;0;2;;;;8;0;0;0;1;;;;1;9
60078;Torre Cajetani;80;0;3;0;0;;;;3;0;2;0;5;;;;7;10
60078;Torre Cajetani;81;0;3;0;0;;;;3;0;2;0;1;;;;3;6
60078;Torre Cajetani;82;0;4;0;0;;;;4;1;0;0;3;;;;4;8
60078;Torre Cajetani;83;0;3;0;0;;;;3;2;4;0;2;;;;8;11
60078;Torre Cajetani;84;0;3;0;1;;;;4;0;2;0;3;;;;5;9
60078;Torre Cajetani;85;0;3;0;0;;;;3;0;0;0;2;;;;2;5
60078;Torre Cajetani;86;0;2;0;2;;;;4;0;0;0;1;;;;1;5
60078;Torre Cajetani;87;0;1;0;0;;;;1;0;0;0;1;;;;1;2
60078;Torre Cajetani;88;0;1;0;0;;;;1;0;2;0;0;;;;2;3
60078;Torre Cajetani;89;0;3;0;0;;;;3;1;0;0;1;;;;2;5
60078;Torre Cajetani;90;0;1;0;1;;;;2;0;1;0;4;;;;5;7
60078;Torre Cajetani;91;0;0;0;1;;;;1;0;0;0;1;;;;1;2
60078;Torre Cajetani;92;0;0;0;0;;;;0;0;1;0;0;;;;1;1
60078;Torre Cajetani;93;0;0;0;0;;;;0;0;0;0;2;;;;2;2
60078;Torre Cajetani;94;0;0;0;0;;;;0;0;0;0;0;;;;0;0
60078;Torre Cajetani;95;0;0;0;1;;;;1;0;0;0;0;;;;0;1
60078;Torre Cajetani;96;0;1;0;0;;;;1;1;0;0;0;;;;1;2
60078;Torre Cajetani;97;0;0;0;0;;;;0;0;0;0;0;;;;0;0
60078;Torre Cajetani;98;0;0;0;1;;;;1;0;0;0;0;;;;0;1
60078;Torre Cajetani;99;0;0;0;0;;;;0;0;0;0;1;;;;1;1
60078;Torre Cajetani;100;0;0;0;0;;;;0;0;0;0;0;;;;0;0
60078;Torre Cajetani;999;318;315;27;22;;;;682;252;283;19;81;;;;635;1317
60079;Torrice;0;13;0;0;0;;;;13;13;0;0;0;;;;13;26
60079;Torrice;1;16;0;0;0;;;;16;12;0;0;0;;;;12;28
60079;Torrice;2;16;0;0;0;;;;16;16;0;0;0;;;;16;32
60079;Torrice;3;17;0;0;0;;;;17;17;0;0;0;;;;17;34
60079;Torrice;4;18;0;0;0;;;;18;20;0;0;0;;;;20;38
60079;Torrice;5;18;0;0;0;;;;18;10;0;0;0;;;;10;28
60079;Torrice;6;20;0;0;0;;;;20;19;0;0;0;;;;19;39
60079;Torrice;7;23;0;0;0;;;;23;17;0;0;0;;;;17;40
60079;Torrice;8;30;0;0;0;;;;30;19;0;0;0;;;;19;49
60079;Torrice;9;23;0;0;0;;;;23;23;0;0;0;;;;23;46
60079;Torrice;10;28;0;0;0;;;;28;20;0;0;0;;;;20;48
60079;Torrice;11;26;0;0;0;;;;26;26;0;0;0;;;;26;52
60079;Torrice;12;22;0;0;0;;;;22;21;0;0;0;;;;21;43
60079;Torrice;13;27;0;0;0;;;;27;27;0;0;0;;;;27;54
60079;Torrice;14;28;0;0;0;;;;28;25;0;0;0;;;;25;53
60079;Torrice;15;22;0;0;0;;;;22;23;0;0;0;;;;23;45
60079;Torrice;16;29;0;0;0;;;;29;30;0;0;0;;;;30;59
60079;Torrice;17;34;0;0;0;;;;34;23;0;0;0;;;;23;57
60079;Torrice;18;22;0;0;0;;;;22;21;0;0;0;;;;21;43
60079;Torrice;19;22;0;0;0;;;;22;20;0;0;0;;;;20;42
60079;Torrice;20;19;0;0;0;;;;19;20;0;0;0;;;;20;39
60079;Torrice;21;30;0;0;0;;;;30;22;0;0;0;;;;22;52
60079;Torrice;22;27;0;0;0;;;;27;36;0;0;0;;;;36;63
60079;Torrice;23;12;0;0;0;;;;12;14;0;0;0;;;;14;26
60079;Torrice;24;18;0;0;0;;;;18;19;1;0;0;;;;20;38
60079;Torrice;25;30;0;0;0;;;;30;29;1;0;0;;;;30;60
60079;Torrice;26;25;0;0;0;;;;25;23;1;0;0;;;;24;49
60079;Torrice;27;26;1;0;0;;;;27;28;0;0;0;;;;28;55
60079;Torrice;28;17;0;0;0;;;;17;29;5;0;0;;;;34;51
60079;Torrice;29;18;1;0;0;;;;19;15;2;0;0;;;;17;36
60079;Torrice;30;29;2;0;0;;;;31;18;3;0;0;;;;21;52
60079;Torrice;31;26;4;0;0;;;;30;12;8;0;0;;;;20;50
60079;Torrice;32;18;3;0;0;;;;21;13;3;2;0;;;;18;39
60079;Torrice;33;23;6;0;0;;;;29;13;13;0;0;;;;26;55
60079;Torrice;34;14;0;0;0;;;;14;15;12;0;0;;;;27;41
60079;Torrice;35;24;6;1;0;;;;31;11;19;0;0;;;;30;61
60079;Torrice;36;15;9;0;0;;;;24;12;11;0;0;;;;23;47
60079;Torrice;37;11;11;0;0;;;;22;10;16;0;0;;;;26;48
60079;Torrice;38;17;14;0;0;;;;31;7;14;1;0;;;;22;53
60079;Torrice;39;12;19;0;0;;;;31;6;15;1;0;;;;22;53
60079;Torrice;40;9;17;0;0;;;;26;6;18;0;1;;;;25;51
60079;Torrice;41;12;20;0;0;;;;32;6;28;2;0;;;;36;68
60079;Torrice;42;14;11;1;0;;;;26;6;17;0;0;;;;23;49
60079;Torrice;43;7;26;0;0;;;;33;8;24;2;0;;;;34;67
60079;Torrice;44;11;21;0;0;;;;32;6;25;0;1;;;;32;64
60079;Torrice;45;6;13;1;0;;;;20;6;22;1;0;;;;29;49
60079;Torrice;46;10;19;1;0;;;;30;6;21;0;0;;;;27;57
60079;Torrice;47;8;22;0;0;;;;30;5;31;0;2;;;;38;68
60079;Torrice;48;10;17;0;1;;;;28;4;37;2;0;;;;43;71
60079;Torrice;49;12;29;0;0;;;;41;2;26;0;1;;;;29;70
60079;Torrice;50;12;29;0;0;;;;41;13;29;1;1;;;;44;85
60079;Torrice;51;8;24;4;0;;;;36;5;21;1;2;;;;29;65
60079;Torrice;52;8;24;1;1;;;;34;4;28;1;2;;;;35;69
60079;Torrice;53;9;38;1;0;;;;48;8;24;0;0;;;;32;80
60079;Torrice;54;8;30;2;0;;;;40;3;26;1;2;;;;32;72
60079;Torrice;55;3;31;0;0;;;;34;5;36;5;1;;;;47;81
60079;Torrice;56;8;21;2;0;;;;31;6;30;2;2;;;;40;71
60079;Torrice;57;7;27;1;0;;;;35;4;33;1;0;;;;38;73
60079;Torrice;58;6;42;1;0;;;;49;6;41;1;6;;;;54;103
60079;Torrice;59;4;30;3;1;;;;38;3;30;0;3;;;;36;74
60079;Torrice;60;8;38;0;0;;;;46;3;25;3;4;;;;35;81
60079;Torrice;61;5;30;3;0;;;;38;2;35;0;3;;;;40;78
60079;Torrice;62;2;25;0;0;;;;27;2;24;3;1;;;;30;57
60079;Torrice;63;2;23;1;0;;;;26;3;24;2;1;;;;30;56
60079;Torrice;64;3;41;0;0;;;;44;4;21;0;3;;;;28;72
60079;Torrice;65;0;14;2;0;;;;16;1;20;2;2;;;;25;41
60079;Torrice;66;2;23;1;0;;;;26;0;26;1;4;;;;31;57
60079;Torrice;67;5;21;1;0;;;;27;1;22;0;11;;;;34;61
60079;Torrice;68;2;25;1;1;;;;29;2;20;0;8;;;;30;59
60079;Torrice;69;1;23;0;1;;;;25;1;18;1;10;;;;30;55
60079;Torrice;70;2;21;2;1;;;;26;2;20;1;9;;;;32;58
60079;Torrice;71;3;20;1;0;;;;24;1;14;0;10;;;;25;49
60079;Torrice;72;4;22;1;0;;;;27;1;18;0;9;;;;28;55
60079;Torrice;73;0;24;0;0;;;;24;0;17;0;10;;;;27;51
60079;Torrice;74;0;14;0;0;;;;14;0;26;0;7;;;;33;47
60079;Torrice;75;1;23;0;1;;;;25;0;9;0;11;;;;20;45
60079;Torrice;76;1;28;0;1;;;;30;0;14;0;15;;;;29;59
60079;Torrice;77;2;21;0;0;;;;23;1;16;0;9;;;;26;49
60079;Torrice;78;0;26;0;1;;;;27;1;16;0;8;;;;25;52
60079;Torrice;79;1;14;0;1;;;;16;0;14;0;7;;;;21;37
60079;Torrice;80;1;14;0;2;;;;17;0;6;0;13;;;;19;36
60079;Torrice;81;4;8;0;2;;;;14;0;2;0;10;;;;12;26
60079;Torrice;82;2;8;0;3;;;;13;1;4;0;6;;;;11;24
60079;Torrice;83;0;7;1;0;;;;8;0;6;0;10;;;;16;24
60079;Torrice;84;0;11;0;1;;;;12;1;10;0;15;;;;26;38
60079;Torrice;85;1;10;0;3;;;;14;0;2;0;13;;;;15;29
60079;Torrice;86;1;11;0;3;;;;15;1;2;0;12;;;;15;30
60079;Torrice;87;0;7;0;0;;;;7;0;5;1;14;;;;20;27
60079;Torrice;88;0;4;0;3;;;;7;0;1;1;7;;;;9;16
60079;Torrice;89;0;4;1;0;;;;5;1;1;0;4;;;;6;11
60079;Torrice;90;0;5;0;1;;;;6;0;1;0;9;;;;10;16
60079;Torrice;91;0;2;0;1;;;;3;0;0;0;6;;;;6;9
60079;Torrice;92;1;2;0;1;;;;4;0;1;0;5;;;;6;10
60079;Torrice;93;0;1;0;1;;;;2;0;0;0;6;;;;6;8
60079;Torrice;94;0;3;0;0;;;;3;0;1;0;3;;;;4;7
60079;Torrice;95;0;0;0;1;;;;1;0;1;0;3;;;;4;5
60079;Torrice;96;0;1;0;0;;;;1;1;0;0;4;;;;5;6
60079;Torrice;97;0;0;0;0;;;;0;0;0;0;2;;;;2;2
60079;Torrice;98;0;0;0;0;;;;0;0;0;0;0;;;;0;0
60079;Torrice;99;0;0;0;0;;;;0;0;0;0;2;;;;2;2
60079;Torrice;100;0;0;0;0;;;;0;0;0;0;2;;;;2;2
60079;Torrice;999;1091;1141;34;32;;;;2298;896;1113;39;312;;;;2360;4658
60080;Trevi nel Lazio;0;4;0;0;0;;;;4;6;0;0;0;;;;6;10
60080;Trevi nel Lazio;1;10;0;0;0;;;;10;7;0;0;0;;;;7;17
60080;Trevi nel Lazio;2;4;0;0;0;;;;4;4;0;0;0;;;;4;8
60080;Trevi nel Lazio;3;2;0;0;0;;;;2;9;0;0;0;;;;9;11
60080;Trevi nel Lazio;4;5;0;0;0;;;;5;3;0;0;0;;;;3;8
60080;Trevi nel Lazio;5;2;0;0;0;;;;2;2;0;0;0;;;;2;4
60080;Trevi nel Lazio;6;4;0;0;0;;;;4;3;0;0;0;;;;3;7
60080;Trevi nel Lazio;7;4;0;0;0;;;;4;4;0;0;0;;;;4;8
60080;Trevi nel Lazio;8;3;0;0;0;;;;3;5;0;0;0;;;;5;8
60080;Trevi nel Lazio;9;4;0;0;0;;;;4;3;0;0;0;;;;3;7
60080;Trevi nel Lazio;10;3;0;0;0;;;;3;6;0;0;0;;;;6;9
60080;Trevi nel Lazio;11;4;0;0;0;;;;4;2;0;0;0;;;;2;6
60080;Trevi nel Lazio;12;3;0;0;0;;;;3;6;0;0;0;;;;6;9
60080;Trevi nel Lazio;13;6;0;0;0;;;;6;3;0;0;0;;;;3;9
60080;Trevi nel Lazio;14;5;0;0;0;;;;5;4;0;0;0;;;;4;9
60080;Trevi nel Lazio;15;6;0;0;0;;;;6;5;0;0;0;;;;5;11
60080;Trevi nel Lazio;16;1;0;0;0;;;;1;7;0;0;0;;;;7;8
60080;Trevi nel Lazio;17;5;0;0;0;;;;5;7;0;0;0;;;;7;12
60080;Trevi nel Lazio;18;5;0;0;0;;;;5;5;0;0;0;;;;5;10
60080;Trevi nel Lazio;19;4;0;0;0;;;;4;3;0;0;0;;;;3;7
60080;Trevi nel Lazio;20;7;0;0;0;;;;7;9;0;0;0;;;;9;16
60080;Trevi nel Lazio;21;7;0;0;0;;;;7;6;0;0;0;;;;6;13
60080;Trevi nel Lazio;22;10;0;0;0;;;;10;4;0;0;0;;;;4;14
60080;Trevi nel Lazio;23;9;1;0;0;;;;10;11;0;0;0;;;;11;21
60080;Trevi nel Lazio;24;8;0;0;0;;;;8;6;0;0;0;;;;6;14
60080;Trevi nel Lazio;25;13;0;0;0;;;;13;8;0;0;0;;;;8;21
60080;Trevi nel Lazio;26;17;0;0;0;;;;17;4;2;0;0;;;;6;23
60080;Trevi nel Lazio;27;10;0;0;0;;;;10;4;1;0;0;;;;5;15
60080;Trevi nel Lazio;28;6;0;0;0;;;;6;6;2;0;0;;;;8;14
60080;Trevi nel Lazio;29;13;0;0;0;;;;13;3;1;0;0;;;;4;17
60080;Trevi nel Lazio;30;9;2;0;0;;;;11;9;0;0;0;;;;9;20
60080;Trevi nel Lazio;31;14;0;0;0;;;;14;9;1;0;0;;;;10;24
60080;Trevi nel Lazio;32;12;1;0;0;;;;13;7;2;0;0;;;;9;22
60080;Trevi nel Lazio;33;9;2;0;0;;;;11;5;2;1;0;;;;8;19
60080;Trevi nel Lazio;34;9;1;0;0;;;;10;6;6;0;0;;;;12;22
60080;Trevi nel Lazio;35;4;2;0;0;;;;6;5;1;0;0;;;;6;12
60080;Trevi nel Lazio;36;6;3;0;0;;;;9;5;5;0;0;;;;10;19
60080;Trevi nel Lazio;37;6;0;0;0;;;;6;6;1;0;0;;;;7;13
60080;Trevi nel Lazio;38;11;5;0;0;;;;16;4;4;0;0;;;;8;24
60080;Trevi nel Lazio;39;9;6;0;0;;;;15;2;5;0;0;;;;7;22
60080;Trevi nel Lazio;40;8;2;0;0;;;;10;9;4;1;0;;;;14;24
60080;Trevi nel Lazio;41;6;8;0;0;;;;14;4;4;0;0;;;;8;22
60080;Trevi nel Lazio;42;8;8;0;0;;;;16;1;5;0;0;;;;6;22
60080;Trevi nel Lazio;43;7;3;0;0;;;;10;4;6;0;0;;;;10;20
60080;Trevi nel Lazio;44;6;2;0;0;;;;8;1;2;0;0;;;;3;11
60080;Trevi nel Lazio;45;5;5;0;0;;;;10;3;5;1;0;;;;9;19
60080;Trevi nel Lazio;46;4;2;0;0;;;;6;4;4;0;0;;;;8;14
60080;Trevi nel Lazio;47;5;3;0;0;;;;8;4;5;0;0;;;;9;17
60080;Trevi nel Lazio;48;2;2;2;0;;;;6;1;8;1;0;;;;10;16
60080;Trevi nel Lazio;49;3;6;1;0;;;;10;3;12;0;1;;;;16;26
60080;Trevi nel Lazio;50;6;5;1;0;;;;12;2;6;0;0;;;;8;20
60080;Trevi nel Lazio;51;2;10;0;0;;;;12;4;9;0;1;;;;14;26
60080;Trevi nel Lazio;52;3;8;0;0;;;;11;1;7;1;0;;;;9;20
60080;Trevi nel Lazio;53;3;7;0;0;;;;10;1;7;0;0;;;;8;18
60080;Trevi nel Lazio;54;1;11;0;0;;;;12;2;7;0;0;;;;9;21
60080;Trevi nel Lazio;55;4;10;2;0;;;;16;6;9;0;1;;;;16;32
60080;Trevi nel Lazio;56;4;7;2;0;;;;13;2;14;1;0;;;;17;30
60080;Trevi nel Lazio;57;2;10;0;0;;;;12;2;12;1;0;;;;15;27
60080;Trevi nel Lazio;58;5;16;3;0;;;;24;2;7;1;0;;;;10;34
60080;Trevi nel Lazio;59;1;7;0;0;;;;8;3;12;1;2;;;;18;26
60080;Trevi nel Lazio;60;6;14;2;0;;;;22;6;9;0;1;;;;16;38
60080;Trevi nel Lazio;61;2;19;2;0;;;;23;3;13;1;1;;;;18;41
60080;Trevi nel Lazio;62;4;18;1;0;;;;23;1;11;2;2;;;;16;39
60080;Trevi nel Lazio;63;3;12;1;1;;;;17;2;13;0;0;;;;15;32
60080;Trevi nel Lazio;64;3;11;1;1;;;;16;4;13;0;1;;;;18;34
60080;Trevi nel Lazio;65;2;14;0;1;;;;17;2;16;0;3;;;;21;38
60080;Trevi nel Lazio;66;2;15;0;2;;;;19;2;8;1;1;;;;12;31
60080;Trevi nel Lazio;67;3;15;0;0;;;;18;0;7;0;0;;;;7;25
60080;Trevi nel Lazio;68;2;13;2;0;;;;17;2;10;1;3;;;;16;33
60080;Trevi nel Lazio;69;2;14;0;0;;;;16;2;12;0;3;;;;17;33
60080;Trevi nel Lazio;70;3;10;2;0;;;;15;1;7;1;5;;;;14;29
60080;Trevi nel Lazio;71;3;9;0;0;;;;12;1;7;0;4;;;;12;24
60080;Trevi nel Lazio;72;1;11;2;0;;;;14;2;6;0;4;;;;12;26
60080;Trevi nel Lazio;73;1;7;1;2;;;;11;2;2;0;4;;;;8;19
60080;Trevi nel Lazio;74;2;11;1;1;;;;15;2;8;0;4;;;;14;29
60080;Trevi nel Lazio;75;0;11;0;1;;;;12;0;8;0;1;;;;9;21
60080;Trevi nel Lazio;76;0;11;0;1;;;;12;0;9;0;3;;;;12;24
60080;Trevi nel Lazio;77;1;9;1;1;;;;12;2;2;0;8;;;;12;24
60080;Trevi nel Lazio;78;0;7;1;2;;;;10;1;2;0;2;;;;5;15
60080;Trevi nel Lazio;79;2;1;0;0;;;;3;0;5;0;3;;;;8;11
60080;Trevi nel Lazio;80;0;1;0;1;;;;2;1;2;0;6;;;;9;11
60080;Trevi nel Lazio;81;1;3;0;0;;;;4;1;3;0;2;;;;6;10
60080;Trevi nel Lazio;82;1;2;0;2;;;;5;0;0;0;3;;;;3;8
60080;Trevi nel Lazio;83;1;3;1;2;;;;7;0;5;0;3;;;;8;15
60080;Trevi nel Lazio;84;0;4;0;1;;;;5;1;3;0;4;;;;8;13
60080;Trevi nel Lazio;85;0;5;0;1;;;;6;1;5;0;9;;;;15;21
60080;Trevi nel Lazio;86;0;5;0;1;;;;6;0;1;0;1;;;;2;8
60080;Trevi nel Lazio;87;0;1;0;1;;;;2;0;0;0;5;;;;5;7
60080;Trevi nel Lazio;88;1;2;0;1;;;;4;0;1;0;2;;;;3;7
60080;Trevi nel Lazio;89;0;1;0;2;;;;3;0;0;0;1;;;;1;4
60080;Trevi nel Lazio;90;0;3;0;1;;;;4;0;0;0;7;;;;7;11
60080;Trevi nel Lazio;91;0;2;0;1;;;;3;0;1;0;5;;;;6;9
60080;Trevi nel Lazio;92;0;1;0;1;;;;2;0;1;0;0;;;;1;3
60080;Trevi nel Lazio;93;0;1;0;2;;;;3;0;1;0;2;;;;3;6
60080;Trevi nel Lazio;94;0;0;0;0;;;;0;0;0;0;3;;;;3;3
60080;Trevi nel Lazio;95;0;0;0;0;;;;0;1;1;0;2;;;;4;4
60080;Trevi nel Lazio;96;0;1;0;2;;;;3;0;0;0;1;;;;1;4
60080;Trevi nel Lazio;97;0;0;0;0;;;;0;0;0;0;1;;;;1;1
60080;Trevi nel Lazio;98;0;0;0;1;;;;1;1;0;0;0;;;;1;2
60080;Trevi nel Lazio;99;0;0;0;0;;;;0;0;0;0;0;;;;0;0
60080;Trevi nel Lazio;100;0;0;0;0;;;;0;0;0;0;0;;;;0;0
60080;Trevi nel Lazio;999;404;422;29;33;;;;888;313;370;15;115;;;;813;1701
60081;Trivigliano;0;8;0;0;0;;;;8;6;0;0;0;;;;6;14
60081;Trivigliano;1;3;0;0;0;;;;3;5;0;0;0;;;;5;8
60081;Trivigliano;2;6;0;0;0;;;;6;4;0;0;0;;;;4;10
60081;Trivigliano;3;2;0;0;0;;;;2;9;0;0;0;;;;9;11
60081;Trivigliano;4;6;0;0;0;;;;6;5;0;0;0;;;;5;11
60081;Trivigliano;5;2;0;0;0;;;;2;4;0;0;0;;;;4;6
60081;Trivigliano;6;6;0;0;0;;;;6;3;0;0;0;;;;3;9
60081;Trivigliano;7;6;0;0;0;;;;6;5;0;0;0;;;;5;11
60081;Trivigliano;8;9;0;0;0;;;;9;9;0;0;0;;;;9;18
60081;Trivigliano;9;8;0;0;0;;;;8;6;0;0;0;;;;6;14
60081;Trivigliano;10;9;0;0;0;;;;9;5;0;0;0;;;;5;14
60081;Trivigliano;11;4;0;0;0;;;;4;5;0;0;0;;;;5;9
60081;Trivigliano;12;7;0;0;0;;;;7;11;0;0;0;;;;11;18
60081;Trivigliano;13;6;0;0;0;;;;6;10;0;0;0;;;;10;16
60081;Trivigliano;14;10;0;0;0;;;;10;9;0;0;0;;;;9;19
60081;Trivigliano;15;6;0;0;0;;;;6;8;0;0;0;;;;8;14
60081;Trivigliano;16;5;0;0;0;;;;5;5;0;0;0;;;;5;10
60081;Trivigliano;17;17;0;0;0;;;;17;8;0;0;0;;;;8;25
60081;Trivigliano;18;13;0;0;0;;;;13;10;0;0;0;;;;10;23
60081;Trivigliano;19;9;0;0;0;;;;9;6;0;0;0;;;;6;15
60081;Trivigliano;20;12;0;0;0;;;;12;9;0;0;0;;;;9;21
60081;Trivigliano;21;8;0;0;0;;;;8;8;0;0;0;;;;8;16
60081;Trivigliano;22;5;0;0;0;;;;5;8;0;0;0;;;;8;13
60081;Trivigliano;23;9;0;0;0;;;;9;6;0;0;0;;;;6;15
60081;Trivigliano;24;4;0;0;0;;;;4;12;0;0;0;;;;12;16
60081;Trivigliano;25;9;0;0;0;;;;9;10;0;0;0;;;;10;19
60081;Trivigliano;26;9;0;0;0;;;;9;5;0;0;0;;;;5;14
60081;Trivigliano;27;6;0;0;0;;;;6;7;0;0;0;;;;7;13
60081;Trivigliano;28;9;0;0;0;;;;9;9;0;0;0;;;;9;18
60081;Trivigliano;29;5;0;0;0;;;;5;7;2;0;0;;;;9;14
60081;Trivigliano;30;9;0;0;0;;;;9;6;0;0;0;;;;6;15
60081;Trivigliano;31;5;1;0;0;;;;6;5;1;0;0;;;;6;12
60081;Trivigliano;32;7;1;0;0;;;;8;1;2;0;0;;;;3;11
60081;Trivigliano;33;3;1;0;0;;;;4;1;0;0;0;;;;1;5
60081;Trivigliano;34;4;2;0;0;;;;6;7;6;0;0;;;;13;19
60081;Trivigliano;35;7;4;1;0;;;;12;6;3;1;0;;;;10;22
60081;Trivigliano;36;5;1;0;0;;;;6;2;5;0;0;;;;7;13
60081;Trivigliano;37;2;1;0;0;;;;3;1;4;0;0;;;;5;8
60081;Trivigliano;38;9;2;1;0;;;;12;3;6;0;0;;;;9;21
60081;Trivigliano;39;4;5;0;0;;;;9;1;9;0;0;;;;10;19
60081;Trivigliano;40;7;5;1;0;;;;13;3;8;0;0;;;;11;24
60081;Trivigliano;41;7;3;1;0;;;;11;1;13;0;0;;;;14;25
60081;Trivigliano;42;0;4;0;0;;;;4;2;10;1;1;;;;14;18
60081;Trivigliano;43;2;9;0;0;;;;11;2;6;0;0;;;;8;19
60081;Trivigliano;44;4;10;0;0;;;;14;4;7;0;0;;;;11;25
60081;Trivigliano;45;1;7;0;0;;;;8;4;9;2;0;;;;15;23
60081;Trivigliano;46;5;5;2;0;;;;12;3;9;1;1;;;;14;26
60081;Trivigliano;47;1;14;2;0;;;;17;3;13;0;0;;;;16;33
60081;Trivigliano;48;4;11;0;0;;;;15;1;12;2;0;;;;15;30
60081;Trivigliano;49;3;17;0;0;;;;20;4;8;0;1;;;;13;33
60081;Trivigliano;50;6;12;2;1;;;;21;0;9;3;0;;;;12;33
60081;Trivigliano;51;2;9;3;0;;;;14;0;17;1;1;;;;19;33
60081;Trivigliano;52;0;5;0;0;;;;5;1;8;0;0;;;;9;14
60081;Trivigliano;53;1;11;1;0;;;;13;1;9;0;0;;;;10;23
60081;Trivigliano;54;2;12;0;0;;;;14;1;5;2;0;;;;8;22
60081;Trivigliano;55;1;12;1;0;;;;14;2;17;1;1;;;;21;35
60081;Trivigliano;56;1;12;2;1;;;;16;0;10;0;0;;;;10;26
60081;Trivigliano;57;2;12;3;0;;;;17;2;5;1;1;;;;9;26
60081;Trivigliano;58;1;10;0;0;;;;11;1;12;2;0;;;;15;26
60081;Trivigliano;59;0;7;0;0;;;;7;1;12;0;1;;;;14;21
60081;Trivigliano;60;1;9;0;0;;;;10;0;9;2;0;;;;11;21
60081;Trivigliano;61;2;12;1;0;;;;15;2;8;0;0;;;;10;25
60081;Trivigliano;62;0;7;0;0;;;;7;1;4;1;1;;;;7;14
60081;Trivigliano;63;6;10;0;0;;;;16;0;8;0;0;;;;8;24
60081;Trivigliano;64;0;13;1;0;;;;14;1;9;0;2;;;;12;26
60081;Trivigliano;65;1;7;0;1;;;;9;0;10;0;0;;;;10;19
60081;Trivigliano;66;1;10;0;1;;;;12;2;8;0;2;;;;12;24
60081;Trivigliano;67;0;7;0;0;;;;7;0;7;0;3;;;;10;17
60081;Trivigliano;68;1;2;1;0;;;;4;1;8;0;4;;;;13;17
60081;Trivigliano;69;3;10;0;0;;;;13;0;4;0;1;;;;5;18
60081;Trivigliano;70;0;10;0;0;;;;10;0;8;1;3;;;;12;22
60081;Trivigliano;71;1;4;2;0;;;;7;0;9;0;7;;;;16;23
60081;Trivigliano;72;0;6;0;2;;;;8;1;8;0;1;;;;10;18
60081;Trivigliano;73;1;8;1;1;;;;11;1;6;1;3;;;;11;22
60081;Trivigliano;74;1;8;0;2;;;;11;0;7;0;3;;;;10;21
60081;Trivigliano;75;0;8;0;0;;;;8;1;5;1;1;;;;8;16
60081;Trivigliano;76;0;14;1;1;;;;16;0;11;1;5;;;;17;33
60081;Trivigliano;77;0;8;0;0;;;;8;0;6;0;5;;;;11;19
60081;Trivigliano;78;1;6;0;0;;;;7;0;3;0;6;;;;9;16
60081;Trivigliano;79;2;6;1;0;;;;9;0;1;0;3;;;;4;13
60081;Trivigliano;80;0;3;0;1;;;;4;1;5;0;3;;;;9;13
60081;Trivigliano;81;1;2;0;1;;;;4;0;3;0;8;;;;11;15
60081;Trivigliano;82;0;5;0;1;;;;6;0;4;0;4;;;;8;14
60081;Trivigliano;83;0;3;0;1;;;;4;0;1;0;1;;;;2;6
60081;Trivigliano;84;0;2;0;0;;;;2;0;0;0;1;;;;1;3
60081;Trivigliano;85;0;3;0;1;;;;4;0;1;0;1;;;;2;6
60081;Trivigliano;86;0;3;0;0;;;;3;0;0;0;4;;;;4;7
60081;Trivigliano;87;0;2;0;1;;;;3;0;2;0;1;;;;3;6
60081;Trivigliano;88;0;1;0;0;;;;1;0;0;0;0;;;;0;1
60081;Trivigliano;89;0;0;0;1;;;;1;0;0;0;2;;;;2;3
60081;Trivigliano;90;0;2;0;2;;;;4;0;1;0;2;;;;3;7
60081;Trivigliano;91;1;0;0;0;;;;1;0;1;0;6;;;;7;8
60081;Trivigliano;92;0;3;0;0;;;;3;1;0;0;5;;;;6;9
60081;Trivigliano;93;0;0;0;0;;;;0;0;0;0;0;;;;0;0
60081;Trivigliano;94;0;0;0;1;;;;1;0;0;0;2;;;;2;3
60081;Trivigliano;95;0;0;0;0;;;;0;0;0;0;2;;;;2;2
60081;Trivigliano;96;0;0;0;0;;;;0;0;0;0;2;;;;2;2
60081;Trivigliano;97;0;0;0;0;;;;0;0;0;0;1;;;;1;1
60081;Trivigliano;98;0;0;0;0;;;;0;0;0;0;2;;;;2;2
60081;Trivigliano;99;0;0;0;0;;;;0;0;0;0;0;;;;0;0
60081;Trivigliano;100;0;0;0;0;;;;0;0;0;0;1;;;;1;1
60081;Trivigliano;999;346;399;28;20;;;;793;295;394;24;105;;;;818;1611
60082;Vallecorsa;0;5;0;0;0;;;;5;4;0;0;0;;;;4;9
60082;Vallecorsa;1;12;0;0;0;;;;12;10;0;0;0;;;;10;22
60082;Vallecorsa;2;3;0;0;0;;;;3;7;0;0;0;;;;7;10
60082;Vallecorsa;3;5;0;0;0;;;;5;9;0;0;0;;;;9;14
60082;Vallecorsa;4;7;0;0;0;;;;7;11;0;0;0;;;;11;18
60082;Vallecorsa;5;10;0;0;0;;;;10;6;0;0;0;;;;6;16
60082;Vallecorsa;6;6;0;0;0;;;;6;3;0;0;0;;;;3;9
60082;Vallecorsa;7;8;0;0;0;;;;8;13;0;0;0;;;;13;21
60082;Vallecorsa;8;7;0;0;0;;;;7;6;0;0;0;;;;6;13
60082;Vallecorsa;9;8;0;0;0;;;;8;18;0;0;0;;;;18;26
60082;Vallecorsa;10;8;0;0;0;;;;8;9;0;0;0;;;;9;17
60082;Vallecorsa;11;12;0;0;0;;;;12;6;0;0;0;;;;6;18
60082;Vallecorsa;12;4;0;0;0;;;;4;5;0;0;0;;;;5;9
60082;Vallecorsa;13;9;0;0;0;;;;9;10;0;0;0;;;;10;19
60082;Vallecorsa;14;11;0;0;0;;;;11;5;0;0;0;;;;5;16
60082;Vallecorsa;15;11;0;0;0;;;;11;10;0;0;0;;;;10;21
60082;Vallecorsa;16;11;0;0;0;;;;11;13;0;0;0;;;;13;24
60082;Vallecorsa;17;13;0;0;0;;;;13;9;0;0;0;;;;9;22
60082;Vallecorsa;18;10;0;0;0;;;;10;10;0;0;0;;;;10;20
60082;Vallecorsa;19;10;0;0;0;;;;10;10;0;0;0;;;;10;20
60082;Vallecorsa;20;11;0;0;0;;;;11;7;0;0;0;;;;7;18
60082;Vallecorsa;21;11;0;0;0;;;;11;12;0;0;0;;;;12;23
60082;Vallecorsa;22;9;0;0;0;;;;9;8;0;0;0;;;;8;17
60082;Vallecorsa;23;10;0;0;0;;;;10;7;0;0;0;;;;7;17
60082;Vallecorsa;24;12;1;0;0;;;;13;10;0;0;0;;;;10;23
60082;Vallecorsa;25;2;0;0;0;;;;2;13;1;0;0;;;;14;16
60082;Vallecorsa;26;6;0;0;0;;;;6;7;0;0;0;;;;7;13
60082;Vallecorsa;27;14;0;0;0;;;;14;6;1;0;0;;;;7;21
60082;Vallecorsa;28;5;0;0;0;;;;5;2;1;0;0;;;;3;8
60082;Vallecorsa;29;14;0;0;0;;;;14;5;0;0;0;;;;5;19
60082;Vallecorsa;30;10;2;0;0;;;;12;6;3;0;0;;;;9;21
60082;Vallecorsa;31;11;2;0;0;;;;13;8;4;0;0;;;;12;25
60082;Vallecorsa;32;11;0;0;0;;;;11;9;3;0;0;;;;12;23
60082;Vallecorsa;33;8;3;0;0;;;;11;6;4;0;0;;;;10;21
60082;Vallecorsa;34;14;4;0;0;;;;18;3;3;0;0;;;;6;24
60082;Vallecorsa;35;8;5;0;0;;;;13;10;4;0;0;;;;14;27
60082;Vallecorsa;36;6;3;0;0;;;;9;2;6;0;0;;;;8;17
60082;Vallecorsa;37;7;1;0;0;;;;8;3;6;0;0;;;;9;17
60082;Vallecorsa;38;5;3;0;0;;;;8;4;6;1;0;;;;11;19
60082;Vallecorsa;39;11;4;0;0;;;;15;0;9;0;0;;;;9;24
60082;Vallecorsa;40;9;7;0;0;;;;16;5;7;1;0;;;;13;29
60082;Vallecorsa;41;5;11;0;0;;;;16;5;11;0;0;;;;16;32
60082;Vallecorsa;42;6;7;0;0;;;;13;3;10;0;0;;;;13;26
60082;Vallecorsa;43;6;12;0;0;;;;18;4;11;0;0;;;;15;33
60082;Vallecorsa;44;5;9;1;0;;;;15;2;11;0;0;;;;13;28
60082;Vallecorsa;45;5;8;2;0;;;;15;2;11;0;0;;;;13;28
60082;Vallecorsa;46;7;10;1;0;;;;18;0;7;0;1;;;;8;26
60082;Vallecorsa;47;7;4;1;0;;;;12;7;9;1;1;;;;18;30
60082;Vallecorsa;48;5;12;1;0;;;;18;6;18;1;0;;;;25;43
60082;Vallecorsa;49;7;14;1;0;;;;22;1;18;1;1;;;;21;43
60082;Vallecorsa;50;7;12;0;0;;;;19;2;10;1;0;;;;13;32
60082;Vallecorsa;51;2;15;0;0;;;;17;1;9;1;1;;;;12;29
60082;Vallecorsa;52;4;15;4;1;;;;24;0;15;4;0;;;;19;43
60082;Vallecorsa;53;5;7;2;0;;;;14;0;16;1;0;;;;17;31
60082;Vallecorsa;54;1;14;3;0;;;;18;2;4;2;1;;;;9;27
60082;Vallecorsa;55;1;12;1;0;;;;14;0;15;1;0;;;;16;30
60082;Vallecorsa;56;0;7;0;1;;;;8;1;10;0;1;;;;12;20
60082;Vallecorsa;57;3;11;0;0;;;;14;2;17;1;1;;;;21;35
60082;Vallecorsa;58;4;10;1;0;;;;15;0;13;0;0;;;;13;28
60082;Vallecorsa;59;1;11;3;0;;;;15;1;14;3;2;;;;20;35
60082;Vallecorsa;60;1;14;1;0;;;;16;1;17;1;1;;;;20;36
60082;Vallecorsa;61;0;15;0;1;;;;16;2;10;1;0;;;;13;29
60082;Vallecorsa;62;1;13;2;1;;;;17;0;18;0;1;;;;19;36
60082;Vallecorsa;63;1;12;2;0;;;;15;2;15;1;4;;;;22;37
60082;Vallecorsa;64;0;20;0;0;;;;20;0;11;1;4;;;;16;36
60082;Vallecorsa;65;2;14;0;0;;;;16;0;16;0;4;;;;20;36
60082;Vallecorsa;66;1;18;1;0;;;;20;2;17;1;2;;;;22;42
60082;Vallecorsa;67;1;17;0;0;;;;18;1;19;0;2;;;;22;40
60082;Vallecorsa;68;0;14;2;0;;;;16;0;19;0;9;;;;28;44
60082;Vallecorsa;69;2;12;0;0;;;;14;0;13;0;1;;;;14;28
60082;Vallecorsa;70;1;21;0;0;;;;22;1;11;0;4;;;;16;38
60082;Vallecorsa;71;1;13;0;2;;;;16;1;14;0;1;;;;16;32
60082;Vallecorsa;72;1;19;0;0;;;;20;1;11;0;2;;;;14;34
60082;Vallecorsa;73;2;17;0;1;;;;20;0;8;1;3;;;;12;32
60082;Vallecorsa;74;0;15;1;0;;;;16;0;13;0;3;;;;16;32
60082;Vallecorsa;75;0;16;2;1;;;;19;0;6;0;6;;;;12;31
60082;Vallecorsa;76;0;15;2;1;;;;18;1;12;0;10;;;;23;41
60082;Vallecorsa;77;0;24;0;2;;;;26;0;17;1;10;;;;28;54
60082;Vallecorsa;78;2;19;0;0;;;;21;0;10;0;10;;;;20;41
60082;Vallecorsa;79;0;10;0;0;;;;10;0;5;0;6;;;;11;21
60082;Vallecorsa;80;1;7;0;2;;;;10;0;5;0;4;;;;9;19
60082;Vallecorsa;81;0;8;0;0;;;;8;0;4;0;7;;;;11;19
60082;Vallecorsa;82;1;9;0;0;;;;10;0;6;0;2;;;;8;18
60082;Vallecorsa;83;0;8;0;1;;;;9;0;3;0;4;;;;7;16
60082;Vallecorsa;84;1;6;0;2;;;;9;0;4;0;10;;;;14;23
60082;Vallecorsa;85;0;5;0;1;;;;6;0;2;0;12;;;;14;20
60082;Vallecorsa;86;0;7;0;1;;;;8;0;4;0;13;;;;17;25
60082;Vallecorsa;87;0;7;0;0;;;;7;1;3;0;1;;;;5;12
60082;Vallecorsa;88;0;3;0;0;;;;3;1;1;0;8;;;;10;13
60082;Vallecorsa;89;0;7;0;2;;;;9;0;3;0;9;;;;12;21
60082;Vallecorsa;90;0;6;0;1;;;;7;0;2;0;9;;;;11;18
60082;Vallecorsa;91;0;2;0;1;;;;3;0;2;0;0;;;;2;5
60082;Vallecorsa;92;0;1;0;2;;;;3;0;1;0;9;;;;10;13
60082;Vallecorsa;93;0;1;0;3;;;;4;0;0;0;7;;;;7;11
60082;Vallecorsa;94;0;2;0;1;;;;3;2;0;0;11;;;;13;16
60082;Vallecorsa;95;0;0;0;1;;;;1;0;1;0;3;;;;4;5
60082;Vallecorsa;96;0;0;0;3;;;;3;0;0;0;2;;;;2;5
60082;Vallecorsa;97;0;0;0;2;;;;2;0;0;0;2;;;;2;4
60082;Vallecorsa;98;0;1;0;0;;;;1;0;0;0;4;;;;4;5
60082;Vallecorsa;99;0;0;0;0;;;;0;0;0;0;3;;;;3;3
60082;Vallecorsa;100;0;0;0;0;;;;0;0;0;0;3;;;;3;3
60082;Vallecorsa;999;464;634;34;34;;;;1166;362;590;26;215;;;;1193;2359
60083;Vallemaio;0;6;0;0;0;;;;6;0;0;0;0;;;;0;6
60083;Vallemaio;1;3;0;0;0;;;;3;4;0;0;0;;;;4;7
60083;Vallemaio;2;4;0;0;0;;;;4;7;0;0;0;;;;7;11
60083;Vallemaio;3;2;0;0;0;;;;2;3;0;0;0;;;;3;5
60083;Vallemaio;4;5;0;0;0;;;;5;4;0;0;0;;;;4;9
60083;Vallemaio;5;5;0;0;0;;;;5;3;0;0;0;;;;3;8
60083;Vallemaio;6;6;0;0;0;;;;6;5;0;0;0;;;;5;11
60083;Vallemaio;7;4;0;0;0;;;;4;4;0;0;0;;;;4;8
60083;Vallemaio;8;3;0;0;0;;;;3;6;0;0;0;;;;6;9
60083;Vallemaio;9;3;0;0;0;;;;3;1;0;0;0;;;;1;4
60083;Vallemaio;10;2;0;0;0;;;;2;4;0;0;0;;;;4;6
60083;Vallemaio;11;2;0;0;0;;;;2;3;0;0;0;;;;3;5
60083;Vallemaio;12;5;0;0;0;;;;5;4;0;0;0;;;;4;9
60083;Vallemaio;13;5;0;0;0;;;;5;2;0;0;0;;;;2;7
60083;Vallemaio;14;3;0;0;0;;;;3;1;0;0;0;;;;1;4
60083;Vallemaio;15;4;0;0;0;;;;4;3;0;0;0;;;;3;7
60083;Vallemaio;16;3;0;0;0;;;;3;4;0;0;0;;;;4;7
60083;Vallemaio;17;5;0;0;0;;;;5;1;0;0;0;;;;1;6
60083;Vallemaio;18;5;0;0;0;;;;5;6;0;0;0;;;;6;11
60083;Vallemaio;19;4;0;0;0;;;;4;3;0;0;0;;;;3;7
60083;Vallemaio;20;2;0;0;0;;;;2;3;0;0;0;;;;3;5
60083;Vallemaio;21;3;0;0;0;;;;3;2;0;0;0;;;;2;5
60083;Vallemaio;22;3;0;0;0;;;;3;3;0;0;0;;;;3;6
60083;Vallemaio;23;5;0;0;0;;;;5;5;0;0;0;;;;5;10
60083;Vallemaio;24;6;0;0;0;;;;6;3;0;0;0;;;;3;9
60083;Vallemaio;25;5;0;0;0;;;;5;6;0;0;0;;;;6;11
60083;Vallemaio;26;5;0;0;0;;;;5;4;1;0;0;;;;5;10
60083;Vallemaio;27;5;0;0;0;;;;5;5;0;0;0;;;;5;10
60083;Vallemaio;28;3;1;0;0;;;;4;1;0;0;0;;;;1;5
60083;Vallemaio;29;6;0;0;0;;;;6;0;1;0;0;;;;1;7
60083;Vallemaio;30;6;2;0;0;;;;8;4;3;0;0;;;;7;15
60083;Vallemaio;31;2;1;0;0;;;;3;5;2;0;0;;;;7;10
60083;Vallemaio;32;0;1;0;0;;;;1;3;3;0;0;;;;6;7
60083;Vallemaio;33;2;1;0;0;;;;3;1;2;0;0;;;;3;6
60083;Vallemaio;34;4;2;0;0;;;;6;4;4;0;0;;;;8;14
60083;Vallemaio;35;6;6;0;0;;;;12;5;1;0;0;;;;6;18
60083;Vallemaio;36;4;1;0;0;;;;5;1;1;2;0;;;;4;9
60083;Vallemaio;37;2;2;0;0;;;;4;5;4;0;0;;;;9;13
60083;Vallemaio;38;4;2;0;0;;;;6;2;2;0;0;;;;4;10
60083;Vallemaio;39;7;0;0;0;;;;7;1;2;0;0;;;;3;10
60083;Vallemaio;40;2;2;0;0;;;;4;4;7;0;0;;;;11;15
60083;Vallemaio;41;2;4;0;0;;;;6;3;3;0;0;;;;6;12
60083;Vallemaio;42;2;3;0;0;;;;5;0;4;0;0;;;;4;9
60083;Vallemaio;43;4;1;0;0;;;;5;1;3;0;0;;;;4;9
60083;Vallemaio;44;2;3;0;0;;;;5;1;5;2;0;;;;8;13
60083;Vallemaio;45;3;1;0;0;;;;4;2;5;0;0;;;;7;11
60083;Vallemaio;46;0;2;0;0;;;;2;0;1;0;0;;;;1;3
60083;Vallemaio;47;3;4;0;0;;;;7;1;5;0;0;;;;6;13
60083;Vallemaio;48;0;4;0;0;;;;4;1;2;0;0;;;;3;7
60083;Vallemaio;49;1;8;0;0;;;;9;0;1;0;0;;;;1;10
60083;Vallemaio;50;0;5;1;0;;;;6;0;3;1;0;;;;4;10
60083;Vallemaio;51;1;6;0;0;;;;7;0;5;1;0;;;;6;13
60083;Vallemaio;52;1;2;0;0;;;;3;1;2;0;0;;;;3;6
60083;Vallemaio;53;0;3;1;0;;;;4;0;9;0;0;;;;9;13
60083;Vallemaio;54;0;0;1;0;;;;1;0;1;1;0;;;;2;3
60083;Vallemaio;55;1;4;0;0;;;;5;1;6;0;1;;;;8;13
60083;Vallemaio;56;2;9;2;0;;;;13;1;6;0;0;;;;7;20
60083;Vallemaio;57;0;6;0;0;;;;6;3;6;0;0;;;;9;15
60083;Vallemaio;58;0;3;1;0;;;;4;1;5;0;2;;;;8;12
60083;Vallemaio;59;1;8;0;0;;;;9;0;7;0;0;;;;7;16
60083;Vallemaio;60;1;6;0;0;;;;7;1;8;1;1;;;;11;18
60083;Vallemaio;61;1;6;1;0;;;;8;1;3;0;0;;;;4;12
60083;Vallemaio;62;1;3;1;0;;;;5;0;4;0;1;;;;5;10
60083;Vallemaio;63;2;5;0;0;;;;7;2;8;0;4;;;;14;21
60083;Vallemaio;64;1;9;1;1;;;;12;0;5;0;0;;;;5;17
60083;Vallemaio;65;0;3;0;0;;;;3;0;8;0;1;;;;9;12
60083;Vallemaio;66;0;9;0;1;;;;10;0;7;0;1;;;;8;18
60083;Vallemaio;67;1;4;0;1;;;;6;0;7;1;2;;;;10;16
60083;Vallemaio;68;0;6;0;0;;;;6;1;8;0;2;;;;11;17
60083;Vallemaio;69;1;9;0;0;;;;10;0;2;1;1;;;;4;14
60083;Vallemaio;70;0;8;0;0;;;;8;0;5;0;3;;;;8;16
60083;Vallemaio;71;0;9;0;0;;;;9;0;3;0;0;;;;3;12
60083;Vallemaio;72;0;3;0;0;;;;3;2;2;0;2;;;;6;9
60083;Vallemaio;73;0;4;0;0;;;;4;0;2;0;0;;;;2;6
60083;Vallemaio;74;1;4;0;0;;;;5;1;4;0;2;;;;7;12
60083;Vallemaio;75;0;3;0;0;;;;3;0;2;0;2;;;;4;7
60083;Vallemaio;76;1;4;0;0;;;;5;0;3;0;2;;;;5;10
60083;Vallemaio;77;0;4;0;0;;;;4;0;1;0;3;;;;4;8
60083;Vallemaio;78;1;7;0;0;;;;8;0;4;0;3;;;;7;15
60083;Vallemaio;79;0;3;0;0;;;;3;0;1;0;0;;;;1;4
60083;Vallemaio;80;0;1;0;1;;;;2;1;1;0;3;;;;5;7
60083;Vallemaio;81;0;1;0;0;;;;1;0;0;0;1;;;;1;2
60083;Vallemaio;82;0;2;0;0;;;;2;0;2;0;6;;;;8;10
60083;Vallemaio;83;0;1;0;1;;;;2;1;1;1;2;;;;5;7
60083;Vallemaio;84;0;2;0;0;;;;2;1;0;0;3;;;;4;6
60083;Vallemaio;85;0;2;0;0;;;;2;0;1;0;0;;;;1;3
60083;Vallemaio;86;0;1;0;1;;;;2;2;0;0;3;;;;5;7
60083;Vallemaio;87;0;0;0;0;;;;0;1;0;0;3;;;;4;4
60083;Vallemaio;88;0;1;0;0;;;;1;0;0;0;2;;;;2;3
60083;Vallemaio;89;0;1;0;1;;;;2;0;1;1;1;;;;3;5
60083;Vallemaio;90;0;0;1;2;;;;3;0;0;0;4;;;;4;7
60083;Vallemaio;91;0;0;0;1;;;;1;0;0;0;2;;;;2;3
60083;Vallemaio;92;0;0;0;0;;;;0;1;0;0;1;;;;2;2
60083;Vallemaio;93;0;0;0;1;;;;1;0;0;0;3;;;;3;4
60083;Vallemaio;94;0;0;0;0;;;;0;0;0;0;0;;;;0;0
60083;Vallemaio;95;0;0;0;2;;;;2;0;0;0;0;;;;0;2
60083;Vallemaio;96;0;0;0;0;;;;0;0;0;0;1;;;;1;1
60083;Vallemaio;97;0;0;0;0;;;;0;0;0;0;3;;;;3;3
60083;Vallemaio;98;0;0;0;0;;;;0;0;0;0;1;;;;1;1
60083;Vallemaio;99;0;0;0;0;;;;0;0;0;0;0;;;;0;0
60083;Vallemaio;100;0;0;0;0;;;;0;0;0;0;0;;;;0;0
60083;Vallemaio;999;195;218;10;13;;;;436;166;205;12;72;;;;455;891
60084;Vallerotonda;0;3;0;0;0;;;;3;2;0;0;0;;;;2;5
60084;Vallerotonda;1;2;0;0;0;;;;2;4;0;0;0;;;;4;6
60084;Vallerotonda;2;4;0;0;0;;;;4;1;0;0;0;;;;1;5
60084;Vallerotonda;3;2;0;0;0;;;;2;5;0;0;0;;;;5;7
60084;Vallerotonda;4;3;0;0;0;;;;3;2;0;0;0;;;;2;5
60084;Vallerotonda;5;2;0;0;0;;;;2;2;0;0;0;;;;2;4
60084;Vallerotonda;6;5;0;0;0;;;;5;5;0;0;0;;;;5;10
60084;Vallerotonda;7;5;0;0;0;;;;5;5;0;0;0;;;;5;10
60084;Vallerotonda;8;4;0;0;0;;;;4;0;0;0;0;;;;0;4
60084;Vallerotonda;9;4;0;0;0;;;;4;3;0;0;0;;;;3;7
60084;Vallerotonda;10;5;0;0;0;;;;5;2;0;0;0;;;;2;7
60084;Vallerotonda;11;6;0;0;0;;;;6;4;0;0;0;;;;4;10
60084;Vallerotonda;12;5;0;0;0;;;;5;5;0;0;0;;;;5;10
60084;Vallerotonda;13;4;0;0;0;;;;4;4;0;0;0;;;;4;8
60084;Vallerotonda;14;2;0;0;0;;;;2;5;0;0;0;;;;5;7
60084;Vallerotonda;15;2;0;0;0;;;;2;2;0;0;0;;;;2;4
60084;Vallerotonda;16;3;0;0;0;;;;3;1;0;0;0;;;;1;4
60084;Vallerotonda;17;7;0;0;0;;;;7;7;0;0;0;;;;7;14
60084;Vallerotonda;18;5;0;0;0;;;;5;1;0;0;0;;;;1;6
60084;Vallerotonda;19;6;0;0;0;;;;6;8;0;0;0;;;;8;14
60084;Vallerotonda;20;5;0;0;0;;;;5;5;0;0;0;;;;5;10
60084;Vallerotonda;21;6;0;0;0;;;;6;6;0;0;0;;;;6;12
60084;Vallerotonda;22;6;0;0;0;;;;6;4;0;0;0;;;;4;10
60084;Vallerotonda;23;8;0;0;0;;;;8;5;0;0;0;;;;5;13
60084;Vallerotonda;24;3;0;0;0;;;;3;5;0;0;0;;;;5;8
60084;Vallerotonda;25;5;0;0;0;;;;5;4;0;0;0;;;;4;9
60084;Vallerotonda;26;5;0;0;0;;;;5;8;0;0;0;;;;8;13
60084;Vallerotonda;27;8;0;0;0;;;;8;10;1;0;0;;;;11;19
60084;Vallerotonda;28;4;1;0;0;;;;5;2;1;0;0;;;;3;8
60084;Vallerotonda;29;6;0;0;0;;;;6;7;1;0;0;;;;8;14
60084;Vallerotonda;30;6;0;0;0;;;;6;3;0;0;0;;;;3;9
60084;Vallerotonda;31;4;1;0;0;;;;5;6;1;0;0;;;;7;12
60084;Vallerotonda;32;7;0;0;0;;;;7;5;0;0;0;;;;5;12
60084;Vallerotonda;33;5;2;0;0;;;;7;5;3;0;0;;;;8;15
60084;Vallerotonda;34;2;1;0;0;;;;3;1;3;0;0;;;;4;7
60084;Vallerotonda;35;8;2;0;0;;;;10;2;0;0;0;;;;2;12
60084;Vallerotonda;36;5;1;0;0;;;;6;4;2;0;0;;;;6;12
60084;Vallerotonda;37;3;1;0;0;;;;4;2;4;0;0;;;;6;10
60084;Vallerotonda;38;4;3;0;0;;;;7;2;5;0;0;;;;7;14
60084;Vallerotonda;39;3;2;0;0;;;;5;2;3;0;0;;;;5;10
60084;Vallerotonda;40;9;1;0;0;;;;10;1;6;0;0;;;;7;17
60084;Vallerotonda;41;4;0;0;0;;;;4;3;2;0;0;;;;5;9
60084;Vallerotonda;42;2;8;0;0;;;;10;2;3;0;0;;;;5;15
60084;Vallerotonda;43;3;4;0;0;;;;7;4;6;0;0;;;;10;17
60084;Vallerotonda;44;4;4;0;0;;;;8;3;7;0;0;;;;10;18
60084;Vallerotonda;45;5;2;1;0;;;;8;4;4;0;0;;;;8;16
60084;Vallerotonda;46;4;6;0;0;;;;10;4;5;1;0;;;;10;20
60084;Vallerotonda;47;8;9;0;0;;;;17;1;8;0;0;;;;9;26
60084;Vallerotonda;48;1;8;0;0;;;;9;3;10;1;0;;;;14;23
60084;Vallerotonda;49;2;13;1;0;;;;16;0;5;0;0;;;;5;21
60084;Vallerotonda;50;5;3;0;0;;;;8;1;8;0;0;;;;9;17
60084;Vallerotonda;51;4;7;1;0;;;;12;2;5;0;0;;;;7;19
60084;Vallerotonda;52;4;5;1;0;;;;10;4;8;1;0;;;;13;23
60084;Vallerotonda;53;2;4;0;0;;;;6;2;11;0;0;;;;13;19
60084;Vallerotonda;54;2;5;1;1;;;;9;2;6;1;1;;;;10;19
60084;Vallerotonda;55;3;12;1;1;;;;17;2;10;2;0;;;;14;31
60084;Vallerotonda;56;3;7;0;0;;;;10;0;5;1;1;;;;7;17
60084;Vallerotonda;57;8;8;1;0;;;;17;2;11;0;1;;;;14;31
60084;Vallerotonda;58;1;10;0;0;;;;11;0;6;2;1;;;;9;20
60084;Vallerotonda;59;3;11;0;0;;;;14;2;10;1;0;;;;13;27
60084;Vallerotonda;60;3;10;1;0;;;;14;1;8;0;0;;;;9;23
60084;Vallerotonda;61;2;5;2;0;;;;9;0;8;0;1;;;;9;18
60084;Vallerotonda;62;3;8;0;0;;;;11;1;14;0;0;;;;15;26
60084;Vallerotonda;63;5;8;1;0;;;;14;3;1;1;1;;;;6;20
60084;Vallerotonda;64;1;9;0;1;;;;11;0;7;0;3;;;;10;21
60084;Vallerotonda;65;4;10;1;0;;;;15;2;8;2;1;;;;13;28
60084;Vallerotonda;66;3;8;0;0;;;;11;1;9;0;0;;;;10;21
60084;Vallerotonda;67;2;10;1;1;;;;14;0;10;0;2;;;;12;26
60084;Vallerotonda;68;1;9;1;1;;;;12;1;8;0;5;;;;14;26
60084;Vallerotonda;69;1;7;1;0;;;;9;0;10;2;2;;;;14;23
60084;Vallerotonda;70;1;7;1;1;;;;10;0;9;0;0;;;;9;19
60084;Vallerotonda;71;0;7;0;1;;;;8;0;9;0;5;;;;14;22
60084;Vallerotonda;72;1;12;0;0;;;;13;2;6;0;3;;;;11;24
60084;Vallerotonda;73;1;11;1;0;;;;13;0;8;1;6;;;;15;28
60084;Vallerotonda;74;1;7;1;0;;;;9;0;8;2;4;;;;14;23
60084;Vallerotonda;75;0;9;1;3;;;;13;2;7;1;6;;;;16;29
60084;Vallerotonda;76;0;13;0;1;;;;14;0;8;0;3;;;;11;25
60084;Vallerotonda;77;2;10;0;3;;;;15;1;4;0;3;;;;8;23
60084;Vallerotonda;78;0;9;0;1;;;;10;1;7;0;5;;;;13;23
60084;Vallerotonda;79;0;4;0;1;;;;5;0;1;0;4;;;;5;10
60084;Vallerotonda;80;1;9;0;0;;;;10;0;4;0;4;;;;8;18
60084;Vallerotonda;81;2;4;1;1;;;;8;0;0;1;3;;;;4;12
60084;Vallerotonda;82;0;1;0;2;;;;3;1;2;0;2;;;;5;8
60084;Vallerotonda;83;0;2;0;0;;;;2;0;2;0;8;;;;10;12
60084;Vallerotonda;84;0;3;1;0;;;;4;0;1;1;4;;;;6;10
60084;Vallerotonda;85;1;2;1;4;;;;8;0;0;0;9;;;;9;17
60084;Vallerotonda;86;0;3;0;1;;;;4;0;2;0;5;;;;7;11
60084;Vallerotonda;87;0;3;0;3;;;;6;0;2;0;3;;;;5;11
60084;Vallerotonda;88;0;2;0;1;;;;3;0;3;0;4;;;;7;10
60084;Vallerotonda;89;0;2;0;1;;;;3;0;0;0;3;;;;3;6
60084;Vallerotonda;90;0;2;0;1;;;;3;0;3;0;3;;;;6;9
60084;Vallerotonda;91;0;1;0;1;;;;2;0;1;0;1;;;;2;4
60084;Vallerotonda;92;0;1;0;1;;;;2;0;0;0;2;;;;2;4
60084;Vallerotonda;93;0;0;0;1;;;;1;0;0;0;0;;;;0;1
60084;Vallerotonda;94;0;0;0;1;;;;1;0;0;0;3;;;;3;4
60084;Vallerotonda;95;0;0;0;0;;;;0;0;0;0;2;;;;2;2
60084;Vallerotonda;96;0;0;0;0;;;;0;0;0;0;0;;;;0;0
60084;Vallerotonda;97;0;1;0;0;;;;1;0;0;0;1;;;;1;2
60084;Vallerotonda;98;0;0;0;0;;;;0;0;0;0;0;;;;0;0
60084;Vallerotonda;99;0;0;0;0;;;;0;0;0;0;0;;;;0;0
60084;Vallerotonda;100;0;0;0;0;;;;0;0;0;0;1;;;;1;1
60084;Vallerotonda;999;294;350;22;34;;;;700;214;330;21;116;;;;681;1381
60085;Veroli;0;78;0;0;0;;;;78;58;0;0;0;;;;58;136
60085;Veroli;1;77;0;0;0;;;;77;68;0;0;0;;;;68;145
60085;Veroli;2;61;0;0;0;;;;61;61;0;0;0;;;;61;122
60085;Veroli;3;73;0;0;0;;;;73;66;0;0;0;;;;66;139
60085;Veroli;4;59;0;0;0;;;;59;70;0;0;0;;;;70;129
60085;Veroli;5;68;0;0;0;;;;68;75;0;0;0;;;;75;143
60085;Veroli;6;84;0;0;0;;;;84;79;0;0;0;;;;79;163
60085;Veroli;7;85;0;0;0;;;;85;78;0;0;0;;;;78;163
60085;Veroli;8;95;0;0;0;;;;95;101;0;0;0;;;;101;196
60085;Veroli;9;72;0;0;0;;;;72;93;0;0;0;;;;93;165
60085;Veroli;10;78;0;0;0;;;;78;85;0;0;0;;;;85;163
60085;Veroli;11;94;0;0;0;;;;94;81;0;0;0;;;;81;175
60085;Veroli;12;89;0;0;0;;;;89;104;0;0;0;;;;104;193
60085;Veroli;13;89;0;0;0;;;;89;97;0;0;0;;;;97;186
60085;Veroli;14;88;0;0;0;;;;88;101;0;0;0;;;;101;189
60085;Veroli;15;96;0;0;0;;;;96;89;0;0;0;;;;89;185
60085;Veroli;16;92;0;0;0;;;;92;75;0;0;0;;;;75;167
60085;Veroli;17;91;0;0;0;;;;91;89;0;0;0;;;;89;180
60085;Veroli;18;114;0;0;0;;;;114;104;0;0;0;;;;104;218
60085;Veroli;19;88;0;0;0;;;;88;98;1;0;0;;;;99;187
60085;Veroli;20;102;0;0;0;;;;102;87;0;0;0;;;;87;189
60085;Veroli;21;88;0;0;0;;;;88;76;0;0;0;;;;76;164
60085;Veroli;22;92;0;0;0;;;;92;96;0;0;0;;;;96;188
60085;Veroli;23;97;0;0;0;;;;97;81;3;0;0;;;;84;181
60085;Veroli;24;111;0;0;0;;;;111;102;5;0;0;;;;107;218
60085;Veroli;25;102;1;0;0;;;;103;73;7;0;0;;;;80;183
60085;Veroli;26;91;3;0;0;;;;94;94;8;0;0;;;;102;196
60085;Veroli;27;93;6;0;0;;;;99;80;10;0;0;;;;90;189
60085;Veroli;28;112;9;0;0;;;;121;73;27;0;0;;;;100;221
60085;Veroli;29;86;13;0;0;;;;99;88;22;0;0;;;;110;209
60085;Veroli;30;98;18;0;0;;;;116;71;31;1;0;;;;103;219
60085;Veroli;31;71;14;0;0;;;;85;76;37;0;0;;;;113;198
60085;Veroli;32;99;24;1;0;;;;124;72;44;0;1;;;;117;241
60085;Veroli;33;81;27;2;0;;;;110;49;46;2;0;;;;97;207
60085;Veroli;34;97;37;1;0;;;;135;42;49;2;0;;;;93;228
60085;Veroli;35;80;41;2;0;;;;123;45;60;1;0;;;;106;229
60085;Veroli;36;71;47;1;0;;;;119;48;59;3;0;;;;110;229
60085;Veroli;37;59;52;0;0;;;;111;43;54;3;0;;;;100;211
60085;Veroli;38;62;53;1;0;;;;116;40;70;0;0;;;;110;226
60085;Veroli;39;55;67;1;0;;;;123;37;83;3;0;;;;123;246
60085;Veroli;40;53;68;2;0;;;;123;37;71;4;1;;;;113;236
60085;Veroli;41;50;83;5;1;;;;139;39;82;6;1;;;;128;267
60085;Veroli;42;45;61;1;0;;;;107;37;78;8;2;;;;125;232
60085;Veroli;43;45;61;4;0;;;;110;35;94;10;4;;;;143;253
60085;Veroli;44;46;73;1;0;;;;120;36;94;4;0;;;;134;254
60085;Veroli;45;43;69;5;0;;;;117;27;100;5;2;;;;134;251
60085;Veroli;46;37;107;12;0;;;;156;27;102;6;1;;;;136;292
60085;Veroli;47;48;96;6;1;;;;151;26;91;8;5;;;;130;281
60085;Veroli;48;38;98;5;0;;;;141;22;111;8;4;;;;145;286
60085;Veroli;49;31;110;4;3;;;;148;23;103;10;4;;;;140;288
60085;Veroli;50;50;100;3;1;;;;154;25;103;11;3;;;;142;296
60085;Veroli;51;38;95;5;0;;;;138;19;127;8;3;;;;157;295
60085;Veroli;52;26;108;4;0;;;;138;12;137;12;6;;;;167;305
60085;Veroli;53;40;124;5;2;;;;171;16;116;5;1;;;;138;309
60085;Veroli;54;23;126;6;0;;;;155;22;142;3;13;;;;180;335
60085;Veroli;55;30;103;4;2;;;;139;12;146;8;3;;;;169;308
60085;Veroli;56;40;124;4;0;;;;168;8;122;5;8;;;;143;311
60085;Veroli;57;16;134;9;4;;;;163;8;115;11;4;;;;138;301
60085;Veroli;58;16;108;7;3;;;;134;7;124;8;5;;;;144;278
60085;Veroli;59;17;126;7;1;;;;151;7;119;7;11;;;;144;295
60085;Veroli;60;17;124;6;3;;;;150;11;142;9;10;;;;172;322
60085;Veroli;61;12;130;7;0;;;;149;11;143;5;6;;;;165;314
60085;Veroli;62;18;138;9;2;;;;167;9;120;2;10;;;;141;308
60085;Veroli;63;13;118;2;3;;;;136;4;97;7;21;;;;129;265
60085;Veroli;64;10;114;5;2;;;;131;6;129;2;18;;;;155;286
60085;Veroli;65;6;98;2;4;;;;110;8;132;2;20;;;;162;272
60085;Veroli;66;8;124;4;5;;;;141;6;115;4;24;;;;149;290
60085;Veroli;67;15;105;2;2;;;;124;6;101;1;26;;;;134;258
60085;Veroli;68;5;109;5;7;;;;126;9;85;2;22;;;;118;244
60085;Veroli;69;10;97;4;6;;;;117;2;100;4;16;;;;122;239
60085;Veroli;70;5;116;5;6;;;;132;8;86;1;19;;;;114;246
60085;Veroli;71;5;96;2;1;;;;104;4;85;3;28;;;;120;224
60085;Veroli;72;4;109;1;9;;;;123;5;81;1;32;;;;119;242
60085;Veroli;73;3;97;2;4;;;;106;6;77;2;34;;;;119;225
60085;Veroli;74;3;84;1;8;;;;96;2;66;2;46;;;;116;212
60085;Veroli;75;6;111;1;2;;;;120;10;67;2;44;;;;123;243
60085;Veroli;76;5;92;0;8;;;;105;7;71;2;51;;;;131;236
60085;Veroli;77;3;86;0;10;;;;99;7;69;0;41;;;;117;216
60085;Veroli;78;5;69;0;13;;;;87;4;57;0;45;;;;106;193
60085;Veroli;79;0;41;1;4;;;;46;1;33;0;39;;;;73;119
60085;Veroli;80;4;61;1;8;;;;74;3;39;2;30;;;;74;148
60085;Veroli;81;1;55;0;12;;;;68;0;40;1;36;;;;77;145
60085;Veroli;82;3;34;1;8;;;;46;3;24;0;36;;;;63;109
60085;Veroli;83;2;50;1;8;;;;61;0;21;0;36;;;;57;118
60085;Veroli;84;4;53;0;6;;;;63;1;25;0;38;;;;64;127
60085;Veroli;85;3;42;1;11;;;;57;4;18;0;49;;;;71;128
60085;Veroli;86;0;22;1;16;;;;39;4;22;1;52;;;;79;118
60085;Veroli;87;1;23;0;8;;;;32;0;18;0;36;;;;54;86
60085;Veroli;88;1;14;0;8;;;;23;1;9;0;36;;;;46;69
60085;Veroli;89;2;18;1;5;;;;26;2;8;0;25;;;;35;61
60085;Veroli;90;1;17;0;7;;;;25;0;9;0;34;;;;43;68
60085;Veroli;91;2;17;0;5;;;;24;0;3;0;26;;;;29;53
60085;Veroli;92;1;7;0;9;;;;17;0;5;0;21;;;;26;43
60085;Veroli;93;3;7;0;5;;;;15;0;1;0;9;;;;10;25
60085;Veroli;94;0;4;0;2;;;;6;0;2;0;14;;;;16;22
60085;Veroli;95;1;2;0;2;;;;5;0;0;0;8;;;;8;13
60085;Veroli;96;0;7;0;0;;;;7;1;1;0;5;;;;7;14
60085;Veroli;97;0;0;0;1;;;;1;0;0;0;2;;;;2;3
60085;Veroli;98;0;0;0;2;;;;2;1;0;0;5;;;;6;8
60085;Veroli;99;0;1;0;0;;;;1;0;0;0;3;;;;3;4
60085;Veroli;100;0;0;0;1;;;;1;0;1;0;4;;;;5;6
60085;Veroli;999;4332;4878;173;241;;;;9624;3636;4895;217;1139;;;;9887;19511
60086;Vicalvi;0;6;0;0;0;;;;6;4;0;0;0;;;;4;10
60086;Vicalvi;1;2;0;0;0;;;;2;2;0;0;0;;;;2;4
60086;Vicalvi;2;3;0;0;0;;;;3;0;0;0;0;;;;0;3
60086;Vicalvi;3;3;0;0;0;;;;3;4;0;0;0;;;;4;7
60086;Vicalvi;4;0;0;0;0;;;;0;3;0;0;0;;;;3;3
60086;Vicalvi;5;5;0;0;0;;;;5;2;0;0;0;;;;2;7
60086;Vicalvi;6;4;0;0;0;;;;4;4;0;0;0;;;;4;8
60086;Vicalvi;7;2;0;0;0;;;;2;4;0;0;0;;;;4;6
60086;Vicalvi;8;5;0;0;0;;;;5;2;0;0;0;;;;2;7
60086;Vicalvi;9;2;0;0;0;;;;2;3;0;0;0;;;;3;5
60086;Vicalvi;10;2;0;0;0;;;;2;1;0;0;0;;;;1;3
60086;Vicalvi;11;2;0;0;0;;;;2;5;0;0;0;;;;5;7
60086;Vicalvi;12;1;0;0;0;;;;1;5;0;0;0;;;;5;6
60086;Vicalvi;13;5;0;0;0;;;;5;2;0;0;0;;;;2;7
60086;Vicalvi;14;1;0;0;0;;;;1;4;0;0;0;;;;4;5
60086;Vicalvi;15;6;0;0;0;;;;6;2;0;0;0;;;;2;8
60086;Vicalvi;16;5;0;0;0;;;;5;0;0;0;0;;;;0;5
60086;Vicalvi;17;2;0;0;0;;;;2;3;0;0;0;;;;3;5
60086;Vicalvi;18;2;0;0;0;;;;2;3;0;0;0;;;;3;5
60086;Vicalvi;19;2;0;0;0;;;;2;3;0;0;0;;;;3;5
60086;Vicalvi;20;2;0;0;0;;;;2;6;0;0;0;;;;6;8
60086;Vicalvi;21;3;0;0;0;;;;3;4;0;0;0;;;;4;7
60086;Vicalvi;22;1;0;0;0;;;;1;4;0;0;0;;;;4;5
60086;Vicalvi;23;3;0;0;0;;;;3;3;0;0;0;;;;3;6
60086;Vicalvi;24;3;0;0;0;;;;3;2;0;0;0;;;;2;5
60086;Vicalvi;25;2;0;0;0;;;;2;3;1;0;0;;;;4;6
60086;Vicalvi;26;4;0;0;0;;;;4;5;0;0;0;;;;5;9
60086;Vicalvi;27;4;0;0;0;;;;4;2;1;0;0;;;;3;7
60086;Vicalvi;28;2;0;0;0;;;;2;2;1;0;0;;;;3;5
60086;Vicalvi;29;3;1;0;0;;;;4;2;1;0;0;;;;3;7
60086;Vicalvi;30;7;1;0;0;;;;8;4;0;0;0;;;;4;12
60086;Vicalvi;31;2;0;0;0;;;;2;1;1;0;0;;;;2;4
60086;Vicalvi;32;2;0;0;0;;;;2;4;1;0;0;;;;5;7
60086;Vicalvi;33;1;0;0;0;;;;1;4;1;0;0;;;;5;6
60086;Vicalvi;34;1;3;0;0;;;;4;4;0;0;0;;;;4;8
60086;Vicalvi;35;1;2;0;0;;;;3;3;3;1;1;;;;8;11
60086;Vicalvi;36;2;3;0;0;;;;5;0;5;0;0;;;;5;10
60086;Vicalvi;37;3;2;0;0;;;;5;2;4;0;0;;;;6;11
60086;Vicalvi;38;2;5;0;0;;;;7;2;0;0;0;;;;2;9
60086;Vicalvi;39;3;2;0;0;;;;5;0;3;0;0;;;;3;8
60086;Vicalvi;40;3;4;0;0;;;;7;2;2;0;0;;;;4;11
60086;Vicalvi;41;4;3;0;0;;;;7;1;2;0;0;;;;3;10
60086;Vicalvi;42;1;3;1;0;;;;5;1;1;1;1;;;;4;9
60086;Vicalvi;43;3;0;0;0;;;;3;1;2;0;0;;;;3;6
60086;Vicalvi;44;2;3;0;0;;;;5;3;1;0;0;;;;4;9
60086;Vicalvi;45;0;2;1;0;;;;3;3;7;0;0;;;;10;13
60086;Vicalvi;46;4;5;0;0;;;;9;4;1;0;0;;;;5;14
60086;Vicalvi;47;0;4;0;0;;;;4;0;4;1;0;;;;5;9
60086;Vicalvi;48;1;1;0;0;;;;2;0;5;0;0;;;;5;7
60086;Vicalvi;49;3;2;0;0;;;;5;3;2;0;0;;;;5;10
60086;Vicalvi;50;0;2;1;0;;;;3;1;4;1;0;;;;6;9
60086;Vicalvi;51;0;7;0;0;;;;7;0;3;1;0;;;;4;11
60086;Vicalvi;52;1;4;1;0;;;;6;1;5;1;0;;;;7;13
60086;Vicalvi;53;0;2;3;0;;;;5;2;4;1;1;;;;8;13
60086;Vicalvi;54;1;1;1;0;;;;3;1;3;0;0;;;;4;7
60086;Vicalvi;55;0;1;1;0;;;;2;1;2;0;1;;;;4;6
60086;Vicalvi;56;0;5;0;0;;;;5;1;4;1;1;;;;7;12
60086;Vicalvi;57;2;2;0;0;;;;4;0;5;0;0;;;;5;9
60086;Vicalvi;58;0;2;0;0;;;;2;0;4;0;0;;;;4;6
60086;Vicalvi;59;1;1;0;0;;;;2;0;5;0;1;;;;6;8
60086;Vicalvi;60;2;5;1;0;;;;8;0;3;1;0;;;;4;12
60086;Vicalvi;61;1;4;0;1;;;;6;0;5;0;0;;;;5;11
60086;Vicalvi;62;1;1;1;0;;;;3;0;3;0;0;;;;3;6
60086;Vicalvi;63;1;2;1;0;;;;4;0;6;2;0;;;;8;12
60086;Vicalvi;64;0;6;2;0;;;;8;0;4;1;2;;;;7;15
60086;Vicalvi;65;0;5;0;0;;;;5;1;4;0;1;;;;6;11
60086;Vicalvi;66;2;3;1;0;;;;6;1;1;0;0;;;;2;8
60086;Vicalvi;67;1;3;1;0;;;;5;0;4;0;0;;;;4;9
60086;Vicalvi;68;0;3;0;0;;;;3;0;2;0;1;;;;3;6
60086;Vicalvi;69;2;6;0;0;;;;8;0;3;0;0;;;;3;11
60086;Vicalvi;70;1;1;0;0;;;;2;0;2;0;1;;;;3;5
60086;Vicalvi;71;2;4;0;0;;;;6;0;2;1;0;;;;3;9
60086;Vicalvi;72;0;2;0;0;;;;2;0;4;0;1;;;;5;7
60086;Vicalvi;73;0;1;0;0;;;;1;0;2;0;2;;;;4;5
60086;Vicalvi;74;0;1;0;0;;;;1;0;3;1;3;;;;7;8
60086;Vicalvi;75;1;4;0;0;;;;5;0;3;1;2;;;;6;11
60086;Vicalvi;76;0;3;0;1;;;;4;0;0;1;1;;;;2;6
60086;Vicalvi;77;1;4;0;0;;;;5;0;6;1;3;;;;10;15
60086;Vicalvi;78;0;3;0;2;;;;5;0;3;0;10;;;;13;18
60086;Vicalvi;79;0;5;0;0;;;;5;0;1;0;2;;;;3;8
60086;Vicalvi;80;0;3;0;0;;;;3;0;0;0;2;;;;2;5
60086;Vicalvi;81;0;1;0;1;;;;2;0;2;0;1;;;;3;5
60086;Vicalvi;82;0;1;0;0;;;;1;1;0;0;3;;;;4;5
60086;Vicalvi;83;0;1;0;0;;;;1;0;1;0;2;;;;3;4
60086;Vicalvi;84;0;2;0;0;;;;2;0;1;0;2;;;;3;5
60086;Vicalvi;85;0;2;0;0;;;;2;0;1;0;2;;;;3;5
60086;Vicalvi;86;0;2;0;0;;;;2;0;1;0;1;;;;2;4
60086;Vicalvi;87;0;2;0;1;;;;3;1;0;0;4;;;;5;8
60086;Vicalvi;88;0;3;0;3;;;;6;0;1;0;4;;;;5;11
60086;Vicalvi;89;0;0;0;1;;;;1;0;1;0;0;;;;1;2
60086;Vicalvi;90;0;1;0;1;;;;2;0;0;0;2;;;;2;4
60086;Vicalvi;91;0;0;0;0;;;;0;0;0;1;2;;;;3;3
60086;Vicalvi;92;0;1;0;0;;;;1;0;0;0;2;;;;2;3
60086;Vicalvi;93;0;1;0;0;;;;1;0;0;0;1;;;;1;2
60086;Vicalvi;94;0;1;0;0;;;;1;0;1;0;0;;;;1;2
60086;Vicalvi;95;0;2;0;0;;;;2;0;0;0;0;;;;0;2
60086;Vicalvi;96;0;1;0;0;;;;1;0;0;0;0;;;;0;1
60086;Vicalvi;97;0;0;0;0;;;;0;0;0;0;1;;;;1;1
60086;Vicalvi;98;0;0;0;0;;;;0;0;0;0;0;;;;0;0
60086;Vicalvi;99;0;0;0;0;;;;0;0;0;0;0;;;;0;0
60086;Vicalvi;100;0;0;0;0;;;;0;0;0;0;1;;;;1;1
60086;Vicalvi;999;152;163;16;11;;;;342;142;158;18;65;;;;383;725
60087;Vico nel Lazio;0;7;0;0;0;;;;7;6;0;0;0;;;;6;13
60087;Vico nel Lazio;1;11;0;0;0;;;;11;8;0;0;0;;;;8;19
60087;Vico nel Lazio;2;4;0;0;0;;;;4;6;0;0;0;;;;6;10
60087;Vico nel Lazio;3;7;0;0;0;;;;7;10;0;0;0;;;;10;17
60087;Vico nel Lazio;4;8;0;0;0;;;;8;9;0;0;0;;;;9;17
60087;Vico nel Lazio;5;10;0;0;0;;;;10;13;0;0;0;;;;13;23
60087;Vico nel Lazio;6;6;0;0;0;;;;6;8;0;0;0;;;;8;14
60087;Vico nel Lazio;7;7;0;0;0;;;;7;7;0;0;0;;;;7;14
60087;Vico nel Lazio;8;6;0;0;0;;;;6;10;0;0;0;;;;10;16
60087;Vico nel Lazio;9;13;0;0;0;;;;13;13;0;0;0;;;;13;26
60087;Vico nel Lazio;10;12;0;0;0;;;;12;6;0;0;0;;;;6;18
60087;Vico nel Lazio;11;8;0;0;0;;;;8;7;0;0;0;;;;7;15
60087;Vico nel Lazio;12;12;0;0;0;;;;12;7;0;0;0;;;;7;19
60087;Vico nel Lazio;13;9;0;0;0;;;;9;7;0;0;0;;;;7;16
60087;Vico nel Lazio;14;8;0;0;0;;;;8;9;0;0;0;;;;9;17
60087;Vico nel Lazio;15;8;0;0;0;;;;8;9;0;0;0;;;;9;17
60087;Vico nel Lazio;16;10;0;0;0;;;;10;10;0;0;0;;;;10;20
60087;Vico nel Lazio;17;14;0;0;0;;;;14;11;0;0;0;;;;11;25
60087;Vico nel Lazio;18;4;0;0;0;;;;4;11;0;0;0;;;;11;15
60087;Vico nel Lazio;19;10;0;0;0;;;;10;12;0;0;0;;;;12;22
60087;Vico nel Lazio;20;11;0;0;0;;;;11;9;0;0;0;;;;9;20
60087;Vico nel Lazio;21;14;0;0;0;;;;14;7;0;0;0;;;;7;21
60087;Vico nel Lazio;22;9;0;0;0;;;;9;8;0;0;0;;;;8;17
60087;Vico nel Lazio;23;6;0;0;0;;;;6;8;1;0;0;;;;9;15
60087;Vico nel Lazio;24;10;0;0;0;;;;10;4;0;0;0;;;;4;14
60087;Vico nel Lazio;25;9;0;0;0;;;;9;5;0;0;0;;;;5;14
60087;Vico nel Lazio;26;4;0;0;0;;;;4;7;0;0;0;;;;7;11
60087;Vico nel Lazio;27;6;0;0;0;;;;6;12;0;0;0;;;;12;18
60087;Vico nel Lazio;28;7;0;0;0;;;;7;8;2;0;0;;;;10;17
60087;Vico nel Lazio;29;11;2;0;0;;;;13;11;3;0;0;;;;14;27
60087;Vico nel Lazio;30;12;1;0;0;;;;13;9;3;0;0;;;;12;25
60087;Vico nel Lazio;31;10;1;0;0;;;;11;7;3;0;0;;;;10;21
60087;Vico nel Lazio;32;10;2;0;0;;;;12;3;3;0;0;;;;6;18
60087;Vico nel Lazio;33;7;4;0;0;;;;11;10;8;0;0;;;;18;29
60087;Vico nel Lazio;34;7;5;0;0;;;;12;4;8;0;0;;;;12;24
60087;Vico nel Lazio;35;10;2;0;0;;;;12;7;9;0;0;;;;16;28
60087;Vico nel Lazio;36;4;6;0;0;;;;10;8;6;0;0;;;;14;24
60087;Vico nel Lazio;37;7;7;0;0;;;;14;4;8;0;1;;;;13;27
60087;Vico nel Lazio;38;11;9;0;0;;;;20;8;8;0;0;;;;16;36
60087;Vico nel Lazio;39;9;5;0;0;;;;14;2;12;0;0;;;;14;28
60087;Vico nel Lazio;40;7;9;0;0;;;;16;4;11;0;0;;;;15;31
60087;Vico nel Lazio;41;4;7;1;0;;;;12;2;7;1;0;;;;10;22
60087;Vico nel Lazio;42;3;9;0;0;;;;12;6;7;1;0;;;;14;26
60087;Vico nel Lazio;43;7;8;0;0;;;;15;3;8;2;1;;;;14;29
60087;Vico nel Lazio;44;3;8;1;0;;;;12;5;3;1;1;;;;10;22
60087;Vico nel Lazio;45;10;8;0;0;;;;18;6;7;1;0;;;;14;32
60087;Vico nel Lazio;46;7;7;2;0;;;;16;2;11;0;0;;;;13;29
60087;Vico nel Lazio;47;8;8;2;0;;;;18;3;8;3;1;;;;15;33
60087;Vico nel Lazio;48;2;8;1;0;;;;11;5;7;2;0;;;;14;25
60087;Vico nel Lazio;49;7;11;0;0;;;;18;3;11;2;0;;;;16;34
60087;Vico nel Lazio;50;7;9;0;0;;;;16;2;11;2;0;;;;15;31
60087;Vico nel Lazio;51;3;4;3;0;;;;10;2;8;0;0;;;;10;20
60087;Vico nel Lazio;52;6;10;1;0;;;;17;3;10;0;0;;;;13;30
60087;Vico nel Lazio;53;2;16;2;0;;;;20;2;8;0;1;;;;11;31
60087;Vico nel Lazio;54;4;8;1;0;;;;13;3;11;1;1;;;;16;29
60087;Vico nel Lazio;55;5;18;1;0;;;;24;1;17;2;2;;;;22;46
60087;Vico nel Lazio;56;5;9;0;0;;;;14;2;10;1;1;;;;14;28
60087;Vico nel Lazio;57;1;8;0;0;;;;9;3;13;4;0;;;;20;29
60087;Vico nel Lazio;58;2;6;0;0;;;;8;1;12;1;1;;;;15;23
60087;Vico nel Lazio;59;2;12;1;1;;;;16;3;14;0;0;;;;17;33
60087;Vico nel Lazio;60;2;18;1;0;;;;21;2;14;0;3;;;;19;40
60087;Vico nel Lazio;61;1;13;0;1;;;;15;1;10;1;1;;;;13;28
60087;Vico nel Lazio;62;0;13;2;1;;;;16;2;11;0;0;;;;13;29
60087;Vico nel Lazio;63;1;19;1;1;;;;22;1;12;0;5;;;;18;40
60087;Vico nel Lazio;64;1;13;0;0;;;;14;0;14;0;3;;;;17;31
60087;Vico nel Lazio;65;1;8;0;3;;;;12;2;12;2;2;;;;18;30
60087;Vico nel Lazio;66;1;12;0;1;;;;14;0;9;1;2;;;;12;26
60087;Vico nel Lazio;67;1;13;0;0;;;;14;1;15;1;1;;;;18;32
60087;Vico nel Lazio;68;0;15;0;1;;;;16;1;9;1;4;;;;15;31
60087;Vico nel Lazio;69;1;11;2;0;;;;14;0;11;1;4;;;;16;30
60087;Vico nel Lazio;70;1;11;0;1;;;;13;0;5;2;3;;;;10;23
60087;Vico nel Lazio;71;2;11;0;2;;;;15;1;10;1;3;;;;15;30
60087;Vico nel Lazio;72;1;9;1;0;;;;11;1;6;0;5;;;;12;23
60087;Vico nel Lazio;73;1;9;0;3;;;;13;1;8;0;3;;;;12;25
60087;Vico nel Lazio;74;0;10;0;0;;;;10;1;10;0;4;;;;15;25
60087;Vico nel Lazio;75;1;7;0;2;;;;10;0;10;0;2;;;;12;22
60087;Vico nel Lazio;76;0;12;0;1;;;;13;0;3;0;3;;;;6;19
60087;Vico nel Lazio;77;0;10;0;1;;;;11;0;5;0;7;;;;12;23
60087;Vico nel Lazio;78;0;11;0;1;;;;12;0;7;0;3;;;;10;22
60087;Vico nel Lazio;79;2;6;0;1;;;;9;0;4;0;4;;;;8;17
60087;Vico nel Lazio;80;0;5;0;3;;;;8;1;2;0;4;;;;7;15
60087;Vico nel Lazio;81;0;8;0;0;;;;8;0;1;0;2;;;;3;11
60087;Vico nel Lazio;82;1;4;0;0;;;;5;1;2;0;5;;;;8;13
60087;Vico nel Lazio;83;0;2;0;0;;;;2;0;0;0;6;;;;6;8
60087;Vico nel Lazio;84;1;5;0;2;;;;8;0;0;0;4;;;;4;12
60087;Vico nel Lazio;85;0;3;0;1;;;;4;1;2;0;6;;;;9;13
60087;Vico nel Lazio;86;0;4;0;1;;;;5;0;1;0;1;;;;2;7
60087;Vico nel Lazio;87;1;1;0;1;;;;3;1;2;0;4;;;;7;10
60087;Vico nel Lazio;88;0;2;0;2;;;;4;0;0;0;5;;;;5;9
60087;Vico nel Lazio;89;0;0;0;1;;;;1;0;1;0;5;;;;6;7
60087;Vico nel Lazio;90;0;0;0;0;;;;0;0;1;0;4;;;;5;5
60087;Vico nel Lazio;91;0;3;0;0;;;;3;0;0;0;1;;;;1;4
60087;Vico nel Lazio;92;0;1;0;0;;;;1;0;1;0;2;;;;3;4
60087;Vico nel Lazio;93;0;1;0;2;;;;3;0;0;0;3;;;;3;6
60087;Vico nel Lazio;94;0;0;0;0;;;;0;0;0;0;0;;;;0;0
60087;Vico nel Lazio;95;0;0;0;0;;;;0;0;0;0;1;;;;1;1
60087;Vico nel Lazio;96;1;0;0;0;;;;1;0;1;0;1;;;;2;3
60087;Vico nel Lazio;97;0;1;0;0;;;;1;0;0;0;1;;;;1;2
60087;Vico nel Lazio;98;0;0;0;0;;;;0;0;0;0;0;;;;0;0
60087;Vico nel Lazio;99;0;0;0;0;;;;0;0;0;0;0;;;;0;0
60087;Vico nel Lazio;100;0;0;0;0;;;;0;0;0;0;0;;;;0;0
60087;Vico nel Lazio;999;464;498;23;34;;;;1019;399;467;34;127;;;;1027;2046
60088;Villa Latina;0;3;0;0;0;;;;3;0;0;0;0;;;;0;3
60088;Villa Latina;1;2;0;0;0;;;;2;3;0;0;0;;;;3;5
60088;Villa Latina;2;4;0;0;0;;;;4;1;0;0;0;;;;1;5
60088;Villa Latina;3;2;0;0;0;;;;2;1;0;0;0;;;;1;3
60088;Villa Latina;4;5;0;0;0;;;;5;2;0;0;0;;;;2;7
60088;Villa Latina;5;3;0;0;0;;;;3;3;0;0;0;;;;3;6
60088;Villa Latina;6;8;0;0;0;;;;8;2;0;0;0;;;;2;10
60088;Villa Latina;7;8;0;0;0;;;;8;3;0;0;0;;;;3;11
60088;Villa Latina;8;6;0;0;0;;;;6;7;0;0;0;;;;7;13
60088;Villa Latina;9;1;0;0;0;;;;1;8;0;0;0;;;;8;9
60088;Villa Latina;10;7;0;0;0;;;;7;7;0;0;0;;;;7;14
60088;Villa Latina;11;6;0;0;0;;;;6;6;0;0;0;;;;6;12
60088;Villa Latina;12;5;0;0;0;;;;5;3;0;0;0;;;;3;8
60088;Villa Latina;13;7;0;0;0;;;;7;5;0;0;0;;;;5;12
60088;Villa Latina;14;1;0;0;0;;;;1;10;0;0;0;;;;10;11
60088;Villa Latina;15;4;0;0;0;;;;4;4;0;0;0;;;;4;8
60088;Villa Latina;16;4;0;0;0;;;;4;5;0;0;0;;;;5;9
60088;Villa Latina;17;6;0;0;0;;;;6;2;0;0;0;;;;2;8
60088;Villa Latina;18;5;0;0;0;;;;5;1;0;0;0;;;;1;6
60088;Villa Latina;19;9;0;0;0;;;;9;4;0;0;0;;;;4;13
60088;Villa Latina;20;3;0;0;0;;;;3;5;1;0;0;;;;6;9
60088;Villa Latina;21;7;0;0;0;;;;7;7;0;0;0;;;;7;14
60088;Villa Latina;22;10;0;0;0;;;;10;5;0;0;0;;;;5;15
60088;Villa Latina;23;3;0;0;0;;;;3;3;0;0;0;;;;3;6
60088;Villa Latina;24;4;0;0;0;;;;4;5;1;0;0;;;;6;10
60088;Villa Latina;25;7;1;0;0;;;;8;0;0;0;0;;;;0;8
60088;Villa Latina;26;4;0;0;0;;;;4;2;0;0;0;;;;2;6
60088;Villa Latina;27;7;1;0;0;;;;8;3;0;0;0;;;;3;11
60088;Villa Latina;28;4;2;0;0;;;;6;4;0;0;0;;;;4;10
60088;Villa Latina;29;3;1;0;0;;;;4;0;0;0;0;;;;0;4
60088;Villa Latina;30;1;0;0;0;;;;1;2;0;0;0;;;;2;3
60088;Villa Latina;31;4;0;0;0;;;;4;5;0;0;0;;;;5;9
60088;Villa Latina;32;6;1;0;0;;;;7;1;1;0;0;;;;2;9
60088;Villa Latina;33;1;0;0;0;;;;1;4;3;0;0;;;;7;8
60088;Villa Latina;34;3;2;0;0;;;;5;5;3;0;0;;;;8;13
60088;Villa Latina;35;5;0;0;0;;;;5;4;4;0;0;;;;8;13
60088;Villa Latina;36;7;0;0;0;;;;7;3;4;0;0;;;;7;14
60088;Villa Latina;37;6;2;0;0;;;;8;5;2;0;0;;;;7;15
60088;Villa Latina;38;4;1;0;0;;;;5;4;7;0;0;;;;11;16
60088;Villa Latina;39;1;3;0;0;;;;4;1;6;1;0;;;;8;12
60088;Villa Latina;40;7;6;0;0;;;;13;6;5;1;0;;;;12;25
60088;Villa Latina;41;2;7;0;0;;;;9;0;5;0;0;;;;5;14
60088;Villa Latina;42;3;3;0;0;;;;6;1;5;0;0;;;;6;12
60088;Villa Latina;43;3;3;1;0;;;;7;2;4;1;0;;;;7;14
60088;Villa Latina;44;0;9;1;0;;;;10;0;2;0;0;;;;2;12
60088;Villa Latina;45;4;3;0;0;;;;7;3;4;0;0;;;;7;14
60088;Villa Latina;46;5;2;0;0;;;;7;2;5;1;0;;;;8;15
60088;Villa Latina;47;1;6;0;0;;;;7;1;5;0;0;;;;6;13
60088;Villa Latina;48;3;4;0;0;;;;7;0;4;0;0;;;;4;11
60088;Villa Latina;49;2;2;1;0;;;;5;2;4;0;1;;;;7;12
60088;Villa Latina;50;2;6;0;0;;;;8;4;3;1;0;;;;8;16
60088;Villa Latina;51;6;2;0;0;;;;8;4;4;0;1;;;;9;17
60088;Villa Latina;52;4;3;3;0;;;;10;2;8;1;0;;;;11;21
60088;Villa Latina;53;3;4;0;0;;;;7;1;4;1;0;;;;6;13
60088;Villa Latina;54;4;4;2;0;;;;10;5;6;0;1;;;;12;22
60088;Villa Latina;55;2;6;0;0;;;;8;3;3;0;0;;;;6;14
60088;Villa Latina;56;2;5;0;0;;;;7;0;2;1;1;;;;4;11
60088;Villa Latina;57;5;6;0;0;;;;11;2;12;0;0;;;;14;25
60088;Villa Latina;58;3;6;1;0;;;;10;0;5;0;1;;;;6;16
60088;Villa Latina;59;1;4;0;0;;;;5;2;3;0;1;;;;6;11
60088;Villa Latina;60;3;5;1;0;;;;9;0;9;0;0;;;;9;18
60088;Villa Latina;61;1;7;0;0;;;;8;3;11;1;2;;;;17;25
60088;Villa Latina;62;0;10;1;1;;;;12;0;6;0;1;;;;7;19
60088;Villa Latina;63;1;4;0;0;;;;5;2;8;0;2;;;;12;17
60088;Villa Latina;64;2;7;0;1;;;;10;1;5;0;1;;;;7;17
60088;Villa Latina;65;2;4;1;0;;;;7;0;6;1;2;;;;9;16
60088;Villa Latina;66;1;7;0;0;;;;8;0;4;0;1;;;;5;13
60088;Villa Latina;67;1;8;1;0;;;;10;0;5;0;1;;;;6;16
60088;Villa Latina;68;1;8;0;0;;;;9;3;4;1;4;;;;12;21
60088;Villa Latina;69;0;6;0;1;;;;7;1;3;0;0;;;;4;11
60088;Villa Latina;70;0;5;1;0;;;;6;0;6;0;1;;;;7;13
60088;Villa Latina;71;0;4;0;0;;;;4;1;8;0;1;;;;10;14
60088;Villa Latina;72;1;5;0;0;;;;6;0;4;0;2;;;;6;12
60088;Villa Latina;73;1;9;0;0;;;;10;0;3;0;2;;;;5;15
60088;Villa Latina;74;0;6;1;2;;;;9;0;3;1;3;;;;7;16
60088;Villa Latina;75;0;6;0;0;;;;6;0;2;1;1;;;;4;10
60088;Villa Latina;76;1;3;0;0;;;;4;1;4;0;3;;;;8;12
60088;Villa Latina;77;0;3;0;1;;;;4;1;9;0;6;;;;16;20
60088;Villa Latina;78;1;5;0;0;;;;6;0;7;0;3;;;;10;16
60088;Villa Latina;79;0;6;1;1;;;;8;0;1;0;2;;;;3;11
60088;Villa Latina;80;1;4;0;1;;;;6;0;4;0;2;;;;6;12
60088;Villa Latina;81;0;3;0;2;;;;5;0;2;0;1;;;;3;8
60088;Villa Latina;82;0;4;0;0;;;;4;0;1;0;3;;;;4;8
60088;Villa Latina;83;0;2;0;1;;;;3;1;1;0;6;;;;8;11
60088;Villa Latina;84;3;2;0;1;;;;6;0;2;0;3;;;;5;11
60088;Villa Latina;85;0;6;0;1;;;;7;0;3;0;4;;;;7;14
60088;Villa Latina;86;0;1;0;1;;;;2;1;1;0;4;;;;6;8
60088;Villa Latina;87;0;1;0;1;;;;2;2;1;0;1;;;;4;6
60088;Villa Latina;88;0;6;0;2;;;;8;0;2;0;6;;;;8;16
60088;Villa Latina;89;0;0;0;0;;;;0;0;0;0;1;;;;1;1
60088;Villa Latina;90;0;1;0;1;;;;2;0;0;0;5;;;;5;7
60088;Villa Latina;91;0;2;0;0;;;;2;0;0;0;1;;;;1;3
60088;Villa Latina;92;0;1;0;0;;;;1;0;0;0;0;;;;0;1
60088;Villa Latina;93;0;0;0;0;;;;0;1;0;0;3;;;;4;4
60088;Villa Latina;94;0;1;0;0;;;;1;0;0;0;1;;;;1;2
60088;Villa Latina;95;0;0;0;1;;;;1;0;0;0;1;;;;1;2
60088;Villa Latina;96;0;0;0;0;;;;0;0;0;0;0;;;;0;0
60088;Villa Latina;97;0;0;0;0;;;;0;0;0;0;0;;;;0;0
60088;Villa Latina;98;0;0;0;0;;;;0;0;0;0;0;;;;0;0
60088;Villa Latina;99;0;0;0;0;;;;0;0;0;0;0;;;;0;0
60088;Villa Latina;100;0;0;0;0;;;;0;0;0;0;1;;;;1;1
60088;Villa Latina;999;268;257;16;19;;;;560;203;250;13;87;;;;553;1113
60089;Villa Santa Lucia;0;7;0;0;0;;;;7;3;0;0;0;;;;3;10
60089;Villa Santa Lucia;1;7;0;0;0;;;;7;7;0;0;0;;;;7;14
60089;Villa Santa Lucia;2;7;0;0;0;;;;7;13;0;0;0;;;;13;20
60089;Villa Santa Lucia;3;13;0;0;0;;;;13;7;0;0;0;;;;7;20
60089;Villa Santa Lucia;4;8;0;0;0;;;;8;16;0;0;0;;;;16;24
60089;Villa Santa Lucia;5;9;0;0;0;;;;9;10;0;0;0;;;;10;19
60089;Villa Santa Lucia;6;10;0;0;0;;;;10;8;0;0;0;;;;8;18
60089;Villa Santa Lucia;7;9;0;0;0;;;;9;8;0;0;0;;;;8;17
60089;Villa Santa Lucia;8;13;0;0;0;;;;13;6;0;0;0;;;;6;19
60089;Villa Santa Lucia;9;12;0;0;0;;;;12;5;0;0;0;;;;5;17
60089;Villa Santa Lucia;10;7;0;0;0;;;;7;12;0;0;0;;;;12;19
60089;Villa Santa Lucia;11;13;0;0;0;;;;13;9;0;0;0;;;;9;22
60089;Villa Santa Lucia;12;15;0;0;0;;;;15;8;0;0;0;;;;8;23
60089;Villa Santa Lucia;13;18;0;0;0;;;;18;6;0;0;0;;;;6;24
60089;Villa Santa Lucia;14;7;0;0;0;;;;7;16;0;0;0;;;;16;23
60089;Villa Santa Lucia;15;14;0;0;0;;;;14;13;0;0;0;;;;13;27
60089;Villa Santa Lucia;16;11;0;0;0;;;;11;16;0;0;0;;;;16;27
60089;Villa Santa Lucia;17;7;0;0;0;;;;7;8;0;0;0;;;;8;15
60089;Villa Santa Lucia;18;11;0;0;0;;;;11;16;0;0;0;;;;16;27
60089;Villa Santa Lucia;19;10;0;0;0;;;;10;12;0;0;0;;;;12;22
60089;Villa Santa Lucia;20;12;0;0;0;;;;12;9;0;0;0;;;;9;21
60089;Villa Santa Lucia;21;15;0;0;0;;;;15;15;0;0;0;;;;15;30
60089;Villa Santa Lucia;22;14;0;0;0;;;;14;9;0;0;0;;;;9;23
60089;Villa Santa Lucia;23;7;0;0;0;;;;7;5;2;0;0;;;;7;14
60089;Villa Santa Lucia;24;15;0;0;0;;;;15;11;0;0;0;;;;11;26
60089;Villa Santa Lucia;25;15;0;0;0;;;;15;10;0;0;0;;;;10;25
60089;Villa Santa Lucia;26;9;2;0;0;;;;11;13;2;0;0;;;;15;26
60089;Villa Santa Lucia;27;18;0;0;0;;;;18;6;0;0;0;;;;6;24
60089;Villa Santa Lucia;28;8;2;0;0;;;;10;8;1;0;0;;;;9;19
60089;Villa Santa Lucia;29;16;2;0;0;;;;18;7;5;0;0;;;;12;30
60089;Villa Santa Lucia;30;14;0;0;0;;;;14;7;3;0;0;;;;10;24
60089;Villa Santa Lucia;31;15;6;0;0;;;;21;7;6;0;0;;;;13;34
60089;Villa Santa Lucia;32;10;1;0;0;;;;11;10;6;0;1;;;;17;28
60089;Villa Santa Lucia;33;8;4;0;0;;;;12;2;3;0;0;;;;5;17
60089;Villa Santa Lucia;34;6;4;0;0;;;;10;5;9;0;0;;;;14;24
60089;Villa Santa Lucia;35;9;4;0;0;;;;13;0;8;0;0;;;;8;21
60089;Villa Santa Lucia;36;10;10;0;0;;;;20;7;16;0;0;;;;23;43
60089;Villa Santa Lucia;37;12;9;0;0;;;;21;4;15;0;0;;;;19;40
60089;Villa Santa Lucia;38;14;12;0;0;;;;26;3;9;0;0;;;;12;38
60089;Villa Santa Lucia;39;4;8;0;0;;;;12;9;7;0;0;;;;16;28
60089;Villa Santa Lucia;40;4;7;0;0;;;;11;2;8;1;0;;;;11;22
60089;Villa Santa Lucia;41;5;15;0;0;;;;20;6;10;1;0;;;;17;37
60089;Villa Santa Lucia;42;4;2;0;0;;;;6;2;8;1;0;;;;11;17
60089;Villa Santa Lucia;43;7;14;1;0;;;;22;4;15;0;0;;;;19;41
60089;Villa Santa Lucia;44;2;6;0;0;;;;8;4;11;0;0;;;;15;23
60089;Villa Santa Lucia;45;6;19;0;0;;;;25;3;12;0;0;;;;15;40
60089;Villa Santa Lucia;46;5;8;0;0;;;;13;2;18;0;1;;;;21;34
60089;Villa Santa Lucia;47;3;11;0;0;;;;14;4;13;1;0;;;;18;32
60089;Villa Santa Lucia;48;1;14;0;0;;;;15;1;14;0;1;;;;16;31
60089;Villa Santa Lucia;49;6;15;2;0;;;;23;4;12;2;1;;;;19;42
60089;Villa Santa Lucia;50;4;12;1;0;;;;17;1;15;0;0;;;;16;33
60089;Villa Santa Lucia;51;3;16;0;0;;;;19;2;15;0;1;;;;18;37
60089;Villa Santa Lucia;52;5;13;3;0;;;;21;2;12;1;1;;;;16;37
60089;Villa Santa Lucia;53;5;12;1;1;;;;19;1;10;2;0;;;;13;32
60089;Villa Santa Lucia;54;3;11;0;0;;;;14;1;17;1;0;;;;19;33
60089;Villa Santa Lucia;55;9;18;1;1;;;;29;1;18;1;1;;;;21;50
60089;Villa Santa Lucia;56;3;11;1;0;;;;15;2;18;4;2;;;;26;41
60089;Villa Santa Lucia;57;4;22;0;1;;;;27;2;22;1;1;;;;26;53
60089;Villa Santa Lucia;58;5;17;1;0;;;;23;1;14;0;0;;;;15;38
60089;Villa Santa Lucia;59;4;15;0;0;;;;19;1;10;0;4;;;;15;34
60089;Villa Santa Lucia;60;1;8;1;1;;;;11;3;18;0;3;;;;24;35
60089;Villa Santa Lucia;61;2;15;2;4;;;;23;1;18;0;0;;;;19;42
60089;Villa Santa Lucia;62;1;16;1;0;;;;18;4;14;0;1;;;;19;37
60089;Villa Santa Lucia;63;3;11;0;0;;;;14;2;12;0;1;;;;15;29
60089;Villa Santa Lucia;64;1;15;1;0;;;;17;0;17;0;2;;;;19;36
60089;Villa Santa Lucia;65;3;11;0;0;;;;14;0;17;0;3;;;;20;34
60089;Villa Santa Lucia;66;0;21;0;0;;;;21;0;17;2;5;;;;24;45
60089;Villa Santa Lucia;67;1;15;0;0;;;;16;2;7;2;4;;;;15;31
60089;Villa Santa Lucia;68;0;10;0;0;;;;10;2;18;2;4;;;;26;36
60089;Villa Santa Lucia;69;0;22;1;0;;;;23;2;15;0;5;;;;22;45
60089;Villa Santa Lucia;70;0;23;1;0;;;;24;0;15;0;5;;;;20;44
60089;Villa Santa Lucia;71;0;15;0;1;;;;16;1;8;1;3;;;;13;29
60089;Villa Santa Lucia;72;2;13;0;1;;;;16;1;12;0;3;;;;16;32
60089;Villa Santa Lucia;73;2;13;0;0;;;;15;1;10;0;5;;;;16;31
60089;Villa Santa Lucia;74;0;12;0;2;;;;14;3;7;0;11;;;;21;35
60089;Villa Santa Lucia;75;1;12;0;0;;;;13;0;9;0;3;;;;12;25
60089;Villa Santa Lucia;76;0;9;1;1;;;;11;0;9;0;2;;;;11;22
60089;Villa Santa Lucia;77;0;13;0;1;;;;14;1;7;1;7;;;;16;30
60089;Villa Santa Lucia;78;2;5;0;3;;;;10;0;5;0;7;;;;12;22
60089;Villa Santa Lucia;79;0;5;0;1;;;;6;0;2;0;5;;;;7;13
60089;Villa Santa Lucia;80;0;7;1;1;;;;9;1;3;0;4;;;;8;17
60089;Villa Santa Lucia;81;0;5;0;0;;;;5;1;3;0;7;;;;11;16
60089;Villa Santa Lucia;82;0;2;0;2;;;;4;0;3;0;7;;;;10;14
60089;Villa Santa Lucia;83;0;4;0;0;;;;4;0;0;0;4;;;;4;8
60089;Villa Santa Lucia;84;0;5;0;2;;;;7;0;5;0;0;;;;5;12
60089;Villa Santa Lucia;85;0;10;0;0;;;;10;0;3;0;6;;;;9;19
60089;Villa Santa Lucia;86;0;3;0;0;;;;3;0;0;0;5;;;;5;8
60089;Villa Santa Lucia;87;0;4;0;1;;;;5;0;1;0;5;;;;6;11
60089;Villa Santa Lucia;88;0;2;0;1;;;;3;0;2;0;2;;;;4;7
60089;Villa Santa Lucia;89;1;5;0;0;;;;6;0;1;0;7;;;;8;14
60089;Villa Santa Lucia;90;0;1;0;0;;;;1;0;2;0;3;;;;5;6
60089;Villa Santa Lucia;91;0;0;1;0;;;;1;0;0;0;2;;;;2;3
60089;Villa Santa Lucia;92;0;0;0;2;;;;2;0;0;0;1;;;;1;3
60089;Villa Santa Lucia;93;0;1;0;2;;;;3;1;0;0;0;;;;1;4
60089;Villa Santa Lucia;94;0;0;0;0;;;;0;0;0;0;3;;;;3;3
60089;Villa Santa Lucia;95;0;1;0;1;;;;2;0;0;0;0;;;;0;2
60089;Villa Santa Lucia;96;0;0;0;0;;;;0;0;0;0;1;;;;1;1
60089;Villa Santa Lucia;97;0;0;0;0;;;;0;0;0;0;2;;;;2;2
60089;Villa Santa Lucia;98;0;0;0;1;;;;1;0;1;0;0;;;;1;2
60089;Villa Santa Lucia;99;0;0;0;0;;;;0;0;0;0;1;;;;1;1
60089;Villa Santa Lucia;100;0;0;0;0;;;;0;0;0;0;0;;;;0;0
60089;Villa Santa Lucia;999;547;636;21;31;;;;1235;418;625;24;153;;;;1220;2455
60090;Villa Santo Stefano;0;6;0;0;0;;;;6;2;0;0;0;;;;2;8
60090;Villa Santo Stefano;1;3;0;0;0;;;;3;7;0;0;0;;;;7;10
60090;Villa Santo Stefano;2;10;0;0;0;;;;10;2;0;0;0;;;;2;12
60090;Villa Santo Stefano;3;6;0;0;0;;;;6;6;0;0;0;;;;6;12
60090;Villa Santo Stefano;4;7;0;0;0;;;;7;2;0;0;0;;;;2;9
60090;Villa Santo Stefano;5;3;0;0;0;;;;3;5;0;0;0;;;;5;8
60090;Villa Santo Stefano;6;7;0;0;0;;;;7;7;0;0;0;;;;7;14
60090;Villa Santo Stefano;7;15;0;0;0;;;;15;6;0;0;0;;;;6;21
60090;Villa Santo Stefano;8;6;0;0;0;;;;6;8;0;0;0;;;;8;14
60090;Villa Santo Stefano;9;6;0;0;0;;;;6;5;0;0;0;;;;5;11
60090;Villa Santo Stefano;10;5;0;0;0;;;;5;4;0;0;0;;;;4;9
60090;Villa Santo Stefano;11;5;0;0;0;;;;5;7;0;0;0;;;;7;12
60090;Villa Santo Stefano;12;3;0;0;0;;;;3;9;0;0;0;;;;9;12
60090;Villa Santo Stefano;13;5;0;0;0;;;;5;6;0;0;0;;;;6;11
60090;Villa Santo Stefano;14;3;0;0;0;;;;3;4;0;0;0;;;;4;7
60090;Villa Santo Stefano;15;3;0;0;0;;;;3;7;0;0;0;;;;7;10
60090;Villa Santo Stefano;16;5;0;0;0;;;;5;7;0;0;0;;;;7;12
60090;Villa Santo Stefano;17;8;0;0;0;;;;8;7;0;0;0;;;;7;15
60090;Villa Santo Stefano;18;10;0;0;0;;;;10;8;0;0;0;;;;8;18
60090;Villa Santo Stefano;19;9;0;0;0;;;;9;7;0;0;0;;;;7;16
60090;Villa Santo Stefano;20;10;0;0;0;;;;10;7;0;0;0;;;;7;17
60090;Villa Santo Stefano;21;9;0;0;0;;;;9;6;0;0;0;;;;6;15
60090;Villa Santo Stefano;22;11;0;0;0;;;;11;10;0;0;0;;;;10;21
60090;Villa Santo Stefano;23;8;0;0;0;;;;8;4;0;0;0;;;;4;12
60090;Villa Santo Stefano;24;7;0;0;0;;;;7;10;0;0;0;;;;10;17
60090;Villa Santo Stefano;25;10;2;0;0;;;;12;6;1;0;0;;;;7;19
60090;Villa Santo Stefano;26;6;0;0;0;;;;6;7;0;0;0;;;;7;13
60090;Villa Santo Stefano;27;8;0;0;0;;;;8;5;1;0;0;;;;6;14
60090;Villa Santo Stefano;28;7;1;0;0;;;;8;14;0;0;0;;;;14;22
60090;Villa Santo Stefano;29;9;0;0;0;;;;9;4;4;0;0;;;;8;17
60090;Villa Santo Stefano;30;7;1;0;0;;;;8;8;0;0;0;;;;8;16
60090;Villa Santo Stefano;31;7;5;0;0;;;;12;2;5;0;0;;;;7;19
60090;Villa Santo Stefano;32;11;1;0;0;;;;12;9;8;0;0;;;;17;29
60090;Villa Santo Stefano;33;5;2;0;0;;;;7;8;1;0;0;;;;9;16
60090;Villa Santo Stefano;34;5;2;0;0;;;;7;7;3;1;0;;;;11;18
60090;Villa Santo Stefano;35;5;2;0;0;;;;7;5;8;0;0;;;;13;20
60090;Villa Santo Stefano;36;6;4;0;0;;;;10;5;2;0;0;;;;7;17
60090;Villa Santo Stefano;37;7;4;0;0;;;;11;6;4;0;0;;;;10;21
60090;Villa Santo Stefano;38;5;6;0;0;;;;11;4;7;1;0;;;;12;23
60090;Villa Santo Stefano;39;5;3;0;0;;;;8;1;4;0;0;;;;5;13
60090;Villa Santo Stefano;40;6;4;1;0;;;;11;5;6;1;0;;;;12;23
60090;Villa Santo Stefano;41;4;7;1;0;;;;12;3;6;0;1;;;;10;22
60090;Villa Santo Stefano;42;3;8;0;0;;;;11;2;9;1;0;;;;12;23
60090;Villa Santo Stefano;43;5;4;0;0;;;;9;1;10;0;0;;;;11;20
60090;Villa Santo Stefano;44;6;6;1;0;;;;13;1;7;0;0;;;;8;21
60090;Villa Santo Stefano;45;5;7;2;0;;;;14;0;7;0;0;;;;7;21
60090;Villa Santo Stefano;46;2;10;0;0;;;;12;2;11;0;1;;;;14;26
60090;Villa Santo Stefano;47;7;5;1;0;;;;13;1;8;0;0;;;;9;22
60090;Villa Santo Stefano;48;2;5;1;0;;;;8;2;11;0;0;;;;13;21
60090;Villa Santo Stefano;49;0;6;0;0;;;;6;0;4;0;2;;;;6;12
60090;Villa Santo Stefano;50;5;11;0;0;;;;16;1;11;0;0;;;;12;28
60090;Villa Santo Stefano;51;2;9;0;0;;;;11;0;2;0;0;;;;2;13
60090;Villa Santo Stefano;52;3;13;0;0;;;;16;0;16;2;0;;;;18;34
60090;Villa Santo Stefano;53;3;7;1;0;;;;11;3;7;0;1;;;;11;22
60090;Villa Santo Stefano;54;1;8;0;0;;;;9;0;14;0;2;;;;16;25
60090;Villa Santo Stefano;55;2;10;0;0;;;;12;0;9;0;1;;;;10;22
60090;Villa Santo Stefano;56;2;8;0;0;;;;10;1;6;0;2;;;;9;19
60090;Villa Santo Stefano;57;2;13;0;0;;;;15;1;12;0;1;;;;14;29
60090;Villa Santo Stefano;58;1;6;0;0;;;;7;0;12;0;2;;;;14;21
60090;Villa Santo Stefano;59;3;8;0;0;;;;11;1;10;0;2;;;;13;24
60090;Villa Santo Stefano;60;3;6;2;0;;;;11;2;13;2;0;;;;17;28
60090;Villa Santo Stefano;61;1;7;0;0;;;;8;1;9;0;3;;;;13;21
60090;Villa Santo Stefano;62;2;6;0;0;;;;8;0;9;0;3;;;;12;20
60090;Villa Santo Stefano;63;2;12;0;0;;;;14;2;6;1;1;;;;10;24
60090;Villa Santo Stefano;64;2;7;0;2;;;;11;0;13;1;0;;;;14;25
60090;Villa Santo Stefano;65;2;13;0;0;;;;15;0;7;0;2;;;;9;24
60090;Villa Santo Stefano;66;0;16;1;0;;;;17;2;12;0;0;;;;14;31
60090;Villa Santo Stefano;67;1;3;0;0;;;;4;2;6;0;2;;;;10;14
60090;Villa Santo Stefano;68;1;9;0;0;;;;10;0;8;0;3;;;;11;21
60090;Villa Santo Stefano;69;2;9;0;0;;;;11;1;8;0;3;;;;12;23
60090;Villa Santo Stefano;70;2;8;0;0;;;;10;0;7;0;2;;;;9;19
60090;Villa Santo Stefano;71;2;12;0;2;;;;16;1;5;0;1;;;;7;23
60090;Villa Santo Stefano;72;2;11;0;1;;;;14;0;4;0;0;;;;4;18
60090;Villa Santo Stefano;73;0;10;1;1;;;;12;1;5;0;5;;;;11;23
60090;Villa Santo Stefano;74;1;10;0;2;;;;13;0;8;0;2;;;;10;23
60090;Villa Santo Stefano;75;0;9;0;0;;;;9;0;6;0;0;;;;6;15
60090;Villa Santo Stefano;76;1;12;0;2;;;;15;1;7;0;3;;;;11;26
60090;Villa Santo Stefano;77;1;6;0;1;;;;8;0;3;0;4;;;;7;15
60090;Villa Santo Stefano;78;0;4;0;1;;;;5;1;7;0;4;;;;12;17
60090;Villa Santo Stefano;79;0;2;0;0;;;;2;0;4;0;4;;;;8;10
60090;Villa Santo Stefano;80;1;4;0;0;;;;5;0;1;0;3;;;;4;9
60090;Villa Santo Stefano;81;0;1;0;0;;;;1;2;1;0;3;;;;6;7
60090;Villa Santo Stefano;82;1;3;0;1;;;;5;0;1;0;4;;;;5;10
60090;Villa Santo Stefano;83;0;1;0;1;;;;2;0;0;0;5;;;;5;7
60090;Villa Santo Stefano;84;0;2;0;0;;;;2;0;1;0;5;;;;6;8
60090;Villa Santo Stefano;85;0;2;0;1;;;;3;1;4;0;5;;;;10;13
60090;Villa Santo Stefano;86;0;3;0;1;;;;4;0;1;0;1;;;;2;6
60090;Villa Santo Stefano;87;0;1;0;0;;;;1;0;0;0;4;;;;4;5
60090;Villa Santo Stefano;88;0;1;0;1;;;;2;0;0;0;6;;;;6;8
60090;Villa Santo Stefano;89;0;2;0;1;;;;3;0;1;0;4;;;;5;8
60090;Villa Santo Stefano;90;0;2;0;1;;;;3;0;0;0;5;;;;5;8
60090;Villa Santo Stefano;91;0;0;0;0;;;;0;1;0;0;4;;;;5;5
60090;Villa Santo Stefano;92;0;0;0;0;;;;0;0;0;0;2;;;;2;2
60090;Villa Santo Stefano;93;0;1;0;1;;;;2;0;0;0;1;;;;1;3
60090;Villa Santo Stefano;94;0;1;0;2;;;;3;0;0;0;2;;;;2;5
60090;Villa Santo Stefano;95;0;0;0;0;;;;0;0;0;0;1;;;;1;1
60090;Villa Santo Stefano;96;0;0;0;0;;;;0;0;0;0;1;;;;1;1
60090;Villa Santo Stefano;97;0;0;0;0;;;;0;0;0;0;1;;;;1;1
60090;Villa Santo Stefano;98;0;0;0;0;;;;0;0;0;0;0;;;;0;0
60090;Villa Santo Stefano;99;0;0;0;0;;;;0;0;0;0;0;;;;0;0
60090;Villa Santo Stefano;100;0;0;0;0;;;;0;0;1;0;0;;;;1;1
60090;Villa Santo Stefano;999;364;384;12;22;;;;782;286;384;10;114;;;;794;1576
60091;Viticuso;0;1;0;0;0;;;;1;0;0;0;0;;;;0;1
60091;Viticuso;1;0;0;0;0;;;;0;1;0;0;0;;;;1;1
60091;Viticuso;2;3;0;0;0;;;;3;0;0;0;0;;;;0;3
60091;Viticuso;3;0;0;0;0;;;;0;1;0;0;0;;;;1;1
60091;Viticuso;4;0;0;0;0;;;;0;0;0;0;0;;;;0;0
60091;Viticuso;5;0;0;0;0;;;;0;0;0;0;0;;;;0;0
60091;Viticuso;6;0;0;0;0;;;;0;2;0;0;0;;;;2;2
60091;Viticuso;7;0;0;0;0;;;;0;0;0;0;0;;;;0;0
60091;Viticuso;8;2;0;0;0;;;;2;1;0;0;0;;;;1;3
60091;Viticuso;9;1;0;0;0;;;;1;0;0;0;0;;;;0;1
60091;Viticuso;10;0;0;0;0;;;;0;2;0;0;0;;;;2;2
60091;Viticuso;11;1;0;0;0;;;;1;1;0;0;0;;;;1;2
60091;Viticuso;12;0;0;0;0;;;;0;0;0;0;0;;;;0;0
60091;Viticuso;13;0;0;0;0;;;;0;3;0;0;0;;;;3;3
60091;Viticuso;14;0;0;0;0;;;;0;2;0;0;0;;;;2;2
60091;Viticuso;15;1;0;0;0;;;;1;1;0;0;0;;;;1;2
60091;Viticuso;16;1;0;0;0;;;;1;0;0;0;0;;;;0;1
60091;Viticuso;17;1;0;0;0;;;;1;0;0;0;0;;;;0;1
60091;Viticuso;18;3;0;0;0;;;;3;1;0;0;0;;;;1;4
60091;Viticuso;19;0;0;0;0;;;;0;1;0;0;0;;;;1;1
60091;Viticuso;20;0;0;0;0;;;;0;0;0;0;0;;;;0;0
60091;Viticuso;21;2;0;0;0;;;;2;1;0;0;0;;;;1;3
60091;Viticuso;22;1;0;0;0;;;;1;4;0;0;0;;;;4;5
60091;Viticuso;23;0;0;0;0;;;;0;3;0;0;0;;;;3;3
60091;Viticuso;24;1;0;0;0;;;;1;3;0;0;0;;;;3;4
60091;Viticuso;25;1;0;0;0;;;;1;2;0;0;0;;;;2;3
60091;Viticuso;26;3;0;0;0;;;;3;2;0;0;0;;;;2;5
60091;Viticuso;27;0;0;0;0;;;;0;1;1;0;0;;;;2;2
60091;Viticuso;28;1;0;0;0;;;;1;0;0;0;0;;;;0;1
60091;Viticuso;29;2;0;0;0;;;;2;2;0;0;0;;;;2;4
60091;Viticuso;30;1;0;0;0;;;;1;0;0;0;0;;;;0;1
60091;Viticuso;31;3;0;0;0;;;;3;1;0;0;0;;;;1;4
60091;Viticuso;32;1;0;0;0;;;;1;0;0;0;0;;;;0;1
60091;Viticuso;33;0;1;0;0;;;;1;1;2;0;0;;;;3;4
60091;Viticuso;34;0;1;0;0;;;;1;1;0;0;0;;;;1;2
60091;Viticuso;35;1;1;0;0;;;;2;1;1;0;0;;;;2;4
60091;Viticuso;36;0;0;0;0;;;;0;3;0;0;0;;;;3;3
60091;Viticuso;37;0;0;0;0;;;;0;0;0;0;0;;;;0;0
60091;Viticuso;38;1;0;0;0;;;;1;1;0;0;0;;;;1;2
60091;Viticuso;39;0;2;0;0;;;;2;0;2;0;0;;;;2;4
60091;Viticuso;40;0;0;0;0;;;;0;1;2;0;0;;;;3;3
60091;Viticuso;41;2;0;0;0;;;;2;1;0;0;0;;;;1;3
60091;Viticuso;42;3;0;0;0;;;;3;0;1;0;0;;;;1;4
60091;Viticuso;43;2;2;0;0;;;;4;1;0;0;0;;;;1;5
60091;Viticuso;44;2;1;0;0;;;;3;1;0;0;0;;;;1;4
60091;Viticuso;45;1;1;0;0;;;;2;1;1;0;0;;;;2;4
60091;Viticuso;46;1;1;0;0;;;;2;0;1;0;0;;;;1;3
60091;Viticuso;47;1;1;0;0;;;;2;1;2;0;0;;;;3;5
60091;Viticuso;48;1;0;0;0;;;;1;0;2;0;0;;;;2;3
60091;Viticuso;49;0;0;0;0;;;;0;0;1;0;0;;;;1;1
60091;Viticuso;50;0;2;0;1;;;;3;0;6;0;0;;;;6;9
60091;Viticuso;51;0;0;0;0;;;;0;0;0;0;0;;;;0;0
60091;Viticuso;52;0;0;0;0;;;;0;0;0;0;0;;;;0;0
60091;Viticuso;53;0;2;0;0;;;;2;1;0;0;0;;;;1;3
60091;Viticuso;54;0;3;1;0;;;;4;0;0;1;0;;;;1;5
60091;Viticuso;55;2;2;0;0;;;;4;0;1;0;0;;;;1;5
60091;Viticuso;56;3;4;0;0;;;;7;3;2;0;0;;;;5;12
60091;Viticuso;57;0;2;0;0;;;;2;0;3;0;0;;;;3;5
60091;Viticuso;58;0;2;1;0;;;;3;0;1;0;0;;;;1;4
60091;Viticuso;59;1;2;0;0;;;;3;0;2;0;0;;;;2;5
60091;Viticuso;60;2;1;0;0;;;;3;1;1;0;1;;;;3;6
60091;Viticuso;61;2;3;0;0;;;;5;0;1;0;0;;;;1;6
60091;Viticuso;62;0;2;0;0;;;;2;0;3;0;1;;;;4;6
60091;Viticuso;63;1;1;0;0;;;;2;0;0;0;0;;;;0;2
60091;Viticuso;64;0;2;1;0;;;;3;0;2;0;1;;;;3;6
60091;Viticuso;65;1;2;0;0;;;;3;0;3;0;0;;;;3;6
60091;Viticuso;66;2;5;0;0;;;;7;0;6;0;0;;;;6;13
60091;Viticuso;67;0;1;0;0;;;;1;0;1;0;0;;;;1;2
60091;Viticuso;68;0;2;0;0;;;;2;0;1;0;1;;;;2;4
60091;Viticuso;69;1;0;0;0;;;;1;0;0;0;1;;;;1;2
60091;Viticuso;70;0;3;0;0;;;;3;0;1;0;1;;;;2;5
60091;Viticuso;71;0;0;0;0;;;;0;0;2;0;1;;;;3;3
60091;Viticuso;72;0;0;1;0;;;;1;0;2;0;1;;;;3;4
60091;Viticuso;73;0;2;0;1;;;;3;0;2;0;0;;;;2;5
60091;Viticuso;74;0;2;0;0;;;;2;0;2;0;0;;;;2;4
60091;Viticuso;75;0;1;1;0;;;;2;0;1;0;3;;;;4;6
60091;Viticuso;76;0;3;0;0;;;;3;0;1;0;0;;;;1;4
60091;Viticuso;77;0;3;0;0;;;;3;0;1;0;0;;;;1;4
60091;Viticuso;78;0;4;0;1;;;;5;0;0;0;0;;;;0;5
60091;Viticuso;79;1;0;0;0;;;;1;0;1;0;0;;;;1;2
60091;Viticuso;80;0;0;0;0;;;;0;0;0;0;0;;;;0;0
60091;Viticuso;81;0;0;0;0;;;;0;0;1;0;2;;;;3;3
60091;Viticuso;82;0;2;0;0;;;;2;0;0;0;1;;;;1;3
60091;Viticuso;83;0;0;0;0;;;;0;0;0;0;1;;;;1;1
60091;Viticuso;84;0;2;0;0;;;;2;0;1;0;0;;;;1;3
60091;Viticuso;85;0;0;0;0;;;;0;0;1;0;1;;;;2;2
60091;Viticuso;86;0;0;0;1;;;;1;0;0;0;1;;;;1;2
60091;Viticuso;87;0;0;0;0;;;;0;1;0;0;1;;;;2;2
60091;Viticuso;88;0;0;0;0;;;;0;0;0;0;0;;;;0;0
60091;Viticuso;89;0;0;0;0;;;;0;0;0;0;1;;;;1;1
60091;Viticuso;90;0;0;0;0;;;;0;0;0;0;3;;;;3;3
60091;Viticuso;91;0;0;0;0;;;;0;0;0;0;0;;;;0;0
60091;Viticuso;92;0;0;0;0;;;;0;0;0;0;0;;;;0;0
60091;Viticuso;93;0;1;0;0;;;;1;0;0;0;0;;;;0;1
60091;Viticuso;94;0;0;0;0;;;;0;0;0;0;0;;;;0;0
60091;Viticuso;95;0;0;0;0;;;;0;0;0;0;2;;;;2;2
60091;Viticuso;96;0;0;0;0;;;;0;0;0;0;0;;;;0;0
60091;Viticuso;97;0;0;0;0;;;;0;0;0;0;0;;;;0;0
60091;Viticuso;98;0;0;0;0;;;;0;0;0;0;0;;;;0;0
60091;Viticuso;99;0;0;0;0;;;;0;0;0;0;0;;;;0;0
60091;Viticuso;100;0;0;0;0;;;;0;0;0;0;0;;;;0;0
60091;Viticuso;999;61;72;5;4;;;;142;54;65;1;24;;;;144;286
